<?xml version="1.0" encoding="UTF-8"?>
<gpx schemaLocation="http://www.topografix.com/GPX/1/1 http://www.topografix.com/GPX/1/1/gpx.xsd http://www.garmin.com/xmlschemas/WaypointExtension/v1 http://www8.garmin.com/xmlschemas/WaypointExtensionv1.xsd http://www.garmin.com/xmlschemas/TrackPointExtension/v1 http://www.garmin.com/xmlschemas/TrackPointExtensionv1.xsd http://www.garmin.com/xmlschemas/GpxExtensions/v3 http://www8.garmin.com/xmlschemas/GpxExtensionsv3.xsd http://www.garmin.com/xmlschemas/ActivityExtension/v1 http://www8.garmin.com/xmlschemas/ActivityExtensionv1.xsd http://www.garmin.com/xmlschemas/AdventuresExtensions/v1 http://www8.garmin.com/xmlschemas/AdventuresExtensionv1.xsd http://www.garmin.com/xmlschemas/PressureExtension/v1 http://www.garmin.com/xmlschemas/PressureExtensionv1.xsd http://www.garmin.com/xmlschemas/TripExtensions/v1 http://www.garmin.com/xmlschemas/TripExtensionsv1.xsd http://www.garmin.com/xmlschemas/TripMetaDataExtensions/v1 http://www.garmin.com/xmlschemas/TripMetaDataExtensionsv1.xsd http://www.garmin.com/xmlschemas/ViaPointTransportationModeExtensions/v1 http://www.garmin.com/xmlschemas/ViaPointTransportationModeExtensionsv1.xsd http://www.garmin.com/xmlschemas/CreationTimeExtension/v1 http://www.garmin.com/xmlschemas/CreationTimeExtensionsv1.xsd http://www.garmin.com/xmlschemas/AccelerationExtension/v1 http://www.garmin.com/xmlschemas/AccelerationExtensionv1.xsd http://www.garmin.com/xmlschemas/PowerExtension/v1 http://www.garmin.com/xmlschemas/PowerExtensionv1.xsd http://www.garmin.com/xmlschemas/VideoExtension/v1 http://www.garmin.com/xmlschemas/VideoExtensionv1.xsd" version="1.1" creator="Garmin Desktop App" xmlns="http://www.topografix.com/GPX/1/1" xmlns:xsi="http://www.w3.org/2001/XMLSchema-instance" xsi:schemaLocation="http://www.topografix.com/GPX/1/1 http://www.topografix.com/GPX/1/1/gpx.xsd http://www.garmin.com/xmlschemas/GpxExtensions/v3 http://www.garmin.com/xmlschemas/GpxExtensionsv3.xsd http://www.garmin.com/xmlschemas/TrackPointExtension/v1 http://www.garmin.com/xmlschemas/TrackPointExtensionv1.xsd http://www.garmin.com/xmlschemas/PowerExtension/v1 http://www.garmin.com/xmlschemas/PowerExtensionv1.xsd http://www.topografix.com/GPX/gpx_style/0/2 http://www.topografix.com/GPX/gpx_style/0/2/gpx_style.xsd" xmlns:gpxtpx="http://www.garmin.com/xmlschemas/TrackPointExtension/v1" xmlns:gpxx="http://www.garmin.com/xmlschemas/GpxExtensions/v3" xmlns:gpxpx="http://www.garmin.com/xmlschemas/PowerExtension/v1" xmlns:gpx_style="http://www.topografix.com/GPX/gpx_style/0/2">
  <metadata>
    <name>2026-06-04_ferrata_sorrosal_limpio</name>
    <author>
      <name>gpx.studio</name>
      <link href="https://gpx.studio"/>
    </author>
    <link href="http://www.garmin.com">
      <text>Garmin International</text>
    </link>
    <time>2026-06-19T06:36:59.000Z</time>
  </metadata>
  <wpt lat="42.60515" lon="-0.128001">
    <ele>915.7666298688174</ele>
    <name>Inicio</name>
    <sym>Information</sym>
  </wpt>
  <wpt lat="42.605241" lon="-0.128531">
    <ele>944.0941104333954</ele>
    <name>Mirador Poza Intermedia</name>
    <sym>Binoculars</sym>
  </wpt>
  <wpt lat="42.60519" lon="-0.128645">
    <ele>979.5162613326397</ele>
    <name>Comienzo tunel</name>
    <sym>Information</sym>
  </wpt>
  <wpt lat="42.605242" lon="-0.128977">
    <ele>1010.2399115884084</ele>
    <name>Salida tunel</name>
    <sym>Information</sym>
  </wpt>
  <wpt lat="42.605327" lon="-0.129349">
    <ele>1010.7613848016972</ele>
    <name>Puente Tibetano</name>
    <sym>Information</sym>
  </wpt>
  <wpt lat="42.605572" lon="-0.129494">
    <ele>998.9158524967281</ele>
    <name>Fin parte encañonada</name>
    <sym>Information</sym>
  </wpt>
  <wpt lat="42.605745" lon="-0.129159">
    <ele>1041.6309979593377</ele>
    <name>Fin parte inicial</name>
    <sym>Information</sym>
  </wpt>
  <wpt lat="42.60645" lon="-0.128646">
    <ele>1041.8082455169936</ele>
    <name>Inicio segunda parte</name>
    <sym>Information</sym>
  </wpt>
  <wpt lat="42.606736" lon="-0.12749">
    <ele>1049.3581361885665</ele>
    <name>Fin Ferrata</name>
    <sym>Information</sym>
  </wpt>
  <wpt lat="42.607949" lon="-0.12677">
    <ele>1059.7756986841102</ele>
    <name>Sendero de retorno</name>
    <sym>Information</sym>
  </wpt>
  <trk>
    <name>4/6/26, 11:14:54</name>
    <trkseg>
      <trkpt lat="42.60453815571964" lon="-0.1247555008158086">
        <ele>917.3</ele>
        <time>2026-06-04T09:14:54.000Z</time>
      </trkpt>
      <trkpt lat="42.60455451719463" lon="-0.1247735889628528">
        <ele>917.4</ele>
        <time>2026-06-04T09:15:00.000Z</time>
      </trkpt>
      <trkpt lat="42.60458097048104" lon="-0.1248041493818162">
        <ele>917.5</ele>
        <time>2026-06-04T09:15:07.000Z</time>
      </trkpt>
      <trkpt lat="42.6046123187989" lon="-0.12485194299370041">
        <ele>917.7</ele>
        <time>2026-06-04T09:15:09.000Z</time>
      </trkpt>
      <trkpt lat="42.604645075276494" lon="-0.1249090991914272">
        <ele>917.8</ele>
        <time>2026-06-04T09:15:15.000Z</time>
      </trkpt>
      <trkpt lat="42.60468026250601" lon="-0.1249759029597044">
        <ele>918</ele>
        <time>2026-06-04T09:15:22.000Z</time>
      </trkpt>
      <trkpt lat="42.60471990890801" lon="-0.12505102157592782">
        <ele>918.1</ele>
        <time>2026-06-04T09:15:27.000Z</time>
      </trkpt>
      <trkpt lat="42.60475409030914" lon="-0.12512558698654203">
        <ele>918.3</ele>
        <time>2026-06-04T09:15:33.000Z</time>
      </trkpt>
      <trkpt lat="42.6047870144248" lon="-0.12518959119915982">
        <ele>918.5</ele>
        <time>2026-06-04T09:15:39.000Z</time>
      </trkpt>
      <trkpt lat="42.60482290573418" lon="-0.12525911070406442">
        <ele>918.7</ele>
        <time>2026-06-04T09:15:43.000Z</time>
      </trkpt>
      <trkpt lat="42.60485157184303" lon="-0.12531909160315982">
        <ele>918.9</ele>
        <time>2026-06-04T09:15:46.000Z</time>
      </trkpt>
      <trkpt lat="42.60487654991448" lon="-0.12537920661270602">
        <ele>919.1</ele>
        <time>2026-06-04T09:15:52.000Z</time>
      </trkpt>
      <trkpt lat="42.604901963844895" lon="-0.1254539564251896">
        <ele>919.3</ele>
        <time>2026-06-04T09:15:54.000Z</time>
      </trkpt>
      <trkpt lat="42.60492913797498" lon="-0.1255416143685576">
        <ele>919.5</ele>
        <time>2026-06-04T09:15:58.000Z</time>
      </trkpt>
      <trkpt lat="42.60495029389858" lon="-0.1256281323730944">
        <ele>919.8</ele>
        <time>2026-06-04T09:16:06.000Z</time>
      </trkpt>
      <trkpt lat="42.60497190244496" lon="-0.1257182210683822">
        <ele>920.1</ele>
        <time>2026-06-04T09:16:12.000Z</time>
      </trkpt>
      <trkpt lat="42.60499030910432" lon="-0.1258068680763244">
        <ele>920.3</ele>
        <time>2026-06-04T09:16:18.000Z</time>
      </trkpt>
      <trkpt lat="42.60500496067107" lon="-0.12589883431792262">
        <ele>920.6</ele>
        <time>2026-06-04T09:16:23.000Z</time>
      </trkpt>
      <trkpt lat="42.60501651093364" lon="-0.125984312966466">
        <ele>920.9</ele>
        <time>2026-06-04T09:16:26.000Z</time>
      </trkpt>
      <trkpt lat="42.60502462461591" lon="-0.12607140094041822">
        <ele>921.2</ele>
        <time>2026-06-04T09:16:34.000Z</time>
      </trkpt>
      <trkpt lat="42.60503106191754" lon="-0.12615183368325222">
        <ele>921.6</ele>
        <time>2026-06-04T09:16:41.000Z</time>
      </trkpt>
      <trkpt lat="42.605042880401015" lon="-0.1262433473020792">
        <ele>922</ele>
        <time>2026-06-04T09:16:47.000Z</time>
      </trkpt>
      <trkpt lat="42.60505964420736" lon="-0.1263245344161988">
        <ele>922.4</ele>
        <time>2026-06-04T09:16:48.000Z</time>
      </trkpt>
      <trkpt lat="42.60507493279874" lon="-0.1263964343816042">
        <ele>922.9</ele>
        <time>2026-06-04T09:16:54.000Z</time>
      </trkpt>
      <trkpt lat="42.605093037709594" lon="-0.1264599356800318">
        <ele>923.3</ele>
        <time>2026-06-04T09:17:01.000Z</time>
      </trkpt>
      <trkpt lat="42.60511379130185" lon="-0.126533528789878">
        <ele>923.7</ele>
        <time>2026-06-04T09:17:02.000Z</time>
      </trkpt>
      <trkpt lat="42.60513545013964" lon="-0.1265978682786226">
        <ele>924.1</ele>
        <time>2026-06-04T09:17:07.000Z</time>
      </trkpt>
      <trkpt lat="42.60515337064862" lon="-0.1266461480408906">
        <ele>924.5</ele>
        <time>2026-06-04T09:17:12.000Z</time>
      </trkpt>
      <trkpt lat="42.60517538152635" lon="-0.1266967579722404">
        <ele>924.9</ele>
        <time>2026-06-04T09:17:17.000Z</time>
      </trkpt>
      <trkpt lat="42.605192782357335" lon="-0.1267339065670966">
        <ele>925.3</ele>
        <time>2026-06-04T09:17:19.000Z</time>
      </trkpt>
      <trkpt lat="42.60520860739052" lon="-0.1267581805586814">
        <ele>925.7</ele>
        <time>2026-06-04T09:17:23.000Z</time>
      </trkpt>
      <trkpt lat="42.605219906196" lon="-0.1267728321254254">
        <ele>926.1</ele>
        <time>2026-06-04T09:17:24.000Z</time>
      </trkpt>
      <trkpt lat="42.60522937774658" lon="-0.12678560614585882">
        <ele>926.4</ele>
        <time>2026-06-04T09:17:26.000Z</time>
      </trkpt>
      <trkpt lat="42.605236887931824" lon="-0.12680273875594142">
        <ele>926.7</ele>
        <time>2026-06-04T09:17:28.000Z</time>
      </trkpt>
      <trkpt lat="42.605244398117065" lon="-0.12683103606104862">
        <ele>927</ele>
        <time>2026-06-04T09:17:29.000Z</time>
      </trkpt>
      <trkpt lat="42.605250131338835" lon="-0.12686095945537101">
        <ele>927.3</ele>
        <time>2026-06-04T09:17:34.000Z</time>
      </trkpt>
      <trkpt lat="42.60525527782738" lon="-0.1268973872065544">
        <ele>927.6</ele>
        <time>2026-06-04T09:17:39.000Z</time>
      </trkpt>
      <trkpt lat="42.605260441079736" lon="-0.1269368156790734">
        <ele>927.8</ele>
        <time>2026-06-04T09:17:42.000Z</time>
      </trkpt>
      <trkpt lat="42.60526570491493" lon="-0.1269741989672184">
        <ele>928.1</ele>
        <time>2026-06-04T09:17:45.000Z</time>
      </trkpt>
      <trkpt lat="42.6052730306983" lon="-0.1270021609961986">
        <ele>928.3</ele>
        <time>2026-06-04T09:17:46.000Z</time>
      </trkpt>
      <trkpt lat="42.605289777740836" lon="-0.12704071775078762">
        <ele>928.5</ele>
        <time>2026-06-04T09:17:49.000Z</time>
      </trkpt>
      <trkpt lat="42.6053105648607" lon="-0.1270810849964618">
        <ele>928.7</ele>
        <time>2026-06-04T09:17:50.000Z</time>
      </trkpt>
      <trkpt lat="42.60533629730344" lon="-0.1271258443593978">
        <ele>928.9</ele>
        <time>2026-06-04T09:17:54.000Z</time>
      </trkpt>
      <trkpt lat="42.605359598994255" lon="-0.1271623224020004">
        <ele>929.1</ele>
        <time>2026-06-04T09:17:59.000Z</time>
      </trkpt>
      <trkpt lat="42.60538564994931" lon="-0.12720322608947762">
        <ele>929.2</ele>
        <time>2026-06-04T09:18:05.000Z</time>
      </trkpt>
      <trkpt lat="42.60540338605642" lon="-0.12723514437675482">
        <ele>929.4</ele>
        <time>2026-06-04T09:18:07.000Z</time>
      </trkpt>
      <trkpt lat="42.605419060215354" lon="-0.1272736508399248">
        <ele>929.6</ele>
        <time>2026-06-04T09:18:13.000Z</time>
      </trkpt>
      <trkpt lat="42.60543039254844" lon="-0.1273096092045306">
        <ele>929.7</ele>
        <time>2026-06-04T09:18:15.000Z</time>
      </trkpt>
      <trkpt lat="42.605442345142365" lon="-0.12735171988606442">
        <ele>929.9</ele>
        <time>2026-06-04T09:18:21.000Z</time>
      </trkpt>
      <trkpt lat="42.605449905619025" lon="-0.1273889020085332">
        <ele>930</ele>
        <time>2026-06-04T09:18:24.000Z</time>
      </trkpt>
      <trkpt lat="42.60545972920954" lon="-0.127430325374007">
        <ele>930.1</ele>
        <time>2026-06-04T09:18:26.000Z</time>
      </trkpt>
      <trkpt lat="42.60546703822911" lon="-0.1274584382772444">
        <ele>930.1</ele>
        <time>2026-06-04T09:18:27.000Z</time>
      </trkpt>
      <trkpt lat="42.605476224794984" lon="-0.1274917814880608">
        <ele>930.2</ele>
        <time>2026-06-04T09:18:33.000Z</time>
      </trkpt>
      <trkpt lat="42.60548417083919" lon="-0.12752227485179882">
        <ele>930.3</ele>
        <time>2026-06-04T09:18:36.000Z</time>
      </trkpt>
      <trkpt lat="42.60549161396921" lon="-0.12755141034722323">
        <ele>930.3</ele>
        <time>2026-06-04T09:18:42.000Z</time>
      </trkpt>
      <trkpt lat="42.60549580492079" lon="-0.12757231481373302">
        <ele>930.3</ele>
        <time>2026-06-04T09:18:47.000Z</time>
      </trkpt>
      <trkpt lat="42.60549934208393" lon="-0.1275911070406436">
        <ele>930.3</ele>
        <time>2026-06-04T09:18:49.000Z</time>
      </trkpt>
      <trkpt lat="42.605499694123864" lon="-0.1275982148945332">
        <ele>930.3</ele>
        <time>2026-06-04T09:18:54.000Z</time>
      </trkpt>
      <trkpt lat="42.6055000461638" lon="-0.1276018526405098">
        <ele>930.4</ele>
        <time>2026-06-04T09:19:01.000Z</time>
      </trkpt>
      <trkpt lat="42.60550039820373" lon="-0.1276046857237818">
        <ele>930.4</ele>
        <time>2026-06-04T09:19:12.000Z</time>
      </trkpt>
      <trkpt lat="42.60550039820373" lon="-0.127606596797705">
        <ele>930.4</ele>
        <time>2026-06-04T09:19:19.000Z</time>
      </trkpt>
      <trkpt lat="42.60550039820373" lon="-0.127606596797705">
        <ele>930.5</ele>
        <time>2026-06-04T09:19:20.000Z</time>
      </trkpt>
      <trkpt lat="42.60550039820373" lon="-0.127606596797705">
        <ele>930.5</ele>
        <time>2026-06-04T09:19:25.000Z</time>
      </trkpt>
      <trkpt lat="42.60550039820373" lon="-0.127606596797705">
        <ele>930.6</ele>
        <time>2026-06-04T09:19:26.000Z</time>
      </trkpt>
      <trkpt lat="42.60550039820373" lon="-0.127606596797705">
        <ele>930.8</ele>
        <time>2026-06-04T09:19:27.000Z</time>
      </trkpt>
      <trkpt lat="42.60550039820373" lon="-0.127606596797705">
        <ele>930.9</ele>
        <time>2026-06-04T09:19:28.000Z</time>
      </trkpt>
      <trkpt lat="42.605497078970075" lon="-0.1276085246354344">
        <ele>931</ele>
        <time>2026-06-04T09:19:29.000Z</time>
      </trkpt>
      <trkpt lat="42.60548837855458" lon="-0.1276114080101254">
        <ele>931.2</ele>
        <time>2026-06-04T09:19:37.000Z</time>
      </trkpt>
      <trkpt lat="42.60547894053161" lon="-0.12761476077139403">
        <ele>931.3</ele>
        <time>2026-06-04T09:19:39.000Z</time>
      </trkpt>
      <trkpt lat="42.60546950250864" lon="-0.1276181135326626">
        <ele>931.5</ele>
        <time>2026-06-04T09:19:45.000Z</time>
      </trkpt>
      <trkpt lat="42.60546006448567" lon="-0.1276214662939312">
        <ele>931.6</ele>
        <time>2026-06-04T09:19:49.000Z</time>
      </trkpt>
      <trkpt lat="42.605453945696354" lon="-0.1276228912174704">
        <ele>931.8</ele>
        <time>2026-06-04T09:19:51.000Z</time>
      </trkpt>
      <trkpt lat="42.605453208088875" lon="-0.127623360604048">
        <ele>931.9</ele>
        <time>2026-06-04T09:19:53.000Z</time>
      </trkpt>
      <trkpt lat="42.605453208088875" lon="-0.127623360604048">
        <ele>932.1</ele>
        <time>2026-06-04T09:20:02.000Z</time>
      </trkpt>
      <trkpt lat="42.605453208088875" lon="-0.127623360604048">
        <ele>932.3</ele>
        <time>2026-06-04T09:20:04.000Z</time>
      </trkpt>
      <trkpt lat="42.605453208088875" lon="-0.127623360604048">
        <ele>932.4</ele>
        <time>2026-06-04T09:20:10.000Z</time>
      </trkpt>
      <trkpt lat="42.60545530356467" lon="-0.127623360604048">
        <ele>932.6</ele>
        <time>2026-06-04T09:20:12.000Z</time>
      </trkpt>
      <trkpt lat="42.60545744933188" lon="-0.127623360604048">
        <ele>932.7</ele>
        <time>2026-06-04T09:20:13.000Z</time>
      </trkpt>
      <trkpt lat="42.60545986331999" lon="-0.127623461186886">
        <ele>932.8</ele>
        <time>2026-06-04T09:20:17.000Z</time>
      </trkpt>
      <trkpt lat="42.605464205145836" lon="-0.127623561769724">
        <ele>932.9</ele>
        <time>2026-06-04T09:20:18.000Z</time>
      </trkpt>
      <trkpt lat="42.60546926781535" lon="-0.127623712643981">
        <ele>933</ele>
        <time>2026-06-04T09:20:24.000Z</time>
      </trkpt>
      <trkpt lat="42.605472235009074" lon="-0.127623863518238">
        <ele>933.1</ele>
        <time>2026-06-04T09:20:32.000Z</time>
      </trkpt>
      <trkpt lat="42.60547515191138" lon="-0.12762414850294582">
        <ele>933.2</ele>
        <time>2026-06-04T09:20:39.000Z</time>
      </trkpt>
      <trkpt lat="42.60547780059278" lon="-0.12762433290481562">
        <ele>933.3</ele>
        <time>2026-06-04T09:20:44.000Z</time>
      </trkpt>
      <trkpt lat="42.60547852143645" lon="-0.1276245173066854">
        <ele>933.3</ele>
        <time>2026-06-04T09:20:51.000Z</time>
      </trkpt>
      <trkpt lat="42.60547852143645" lon="-0.1276246514171362">
        <ele>933.3</ele>
        <time>2026-06-04T09:20:53.000Z</time>
      </trkpt>
      <trkpt lat="42.60547852143645" lon="-0.12762471847236162">
        <ele>933.3</ele>
        <time>2026-06-04T09:20:55.000Z</time>
      </trkpt>
      <trkpt lat="42.60547852143645" lon="-0.12762455083429822">
        <ele>933.3</ele>
        <time>2026-06-04T09:21:04.000Z</time>
      </trkpt>
      <trkpt lat="42.60547597333789" lon="-0.1276233941316606">
        <ele>933.3</ele>
        <time>2026-06-04T09:21:05.000Z</time>
      </trkpt>
      <trkpt lat="42.60546353459358" lon="-0.127622237429023">
        <ele>933.3</ele>
        <time>2026-06-04T09:21:08.000Z</time>
      </trkpt>
      <trkpt lat="42.60544781014323" lon="-0.1276210807263854">
        <ele>933.3</ele>
        <time>2026-06-04T09:21:10.000Z</time>
      </trkpt>
      <trkpt lat="42.60542615130544" lon="-0.127632295712829">
        <ele>933.3</ele>
        <time>2026-06-04T09:21:14.000Z</time>
      </trkpt>
      <trkpt lat="42.6054012067616" lon="-0.1276491265743974">
        <ele>933.2</ele>
        <time>2026-06-04T09:21:15.000Z</time>
      </trkpt>
      <trkpt lat="42.605378810316324" lon="-0.12766781821846981">
        <ele>933.2</ele>
        <time>2026-06-04T09:21:20.000Z</time>
      </trkpt>
      <trkpt lat="42.60536630451679" lon="-0.1276887562125922">
        <ele>933.1</ele>
        <time>2026-06-04T09:21:24.000Z</time>
      </trkpt>
      <trkpt lat="42.6053615771234" lon="-0.12771527655422682">
        <ele>933.1</ele>
        <time>2026-06-04T09:21:25.000Z</time>
      </trkpt>
      <trkpt lat="42.605362901464105" lon="-0.12772949226200558">
        <ele>933.1</ele>
        <time>2026-06-04T09:21:32.000Z</time>
      </trkpt>
      <trkpt lat="42.60536761209369" lon="-0.1277381926774976">
        <ele>933.1</ele>
        <time>2026-06-04T09:21:41.000Z</time>
      </trkpt>
      <trkpt lat="42.60538437590003" lon="-0.1277444288134572">
        <ele>933.1</ele>
        <time>2026-06-04T09:21:43.000Z</time>
      </trkpt>
      <trkpt lat="42.60540113970637" lon="-0.12774744629859902">
        <ele>933.2</ele>
        <time>2026-06-04T09:21:45.000Z</time>
      </trkpt>
      <trkpt lat="42.605413410812616" lon="-0.12774407677352423">
        <ele>933.3</ele>
        <time>2026-06-04T09:21:57.000Z</time>
      </trkpt>
      <trkpt lat="42.60542398877442" lon="-0.1277396846562624">
        <ele>933.4</ele>
        <time>2026-06-04T09:21:59.000Z</time>
      </trkpt>
      <trkpt lat="42.60543357767165" lon="-0.12773529253900062">
        <ele>933.6</ele>
        <time>2026-06-04T09:22:01.000Z</time>
      </trkpt>
      <trkpt lat="42.60542965494096" lon="-0.1277324929833414">
        <ele>933.7</ele>
        <time>2026-06-04T09:22:05.000Z</time>
      </trkpt>
      <trkpt lat="42.60542516224086" lon="-0.12773101776838322">
        <ele>933.9</ele>
        <time>2026-06-04T09:22:12.000Z</time>
      </trkpt>
      <trkpt lat="42.60542066954076" lon="-0.12773034721612941">
        <ele>934.1</ele>
        <time>2026-06-04T09:22:14.000Z</time>
      </trkpt>
      <trkpt lat="42.6054088678211" lon="-0.1277307327836752">
        <ele>934.3</ele>
        <time>2026-06-04T09:22:17.000Z</time>
      </trkpt>
      <trkpt lat="42.60538529790938" lon="-0.1277339849621058">
        <ele>934.6</ele>
        <time>2026-06-04T09:22:23.000Z</time>
      </trkpt>
      <trkpt lat="42.60536318644881" lon="-0.1277386955916882">
        <ele>934.8</ele>
        <time>2026-06-04T09:22:30.000Z</time>
      </trkpt>
      <trkpt lat="42.60534164495766" lon="-0.12774531729519362">
        <ele>935.1</ele>
        <time>2026-06-04T09:22:37.000Z</time>
      </trkpt>
      <trkpt lat="42.605319717898965" lon="-0.1277569346129894">
        <ele>935.4</ele>
        <time>2026-06-04T09:22:42.000Z</time>
      </trkpt>
      <trkpt lat="42.60530667565763" lon="-0.1277705635875464">
        <ele>935.6</ele>
        <time>2026-06-04T09:22:43.000Z</time>
      </trkpt>
      <trkpt lat="42.60530276969075" lon="-0.127785349264741">
        <ele>935.9</ele>
        <time>2026-06-04T09:22:47.000Z</time>
      </trkpt>
      <trkpt lat="42.60529085062444" lon="-0.1278005875647068">
        <ele>936.1</ele>
        <time>2026-06-04T09:22:48.000Z</time>
      </trkpt>
      <trkpt lat="42.60527210868895" lon="-0.1278154905885458">
        <ele>936.4</ele>
        <time>2026-06-04T09:22:53.000Z</time>
      </trkpt>
      <trkpt lat="42.605252193287015" lon="-0.127827476710081">
        <ele>936.7</ele>
        <time>2026-06-04T09:22:56.000Z</time>
      </trkpt>
      <trkpt lat="42.60522874072194" lon="-0.12784231267869461">
        <ele>937</ele>
        <time>2026-06-04T09:22:58.000Z</time>
      </trkpt>
      <trkpt lat="42.60520766861737" lon="-0.1278554555028676">
        <ele>937.3</ele>
        <time>2026-06-04T09:22:59.000Z</time>
      </trkpt>
      <trkpt lat="42.60518914461136" lon="-0.1278702411800622">
        <ele>937.6</ele>
        <time>2026-06-04T09:23:02.000Z</time>
      </trkpt>
      <trkpt lat="42.60517694056034" lon="-0.1278857477009296">
        <ele>937.9</ele>
        <time>2026-06-04T09:23:03.000Z</time>
      </trkpt>
      <trkpt lat="42.60516398213804" lon="-0.12790784239768982">
        <ele>938.3</ele>
        <time>2026-06-04T09:23:08.000Z</time>
      </trkpt>
      <trkpt lat="42.60515417531133" lon="-0.1279330383986234">
        <ele>938.7</ele>
        <time>2026-06-04T09:23:09.000Z</time>
      </trkpt>
      <trkpt lat="42.60514550842345" lon="-0.12795655801892258">
        <ele>939.1</ele>
        <time>2026-06-04T09:23:12.000Z</time>
      </trkpt>
      <trkpt lat="42.605142306536436" lon="-0.1279770769178866">
        <ele>939.5</ele>
        <time>2026-06-04T09:23:15.000Z</time>
      </trkpt>
      <trkpt lat="42.60514022782445" lon="-0.12799623794853682">
        <ele>939.9</ele>
        <time>2026-06-04T09:23:17.000Z</time>
      </trkpt>
      <trkpt lat="42.60514046251774" lon="-0.1280074529349804">
        <ele>940.3</ele>
        <time>2026-06-04T09:23:20.000Z</time>
      </trkpt>
      <trkpt lat="42.60514108277857" lon="-0.12801067158579843">
        <ele>940.7</ele>
        <time>2026-06-04T09:23:25.000Z</time>
      </trkpt>
      <trkpt lat="42.60514170303941" lon="-0.12801323644816903">
        <ele>941.1</ele>
        <time>2026-06-04T09:23:29.000Z</time>
      </trkpt>
      <trkpt lat="42.60514232330024" lon="-0.1280152481049302">
        <ele>941.5</ele>
        <time>2026-06-04T09:23:30.000Z</time>
      </trkpt>
      <trkpt lat="42.60514232330024" lon="-0.128015968948603">
        <ele>941.8</ele>
        <time>2026-06-04T09:23:31.000Z</time>
      </trkpt>
      <trkpt lat="42.60514232330024" lon="-0.128015968948603">
        <ele>942.2</ele>
        <time>2026-06-04T09:23:32.000Z</time>
      </trkpt>
      <trkpt lat="42.60514228977263" lon="-0.1280159354209902">
        <ele>942.5</ele>
        <time>2026-06-04T09:23:33.000Z</time>
      </trkpt>
      <trkpt lat="42.605142038315535" lon="-0.1280137393623592">
        <ele>942.8</ele>
        <time>2026-06-04T09:23:35.000Z</time>
      </trkpt>
      <trkpt lat="42.60514091514051" lon="-0.1280089113861324">
        <ele>943.1</ele>
        <time>2026-06-04T09:23:39.000Z</time>
      </trkpt>
      <trkpt lat="42.6051393058151" lon="-0.1280039828270674">
        <ele>943.3</ele>
        <time>2026-06-04T09:23:40.000Z</time>
      </trkpt>
      <trkpt lat="42.605135936290026" lon="-0.1279985513538122">
        <ele>943.5</ele>
        <time>2026-06-04T09:23:49.000Z</time>
      </trkpt>
      <trkpt lat="42.60513260029256" lon="-0.1279931534081698">
        <ele>943.8</ele>
        <time>2026-06-04T09:23:51.000Z</time>
      </trkpt>
      <trkpt lat="42.60512725263834" lon="-0.1279877554625274">
        <ele>944</ele>
        <time>2026-06-04T09:24:02.000Z</time>
      </trkpt>
      <trkpt lat="42.605122692883015" lon="-0.1279849894344808">
        <ele>944.1</ele>
        <time>2026-06-04T09:24:08.000Z</time>
      </trkpt>
      <trkpt lat="42.605116322636604" lon="-0.1279823239892724">
        <ele>944.3</ele>
        <time>2026-06-04T09:24:22.000Z</time>
      </trkpt>
      <trkpt lat="42.605109583586454" lon="-0.1279807817190888">
        <ele>944.5</ele>
        <time>2026-06-04T09:24:25.000Z</time>
      </trkpt>
      <trkpt lat="42.605102844536304" lon="-0.1279800273478034">
        <ele>944.7</ele>
        <time>2026-06-04T09:24:28.000Z</time>
      </trkpt>
      <trkpt lat="42.6050983350724" lon="-0.1279820892959836">
        <ele>945</ele>
        <time>2026-06-04T09:24:36.000Z</time>
      </trkpt>
      <trkpt lat="42.605096055194736" lon="-0.1279855929315092">
        <ele>945.2</ele>
        <time>2026-06-04T09:24:38.000Z</time>
      </trkpt>
      <trkpt lat="42.605096742510796" lon="-0.1279890965670348">
        <ele>945.4</ele>
        <time>2026-06-04T09:24:43.000Z</time>
      </trkpt>
      <trkpt lat="42.60510053113103" lon="-0.12799197994172581">
        <ele>945.7</ele>
        <time>2026-06-04T09:24:46.000Z</time>
      </trkpt>
      <trkpt lat="42.605106046423316" lon="-0.12799149379134184">
        <ele>946</ele>
        <time>2026-06-04T09:24:48.000Z</time>
      </trkpt>
      <trkpt lat="42.6051115617156" lon="-0.12799035385251042">
        <ele>946.2</ele>
        <time>2026-06-04T09:24:51.000Z</time>
      </trkpt>
      <trkpt lat="42.60511493124068" lon="-0.12798747047781941">
        <ele>946.5</ele>
        <time>2026-06-04T09:24:57.000Z</time>
      </trkpt>
      <trkpt lat="42.605118200182915" lon="-0.1279845871031284">
        <ele>946.8</ele>
        <time>2026-06-04T09:25:02.000Z</time>
      </trkpt>
      <trkpt lat="42.60511930659413" lon="-0.127982022240758">
        <ele>947.1</ele>
        <time>2026-06-04T09:25:03.000Z</time>
      </trkpt>
      <trkpt lat="42.605118250474334" lon="-0.12798336334526542">
        <ele>947.4</ele>
        <time>2026-06-04T09:25:09.000Z</time>
      </trkpt>
      <trkpt lat="42.60511692613363" lon="-0.1279850732535124">
        <ele>947.6</ele>
        <time>2026-06-04T09:25:15.000Z</time>
      </trkpt>
      <trkpt lat="42.60511536709964" lon="-0.1279876548796892">
        <ele>947.9</ele>
        <time>2026-06-04T09:25:20.000Z</time>
      </trkpt>
      <trkpt lat="42.60511323809624" lon="-0.127990286797285">
        <ele>948.2</ele>
        <time>2026-06-04T09:25:26.000Z</time>
      </trkpt>
      <trkpt lat="42.60511229932308" lon="-0.1279949974268674">
        <ele>948.5</ele>
        <time>2026-06-04T09:25:33.000Z</time>
      </trkpt>
      <trkpt lat="42.60511179640889" lon="-0.1279983837157488">
        <ele>948.8</ele>
        <time>2026-06-04T09:25:39.000Z</time>
      </trkpt>
      <trkpt lat="42.6051115617156" lon="-0.1280014012008906">
        <ele>949.1</ele>
        <time>2026-06-04T09:25:46.000Z</time>
      </trkpt>
      <trkpt lat="42.6051115617156" lon="-0.1280038487166168">
        <ele>949.4</ele>
        <time>2026-06-04T09:25:47.000Z</time>
      </trkpt>
      <trkpt lat="42.6051115617156" lon="-0.128006245940924">
        <ele>949.7</ele>
        <time>2026-06-04T09:25:58.000Z</time>
      </trkpt>
      <trkpt lat="42.60510804131627" lon="-0.1280049551278356">
        <ele>950</ele>
        <time>2026-06-04T09:25:59.000Z</time>
      </trkpt>
      <trkpt lat="42.605102106928825" lon="-0.1280022729188206">
        <ele>950.3</ele>
        <time>2026-06-04T09:26:06.000Z</time>
      </trkpt>
      <trkpt lat="42.60509308800101" lon="-0.12799690850079082">
        <ele>950.6</ele>
        <time>2026-06-04T09:26:12.000Z</time>
      </trkpt>
      <trkpt lat="42.60507841967046" lon="-0.1279915273189546">
        <ele>950.9</ele>
        <time>2026-06-04T09:26:20.000Z</time>
      </trkpt>
      <trkpt lat="42.60506143793464" lon="-0.1279861461371184">
        <ele>951.2</ele>
        <time>2026-06-04T09:26:22.000Z</time>
      </trkpt>
      <trkpt lat="42.605047976598144" lon="-0.1279820557683706">
        <ele>951.6</ele>
        <time>2026-06-04T09:26:25.000Z</time>
      </trkpt>
      <trkpt lat="42.60503692924976" lon="-0.1279793567955494">
        <ele>952</ele>
        <time>2026-06-04T09:26:31.000Z</time>
      </trkpt>
      <trkpt lat="42.60502896644175" lon="-0.127979340031743">
        <ele>952.3</ele>
        <time>2026-06-04T09:26:32.000Z</time>
      </trkpt>
      <trkpt lat="42.60502556338906" lon="-0.1279795244336128">
        <ele>952.7</ele>
        <time>2026-06-04T09:26:36.000Z</time>
      </trkpt>
      <trkpt lat="42.6050240714103" lon="-0.1279801446944476">
        <ele>953.1</ele>
        <time>2026-06-04T09:26:37.000Z</time>
      </trkpt>
      <trkpt lat="42.60502237826586" lon="-0.1279809661209584">
        <ele>953.4</ele>
        <time>2026-06-04T09:26:39.000Z</time>
      </trkpt>
      <trkpt lat="42.60501976311207" lon="-0.1279826760292054">
        <ele>953.8</ele>
        <time>2026-06-04T09:26:40.000Z</time>
      </trkpt>
      <trkpt lat="42.60501696355641" lon="-0.1279844865202904">
        <ele>954.1</ele>
        <time>2026-06-04T09:26:48.000Z</time>
      </trkpt>
      <trkpt lat="42.6050142981112" lon="-0.1279861126095056">
        <ele>954.5</ele>
        <time>2026-06-04T09:26:52.000Z</time>
      </trkpt>
      <trkpt lat="42.60501188412309" lon="-0.12798738665878762">
        <ele>954.9</ele>
        <time>2026-06-04T09:26:58.000Z</time>
      </trkpt>
      <trkpt lat="42.60500967130065" lon="-0.1279884595423936">
        <ele>955.2</ele>
        <time>2026-06-04T09:27:02.000Z</time>
      </trkpt>
      <trkpt lat="42.60500838048756" lon="-0.12798993475735182">
        <ele>955.5</ele>
        <time>2026-06-04T09:27:05.000Z</time>
      </trkpt>
      <trkpt lat="42.60500792786479" lon="-0.12799169495701782">
        <ele>955.9</ele>
        <time>2026-06-04T09:27:06.000Z</time>
      </trkpt>
      <trkpt lat="42.60500843077898" lon="-0.1279939077794552">
        <ele>956.2</ele>
        <time>2026-06-04T09:27:13.000Z</time>
      </trkpt>
      <trkpt lat="42.60500908456743" lon="-0.127997713163495">
        <ele>956.6</ele>
        <time>2026-06-04T09:27:19.000Z</time>
      </trkpt>
      <trkpt lat="42.605009185150266" lon="-0.1280020885169506">
        <ele>956.9</ele>
        <time>2026-06-04T09:27:20.000Z</time>
      </trkpt>
      <trkpt lat="42.60500884987414" lon="-0.1280059777200222">
        <ele>957.2</ele>
        <time>2026-06-04T09:27:21.000Z</time>
      </trkpt>
      <trkpt lat="42.6050061006099" lon="-0.12800948135554802">
        <ele>957.5</ele>
        <time>2026-06-04T09:27:23.000Z</time>
      </trkpt>
      <trkpt lat="42.605001255869865" lon="-0.1280125323683024">
        <ele>957.7</ele>
        <time>2026-06-04T09:27:28.000Z</time>
      </trkpt>
      <trkpt lat="42.60499344393611" lon="-0.128011241555214">
        <ele>958</ele>
        <time>2026-06-04T09:27:32.000Z</time>
      </trkpt>
      <trkpt lat="42.60498618520796" lon="-0.1280075535178184">
        <ele>958.3</ele>
        <time>2026-06-04T09:27:35.000Z</time>
      </trkpt>
      <trkpt lat="42.60497936233878" lon="-0.12800302729010582">
        <ele>958.6</ele>
        <time>2026-06-04T09:27:43.000Z</time>
      </trkpt>
      <trkpt lat="42.604974299669266" lon="-0.12799850106239322">
        <ele>958.9</ele>
        <time>2026-06-04T09:27:46.000Z</time>
      </trkpt>
      <trkpt lat="42.60497133247554" lon="-0.1279939748346806">
        <ele>959.1</ele>
        <time>2026-06-04T09:27:54.000Z</time>
      </trkpt>
      <trkpt lat="42.60497133247554" lon="-0.12799211405217661">
        <ele>959.4</ele>
        <time>2026-06-04T09:27:56.000Z</time>
      </trkpt>
      <trkpt lat="42.60497133247554" lon="-0.127992080524564">
        <ele>959.7</ele>
        <time>2026-06-04T09:28:03.000Z</time>
      </trkpt>
      <trkpt lat="42.60497133247554" lon="-0.127992080524564">
        <ele>960</ele>
        <time>2026-06-04T09:28:07.000Z</time>
      </trkpt>
      <trkpt lat="42.60497010871768" lon="-0.1279953662306072">
        <ele>960.2</ele>
        <time>2026-06-04T09:28:09.000Z</time>
      </trkpt>
      <trkpt lat="42.604968432337046" lon="-0.12800039537251">
        <ele>960.5</ele>
        <time>2026-06-04T09:28:10.000Z</time>
      </trkpt>
      <trkpt lat="42.60496675595641" lon="-0.1280054245144128">
        <ele>960.7</ele>
        <time>2026-06-04T09:28:15.000Z</time>
      </trkpt>
      <trkpt lat="42.60496507957578" lon="-0.12801045365631558">
        <ele>960.9</ele>
        <time>2026-06-04T09:28:21.000Z</time>
      </trkpt>
      <trkpt lat="42.60496340319514" lon="-0.1280154827982184">
        <ele>961.1</ele>
        <time>2026-06-04T09:28:27.000Z</time>
      </trkpt>
      <trkpt lat="42.60496295057237" lon="-0.128017226234078">
        <ele>961.3</ele>
        <time>2026-06-04T09:28:37.000Z</time>
      </trkpt>
      <trkpt lat="42.60496295057237" lon="-0.128017226234078">
        <ele>961.5</ele>
        <time>2026-06-04T09:28:42.000Z</time>
      </trkpt>
      <trkpt lat="42.60496258176863" lon="-0.1280202772468326">
        <ele>961.7</ele>
        <time>2026-06-04T09:28:46.000Z</time>
      </trkpt>
      <trkpt lat="42.60495896078646" lon="-0.1280233282595872">
        <ele>961.9</ele>
        <time>2026-06-04T09:28:53.000Z</time>
      </trkpt>
      <trkpt lat="42.60495533980429" lon="-0.1280263792723418">
        <ele>962.1</ele>
        <time>2026-06-04T09:29:02.000Z</time>
      </trkpt>
      <trkpt lat="42.604951383545995" lon="-0.1280283574014904">
        <ele>962.4</ele>
        <time>2026-06-04T09:29:08.000Z</time>
      </trkpt>
      <trkpt lat="42.60494642145932" lon="-0.128030335530639">
        <ele>962.6</ele>
        <time>2026-06-04T09:29:09.000Z</time>
      </trkpt>
      <trkpt lat="42.60494283400476" lon="-0.128029262647033">
        <ele>962.8</ele>
        <time>2026-06-04T09:29:13.000Z</time>
      </trkpt>
      <trkpt lat="42.604943454265594" lon="-0.1280295476317408">
        <ele>963</ele>
        <time>2026-06-04T09:29:17.000Z</time>
      </trkpt>
      <trkpt lat="42.604946656152606" lon="-0.1280304025858642">
        <ele>963.3</ele>
        <time>2026-06-04T09:29:20.000Z</time>
      </trkpt>
      <trkpt lat="42.604950193315744" lon="-0.1280334871262312">
        <ele>963.5</ele>
        <time>2026-06-04T09:29:26.000Z</time>
      </trkpt>
      <trkpt lat="42.60495473630726" lon="-0.12803747691214082">
        <ele>963.7</ele>
        <time>2026-06-04T09:29:36.000Z</time>
      </trkpt>
      <trkpt lat="42.604956932365894" lon="-0.12804146669805042">
        <ele>963.9</ele>
        <time>2026-06-04T09:29:37.000Z</time>
      </trkpt>
      <trkpt lat="42.6049527246505" lon="-0.12804564088582981">
        <ele>964.1</ele>
        <time>2026-06-04T09:29:43.000Z</time>
      </trkpt>
      <trkpt lat="42.60494593530893" lon="-0.128049312159419">
        <ele>964.4</ele>
        <time>2026-06-04T09:29:47.000Z</time>
      </trkpt>
      <trkpt lat="42.604939145967364" lon="-0.1280518434941768">
        <ele>964.6</ele>
        <time>2026-06-04T09:29:53.000Z</time>
      </trkpt>
      <trkpt lat="42.604932909831405" lon="-0.12805410660803318">
        <ele>964.8</ele>
        <time>2026-06-04T09:30:00.000Z</time>
      </trkpt>
      <trkpt lat="42.60492865182459" lon="-0.128059420734644">
        <ele>965.1</ele>
        <time>2026-06-04T09:30:03.000Z</time>
      </trkpt>
      <trkpt lat="42.604929925873876" lon="-0.1280631925910712">
        <ele>965.3</ele>
        <time>2026-06-04T09:30:05.000Z</time>
      </trkpt>
      <trkpt lat="42.60493215546012" lon="-0.12806790322065362">
        <ele>965.6</ele>
        <time>2026-06-04T09:30:09.000Z</time>
      </trkpt>
      <trkpt lat="42.60493522323668" lon="-0.1280727982521058">
        <ele>965.8</ele>
        <time>2026-06-04T09:30:10.000Z</time>
      </trkpt>
      <trkpt lat="42.60493773780763" lon="-0.1280770562589168">
        <ele>966</ele>
        <time>2026-06-04T09:30:16.000Z</time>
      </trkpt>
      <trkpt lat="42.60493961535394" lon="-0.1280782632529734">
        <ele>966.2</ele>
        <time>2026-06-04T09:30:22.000Z</time>
      </trkpt>
      <trkpt lat="42.60494140908122" lon="-0.12807947024702998">
        <ele>966.4</ele>
        <time>2026-06-04T09:30:27.000Z</time>
      </trkpt>
      <trkpt lat="42.60494224727154" lon="-0.1280810125172136">
        <ele>966.5</ele>
        <time>2026-06-04T09:30:31.000Z</time>
      </trkpt>
      <trkpt lat="42.60494224727154" lon="-0.1280852537602184">
        <ele>966.7</ele>
        <time>2026-06-04T09:30:35.000Z</time>
      </trkpt>
      <trkpt lat="42.604944644495845" lon="-0.12809309922158701">
        <ele>967</ele>
        <time>2026-06-04T09:30:39.000Z</time>
      </trkpt>
      <trkpt lat="42.60494704172015" lon="-0.128102872520685">
        <ele>967.2</ele>
        <time>2026-06-04T09:30:43.000Z</time>
      </trkpt>
      <trkpt lat="42.60494943894446" lon="-0.12811264581978302">
        <ele>967.4</ele>
        <time>2026-06-04T09:30:49.000Z</time>
      </trkpt>
      <trkpt lat="42.604950277134776" lon="-0.12812107801437342">
        <ele>967.6</ele>
        <time>2026-06-04T09:30:55.000Z</time>
      </trkpt>
      <trkpt lat="42.60495031066239" lon="-0.1281267106533048">
        <ele>967.8</ele>
        <time>2026-06-04T09:30:57.000Z</time>
      </trkpt>
      <trkpt lat="42.604947946965694" lon="-0.1281295605003832">
        <ele>968.1</ele>
        <time>2026-06-04T09:31:05.000Z</time>
      </trkpt>
      <trkpt lat="42.60494554974139" lon="-0.12813063338398922">
        <ele>968.3</ele>
        <time>2026-06-04T09:31:06.000Z</time>
      </trkpt>
      <trkpt lat="42.6049426831305" lon="-0.1281326618045568">
        <ele>968.5</ele>
        <time>2026-06-04T09:31:14.000Z</time>
      </trkpt>
      <trkpt lat="42.60494137555361" lon="-0.12813539430499082">
        <ele>968.8</ele>
        <time>2026-06-04T09:31:16.000Z</time>
      </trkpt>
      <trkpt lat="42.60494087263942" lon="-0.1281382776796818">
        <ele>968.9</ele>
        <time>2026-06-04T09:31:22.000Z</time>
      </trkpt>
      <trkpt lat="42.60494018532336" lon="-0.128140389919281">
        <ele>969.2</ele>
        <time>2026-06-04T09:31:23.000Z</time>
      </trkpt>
      <trkpt lat="42.604939414188266" lon="-0.1281423512846232">
        <ele>969.4</ele>
        <time>2026-06-04T09:31:31.000Z</time>
      </trkpt>
      <trkpt lat="42.60493881069124" lon="-0.12814335711300381">
        <ele>969.7</ele>
        <time>2026-06-04T09:31:35.000Z</time>
      </trkpt>
      <trkpt lat="42.60493780486286" lon="-0.12814360857009902">
        <ele>969.9</ele>
        <time>2026-06-04T09:31:37.000Z</time>
      </trkpt>
      <trkpt lat="42.604936664924026" lon="-0.12814360857009902">
        <ele>970.1</ele>
        <time>2026-06-04T09:31:40.000Z</time>
      </trkpt>
      <trkpt lat="42.604935659095645" lon="-0.12814355827868001">
        <ele>970.4</ele>
        <time>2026-06-04T09:31:45.000Z</time>
      </trkpt>
      <trkpt lat="42.60493477061391" lon="-0.12814355827868001">
        <ele>970.6</ele>
        <time>2026-06-04T09:31:48.000Z</time>
      </trkpt>
      <trkpt lat="42.60493207164109" lon="-0.1281435750424864">
        <ele>970.9</ele>
        <time>2026-06-04T09:31:54.000Z</time>
      </trkpt>
      <trkpt lat="42.604929104447365" lon="-0.12814449705183523">
        <ele>971.1</ele>
        <time>2026-06-04T09:31:57.000Z</time>
      </trkpt>
      <trkpt lat="42.60492551699281" lon="-0.12814541906118398">
        <ele>971.4</ele>
        <time>2026-06-04T09:32:02.000Z</time>
      </trkpt>
      <trkpt lat="42.60492192953825" lon="-0.1281463410705328">
        <ele>971.7</ele>
        <time>2026-06-04T09:32:09.000Z</time>
      </trkpt>
      <trkpt lat="42.604918107390404" lon="-0.1281462404876948">
        <ele>971.9</ele>
        <time>2026-06-04T09:32:18.000Z</time>
      </trkpt>
      <trkpt lat="42.604915995150805" lon="-0.1281461231410504">
        <ele>972.2</ele>
        <time>2026-06-04T09:32:23.000Z</time>
      </trkpt>
      <trkpt lat="42.604914117604494" lon="-0.1281451508402826">
        <ele>972.5</ele>
        <time>2026-06-04T09:32:24.000Z</time>
      </trkpt>
      <trkpt lat="42.604911083355546" lon="-0.1281449999660256">
        <ele>972.8</ele>
        <time>2026-06-04T09:32:25.000Z</time>
      </trkpt>
      <trkpt lat="42.6049080491066" lon="-0.1281450502574446">
        <ele>973.1</ele>
        <time>2026-06-04T09:32:29.000Z</time>
      </trkpt>
      <trkpt lat="42.60490524955094" lon="-0.12814783304929742">
        <ele>973.4</ele>
        <time>2026-06-04T09:32:32.000Z</time>
      </trkpt>
      <trkpt lat="42.60490285232663" lon="-0.12815173901617521">
        <ele>973.7</ele>
        <time>2026-06-04T09:32:39.000Z</time>
      </trkpt>
      <trkpt lat="42.60490089096129" lon="-0.12815644964575762">
        <ele>974</ele>
        <time>2026-06-04T09:32:41.000Z</time>
      </trkpt>
      <trkpt lat="42.6049009244889" lon="-0.12816270254552362">
        <ele>974.3</ele>
        <time>2026-06-04T09:32:47.000Z</time>
      </trkpt>
      <trkpt lat="42.604902014136314" lon="-0.12816912308335301">
        <ele>974.7</ele>
        <time>2026-06-04T09:32:54.000Z</time>
      </trkpt>
      <trkpt lat="42.60490312054753" lon="-0.12817380018532282">
        <ele>975</ele>
        <time>2026-06-04T09:32:58.000Z</time>
      </trkpt>
      <trkpt lat="42.60490588657558" lon="-0.1281807739287616">
        <ele>975.3</ele>
        <time>2026-06-04T09:33:01.000Z</time>
      </trkpt>
      <trkpt lat="42.60490917228162" lon="-0.12818709388375282">
        <ele>975.6</ele>
        <time>2026-06-04T09:33:06.000Z</time>
      </trkpt>
      <trkpt lat="42.60491661541164" lon="-0.1281983759254216">
        <ele>975.9</ele>
        <time>2026-06-04T09:33:11.000Z</time>
      </trkpt>
      <trkpt lat="42.604923740029335" lon="-0.128209926187992">
        <ele>976.2</ele>
        <time>2026-06-04T09:33:12.000Z</time>
      </trkpt>
      <trkpt lat="42.604930847883224" lon="-0.1282228343188762">
        <ele>976.5</ele>
        <time>2026-06-04T09:33:18.000Z</time>
      </trkpt>
      <trkpt lat="42.604936296120286" lon="-0.1282323226332664">
        <ele>976.8</ele>
        <time>2026-06-04T09:33:22.000Z</time>
      </trkpt>
      <trkpt lat="42.60493907891214" lon="-0.1282418109476566">
        <ele>977.1</ele>
        <time>2026-06-04T09:33:27.000Z</time>
      </trkpt>
      <trkpt lat="42.604935474693775" lon="-0.12824474461376661">
        <ele>977.4</ele>
        <time>2026-06-04T09:33:30.000Z</time>
      </trkpt>
      <trkpt lat="42.60493118315935" lon="-0.12824730947613722">
        <ele>977.7</ele>
        <time>2026-06-04T09:33:35.000Z</time>
      </trkpt>
      <trkpt lat="42.60492689162493" lon="-0.12824955582618722">
        <ele>978</ele>
        <time>2026-06-04T09:33:44.000Z</time>
      </trkpt>
      <trkpt lat="42.60492536611855" lon="-0.1282525230199098">
        <ele>978.3</ele>
        <time>2026-06-04T09:33:52.000Z</time>
      </trkpt>
      <trkpt lat="42.604925986379385" lon="-0.12825579196214681">
        <ele>978.6</ele>
        <time>2026-06-04T09:33:54.000Z</time>
      </trkpt>
      <trkpt lat="42.60492875240743" lon="-0.12825828976929202">
        <ele>978.9</ele>
        <time>2026-06-04T09:33:59.000Z</time>
      </trkpt>
      <trkpt lat="42.604930797591805" lon="-0.128261173143983">
        <ele>979.1</ele>
        <time>2026-06-04T09:34:01.000Z</time>
      </trkpt>
      <trkpt lat="42.60492994263768" lon="-0.1282632518559694">
        <ele>979.4</ele>
        <time>2026-06-04T09:34:04.000Z</time>
      </trkpt>
      <trkpt lat="42.60492632165551" lon="-0.128265330567956">
        <ele>979.6</ele>
        <time>2026-06-04T09:34:06.000Z</time>
      </trkpt>
      <trkpt lat="42.60492270067334" lon="-0.12826695665717122">
        <ele>979.9</ele>
        <time>2026-06-04T09:34:14.000Z</time>
      </trkpt>
      <trkpt lat="42.60491907969117" lon="-0.12826858274638642">
        <ele>980.2</ele>
        <time>2026-06-04T09:34:21.000Z</time>
      </trkpt>
      <trkpt lat="42.604916179552674" lon="-0.12826955504715423">
        <ele>980.5</ele>
        <time>2026-06-04T09:34:22.000Z</time>
      </trkpt>
      <trkpt lat="42.60491867735982" lon="-0.12827123142778862">
        <ele>980.7</ele>
        <time>2026-06-04T09:34:29.000Z</time>
      </trkpt>
      <trkpt lat="42.60492306947708" lon="-0.128276528790593">
        <ele>981</ele>
        <time>2026-06-04T09:34:35.000Z</time>
      </trkpt>
      <trkpt lat="42.604927914217114" lon="-0.1282820776104926">
        <ele>981.2</ele>
        <time>2026-06-04T09:34:38.000Z</time>
      </trkpt>
      <trkpt lat="42.60493358038366" lon="-0.12828777730464921">
        <ele>981.4</ele>
        <time>2026-06-04T09:34:41.000Z</time>
      </trkpt>
      <trkpt lat="42.60494206286967" lon="-0.12829454988241182">
        <ele>981.6</ele>
        <time>2026-06-04T09:34:46.000Z</time>
      </trkpt>
      <trkpt lat="42.604951433837414" lon="-0.128303602337837">
        <ele>981.9</ele>
        <time>2026-06-04T09:34:47.000Z</time>
      </trkpt>
      <trkpt lat="42.60495891049504" lon="-0.1283090002834796">
        <ele>982.1</ele>
        <time>2026-06-04T09:34:50.000Z</time>
      </trkpt>
      <trkpt lat="42.60496596805751" lon="-0.128314733505249">
        <ele>982.4</ele>
        <time>2026-06-04T09:34:58.000Z</time>
      </trkpt>
      <trkpt lat="42.60497217066586" lon="-0.128323182463646">
        <ele>982.6</ele>
        <time>2026-06-04T09:35:02.000Z</time>
      </trkpt>
      <trkpt lat="42.60497389733791" lon="-0.1283311787992716">
        <ele>982.9</ele>
        <time>2026-06-04T09:35:04.000Z</time>
      </trkpt>
      <trkpt lat="42.604971416294575" lon="-0.12833593972027302">
        <ele>983.2</ele>
        <time>2026-06-04T09:35:13.000Z</time>
      </trkpt>
      <trkpt lat="42.60496975667775" lon="-0.12834056653082362">
        <ele>983.4</ele>
        <time>2026-06-04T09:35:21.000Z</time>
      </trkpt>
      <trkpt lat="42.604968063533306" lon="-0.1283448245376346">
        <ele>983.7</ele>
        <time>2026-06-04T09:35:24.000Z</time>
      </trkpt>
      <trkpt lat="42.604967979714274" lon="-0.12834665179252602">
        <ele>984</ele>
        <time>2026-06-04T09:35:29.000Z</time>
      </trkpt>
      <trkpt lat="42.60496955551207" lon="-0.1283482275903224">
        <ele>984.2</ele>
        <time>2026-06-04T09:35:31.000Z</time>
      </trkpt>
      <trkpt lat="42.60497195273638" lon="-0.1283498369157314">
        <ele>984.4</ele>
        <time>2026-06-04T09:35:36.000Z</time>
      </trkpt>
      <trkpt lat="42.60497327707708" lon="-0.12835092656314379">
        <ele>984.6</ele>
        <time>2026-06-04T09:35:37.000Z</time>
      </trkpt>
      <trkpt lat="42.604973159730434" lon="-0.1283517982810738">
        <ele>984.8</ele>
        <time>2026-06-04T09:35:38.000Z</time>
      </trkpt>
      <trkpt lat="42.604971466585994" lon="-0.1283524855971338">
        <ele>985</ele>
        <time>2026-06-04T09:35:40.000Z</time>
      </trkpt>
      <trkpt lat="42.60496945492923" lon="-0.1283530555665494">
        <ele>985.2</ele>
        <time>2026-06-04T09:35:47.000Z</time>
      </trkpt>
      <trkpt lat="42.60496744327247" lon="-0.128355134278536">
        <ele>985.4</ele>
        <time>2026-06-04T09:35:50.000Z</time>
      </trkpt>
      <trkpt lat="42.604966001585126" lon="-0.1283588726073504">
        <ele>985.5</ele>
        <time>2026-06-04T09:35:56.000Z</time>
      </trkpt>
      <trkpt lat="42.60496657155454" lon="-0.1283633150160312">
        <ele>985.6</ele>
        <time>2026-06-04T09:36:02.000Z</time>
      </trkpt>
      <trkpt lat="42.60496828146279" lon="-0.12837258540093902">
        <ele>985.7</ele>
        <time>2026-06-04T09:36:04.000Z</time>
      </trkpt>
      <trkpt lat="42.6049722712487" lon="-0.12838435359299183">
        <ele>985.8</ele>
        <time>2026-06-04T09:36:05.000Z</time>
      </trkpt>
      <trkpt lat="42.60497626103461" lon="-0.1283978652209042">
        <ele>985.9</ele>
        <time>2026-06-04T09:36:11.000Z</time>
      </trkpt>
      <trkpt lat="42.60498082078993" lon="-0.1284139752388">
        <ele>985.9</ele>
        <time>2026-06-04T09:36:12.000Z</time>
      </trkpt>
      <trkpt lat="42.60498551465571" lon="-0.1284312922507524">
        <ele>985.9</ele>
        <time>2026-06-04T09:36:17.000Z</time>
      </trkpt>
      <trkpt lat="42.604989068582654" lon="-0.128443781286478">
        <ele>985.9</ele>
        <time>2026-06-04T09:36:25.000Z</time>
      </trkpt>
      <trkpt lat="42.60499066114426" lon="-0.1284541245549918">
        <ele>985.9</ele>
        <time>2026-06-04T09:36:33.000Z</time>
      </trkpt>
      <trkpt lat="42.60499379597604" lon="-0.128464635461569">
        <ele>985.9</ele>
        <time>2026-06-04T09:36:39.000Z</time>
      </trkpt>
      <trkpt lat="42.60499862395227" lon="-0.12847231328487402">
        <ele>985.8</ele>
        <time>2026-06-04T09:36:43.000Z</time>
      </trkpt>
      <trkpt lat="42.60500484332442" lon="-0.12847868353128442">
        <ele>985.8</ele>
        <time>2026-06-04T09:36:46.000Z</time>
      </trkpt>
      <trkpt lat="42.605015605688095" lon="-0.128486629575491">
        <ele>985.7</ele>
        <time>2026-06-04T09:36:49.000Z</time>
      </trkpt>
      <trkpt lat="42.60502640157938" lon="-0.12849620170891282">
        <ele>985.7</ele>
        <time>2026-06-04T09:36:51.000Z</time>
      </trkpt>
      <trkpt lat="42.60503768362105" lon="-0.1285031083971262">
        <ele>985.6</ele>
        <time>2026-06-04T09:36:55.000Z</time>
      </trkpt>
      <trkpt lat="42.60504884831607" lon="-0.12850880809128282">
        <ele>985.5</ele>
        <time>2026-06-04T09:37:03.000Z</time>
      </trkpt>
      <trkpt lat="42.60505888983607" lon="-0.12851407192647463">
        <ele>985.4</ele>
        <time>2026-06-04T09:37:04.000Z</time>
      </trkpt>
      <trkpt lat="42.605065394192934" lon="-0.1285195033997298">
        <ele>985.3</ele>
        <time>2026-06-04T09:37:07.000Z</time>
      </trkpt>
      <trkpt lat="42.605072451755404" lon="-0.12852407991886142">
        <ele>985.2</ele>
        <time>2026-06-04T09:37:10.000Z</time>
      </trkpt>
      <trkpt lat="42.6050800960511" lon="-0.1285300310701132">
        <ele>985</ele>
        <time>2026-06-04T09:37:13.000Z</time>
      </trkpt>
      <trkpt lat="42.6050872374326" lon="-0.1285380609333516">
        <ele>984.9</ele>
        <time>2026-06-04T09:37:17.000Z</time>
      </trkpt>
      <trkpt lat="42.6050948984921" lon="-0.1285468451678752">
        <ele>984.7</ele>
        <time>2026-06-04T09:37:26.000Z</time>
      </trkpt>
      <trkpt lat="42.60510162077844" lon="-0.1285544224083422">
        <ele>984.6</ele>
        <time>2026-06-04T09:37:30.000Z</time>
      </trkpt>
      <trkpt lat="42.60510777309537" lon="-0.1285607255995272">
        <ele>984.4</ele>
        <time>2026-06-04T09:37:35.000Z</time>
      </trkpt>
      <trkpt lat="42.60511186346412" lon="-0.1285648997873066">
        <ele>984.3</ele>
        <time>2026-06-04T09:37:38.000Z</time>
      </trkpt>
      <trkpt lat="42.60511399246752" lon="-0.1285675987601278">
        <ele>984.1</ele>
        <time>2026-06-04T09:37:39.000Z</time>
      </trkpt>
      <trkpt lat="42.605114847421646" lon="-0.12856971099972722">
        <ele>983.9</ele>
        <time>2026-06-04T09:37:44.000Z</time>
      </trkpt>
      <trkpt lat="42.60511541739106" lon="-0.1285710353404284">
        <ele>983.7</ele>
        <time>2026-06-04T09:37:53.000Z</time>
      </trkpt>
      <trkpt lat="42.60511561855674" lon="-0.12857225909829162">
        <ele>983.5</ele>
        <time>2026-06-04T09:37:54.000Z</time>
      </trkpt>
      <trkpt lat="42.605115249753" lon="-0.1285734325647356">
        <ele>983.3</ele>
        <time>2026-06-04T09:37:56.000Z</time>
      </trkpt>
      <trkpt lat="42.60511488094926" lon="-0.1285737510770562">
        <ele>983.1</ele>
        <time>2026-06-04T09:38:01.000Z</time>
      </trkpt>
      <trkpt lat="42.60511429421604" lon="-0.1285737343132498">
        <ele>983</ele>
        <time>2026-06-04T09:38:12.000Z</time>
      </trkpt>
      <trkpt lat="42.60511550121009" lon="-0.12857214175164722">
        <ele>982.8</ele>
        <time>2026-06-04T09:38:15.000Z</time>
      </trkpt>
      <trkpt lat="42.60511937364936" lon="-0.12857054919004463">
        <ele>982.7</ele>
        <time>2026-06-04T09:38:16.000Z</time>
      </trkpt>
      <trkpt lat="42.6051271520555" lon="-0.1285683866590264">
        <ele>982.5</ele>
        <time>2026-06-04T09:38:17.000Z</time>
      </trkpt>
      <trkpt lat="42.60513555072248" lon="-0.12856622412800822">
        <ele>982.4</ele>
        <time>2026-06-04T09:38:20.000Z</time>
      </trkpt>
      <trkpt lat="42.60514609515667" lon="-0.12856453098356763">
        <ele>982.3</ele>
        <time>2026-06-04T09:38:24.000Z</time>
      </trkpt>
      <trkpt lat="42.605155332013965" lon="-0.12856567092239882">
        <ele>982.2</ele>
        <time>2026-06-04T09:38:28.000Z</time>
      </trkpt>
      <trkpt lat="42.6051628254354" lon="-0.1285673640668394">
        <ele>982.1</ele>
        <time>2026-06-04T09:38:38.000Z</time>
      </trkpt>
      <trkpt lat="42.60516808927059" lon="-0.128573013469577">
        <ele>981.9</ele>
        <time>2026-06-04T09:38:39.000Z</time>
      </trkpt>
      <trkpt lat="42.605172934010625" lon="-0.1285791490226984">
        <ele>981.8</ele>
        <time>2026-06-04T09:38:41.000Z</time>
      </trkpt>
      <trkpt lat="42.60518183559179" lon="-0.12858481518924222">
        <ele>981.7</ele>
        <time>2026-06-04T09:38:45.000Z</time>
      </trkpt>
      <trkpt lat="42.60519212856889" lon="-0.12858922407031043">
        <ele>981.6</ele>
        <time>2026-06-04T09:38:46.000Z</time>
      </trkpt>
      <trkpt lat="42.60520205274224" lon="-0.12859336473047722">
        <ele>981.5</ele>
        <time>2026-06-04T09:38:52.000Z</time>
      </trkpt>
      <trkpt lat="42.6052104011178" lon="-0.1285936329513786">
        <ele>981.4</ele>
        <time>2026-06-04T09:38:53.000Z</time>
      </trkpt>
      <trkpt lat="42.60521876625717" lon="-0.1285934150218962">
        <ele>981.3</ele>
        <time>2026-06-04T09:38:58.000Z</time>
      </trkpt>
      <trkpt lat="42.60522403009236" lon="-0.1285924594849348">
        <ele>981.2</ele>
        <time>2026-06-04T09:39:06.000Z</time>
      </trkpt>
      <trkpt lat="42.60522763431072" lon="-0.12858979403972642">
        <ele>981.1</ele>
        <time>2026-06-04T09:39:14.000Z</time>
      </trkpt>
      <trkpt lat="42.60523103736341" lon="-0.12858684360981001">
        <ele>980.9</ele>
        <time>2026-06-04T09:39:17.000Z</time>
      </trkpt>
      <trkpt lat="42.60523382015526" lon="-0.12858375906944303">
        <ele>980.8</ele>
        <time>2026-06-04T09:39:21.000Z</time>
      </trkpt>
      <trkpt lat="42.60523608326912" lon="-0.12858070805668861">
        <ele>980.6</ele>
        <time>2026-06-04T09:39:29.000Z</time>
      </trkpt>
      <trkpt lat="42.605235228314996" lon="-0.1285783611238006">
        <ele>980.5</ele>
        <time>2026-06-04T09:39:39.000Z</time>
      </trkpt>
      <trkpt lat="42.60523437336087" lon="-0.1285777240991596">
        <ele>980.4</ele>
        <time>2026-06-04T09:39:47.000Z</time>
      </trkpt>
      <trkpt lat="42.60523351840675" lon="-0.12857676856219802">
        <ele>980.2</ele>
        <time>2026-06-04T09:39:52.000Z</time>
      </trkpt>
      <trkpt lat="42.60523319989443" lon="-0.12857645004987742">
        <ele>980</ele>
        <time>2026-06-04T09:39:55.000Z</time>
      </trkpt>
      <trkpt lat="42.60523318313062" lon="-0.1285760980099442">
        <ele>979.9</ele>
        <time>2026-06-04T09:40:00.000Z</time>
      </trkpt>
      <trkpt lat="42.60523318313062" lon="-0.1285757794976236">
        <ele>979.8</ele>
        <time>2026-06-04T09:40:04.000Z</time>
      </trkpt>
      <trkpt lat="42.60523318313062" lon="-0.1285735834389926">
        <ele>979.7</ele>
        <time>2026-06-04T09:40:13.000Z</time>
      </trkpt>
      <trkpt lat="42.60523318313062" lon="-0.1285692416131498">
        <ele>979.6</ele>
        <time>2026-06-04T09:40:18.000Z</time>
      </trkpt>
      <trkpt lat="42.605234038084745" lon="-0.1285565849393608">
        <ele>979.6</ele>
        <time>2026-06-04T09:40:21.000Z</time>
      </trkpt>
      <trkpt lat="42.60523489303887" lon="-0.12854392826557182">
        <ele>979.5</ele>
        <time>2026-06-04T09:40:25.000Z</time>
      </trkpt>
      <trkpt lat="42.60523574799299" lon="-0.1285312715917828">
        <ele>979.4</ele>
        <time>2026-06-04T09:40:29.000Z</time>
      </trkpt>
      <trkpt lat="42.6052386816591" lon="-0.12852635979652421">
        <ele>979.3</ele>
        <time>2026-06-04T09:40:32.000Z</time>
      </trkpt>
      <trkpt lat="42.60524161532521" lon="-0.1285250689834358">
        <ele>979.3</ele>
        <time>2026-06-04T09:40:39.000Z</time>
      </trkpt>
      <trkpt lat="42.6052436940372" lon="-0.1285340543836356">
        <ele>979.2</ele>
        <time>2026-06-04T09:40:47.000Z</time>
      </trkpt>
      <trkpt lat="42.60524419695139" lon="-0.12854303978383538">
        <ele>979.1</ele>
        <time>2026-06-04T09:40:53.000Z</time>
      </trkpt>
      <trkpt lat="42.60524267144501" lon="-0.1285520251840352">
        <ele>979.1</ele>
        <time>2026-06-04T09:41:01.000Z</time>
      </trkpt>
      <trkpt lat="42.60523898340762" lon="-0.1285572722554206">
        <ele>979</ele>
        <time>2026-06-04T09:41:09.000Z</time>
      </trkpt>
      <trkpt lat="42.605235043913126" lon="-0.1285613626241682">
        <ele>979</ele>
        <time>2026-06-04T09:41:15.000Z</time>
      </trkpt>
      <trkpt lat="42.605231104418635" lon="-0.1285635586827992">
        <ele>978.9</ele>
        <time>2026-06-04T09:41:21.000Z</time>
      </trkpt>
      <trkpt lat="42.605228992179036" lon="-0.1285657547414302">
        <ele>978.9</ele>
        <time>2026-06-04T09:41:25.000Z</time>
      </trkpt>
      <trkpt lat="42.60523122176528" lon="-0.1285679508000612">
        <ele>978.9</ele>
        <time>2026-06-04T09:41:28.000Z</time>
      </trkpt>
      <trkpt lat="42.60523442365229" lon="-0.1285711359232664">
        <ele>978.8</ele>
        <time>2026-06-04T09:41:31.000Z</time>
      </trkpt>
      <trkpt lat="42.6052378769964" lon="-0.12857450544834143">
        <ele>978.8</ele>
        <time>2026-06-04T09:41:34.000Z</time>
      </trkpt>
      <trkpt lat="42.605241330340505" lon="-0.1285779252648354">
        <ele>978.8</ele>
        <time>2026-06-04T09:41:37.000Z</time>
      </trkpt>
      <trkpt lat="42.60524240322411" lon="-0.1285813450813294">
        <ele>978.8</ele>
        <time>2026-06-04T09:41:43.000Z</time>
      </trkpt>
      <trkpt lat="42.60524116270244" lon="-0.1285871956497432">
        <ele>978.9</ele>
        <time>2026-06-04T09:41:53.000Z</time>
      </trkpt>
      <trkpt lat="42.60523843020201" lon="-0.1285900119692088">
        <ele>978.9</ele>
        <time>2026-06-04T09:41:55.000Z</time>
      </trkpt>
      <trkpt lat="42.60523526184261" lon="-0.1285926774144174">
        <ele>978.9</ele>
        <time>2026-06-04T09:41:58.000Z</time>
      </trkpt>
      <trkpt lat="42.60523209348321" lon="-0.1285952255129816">
        <ele>979</ele>
        <time>2026-06-04T09:42:07.000Z</time>
      </trkpt>
      <trkpt lat="42.60523061826825" lon="-0.12859768979251401">
        <ele>979</ele>
        <time>2026-06-04T09:42:09.000Z</time>
      </trkpt>
      <trkpt lat="42.60522912628949" lon="-0.1285985950380564">
        <ele>979</ele>
        <time>2026-06-04T09:42:17.000Z</time>
      </trkpt>
      <trkpt lat="42.60522823780775" lon="-0.12859896384179603">
        <ele>979</ele>
        <time>2026-06-04T09:42:18.000Z</time>
      </trkpt>
      <trkpt lat="42.605227801948786" lon="-0.1285992991179228">
        <ele>979.1</ele>
        <time>2026-06-04T09:42:20.000Z</time>
      </trkpt>
      <trkpt lat="42.60522850602865" lon="-0.12859963439404962">
        <ele>979.1</ele>
        <time>2026-06-04T09:42:23.000Z</time>
      </trkpt>
      <trkpt lat="42.60522964596748" lon="-0.12860005348920822">
        <ele>979.1</ele>
        <time>2026-06-04T09:42:30.000Z</time>
      </trkpt>
      <trkpt lat="42.60523080267012" lon="-0.128599600866437">
        <ele>979.2</ele>
        <time>2026-06-04T09:42:39.000Z</time>
      </trkpt>
      <trkpt lat="42.60523195937276" lon="-0.128599600866437">
        <ele>979.2</ele>
        <time>2026-06-04T09:42:46.000Z</time>
      </trkpt>
      <trkpt lat="42.60523309931159" lon="-0.128599600866437">
        <ele>979.2</ele>
        <time>2026-06-04T09:42:58.000Z</time>
      </trkpt>
      <trkpt lat="42.60523309931159" lon="-0.128599600866437">
        <ele>979.2</ele>
        <time>2026-06-04T09:43:03.000Z</time>
      </trkpt>
      <trkpt lat="42.60523309931159" lon="-0.128599600866437">
        <ele>979.2</ele>
        <time>2026-06-04T09:43:09.000Z</time>
      </trkpt>
      <trkpt lat="42.60523309931159" lon="-0.12859976850450042">
        <ele>979.2</ele>
        <time>2026-06-04T09:43:18.000Z</time>
      </trkpt>
      <trkpt lat="42.60523309931159" lon="-0.12859993614256382">
        <ele>979.2</ele>
        <time>2026-06-04T09:43:24.000Z</time>
      </trkpt>
      <trkpt lat="42.60523309931159" lon="-0.1286001037806272">
        <ele>979.2</ele>
        <time>2026-06-04T09:43:31.000Z</time>
      </trkpt>
      <trkpt lat="42.60523309931159" lon="-0.1286001037806272">
        <ele>979.1</ele>
        <time>2026-06-04T09:43:33.000Z</time>
      </trkpt>
      <trkpt lat="42.60523309931159" lon="-0.12860010378062722">
        <ele>979.1</ele>
        <time>2026-06-04T09:43:40.000Z</time>
      </trkpt>
      <trkpt lat="42.60523309931159" lon="-0.12859993614256382">
        <ele>979</ele>
        <time>2026-06-04T09:43:46.000Z</time>
      </trkpt>
      <trkpt lat="42.60523309931159" lon="-0.12859976850450042">
        <ele>979</ele>
        <time>2026-06-04T09:43:49.000Z</time>
      </trkpt>
      <trkpt lat="42.60523309931159" lon="-0.128599600866437">
        <ele>978.9</ele>
        <time>2026-06-04T09:43:52.000Z</time>
      </trkpt>
      <trkpt lat="42.60523388721049" lon="-0.128599600866437">
        <ele>978.8</ele>
        <time>2026-06-04T09:43:53.000Z</time>
      </trkpt>
      <trkpt lat="42.605234675109386" lon="-0.12859899736940864">
        <ele>978.8</ele>
        <time>2026-06-04T09:43:58.000Z</time>
      </trkpt>
      <trkpt lat="42.60523537918925" lon="-0.128596968948841">
        <ele>978.7</ele>
        <time>2026-06-04T09:44:02.000Z</time>
      </trkpt>
      <trkpt lat="42.60523730702698" lon="-0.12859380058944223">
        <ele>978.6</ele>
        <time>2026-06-04T09:44:05.000Z</time>
      </trkpt>
      <trkpt lat="42.60523948632181" lon="-0.128590514883399">
        <ele>978.6</ele>
        <time>2026-06-04T09:44:10.000Z</time>
      </trkpt>
      <trkpt lat="42.60524121299386" lon="-0.12858701124787322">
        <ele>978.5</ele>
        <time>2026-06-04T09:44:14.000Z</time>
      </trkpt>
      <trkpt lat="42.605242939665914" lon="-0.1285840943455696">
        <ele>978.4</ele>
        <time>2026-06-04T09:44:16.000Z</time>
      </trkpt>
      <trkpt lat="42.605244750157" lon="-0.1285826023668052">
        <ele>978.3</ele>
        <time>2026-06-04T09:44:20.000Z</time>
      </trkpt>
      <trkpt lat="42.60524533689022" lon="-0.128582250326872">
        <ele>978.2</ele>
        <time>2026-06-04T09:44:27.000Z</time>
      </trkpt>
      <trkpt lat="42.60524567216635" lon="-0.1285820156335832">
        <ele>978</ele>
        <time>2026-06-04T09:44:30.000Z</time>
      </trkpt>
      <trkpt lat="42.60524567216635" lon="-0.128581998869777">
        <ele>977.9</ele>
        <time>2026-06-04T09:44:32.000Z</time>
      </trkpt>
      <trkpt lat="42.60524567216635" lon="-0.128581998869777">
        <ele>977.8</ele>
        <time>2026-06-04T09:44:45.000Z</time>
      </trkpt>
      <trkpt lat="42.60524567216635" lon="-0.128581998869777">
        <ele>977.8</ele>
        <time>2026-06-04T09:44:46.000Z</time>
      </trkpt>
      <trkpt lat="42.60524567216635" lon="-0.128581998869777">
        <ele>977.7</ele>
        <time>2026-06-04T09:45:00.000Z</time>
      </trkpt>
      <trkpt lat="42.60524567216635" lon="-0.128581998869777">
        <ele>977.7</ele>
        <time>2026-06-04T09:45:07.000Z</time>
      </trkpt>
      <trkpt lat="42.60524567216635" lon="-0.128581998869777">
        <ele>977.7</ele>
        <time>2026-06-04T09:45:10.000Z</time>
      </trkpt>
      <trkpt lat="42.60524567216635" lon="-0.128581998869777">
        <ele>977.7</ele>
        <time>2026-06-04T09:45:13.000Z</time>
      </trkpt>
      <trkpt lat="42.60524469986558" lon="-0.12858560308814082">
        <ele>977.7</ele>
        <time>2026-06-04T09:45:16.000Z</time>
      </trkpt>
      <trkpt lat="42.60524347610772" lon="-0.12858969345688842">
        <ele>977.7</ele>
        <time>2026-06-04T09:45:21.000Z</time>
      </trkpt>
      <trkpt lat="42.60524225234985" lon="-0.12859378382563602">
        <ele>977.8</ele>
        <time>2026-06-04T09:45:26.000Z</time>
      </trkpt>
      <trkpt lat="42.60524102859199" lon="-0.12859787419438362">
        <ele>977.8</ele>
        <time>2026-06-04T09:45:35.000Z</time>
      </trkpt>
      <trkpt lat="42.60523980483413" lon="-0.12860196456313122">
        <ele>977.9</ele>
        <time>2026-06-04T09:45:39.000Z</time>
      </trkpt>
      <trkpt lat="42.60523955337703" lon="-0.1286042612046002">
        <ele>977.9</ele>
        <time>2026-06-04T09:45:46.000Z</time>
      </trkpt>
      <trkpt lat="42.60523874871433" lon="-0.128606205806136">
        <ele>978</ele>
        <time>2026-06-04T09:45:50.000Z</time>
      </trkpt>
      <trkpt lat="42.60523740760982" lon="-0.1286081504076718">
        <ele>978.1</ele>
        <time>2026-06-04T09:45:56.000Z</time>
      </trkpt>
      <trkpt lat="42.60523553006351" lon="-0.1286100950092076">
        <ele>978.2</ele>
        <time>2026-06-04T09:46:03.000Z</time>
      </trkpt>
      <trkpt lat="42.6052336525172" lon="-0.12861192226409898">
        <ele>978.3</ele>
        <time>2026-06-04T09:46:10.000Z</time>
      </trkpt>
      <trkpt lat="42.60523177497089" lon="-0.1286101453006266">
        <ele>978.4</ele>
        <time>2026-06-04T09:46:14.000Z</time>
      </trkpt>
      <trkpt lat="42.60523063503206" lon="-0.1286082342267036">
        <ele>978.5</ele>
        <time>2026-06-04T09:46:17.000Z</time>
      </trkpt>
      <trkpt lat="42.60523003153503" lon="-0.1286063231527806">
        <ele>978.7</ele>
        <time>2026-06-04T09:46:22.000Z</time>
      </trkpt>
      <trkpt lat="42.60522897541523" lon="-0.12860563583672058">
        <ele>978.9</ele>
        <time>2026-06-04T09:46:30.000Z</time>
      </trkpt>
      <trkpt lat="42.605226980522275" lon="-0.1286092903465034">
        <ele>979</ele>
        <time>2026-06-04T09:46:35.000Z</time>
      </trkpt>
      <trkpt lat="42.60522471740842" lon="-0.1286147385835648">
        <ele>979.2</ele>
        <time>2026-06-04T09:46:42.000Z</time>
      </trkpt>
      <trkpt lat="42.60522250458598" lon="-0.1286201868206262">
        <ele>979.5</ele>
        <time>2026-06-04T09:46:46.000Z</time>
      </trkpt>
      <trkpt lat="42.605220291763544" lon="-0.128625065088272">
        <ele>979.7</ele>
        <time>2026-06-04T09:46:51.000Z</time>
      </trkpt>
      <trkpt lat="42.60521908476949" lon="-0.1286287195980548">
        <ele>979.9</ele>
        <time>2026-06-04T09:46:53.000Z</time>
      </trkpt>
      <trkpt lat="42.605219000950456" lon="-0.12862814962863922">
        <ele>980.1</ele>
        <time>2026-06-04T09:46:55.000Z</time>
      </trkpt>
      <trkpt lat="42.605219185352325" lon="-0.12862868607044223">
        <ele>980.4</ele>
        <time>2026-06-04T09:46:59.000Z</time>
      </trkpt>
      <trkpt lat="42.605219386518" lon="-0.12863106653094303">
        <ele>980.7</ele>
        <time>2026-06-04T09:47:07.000Z</time>
      </trkpt>
      <trkpt lat="42.60521958768368" lon="-0.1286340169608594">
        <ele>980.9</ele>
        <time>2026-06-04T09:47:13.000Z</time>
      </trkpt>
      <trkpt lat="42.605219738557935" lon="-0.1286369673907758">
        <ele>981.2</ele>
        <time>2026-06-04T09:47:16.000Z</time>
      </trkpt>
      <trkpt lat="42.60521945357323" lon="-0.1286394651979208">
        <ele>981.5</ele>
        <time>2026-06-04T09:47:19.000Z</time>
      </trkpt>
      <trkpt lat="42.605219420045614" lon="-0.1286402195692062">
        <ele>981.8</ele>
        <time>2026-06-04T09:47:20.000Z</time>
      </trkpt>
      <trkpt lat="42.60521970503032" lon="-0.1286391299217938">
        <ele>982.1</ele>
        <time>2026-06-04T09:47:26.000Z</time>
      </trkpt>
      <trkpt lat="42.60521999001503" lon="-0.12863804027438142">
        <ele>982.3</ele>
        <time>2026-06-04T09:47:37.000Z</time>
      </trkpt>
      <trkpt lat="42.605220425873995" lon="-0.12864276766777022">
        <ele>982.6</ele>
        <time>2026-06-04T09:47:42.000Z</time>
      </trkpt>
      <trkpt lat="42.605221113190055" lon="-0.1286479476839304">
        <ele>982.9</ele>
        <time>2026-06-04T09:47:51.000Z</time>
      </trkpt>
      <trkpt lat="42.60522154904902" lon="-0.1286537647247316">
        <ele>983.1</ele>
        <time>2026-06-04T09:47:59.000Z</time>
      </trkpt>
      <trkpt lat="42.605221666395664" lon="-0.12865958176553283">
        <ele>983.4</ele>
        <time>2026-06-04T09:48:02.000Z</time>
      </trkpt>
      <trkpt lat="42.60522094555199" lon="-0.12866486236453104">
        <ele>983.7</ele>
        <time>2026-06-04T09:48:10.000Z</time>
      </trkpt>
      <trkpt lat="42.605220107361674" lon="-0.12866338714957282">
        <ele>983.9</ele>
        <time>2026-06-04T09:48:13.000Z</time>
      </trkpt>
      <trkpt lat="42.60521898418665" lon="-0.1286607217043642">
        <ele>984.1</ele>
        <time>2026-06-04T09:48:16.000Z</time>
      </trkpt>
      <trkpt lat="42.60521759279072" lon="-0.1286575030535462">
        <ele>984.3</ele>
        <time>2026-06-04T09:48:19.000Z</time>
      </trkpt>
      <trkpt lat="42.605216201394796" lon="-0.12865408323705219">
        <ele>984.6</ele>
        <time>2026-06-04T09:48:26.000Z</time>
      </trkpt>
      <trkpt lat="42.60521536320448" lon="-0.1286511998623612">
        <ele>984.8</ele>
        <time>2026-06-04T09:48:28.000Z</time>
      </trkpt>
      <trkpt lat="42.605214374139905" lon="-0.1286492552608254">
        <ele>985</ele>
        <time>2026-06-04T09:48:32.000Z</time>
      </trkpt>
      <trkpt lat="42.60521367006004" lon="-0.1286481320858004">
        <ele>985.1</ele>
        <time>2026-06-04T09:48:34.000Z</time>
      </trkpt>
      <trkpt lat="42.605213234201074" lon="-0.12864756211638478">
        <ele>985.3</ele>
        <time>2026-06-04T09:48:35.000Z</time>
      </trkpt>
      <trkpt lat="42.60521378740668" lon="-0.1286471933126452">
        <ele>985.5</ele>
        <time>2026-06-04T09:48:43.000Z</time>
      </trkpt>
      <trkpt lat="42.605214625597" lon="-0.1286468245089056">
        <ele>985.7</ele>
        <time>2026-06-04T09:48:49.000Z</time>
      </trkpt>
      <trkpt lat="42.605215614661574" lon="-0.128646455705166">
        <ele>985.9</ele>
        <time>2026-06-04T09:48:57.000Z</time>
      </trkpt>
      <trkpt lat="42.60521660372615" lon="-0.128646455705166">
        <ele>986.1</ele>
        <time>2026-06-04T09:49:00.000Z</time>
      </trkpt>
      <trkpt lat="42.60521759279072" lon="-0.128646455705166">
        <ele>986.3</ele>
        <time>2026-06-04T09:49:05.000Z</time>
      </trkpt>
      <trkpt lat="42.60521759279072" lon="-0.128646455705166">
        <ele>986.4</ele>
        <time>2026-06-04T09:49:09.000Z</time>
      </trkpt>
      <trkpt lat="42.60521759279072" lon="-0.128646455705166">
        <ele>986.6</ele>
        <time>2026-06-04T09:49:20.000Z</time>
      </trkpt>
      <trkpt lat="42.60521759279072" lon="-0.128646455705166">
        <ele>986.8</ele>
        <time>2026-06-04T09:49:26.000Z</time>
      </trkpt>
      <trkpt lat="42.60521759279072" lon="-0.128646455705166">
        <ele>987</ele>
        <time>2026-06-04T09:49:39.000Z</time>
      </trkpt>
      <trkpt lat="42.60521759279072" lon="-0.128646455705166">
        <ele>987.2</ele>
        <time>2026-06-04T09:49:41.000Z</time>
      </trkpt>
      <trkpt lat="42.60521759279072" lon="-0.128646455705166">
        <ele>987.4</ele>
        <time>2026-06-04T09:49:42.000Z</time>
      </trkpt>
      <trkpt lat="42.60521759279072" lon="-0.128646455705166">
        <ele>987.6</ele>
        <time>2026-06-04T09:49:43.000Z</time>
      </trkpt>
      <trkpt lat="42.60521759279072" lon="-0.128646455705166">
        <ele>987.8</ele>
        <time>2026-06-04T09:49:46.000Z</time>
      </trkpt>
      <trkpt lat="42.60521759279072" lon="-0.128646455705166">
        <ele>987.9</ele>
        <time>2026-06-04T09:49:50.000Z</time>
      </trkpt>
      <trkpt lat="42.60521623492241" lon="-0.1286462042480708">
        <ele>988.1</ele>
        <time>2026-06-04T09:49:53.000Z</time>
      </trkpt>
      <trkpt lat="42.60521271452308" lon="-0.12864563427865522">
        <ele>988.3</ele>
        <time>2026-06-04T09:50:02.000Z</time>
      </trkpt>
      <trkpt lat="42.605207132175565" lon="-0.1286450643092396">
        <ele>988.4</ele>
        <time>2026-06-04T09:50:06.000Z</time>
      </trkpt>
      <trkpt lat="42.605201533064246" lon="-0.128644494339824">
        <ele>988.6</ele>
        <time>2026-06-04T09:50:09.000Z</time>
      </trkpt>
      <trkpt lat="42.60519588366151" lon="-0.12864409200847182">
        <ele>988.8</ele>
        <time>2026-06-04T09:50:13.000Z</time>
      </trkpt>
      <trkpt lat="42.605191592127085" lon="-0.12864394113421482">
        <ele>988.9</ele>
        <time>2026-06-04T09:50:14.000Z</time>
      </trkpt>
      <trkpt lat="42.60518946312368" lon="-0.1286441087722782">
        <ele>989</ele>
        <time>2026-06-04T09:50:26.000Z</time>
      </trkpt>
      <trkpt lat="42.605189396068454" lon="-0.1286442764103416">
        <ele>989.2</ele>
        <time>2026-06-04T09:50:27.000Z</time>
      </trkpt>
      <trkpt lat="42.605189345777035" lon="-0.128644444048405">
        <ele>989.3</ele>
        <time>2026-06-04T09:50:32.000Z</time>
      </trkpt>
      <trkpt lat="42.605189345777035" lon="-0.128644444048405">
        <ele>989.5</ele>
        <time>2026-06-04T09:50:38.000Z</time>
      </trkpt>
      <trkpt lat="42.605189345777035" lon="-0.12864330410957361">
        <ele>989.6</ele>
        <time>2026-06-04T09:50:41.000Z</time>
      </trkpt>
      <trkpt lat="42.60519070364535" lon="-0.128641862422228">
        <ele>989.8</ele>
        <time>2026-06-04T09:50:49.000Z</time>
      </trkpt>
      <trkpt lat="42.605193335562944" lon="-0.1286404207348824">
        <ele>989.9</ele>
        <time>2026-06-04T09:50:56.000Z</time>
      </trkpt>
      <trkpt lat="42.60519615188241" lon="-0.12863928079605103">
        <ele>990.1</ele>
        <time>2026-06-04T09:51:02.000Z</time>
      </trkpt>
      <trkpt lat="42.605199018493295" lon="-0.1286378391087054">
        <ele>990.3</ele>
        <time>2026-06-04T09:51:05.000Z</time>
      </trkpt>
      <trkpt lat="42.60520183481276" lon="-0.12863876111805422">
        <ele>990.4</ele>
        <time>2026-06-04T09:51:06.000Z</time>
      </trkpt>
      <trkpt lat="42.60520329326391" lon="-0.1286399848759172">
        <ele>990.6</ele>
        <time>2026-06-04T09:51:09.000Z</time>
      </trkpt>
      <trkpt lat="42.60520297475159" lon="-0.1286394484341142">
        <ele>990.8</ele>
        <time>2026-06-04T09:51:12.000Z</time>
      </trkpt>
      <trkpt lat="42.6052024718374" lon="-0.12863552570343">
        <ele>991</ele>
        <time>2026-06-04T09:51:13.000Z</time>
      </trkpt>
      <trkpt lat="42.60520191863179" lon="-0.1286307480186222">
        <ele>991.2</ele>
        <time>2026-06-04T09:51:19.000Z</time>
      </trkpt>
      <trkpt lat="42.60520161688328" lon="-0.1286247465759514">
        <ele>991.3</ele>
        <time>2026-06-04T09:51:26.000Z</time>
      </trkpt>
      <trkpt lat="42.605201533064246" lon="-0.1286199018359184">
        <ele>991.5</ele>
        <time>2026-06-04T09:51:33.000Z</time>
      </trkpt>
      <trkpt lat="42.605201952159405" lon="-0.1286168172955514">
        <ele>991.6</ele>
        <time>2026-06-04T09:51:38.000Z</time>
      </trkpt>
      <trkpt lat="42.60520237125456" lon="-0.128618024289608">
        <ele>991.7</ele>
        <time>2026-06-04T09:51:41.000Z</time>
      </trkpt>
      <trkpt lat="42.605202773585916" lon="-0.1286204885691404">
        <ele>991.9</ele>
        <time>2026-06-04T09:51:45.000Z</time>
      </trkpt>
      <trkpt lat="42.60520267300308" lon="-0.1286232378333808">
        <ele>992</ele>
        <time>2026-06-04T09:51:51.000Z</time>
      </trkpt>
      <trkpt lat="42.6052008792758" lon="-0.12862788140773782">
        <ele>992.2</ele>
        <time>2026-06-04T09:51:55.000Z</time>
      </trkpt>
      <trkpt lat="42.60519908554852" lon="-0.128632877022028">
        <ele>992.4</ele>
        <time>2026-06-04T09:52:00.000Z</time>
      </trkpt>
      <trkpt lat="42.605196906253695" lon="-0.1286375541239978">
        <ele>992.6</ele>
        <time>2026-06-04T09:52:07.000Z</time>
      </trkpt>
      <trkpt lat="42.605194710195065" lon="-0.12864233180880563">
        <ele>992.8</ele>
        <time>2026-06-04T09:52:08.000Z</time>
      </trkpt>
      <trkpt lat="42.605182187631726" lon="-0.128648903220892">
        <ele>993</ele>
        <time>2026-06-04T09:52:14.000Z</time>
      </trkpt>
      <trkpt lat="42.605171140283346" lon="-0.128652423620224">
        <ele>993.2</ele>
        <time>2026-06-04T09:52:15.000Z</time>
      </trkpt>
      <trkpt lat="42.60515974089503" lon="-0.1286619789898396">
        <ele>993.4</ele>
        <time>2026-06-04T09:52:23.000Z</time>
      </trkpt>
      <trkpt lat="42.605148727074265" lon="-0.12867123261094102">
        <ele>993.5</ele>
        <time>2026-06-04T09:52:24.000Z</time>
      </trkpt>
      <trkpt lat="42.605138316750526" lon="-0.12868920341134082">
        <ele>993.7</ele>
        <time>2026-06-04T09:52:26.000Z</time>
      </trkpt>
      <trkpt lat="42.60514369793236" lon="-0.12874105386436002">
        <ele>993.8</ele>
        <time>2026-06-04T09:52:33.000Z</time>
      </trkpt>
      <trkpt lat="42.60515804775059" lon="-0.12882066518068322">
        <ele>994</ele>
        <time>2026-06-04T09:52:39.000Z</time>
      </trkpt>
      <trkpt lat="42.605188608169556" lon="-0.12889388948678962">
        <ele>994.1</ele>
        <time>2026-06-04T09:52:46.000Z</time>
      </trkpt>
      <trkpt lat="42.60523209348321" lon="-0.128966527059674">
        <ele>994.3</ele>
        <time>2026-06-04T09:52:54.000Z</time>
      </trkpt>
      <trkpt lat="42.60529908165336" lon="-0.1290305647999048">
        <ele>1002.6</ele>
        <time>2026-06-04T10:03:11.000Z</time>
      </trkpt>
      <trkpt lat="42.6052933819592" lon="-0.1290426179766654">
        <ele>1002.8</ele>
        <time>2026-06-04T10:03:13.000Z</time>
      </trkpt>
      <trkpt lat="42.60529054887593" lon="-0.1290570348501206">
        <ele>1003</ele>
        <time>2026-06-04T10:03:16.000Z</time>
      </trkpt>
      <trkpt lat="42.6052912697196" lon="-0.12906757928431042">
        <ele>1003.3</ele>
        <time>2026-06-04T10:03:17.000Z</time>
      </trkpt>
      <trkpt lat="42.60529328137636" lon="-0.1290773693472148">
        <ele>1003.5</ele>
        <time>2026-06-04T10:03:21.000Z</time>
      </trkpt>
      <trkpt lat="42.60529396869242" lon="-0.1290876958519222">
        <ele>1003.8</ele>
        <time>2026-06-04T10:03:25.000Z</time>
      </trkpt>
      <trkpt lat="42.605292392894626" lon="-0.129099464043975">
        <ele>1004.1</ele>
        <time>2026-06-04T10:03:26.000Z</time>
      </trkpt>
      <trkpt lat="42.60528655909002" lon="-0.1291101928800346">
        <ele>1004.4</ele>
        <time>2026-06-04T10:03:27.000Z</time>
      </trkpt>
      <trkpt lat="42.6052804403007" lon="-0.1291180886328222">
        <ele>1004.7</ele>
        <time>2026-06-04T10:03:29.000Z</time>
      </trkpt>
      <trkpt lat="42.60527432151139" lon="-0.1291241068392994">
        <ele>1005</ele>
        <time>2026-06-04T10:03:33.000Z</time>
      </trkpt>
      <trkpt lat="42.605269527062774" lon="-0.129128381609917">
        <ele>1005.3</ele>
        <time>2026-06-04T10:03:35.000Z</time>
      </trkpt>
      <trkpt lat="42.605268554762006" lon="-0.1291311308741574">
        <ele>1005.6</ele>
        <time>2026-06-04T10:03:37.000Z</time>
      </trkpt>
      <trkpt lat="42.60527008026838" lon="-0.1291308961808686">
        <ele>1006</ele>
        <time>2026-06-04T10:03:42.000Z</time>
      </trkpt>
      <trkpt lat="42.605273365974426" lon="-0.1291342824697498">
        <ele>1006.4</ele>
        <time>2026-06-04T10:03:51.000Z</time>
      </trkpt>
      <trkpt lat="42.60527713783085" lon="-0.129138691350818">
        <ele>1006.7</ele>
        <time>2026-06-04T10:03:52.000Z</time>
      </trkpt>
      <trkpt lat="42.6052809599787" lon="-0.1291439384222032">
        <ele>1007.1</ele>
        <time>2026-06-04T10:03:58.000Z</time>
      </trkpt>
      <trkpt lat="42.60528330691159" lon="-0.1291538625955582">
        <ele>1007.4</ele>
        <time>2026-06-04T10:03:59.000Z</time>
      </trkpt>
      <trkpt lat="42.605285469442606" lon="-0.1291651111096144">
        <ele>1007.8</ele>
        <time>2026-06-04T10:04:01.000Z</time>
      </trkpt>
      <trkpt lat="42.60528642497957" lon="-0.129175404086709">
        <ele>1008.2</ele>
        <time>2026-06-04T10:04:04.000Z</time>
      </trkpt>
      <trkpt lat="42.605286894366145" lon="-0.1291859317570924">
        <ele>1008.6</ele>
        <time>2026-06-04T10:04:05.000Z</time>
      </trkpt>
      <trkpt lat="42.605287313461304" lon="-0.12919649295508862">
        <ele>1009</ele>
        <time>2026-06-04T10:04:09.000Z</time>
      </trkpt>
      <trkpt lat="42.60528815165162" lon="-0.129202377051115">
        <ele>1009.4</ele>
        <time>2026-06-04T10:04:12.000Z</time>
      </trkpt>
      <trkpt lat="42.60528976097703" lon="-0.12920693680644021">
        <ele>1009.9</ele>
        <time>2026-06-04T10:04:13.000Z</time>
      </trkpt>
      <trkpt lat="42.60529165528715" lon="-0.129208831116557">
        <ele>1010.3</ele>
        <time>2026-06-04T10:04:14.000Z</time>
      </trkpt>
      <trkpt lat="42.60529380105436" lon="-0.1292102057486772">
        <ele>1010.8</ele>
        <time>2026-06-04T10:04:15.000Z</time>
      </trkpt>
      <trkpt lat="42.60529594682157" lon="-0.1292112953960896">
        <ele>1011.3</ele>
        <time>2026-06-04T10:04:17.000Z</time>
      </trkpt>
      <trkpt lat="42.6052973382175" lon="-0.1292131729424">
        <ele>1011.8</ele>
        <time>2026-06-04T10:04:22.000Z</time>
      </trkpt>
      <trkpt lat="42.60529782436788" lon="-0.12921612337231642">
        <ele>1012.3</ele>
        <time>2026-06-04T10:04:26.000Z</time>
      </trkpt>
      <trkpt lat="42.60529544390738" lon="-0.1292198952287436">
        <ele>1012.8</ele>
        <time>2026-06-04T10:04:27.000Z</time>
      </trkpt>
      <trkpt lat="42.60529272817075" lon="-0.1292230803519488">
        <ele>1013.3</ele>
        <time>2026-06-04T10:04:29.000Z</time>
      </trkpt>
      <trkpt lat="42.60528778284788" lon="-0.1292259469628334">
        <ele>1013.8</ele>
        <time>2026-06-04T10:04:32.000Z</time>
      </trkpt>
      <trkpt lat="42.60528241842985" lon="-0.12922899797558782">
        <ele>1014.3</ele>
        <time>2026-06-04T10:04:33.000Z</time>
      </trkpt>
      <trkpt lat="42.6052761990577" lon="-0.1292317975312472">
        <ele>1014.9</ele>
        <time>2026-06-04T10:04:37.000Z</time>
      </trkpt>
      <trkpt lat="42.6052717063576" lon="-0.12923439592123043">
        <ele>1015.4</ele>
        <time>2026-06-04T10:04:39.000Z</time>
      </trkpt>
      <trkpt lat="42.60526577197015" lon="-0.129237161949277">
        <ele>1015.9</ele>
        <time>2026-06-04T10:04:41.000Z</time>
      </trkpt>
      <trkpt lat="42.60526159778237" lon="-0.12923994474113001">
        <ele>1016.3</ele>
        <time>2026-06-04T10:04:45.000Z</time>
      </trkpt>
      <trkpt lat="42.60525519400835" lon="-0.1292417552322152">
        <ele>1016.8</ele>
        <time>2026-06-04T10:04:47.000Z</time>
      </trkpt>
      <trkpt lat="42.605249712243676" lon="-0.12924274429678942">
        <ele>1017.3</ele>
        <time>2026-06-04T10:04:48.000Z</time>
      </trkpt>
      <trkpt lat="42.605244817212224" lon="-0.1292429119348528">
        <ele>1017.7</ele>
        <time>2026-06-04T10:04:53.000Z</time>
      </trkpt>
      <trkpt lat="42.60524557158351" lon="-0.129241218790412">
        <ele>1018.2</ele>
        <time>2026-06-04T10:04:57.000Z</time>
      </trkpt>
      <trkpt lat="42.60524800233543" lon="-0.1292378660291434">
        <ele>1018.7</ele>
        <time>2026-06-04T10:05:01.000Z</time>
      </trkpt>
      <trkpt lat="42.605253886431456" lon="-0.12923451326787483">
        <ele>1019.1</ele>
        <time>2026-06-04T10:05:07.000Z</time>
      </trkpt>
      <trkpt lat="42.60525977052748" lon="-0.12922978587448603">
        <ele>1019.6</ele>
        <time>2026-06-04T10:05:09.000Z</time>
      </trkpt>
      <trkpt lat="42.60526565462351" lon="-0.1292242538183928">
        <ele>1020.1</ele>
        <time>2026-06-04T10:05:15.000Z</time>
      </trkpt>
      <trkpt lat="42.60525889880955" lon="-0.1292205154895784">
        <ele>1020.5</ele>
        <time>2026-06-04T10:05:17.000Z</time>
      </trkpt>
      <trkpt lat="42.60525093600154" lon="-0.12921914085745823">
        <ele>1020.9</ele>
        <time>2026-06-04T10:05:20.000Z</time>
      </trkpt>
      <trkpt lat="42.60524241998792" lon="-0.129217766225338">
        <ele>1021.4</ele>
        <time>2026-06-04T10:05:26.000Z</time>
      </trkpt>
      <trkpt lat="42.60523777641356" lon="-0.12922101840376862">
        <ele>1021.8</ele>
        <time>2026-06-04T10:05:31.000Z</time>
      </trkpt>
      <trkpt lat="42.60523336753249" lon="-0.1292277742177248">
        <ele>1022.2</ele>
        <time>2026-06-04T10:05:32.000Z</time>
      </trkpt>
      <trkpt lat="42.605237474665046" lon="-0.1292342785745858">
        <ele>1022.6</ele>
        <time>2026-06-04T10:05:37.000Z</time>
      </trkpt>
      <trkpt lat="42.6052415817976" lon="-0.1292400285601614">
        <ele>1023.1</ele>
        <time>2026-06-04T10:05:42.000Z</time>
      </trkpt>
      <trkpt lat="42.605245688930154" lon="-0.1292447559535502">
        <ele>1023.5</ele>
        <time>2026-06-04T10:05:44.000Z</time>
      </trkpt>
      <trkpt lat="42.60524610802531" lon="-0.129245677962899">
        <ele>1023.9</ele>
        <time>2026-06-04T10:05:46.000Z</time>
      </trkpt>
      <trkpt lat="42.605247566476464" lon="-0.1292438507080076">
        <ele>1024.3</ele>
        <time>2026-06-04T10:05:54.000Z</time>
      </trkpt>
      <trkpt lat="42.605249024927616" lon="-0.12924200668931">
        <ele>1024.7</ele>
        <time>2026-06-04T10:05:55.000Z</time>
      </trkpt>
      <trkpt lat="42.60525128804147" lon="-0.1292401626706124">
        <ele>1025.1</ele>
        <time>2026-06-04T10:06:02.000Z</time>
      </trkpt>
      <trkpt lat="42.60525360144675" lon="-0.1292389053851366">
        <ele>1025.5</ele>
        <time>2026-06-04T10:06:08.000Z</time>
      </trkpt>
      <trkpt lat="42.605255680158734" lon="-0.1292386371642352">
        <ele>1025.9</ele>
        <time>2026-06-04T10:06:09.000Z</time>
      </trkpt>
      <trkpt lat="42.605256048962474" lon="-0.129239793866873">
        <ele>1026.3</ele>
        <time>2026-06-04T10:06:10.000Z</time>
      </trkpt>
      <trkpt lat="42.60525641776621" lon="-0.129241118207574">
        <ele>1026.6</ele>
        <time>2026-06-04T10:06:14.000Z</time>
      </trkpt>
      <trkpt lat="42.60525336675346" lon="-0.12924229167401802">
        <ele>1026.9</ele>
        <time>2026-06-04T10:06:20.000Z</time>
      </trkpt>
      <trkpt lat="42.605247935280204" lon="-0.129243900999427">
        <ele>1027.3</ele>
        <time>2026-06-04T10:06:28.000Z</time>
      </trkpt>
      <trkpt lat="42.60524231940508" lon="-0.1292442865669728">
        <ele>1027.5</ele>
        <time>2026-06-04T10:06:36.000Z</time>
      </trkpt>
      <trkpt lat="42.60523604974151" lon="-0.1292434986680746">
        <ele>1027.8</ele>
        <time>2026-06-04T10:06:40.000Z</time>
      </trkpt>
      <trkpt lat="42.60522944480181" lon="-0.1292425598949194">
        <ele>1028.1</ele>
        <time>2026-06-04T10:06:41.000Z</time>
      </trkpt>
      <trkpt lat="42.60522471740842" lon="-0.1292423754930496">
        <ele>1028.3</ele>
        <time>2026-06-04T10:06:45.000Z</time>
      </trkpt>
      <trkpt lat="42.60522119700909" lon="-0.1292429957538842">
        <ele>1028.6</ele>
        <time>2026-06-04T10:06:46.000Z</time>
      </trkpt>
      <trkpt lat="42.60521791130304" lon="-0.1292449571192264">
        <ele>1028.8</ele>
        <time>2026-06-04T10:06:53.000Z</time>
      </trkpt>
      <trkpt lat="42.60521571524441" lon="-0.1292469184845686">
        <ele>1029.1</ele>
        <time>2026-06-04T10:06:59.000Z</time>
      </trkpt>
      <trkpt lat="42.60521626845002" lon="-0.1292483266443014">
        <ele>1029.3</ele>
        <time>2026-06-04T10:07:02.000Z</time>
      </trkpt>
      <trkpt lat="42.60522567294538" lon="-0.1292491313070058">
        <ele>1029.5</ele>
        <time>2026-06-04T10:07:09.000Z</time>
      </trkpt>
      <trkpt lat="42.60524161532521" lon="-0.1292498856782912">
        <ele>1029.6</ele>
        <time>2026-06-04T10:07:16.000Z</time>
      </trkpt>
      <trkpt lat="42.60525790974498" lon="-0.12925008684396722">
        <ele>1029.8</ele>
        <time>2026-06-04T10:07:26.000Z</time>
      </trkpt>
      <trkpt lat="42.60527993738651" lon="-0.1292527019977566">
        <ele>1029.9</ele>
        <time>2026-06-04T10:07:31.000Z</time>
      </trkpt>
      <trkpt lat="42.60529988631606" lon="-0.1292591895908114">
        <ele>1030.1</ele>
        <time>2026-06-04T10:07:32.000Z</time>
      </trkpt>
      <trkpt lat="42.60531254298985" lon="-0.129266498610377">
        <ele>1030.2</ele>
        <time>2026-06-04T10:07:39.000Z</time>
      </trkpt>
      <trkpt lat="42.60531978495419" lon="-0.1292730532586572">
        <ele>1030.4</ele>
        <time>2026-06-04T10:07:46.000Z</time>
      </trkpt>
      <trkpt lat="42.60532585345209" lon="-0.12928073108196242">
        <ele>1030.6</ele>
        <time>2026-06-04T10:07:52.000Z</time>
      </trkpt>
      <trkpt lat="42.60532531701028" lon="-0.1292860954999922">
        <ele>1030.7</ele>
        <time>2026-06-04T10:07:54.000Z</time>
      </trkpt>
      <trkpt lat="42.60532385855913" lon="-0.12928928062319742">
        <ele>1030.9</ele>
        <time>2026-06-04T10:07:56.000Z</time>
      </trkpt>
      <trkpt lat="42.6053211260587" lon="-0.1292931362986564">
        <ele>1031</ele>
        <time>2026-06-04T10:08:00.000Z</time>
      </trkpt>
      <trkpt lat="42.605318393558264" lon="-0.1293011829257012">
        <ele>1031.2</ele>
        <time>2026-06-04T10:08:03.000Z</time>
      </trkpt>
      <trkpt lat="42.60531693510711" lon="-0.12930812314152723">
        <ele>1031.3</ele>
        <time>2026-06-04T10:08:07.000Z</time>
      </trkpt>
      <trkpt lat="42.60531720332801" lon="-0.1293149627745152">
        <ele>1031.4</ele>
        <time>2026-06-04T10:08:13.000Z</time>
      </trkpt>
      <trkpt lat="42.60532340593636" lon="-0.1293210312724114">
        <ele>1031.6</ele>
        <time>2026-06-04T10:08:21.000Z</time>
      </trkpt>
      <trkpt lat="42.60533006116748" lon="-0.129325607791543">
        <ele>1031.7</ele>
        <time>2026-06-04T10:08:27.000Z</time>
      </trkpt>
      <trkpt lat="42.6053367163986" lon="-0.1293259933590888">
        <ele>1031.8</ele>
        <time>2026-06-04T10:08:33.000Z</time>
      </trkpt>
      <trkpt lat="42.605336179956794" lon="-0.1293293293565512">
        <ele>1031.9</ele>
        <time>2026-06-04T10:08:34.000Z</time>
      </trkpt>
      <trkpt lat="42.60533478856087" lon="-0.1293326653540136">
        <ele>1032</ele>
        <time>2026-06-04T10:08:38.000Z</time>
      </trkpt>
      <trkpt lat="42.60532804951072" lon="-0.1293364539742472">
        <ele>1032.1</ele>
        <time>2026-06-04T10:08:41.000Z</time>
      </trkpt>
      <trkpt lat="42.60532322153449" lon="-0.12934233807027362">
        <ele>1032.2</ele>
        <time>2026-06-04T10:08:42.000Z</time>
      </trkpt>
      <trkpt lat="42.60532486438751" lon="-0.12934822216630001">
        <ele>1032.4</ele>
        <time>2026-06-04T10:08:48.000Z</time>
      </trkpt>
      <trkpt lat="42.60533535853028" lon="-0.12935092113912122">
        <ele>1032.5</ele>
        <time>2026-06-04T10:08:53.000Z</time>
      </trkpt>
      <trkpt lat="42.60535026155412" lon="-0.1293536201119424">
        <ele>1032.7</ele>
        <time>2026-06-04T10:09:00.000Z</time>
      </trkpt>
      <trkpt lat="42.60536838322878" lon="-0.12935231253504761">
        <ele>1033</ele>
        <time>2026-06-04T10:09:01.000Z</time>
      </trkpt>
      <trkpt lat="42.60538784600794" lon="-0.12934617698192602">
        <ele>1033.2</ele>
        <time>2026-06-04T10:09:05.000Z</time>
      </trkpt>
      <trkpt lat="42.60540157556534" lon="-0.12933908589184281">
        <ele>1033.4</ele>
        <time>2026-06-04T10:09:10.000Z</time>
      </trkpt>
      <trkpt lat="42.605416310951114" lon="-0.12933082133531562">
        <ele>1033.6</ele>
        <time>2026-06-04T10:09:16.000Z</time>
      </trkpt>
      <trkpt lat="42.60542687214911" lon="-0.12932168506085862">
        <ele>1033.8</ele>
        <time>2026-06-04T10:09:17.000Z</time>
      </trkpt>
      <trkpt lat="42.605434734374285" lon="-0.1293153818696736">
        <ele>1034</ele>
        <time>2026-06-04T10:09:21.000Z</time>
      </trkpt>
      <trkpt lat="42.6054411213845" lon="-0.12930860929191101">
        <ele>1034.2</ele>
        <time>2026-06-04T10:09:23.000Z</time>
      </trkpt>
      <trkpt lat="42.60544846393168" lon="-0.129301132634282">
        <ele>1034.5</ele>
        <time>2026-06-04T10:09:25.000Z</time>
      </trkpt>
      <trkpt lat="42.605453895404935" lon="-0.1292945276945828">
        <ele>1034.7</ele>
        <time>2026-06-04T10:09:28.000Z</time>
      </trkpt>
      <trkpt lat="42.605463434010744" lon="-0.12928879447281338">
        <ele>1035</ele>
        <time>2026-06-04T10:09:31.000Z</time>
      </trkpt>
      <trkpt lat="42.605478689074516" lon="-0.1292834132909772">
        <ele>1035.3</ele>
        <time>2026-06-04T10:09:32.000Z</time>
      </trkpt>
      <trkpt lat="42.605492167174816" lon="-0.12928301095962502">
        <ele>1035.5</ele>
        <time>2026-06-04T10:09:36.000Z</time>
      </trkpt>
      <trkpt lat="42.605503952130675" lon="-0.1292843017727136">
        <ele>1035.8</ele>
        <time>2026-06-04T10:09:44.000Z</time>
      </trkpt>
      <trkpt lat="42.605514496564865" lon="-0.12928716838359838">
        <ele>1036.1</ele>
        <time>2026-06-04T10:09:48.000Z</time>
      </trkpt>
      <trkpt lat="42.60552026331425" lon="-0.1292912587523462">
        <ele>1036.3</ele>
        <time>2026-06-04T10:09:51.000Z</time>
      </trkpt>
      <trkpt lat="42.605518855154514" lon="-0.1292955838143828">
        <ele>1036.6</ele>
        <time>2026-06-04T10:09:54.000Z</time>
      </trkpt>
      <trkpt lat="42.60551297105849" lon="-0.129298182204366">
        <ele>1036.8</ele>
        <time>2026-06-04T10:09:56.000Z</time>
      </trkpt>
      <trkpt lat="42.605503231287" lon="-0.1293035969138148">
        <ele>1037</ele>
        <time>2026-06-04T10:09:57.000Z</time>
      </trkpt>
      <trkpt lat="42.605489786714315" lon="-0.129308542236686">
        <ele>1037.2</ele>
        <time>2026-06-04T10:09:59.000Z</time>
      </trkpt>
      <trkpt lat="42.60547550395131" lon="-0.12931228056550043">
        <ele>1037.4</ele>
        <time>2026-06-04T10:10:02.000Z</time>
      </trkpt>
      <trkpt lat="42.60546185821295" lon="-0.1293157674372198">
        <ele>1037.7</ele>
        <time>2026-06-04T10:10:07.000Z</time>
      </trkpt>
      <trkpt lat="42.60545226931572" lon="-0.12931861728429822">
        <ele>1037.8</ele>
        <time>2026-06-04T10:10:15.000Z</time>
      </trkpt>
      <trkpt lat="42.60544653609395" lon="-0.1293178461492064">
        <ele>1038</ele>
        <time>2026-06-04T10:10:21.000Z</time>
      </trkpt>
      <trkpt lat="42.605444356799126" lon="-0.1293162368237974">
        <ele>1038.2</ele>
        <time>2026-06-04T10:10:25.000Z</time>
      </trkpt>
      <trkpt lat="42.60544338449836" lon="-0.12931461073458222">
        <ele>1038.3</ele>
        <time>2026-06-04T10:10:30.000Z</time>
      </trkpt>
      <trkpt lat="42.6054426971823" lon="-0.1293132528662684">
        <ele>1038.5</ele>
        <time>2026-06-04T10:10:31.000Z</time>
      </trkpt>
      <trkpt lat="42.60544226132333" lon="-0.12931410782039182">
        <ele>1038.7</ele>
        <time>2026-06-04T10:10:37.000Z</time>
      </trkpt>
      <trkpt lat="42.6054408531636" lon="-0.1293166391551496">
        <ele>1038.8</ele>
        <time>2026-06-04T10:10:38.000Z</time>
      </trkpt>
      <trkpt lat="42.60543962940574" lon="-0.1293194219470026">
        <ele>1039</ele>
        <time>2026-06-04T10:10:44.000Z</time>
      </trkpt>
      <trkpt lat="42.6054384727031" lon="-0.1293223388493062">
        <ele>1039.1</ele>
        <time>2026-06-04T10:10:51.000Z</time>
      </trkpt>
      <trkpt lat="42.60543745011091" lon="-0.129324870184064">
        <ele>1039.3</ele>
        <time>2026-06-04T10:10:58.000Z</time>
      </trkpt>
      <trkpt lat="42.60543659515679" lon="-0.1293257083743812">
        <ele>1039.4</ele>
        <time>2026-06-04T10:10:59.000Z</time>
      </trkpt>
      <trkpt lat="42.60543778538704" lon="-0.12932508811354643">
        <ele>1039.5</ele>
        <time>2026-06-04T10:11:00.000Z</time>
      </trkpt>
      <trkpt lat="42.60543897561729" lon="-0.12932381406426421">
        <ele>1039.7</ele>
        <time>2026-06-04T10:11:01.000Z</time>
      </trkpt>
      <trkpt lat="42.60544016584754" lon="-0.1293220706284046">
        <ele>1039.8</ele>
        <time>2026-06-04T10:11:08.000Z</time>
      </trkpt>
      <trkpt lat="42.605442848056555" lon="-0.1293204613029956">
        <ele>1040</ele>
        <time>2026-06-04T10:11:09.000Z</time>
      </trkpt>
      <trkpt lat="42.60544643551111" lon="-0.12931735999882202">
        <ele>1040.1</ele>
        <time>2026-06-04T10:11:12.000Z</time>
      </trkpt>
      <trkpt lat="42.605450274422765" lon="-0.1293133869767188">
        <ele>1040.3</ele>
        <time>2026-06-04T10:11:15.000Z</time>
      </trkpt>
      <trkpt lat="42.60545587353408" lon="-0.1293084751814604">
        <ele>1040.4</ele>
        <time>2026-06-04T10:11:21.000Z</time>
      </trkpt>
      <trkpt lat="42.6054614726454" lon="-0.1293038986623288">
        <ele>1040.6</ele>
        <time>2026-06-04T10:11:28.000Z</time>
      </trkpt>
      <trkpt lat="42.60546546243131" lon="-0.1292993221431972">
        <ele>1040.7</ele>
        <time>2026-06-04T10:11:34.000Z</time>
      </trkpt>
      <trkpt lat="42.605468060821295" lon="-0.129298282787204">
        <ele>1040.9</ele>
        <time>2026-06-04T10:11:35.000Z</time>
      </trkpt>
      <trkpt lat="42.60546715557575" lon="-0.1293008644133808">
        <ele>1041</ele>
        <time>2026-06-04T10:11:38.000Z</time>
      </trkpt>
      <trkpt lat="42.605464205145836" lon="-0.1293074190616608">
        <ele>1041.1</ele>
        <time>2026-06-04T10:11:39.000Z</time>
      </trkpt>
      <trkpt lat="42.60546125471592" lon="-0.1293139737099408">
        <ele>1041.2</ele>
        <time>2026-06-04T10:11:41.000Z</time>
      </trkpt>
      <trkpt lat="42.60545858927071" lon="-0.12932163476943961">
        <ele>1041.4</ele>
        <time>2026-06-04T10:11:46.000Z</time>
      </trkpt>
      <trkpt lat="42.605455638840795" lon="-0.1293277703225612">
        <ele>1041.5</ele>
        <time>2026-06-04T10:11:47.000Z</time>
      </trkpt>
      <trkpt lat="42.6054548677057" lon="-0.12933273240923882">
        <ele>1041.6</ele>
        <time>2026-06-04T10:11:53.000Z</time>
      </trkpt>
      <trkpt lat="42.60545438155532" lon="-0.1293360684067012">
        <ele>1041.7</ele>
        <time>2026-06-04T10:11:55.000Z</time>
      </trkpt>
      <trkpt lat="42.60545186698437" lon="-0.1293439473956826">
        <ele>1041.9</ele>
        <time>2026-06-04T10:12:00.000Z</time>
      </trkpt>
      <trkpt lat="42.60544742457569" lon="-0.12935071997344522">
        <ele>1042</ele>
        <time>2026-06-04T10:12:05.000Z</time>
      </trkpt>
      <trkpt lat="42.605443401262164" lon="-0.1293570399284366">
        <ele>1042.1</ele>
        <time>2026-06-04T10:12:11.000Z</time>
      </trkpt>
      <trkpt lat="42.605439092963934" lon="-0.1293604262173178">
        <ele>1042.2</ele>
        <time>2026-06-04T10:12:13.000Z</time>
      </trkpt>
      <trkpt lat="42.605434784665704" lon="-0.12936216965317743">
        <ele>1042.3</ele>
        <time>2026-06-04T10:12:15.000Z</time>
      </trkpt>
      <trkpt lat="42.60543250478804" lon="-0.129359370097518">
        <ele>1042.5</ele>
        <time>2026-06-04T10:12:20.000Z</time>
      </trkpt>
      <trkpt lat="42.6054318677634" lon="-0.12935657054185862">
        <ele>1042.6</ele>
        <time>2026-06-04T10:12:22.000Z</time>
      </trkpt>
      <trkpt lat="42.60543364472687" lon="-0.1293556485325096">
        <ele>1042.7</ele>
        <time>2026-06-04T10:12:28.000Z</time>
      </trkpt>
      <trkpt lat="42.60543570667505" lon="-0.1293580457568166">
        <ele>1042.8</ele>
        <time>2026-06-04T10:12:31.000Z</time>
      </trkpt>
      <trkpt lat="42.60543776862323" lon="-0.1293619517236946">
        <ele>1042.9</ele>
        <time>2026-06-04T10:12:36.000Z</time>
      </trkpt>
      <trkpt lat="42.60543983057141" lon="-0.1293666455894708">
        <ele>1043</ele>
        <time>2026-06-04T10:12:40.000Z</time>
      </trkpt>
      <trkpt lat="42.60544189251959" lon="-0.129371339455247">
        <ele>1043.1</ele>
        <time>2026-06-04T10:12:42.000Z</time>
      </trkpt>
      <trkpt lat="42.60544576495886" lon="-0.1293741557747128">
        <ele>1043.2</ele>
        <time>2026-06-04T10:12:47.000Z</time>
      </trkpt>
      <trkpt lat="42.60544982179999" lon="-0.1293745245784524">
        <ele>1043.3</ele>
        <time>2026-06-04T10:12:52.000Z</time>
      </trkpt>
      <trkpt lat="42.605454213917255" lon="-0.1293736528605226">
        <ele>1043.4</ele>
        <time>2026-06-04T10:12:58.000Z</time>
      </trkpt>
      <trkpt lat="42.60545986331999" lon="-0.12937199324369458">
        <ele>1043.5</ele>
        <time>2026-06-04T10:13:05.000Z</time>
      </trkpt>
      <trkpt lat="42.6054694019258" lon="-0.1293703336268666">
        <ele>1043.5</ele>
        <time>2026-06-04T10:13:06.000Z</time>
      </trkpt>
      <trkpt lat="42.605475302785635" lon="-0.1293696798384192">
        <ele>1043.6</ele>
        <time>2026-06-04T10:13:09.000Z</time>
      </trkpt>
      <trkpt lat="42.6054810192436" lon="-0.12937259674072302">
        <ele>1043.6</ele>
        <time>2026-06-04T10:13:13.000Z</time>
      </trkpt>
      <trkpt lat="42.605486400425434" lon="-0.1293794531375172">
        <ele>1043.7</ele>
        <time>2026-06-04T10:13:18.000Z</time>
      </trkpt>
      <trkpt lat="42.605487540364265" lon="-0.12938661128282558">
        <ele>1043.7</ele>
        <time>2026-06-04T10:13:21.000Z</time>
      </trkpt>
      <trkpt lat="42.60548462346196" lon="-0.1293939705938102">
        <ele>1043.7</ele>
        <time>2026-06-04T10:13:27.000Z</time>
      </trkpt>
      <trkpt lat="42.60548138804734" lon="-0.129400508478284">
        <ele>1043.7</ele>
        <time>2026-06-04T10:13:34.000Z</time>
      </trkpt>
      <trkpt lat="42.605478236451745" lon="-0.1294072642922402">
        <ele>1043.8</ele>
        <time>2026-06-04T10:13:37.000Z</time>
      </trkpt>
      <trkpt lat="42.605475252494216" lon="-0.12941111996769922">
        <ele>1043.8</ele>
        <time>2026-06-04T10:13:39.000Z</time>
      </trkpt>
      <trkpt lat="42.605475118383765" lon="-0.129414673894644">
        <ele>1043.8</ele>
        <time>2026-06-04T10:13:44.000Z</time>
      </trkpt>
      <trkpt lat="42.60547515191138" lon="-0.12941802665591262">
        <ele>1043.7</ele>
        <time>2026-06-04T10:13:50.000Z</time>
      </trkpt>
      <trkpt lat="42.60547526925802" lon="-0.129421077668667">
        <ele>1043.8</ele>
        <time>2026-06-04T10:13:56.000Z</time>
      </trkpt>
      <trkpt lat="42.605475302785635" lon="-0.12942137941718124">
        <ele>1043.8</ele>
        <time>2026-06-04T10:14:03.000Z</time>
      </trkpt>
      <trkpt lat="42.605475168675184" lon="-0.12942126207053684">
        <ele>1043.8</ele>
        <time>2026-06-04T10:14:09.000Z</time>
      </trkpt>
      <trkpt lat="42.605475168675184" lon="-0.12942114472389243">
        <ele>1043.8</ele>
        <time>2026-06-04T10:14:18.000Z</time>
      </trkpt>
      <trkpt lat="42.605475168675184" lon="-0.12942102737724803">
        <ele>1043.8</ele>
        <time>2026-06-04T10:14:20.000Z</time>
      </trkpt>
      <trkpt lat="42.605475168675184" lon="-0.12942102737724803">
        <ele>1043.9</ele>
        <time>2026-06-04T10:14:28.000Z</time>
      </trkpt>
      <trkpt lat="42.605475168675184" lon="-0.12942102737724803">
        <ele>1043.9</ele>
        <time>2026-06-04T10:14:33.000Z</time>
      </trkpt>
      <trkpt lat="42.605475168675184" lon="-0.12942102737724803">
        <ele>1044</ele>
        <time>2026-06-04T10:14:41.000Z</time>
      </trkpt>
      <trkpt lat="42.605475168675184" lon="-0.12942102737724803">
        <ele>1044.1</ele>
        <time>2026-06-04T10:14:46.000Z</time>
      </trkpt>
      <trkpt lat="42.605477364733815" lon="-0.12942102737724803">
        <ele>1044.1</ele>
        <time>2026-06-04T10:14:53.000Z</time>
      </trkpt>
      <trkpt lat="42.6054804995656" lon="-0.12942102737724803">
        <ele>1044.1</ele>
        <time>2026-06-04T10:15:07.000Z</time>
      </trkpt>
      <trkpt lat="42.605483785271645" lon="-0.12942483276128783">
        <ele>1044.2</ele>
        <time>2026-06-04T10:15:21.000Z</time>
      </trkpt>
      <trkpt lat="42.60548707097769" lon="-0.1294298451393844">
        <ele>1044.2</ele>
        <time>2026-06-04T10:15:32.000Z</time>
      </trkpt>
      <trkpt lat="42.605490390211344" lon="-0.129435058683157">
        <ele>1044.3</ele>
        <time>2026-06-04T10:15:41.000Z</time>
      </trkpt>
      <trkpt lat="42.60549151338637" lon="-0.1294440943747758">
        <ele>1044.4</ele>
        <time>2026-06-04T10:15:44.000Z</time>
      </trkpt>
      <trkpt lat="42.6054934412241" lon="-0.12945313006639458">
        <ele>1044.4</ele>
        <time>2026-06-04T10:15:51.000Z</time>
      </trkpt>
      <trkpt lat="42.60549573786557" lon="-0.1294583603739736">
        <ele>1044.4</ele>
        <time>2026-06-04T10:15:55.000Z</time>
      </trkpt>
      <trkpt lat="42.605500515550375" lon="-0.1294606402516362">
        <ele>1044.4</ele>
        <time>2026-06-04T10:15:58.000Z</time>
      </trkpt>
      <trkpt lat="42.605507070198655" lon="-0.1294625680893658">
        <ele>1044.4</ele>
        <time>2026-06-04T10:16:00.000Z</time>
      </trkpt>
      <trkpt lat="42.605513624846935" lon="-0.1294606737792492">
        <ele>1044.4</ele>
        <time>2026-06-04T10:16:05.000Z</time>
      </trkpt>
      <trkpt lat="42.60551969334483" lon="-0.1294589303433896">
        <ele>1044.4</ele>
        <time>2026-06-04T10:16:07.000Z</time>
      </trkpt>
      <trkpt lat="42.60552556067705" lon="-0.129457823932171">
        <ele>1044.4</ele>
        <time>2026-06-04T10:16:12.000Z</time>
      </trkpt>
      <trkpt lat="42.60553005337715" lon="-0.12945847772061841">
        <ele>1044.5</ele>
        <time>2026-06-04T10:16:16.000Z</time>
      </trkpt>
      <trkpt lat="42.60553332231939" lon="-0.1294624507427216">
        <ele>1044.5</ele>
        <time>2026-06-04T10:16:20.000Z</time>
      </trkpt>
      <trkpt lat="42.605537144467235" lon="-0.12946680933237079">
        <ele>1044.5</ele>
        <time>2026-06-04T10:16:26.000Z</time>
      </trkpt>
      <trkpt lat="42.605540815740824" lon="-0.1294714864343406">
        <ele>1044.6</ele>
        <time>2026-06-04T10:16:30.000Z</time>
      </trkpt>
      <trkpt lat="42.60554545931518" lon="-0.1294755265116694">
        <ele>1044.6</ele>
        <time>2026-06-04T10:16:35.000Z</time>
      </trkpt>
      <trkpt lat="42.60555063933134" lon="-0.1294792648404838">
        <ele>1044.7</ele>
        <time>2026-06-04T10:16:42.000Z</time>
      </trkpt>
      <trkpt lat="42.60555523261428" lon="-0.1294798348098994">
        <ele>1044.7</ele>
        <time>2026-06-04T10:16:48.000Z</time>
      </trkpt>
      <trkpt lat="42.60555927269161" lon="-0.129480019211769">
        <ele>1044.8</ele>
        <time>2026-06-04T10:16:51.000Z</time>
      </trkpt>
      <trkpt lat="42.60556207224727" lon="-0.129479734227061">
        <ele>1044.9</ele>
        <time>2026-06-04T10:16:52.000Z</time>
      </trkpt>
      <trkpt lat="42.60556140169501" lon="-0.12947916425764522">
        <ele>1044.9</ele>
        <time>2026-06-04T10:16:56.000Z</time>
      </trkpt>
      <trkpt lat="42.60555908828974" lon="-0.12947887927293739">
        <ele>1044.9</ele>
        <time>2026-06-04T10:16:59.000Z</time>
      </trkpt>
      <trkpt lat="42.60555677488446" lon="-0.1294785942882296">
        <ele>1044.9</ele>
        <time>2026-06-04T10:17:05.000Z</time>
      </trkpt>
      <trkpt lat="42.605557445436716" lon="-0.1294759958982466">
        <ele>1045</ele>
        <time>2026-06-04T10:17:08.000Z</time>
      </trkpt>
      <trkpt lat="42.60555825009942" lon="-0.129473078995943">
        <ele>1044.9</ele>
        <time>2026-06-04T10:17:16.000Z</time>
      </trkpt>
      <trkpt lat="42.60556123405695" lon="-0.12947044707834718">
        <ele>1044.9</ele>
        <time>2026-06-04T10:17:24.000Z</time>
      </trkpt>
      <trkpt lat="42.60556421801448" lon="-0.1294678151607514">
        <ele>1044.9</ele>
        <time>2026-06-04T10:17:27.000Z</time>
      </trkpt>
      <trkpt lat="42.60556720197201" lon="-0.1294651832431556">
        <ele>1044.9</ele>
        <time>2026-06-04T10:17:30.000Z</time>
      </trkpt>
      <trkpt lat="42.60556720197201" lon="-0.129464864730835">
        <ele>1044.8</ele>
        <time>2026-06-04T10:17:32.000Z</time>
      </trkpt>
      <trkpt lat="42.60556720197201" lon="-0.129464864730835">
        <ele>1044.8</ele>
        <time>2026-06-04T10:17:39.000Z</time>
      </trkpt>
      <trkpt lat="42.60556720197201" lon="-0.129464864730835">
        <ele>1044.8</ele>
        <time>2026-06-04T10:17:45.000Z</time>
      </trkpt>
      <trkpt lat="42.60556810721755" lon="-0.129464864730835">
        <ele>1044.8</ele>
        <time>2026-06-04T10:17:51.000Z</time>
      </trkpt>
      <trkpt lat="42.60556887835264" lon="-0.129464864730835">
        <ele>1044.7</ele>
        <time>2026-06-04T10:17:52.000Z</time>
      </trkpt>
      <trkpt lat="42.60556887835264" lon="-0.129464864730835">
        <ele>1044.7</ele>
        <time>2026-06-04T10:18:03.000Z</time>
      </trkpt>
      <trkpt lat="42.60556939803064" lon="-0.12946488149464142">
        <ele>1044.6</ele>
        <time>2026-06-04T10:18:11.000Z</time>
      </trkpt>
      <trkpt lat="42.605569968000054" lon="-0.12946508266031762">
        <ele>1044.6</ele>
        <time>2026-06-04T10:18:16.000Z</time>
      </trkpt>
      <trkpt lat="42.60556963272393" lon="-0.12946925684809701">
        <ele>1044.5</ele>
        <time>2026-06-04T10:18:19.000Z</time>
      </trkpt>
      <trkpt lat="42.60556938126683" lon="-0.1294734310358764">
        <ele>1044.5</ele>
        <time>2026-06-04T10:18:26.000Z</time>
      </trkpt>
      <trkpt lat="42.60556995123625" lon="-0.1294776052236558">
        <ele>1044.5</ele>
        <time>2026-06-04T10:18:32.000Z</time>
      </trkpt>
      <trkpt lat="42.60557000152767" lon="-0.1294829696416856">
        <ele>1044.4</ele>
        <time>2026-06-04T10:18:38.000Z</time>
      </trkpt>
      <trkpt lat="42.605569917708635" lon="-0.1294881496578456">
        <ele>1044.4</ele>
        <time>2026-06-04T10:18:43.000Z</time>
      </trkpt>
      <trkpt lat="42.60556901246309" lon="-0.12949051335454">
        <ele>1044.4</ele>
        <time>2026-06-04T10:18:49.000Z</time>
      </trkpt>
      <trkpt lat="42.60556760430336" lon="-0.1294928770512344">
        <ele>1044.3</ele>
        <time>2026-06-04T10:18:53.000Z</time>
      </trkpt>
      <trkpt lat="42.60556376539171" lon="-0.12949524074792879">
        <ele>1044.2</ele>
        <time>2026-06-04T10:18:58.000Z</time>
      </trkpt>
      <trkpt lat="42.605559926480055" lon="-0.1294958777725698">
        <ele>1044.2</ele>
        <time>2026-06-04T10:19:04.000Z</time>
      </trkpt>
      <trkpt lat="42.605556171387434" lon="-0.1294937990605832">
        <ele>1044.1</ele>
        <time>2026-06-04T10:19:09.000Z</time>
      </trkpt>
      <trkpt lat="42.60555335506797" lon="-0.129490563645959">
        <ele>1044</ele>
        <time>2026-06-04T10:19:15.000Z</time>
      </trkpt>
      <trkpt lat="42.605551578104496" lon="-0.12948732823133483">
        <ele>1043.9</ele>
        <time>2026-06-04T10:19:18.000Z</time>
      </trkpt>
      <trkpt lat="42.60555560141802" lon="-0.1294816620647908">
        <ele>1043.8</ele>
        <time>2026-06-04T10:19:20.000Z</time>
      </trkpt>
      <trkpt lat="42.60555967502296" lon="-0.129477521404624">
        <ele>1043.8</ele>
        <time>2026-06-04T10:19:23.000Z</time>
      </trkpt>
      <trkpt lat="42.6055637486279" lon="-0.129477521404624">
        <ele>1043.8</ele>
        <time>2026-06-04T10:19:31.000Z</time>
      </trkpt>
      <trkpt lat="42.6055677048862" lon="-0.129476834088564">
        <ele>1043.8</ele>
        <time>2026-06-04T10:19:32.000Z</time>
      </trkpt>
      <trkpt lat="42.605571024119854" lon="-0.12947614677250402">
        <ele>1043.8</ele>
        <time>2026-06-04T10:19:37.000Z</time>
      </trkpt>
      <trkpt lat="42.60557067207992" lon="-0.1294779907912018">
        <ele>1043.9</ele>
        <time>2026-06-04T10:19:39.000Z</time>
      </trkpt>
      <trkpt lat="42.60556988418102" lon="-0.1294788625091316">
        <ele>1044</ele>
        <time>2026-06-04T10:19:44.000Z</time>
      </trkpt>
      <trkpt lat="42.605569096282125" lon="-0.1294782757759096">
        <ele>1044.1</ele>
        <time>2026-06-04T10:19:47.000Z</time>
      </trkpt>
      <trkpt lat="42.605568308383226" lon="-0.1294783763587476">
        <ele>1044.3</ele>
        <time>2026-06-04T10:19:49.000Z</time>
      </trkpt>
      <trkpt lat="42.60556966625154" lon="-0.1294781919568778">
        <ele>1044.4</ele>
        <time>2026-06-04T10:19:51.000Z</time>
      </trkpt>
      <trkpt lat="42.60557127557695" lon="-0.1294769011437894">
        <ele>1044.6</ele>
        <time>2026-06-04T10:19:55.000Z</time>
      </trkpt>
      <trkpt lat="42.605573270469904" lon="-0.12947544269263758">
        <ele>1044.9</ele>
        <time>2026-06-04T10:20:04.000Z</time>
      </trkpt>
      <trkpt lat="42.605575231835246" lon="-0.129473799839616">
        <ele>1045.1</ele>
        <time>2026-06-04T10:20:08.000Z</time>
      </trkpt>
      <trkpt lat="42.60557648912072" lon="-0.1294601541012528">
        <ele>1045.3</ele>
        <time>2026-06-04T10:20:10.000Z</time>
      </trkpt>
      <trkpt lat="42.60557474568486" lon="-0.1294395178556444">
        <ele>1045.6</ele>
        <time>2026-06-04T10:20:16.000Z</time>
      </trkpt>
      <trkpt lat="42.60557100735605" lon="-0.1294161323457958">
        <ele>1045.9</ele>
        <time>2026-06-04T10:20:20.000Z</time>
      </trkpt>
      <trkpt lat="42.605566430836916" lon="-0.1293904334306718">
        <ele>1046.2</ele>
        <time>2026-06-04T10:20:23.000Z</time>
      </trkpt>
      <trkpt lat="42.60556120052934" lon="-0.12936352752149122">
        <ele>1046.5</ele>
        <time>2026-06-04T10:20:25.000Z</time>
      </trkpt>
      <trkpt lat="42.605556540191174" lon="-0.12934802100062381">
        <ele>1046.8</ele>
        <time>2026-06-04T10:20:26.000Z</time>
      </trkpt>
      <trkpt lat="42.60555260069668" lon="-0.1293370574712754">
        <ele>1047.2</ele>
        <time>2026-06-04T10:20:29.000Z</time>
      </trkpt>
      <trkpt lat="42.60555065609515" lon="-0.1293280385434628">
        <ele>1047.5</ele>
        <time>2026-06-04T10:20:31.000Z</time>
      </trkpt>
      <trkpt lat="42.60554954968393" lon="-0.12932017631828802">
        <ele>1047.8</ele>
        <time>2026-06-04T10:20:33.000Z</time>
      </trkpt>
      <trkpt lat="42.60555243305862" lon="-0.1293134037405254">
        <ele>1048.2</ele>
        <time>2026-06-04T10:20:35.000Z</time>
      </trkpt>
      <trkpt lat="42.605558317154646" lon="-0.12930696643888961">
        <ele>1048.5</ele>
        <time>2026-06-04T10:20:36.000Z</time>
      </trkpt>
      <trkpt lat="42.60556500591338" lon="-0.1293032616376878">
        <ele>1048.9</ele>
        <time>2026-06-04T10:20:40.000Z</time>
      </trkpt>
      <trkpt lat="42.60557169467211" lon="-0.129301367327571">
        <ele>1049.3</ele>
        <time>2026-06-04T10:20:42.000Z</time>
      </trkpt>
      <trkpt lat="42.60557838343084" lon="-0.12930073030293002">
        <ele>1049.8</ele>
        <time>2026-06-04T10:20:44.000Z</time>
      </trkpt>
      <trkpt lat="42.605580009520054" lon="-0.1292963717132808">
        <ele>1050.2</ele>
        <time>2026-06-04T10:20:48.000Z</time>
      </trkpt>
      <trkpt lat="42.60557727701962" lon="-0.1292905882000924">
        <ele>1050.7</ele>
        <time>2026-06-04T10:20:50.000Z</time>
      </trkpt>
      <trkpt lat="42.6055714096874" lon="-0.129277914762497">
        <ele>1051.1</ele>
        <time>2026-06-04T10:20:54.000Z</time>
      </trkpt>
      <trkpt lat="42.60556522384286" lon="-0.1292643863707782">
        <ele>1051.5</ele>
        <time>2026-06-04T10:20:56.000Z</time>
      </trkpt>
      <trkpt lat="42.60555903799832" lon="-0.12924896366894242">
        <ele>1052</ele>
        <time>2026-06-04T10:21:01.000Z</time>
      </trkpt>
      <trkpt lat="42.605554880574346" lon="-0.1292375978082416">
        <ele>1052.4</ele>
        <time>2026-06-04T10:21:02.000Z</time>
      </trkpt>
      <trkpt lat="42.605552265420556" lon="-0.1292279250919816">
        <ele>1052.8</ele>
        <time>2026-06-04T10:21:08.000Z</time>
      </trkpt>
      <trkpt lat="42.605552952736616" lon="-0.1292251423001286">
        <ele>1053.1</ele>
        <time>2026-06-04T10:21:09.000Z</time>
      </trkpt>
      <trkpt lat="42.605555199086666" lon="-0.129223214462399">
        <ele>1053.5</ele>
        <time>2026-06-04T10:21:10.000Z</time>
      </trkpt>
      <trkpt lat="42.60555757954717" lon="-0.12922200746834242">
        <ele>1053.8</ele>
        <time>2026-06-04T10:21:17.000Z</time>
      </trkpt>
      <trkpt lat="42.60555970855057" lon="-0.12922024726867642">
        <ele>1054.1</ele>
        <time>2026-06-04T10:21:20.000Z</time>
      </trkpt>
      <trkpt lat="42.60556213930249" lon="-0.12921764887869341">
        <ele>1054.4</ele>
        <time>2026-06-04T10:21:25.000Z</time>
      </trkpt>
      <trkpt lat="42.60556388273835" lon="-0.12921401113271702">
        <ele>1054.7</ele>
        <time>2026-06-04T10:21:27.000Z</time>
      </trkpt>
      <trkpt lat="42.60556403361261" lon="-0.12920968607068062">
        <ele>1055</ele>
        <time>2026-06-04T10:21:31.000Z</time>
      </trkpt>
      <trkpt lat="42.60556394979358" lon="-0.12920519337058062">
        <ele>1055.2</ele>
        <time>2026-06-04T10:21:36.000Z</time>
      </trkpt>
      <trkpt lat="42.605562994256616" lon="-0.12919987924397">
        <ele>1055.5</ele>
        <time>2026-06-04T10:21:43.000Z</time>
      </trkpt>
      <trkpt lat="42.605561351403594" lon="-0.1291954033076764">
        <ele>1055.7</ele>
        <time>2026-06-04T10:21:46.000Z</time>
      </trkpt>
      <trkpt lat="42.60555828362703" lon="-0.1291914470493794">
        <ele>1056</ele>
        <time>2026-06-04T10:21:49.000Z</time>
      </trkpt>
      <trkpt lat="42.60555415973067" lon="-0.1291881781071424">
        <ele>1056.2</ele>
        <time>2026-06-04T10:21:54.000Z</time>
      </trkpt>
      <trkpt lat="42.60554978437722" lon="-0.1291862837970256">
        <ele>1056.4</ele>
        <time>2026-06-04T10:22:00.000Z</time>
      </trkpt>
      <trkpt lat="42.605545811355114" lon="-0.1291863843798636">
        <ele>1056.7</ele>
        <time>2026-06-04T10:22:03.000Z</time>
      </trkpt>
      <trkpt lat="42.60554185509682" lon="-0.1291891504079102">
        <ele>1056.9</ele>
        <time>2026-06-04T10:22:05.000Z</time>
      </trkpt>
      <trkpt lat="42.60553932376206" lon="-0.1291924361139536">
        <ele>1057.2</ele>
        <time>2026-06-04T10:22:07.000Z</time>
      </trkpt>
      <trkpt lat="42.60553806647658" lon="-0.129195721819997">
        <ele>1057.4</ele>
        <time>2026-06-04T10:22:13.000Z</time>
      </trkpt>
      <trkpt lat="42.60553716123104" lon="-0.12919900752604038">
        <ele>1057.7</ele>
        <time>2026-06-04T10:22:17.000Z</time>
      </trkpt>
      <trkpt lat="42.60553670860827" lon="-0.129201672971249">
        <ele>1057.9</ele>
        <time>2026-06-04T10:22:22.000Z</time>
      </trkpt>
      <trkpt lat="42.60553657449782" lon="-0.129201672971249">
        <ele>1058.2</ele>
        <time>2026-06-04T10:22:24.000Z</time>
      </trkpt>
      <trkpt lat="42.605537781491876" lon="-0.1292008515447382">
        <ele>1058.5</ele>
        <time>2026-06-04T10:22:33.000Z</time>
      </trkpt>
      <trkpt lat="42.60554185509682" lon="-0.1291979011148218">
        <ele>1058.8</ele>
        <time>2026-06-04T10:22:34.000Z</time>
      </trkpt>
      <trkpt lat="42.60554778948426" lon="-0.12919424660503898">
        <ele>1059.1</ele>
        <time>2026-06-04T10:22:43.000Z</time>
      </trkpt>
      <trkpt lat="42.60555372387171" lon="-0.1291898880153898">
        <ele>1059.3</ele>
        <time>2026-06-04T10:22:45.000Z</time>
      </trkpt>
      <trkpt lat="42.60555965825915" lon="-0.1291849929839376">
        <ele>1059.6</ele>
        <time>2026-06-04T10:22:48.000Z</time>
      </trkpt>
      <trkpt lat="42.60556445270777" lon="-0.12918091937899623">
        <ele>1059.8</ele>
        <time>2026-06-04T10:22:49.000Z</time>
      </trkpt>
      <trkpt lat="42.60556651465595" lon="-0.12917897477746043">
        <ele>1060</ele>
        <time>2026-06-04T10:22:56.000Z</time>
      </trkpt>
      <trkpt lat="42.605566715821624" lon="-0.12917773425579102">
        <ele>1060.3</ele>
        <time>2026-06-04T10:23:03.000Z</time>
      </trkpt>
      <trkpt lat="42.6055669169873" lon="-0.129177197813988">
        <ele>1060.5</ele>
        <time>2026-06-04T10:23:04.000Z</time>
      </trkpt>
      <trkpt lat="42.605567118152976" lon="-0.129177197813988">
        <ele>1060.7</ele>
        <time>2026-06-04T10:23:08.000Z</time>
      </trkpt>
      <trkpt lat="42.605567118152976" lon="-0.129177197813988">
        <ele>1060.9</ele>
        <time>2026-06-04T10:23:13.000Z</time>
      </trkpt>
      <trkpt lat="42.605567118152976" lon="-0.129177197813988">
        <ele>1061.1</ele>
        <time>2026-06-04T10:23:16.000Z</time>
      </trkpt>
      <trkpt lat="42.605567118152976" lon="-0.129177197813988">
        <ele>1061.3</ele>
        <time>2026-06-04T10:23:19.000Z</time>
      </trkpt>
      <trkpt lat="42.605567118152976" lon="-0.129177197813988">
        <ele>1061.5</ele>
        <time>2026-06-04T10:23:24.000Z</time>
      </trkpt>
      <trkpt lat="42.605566430836916" lon="-0.12917362712323682">
        <ele>1061.6</ele>
        <time>2026-06-04T10:23:35.000Z</time>
      </trkpt>
      <trkpt lat="42.605565743520856" lon="-0.1291700564324856">
        <ele>1061.8</ele>
        <time>2026-06-04T10:23:38.000Z</time>
      </trkpt>
      <trkpt lat="42.605564368888736" lon="-0.12916464172303682">
        <ele>1062</ele>
        <time>2026-06-04T10:23:43.000Z</time>
      </trkpt>
      <trkpt lat="42.60556151904166" lon="-0.1291531082242728">
        <ele>1062.2</ele>
        <time>2026-06-04T10:23:48.000Z</time>
      </trkpt>
      <trkpt lat="42.60555865243077" lon="-0.1291415747255088">
        <ele>1062.3</ele>
        <time>2026-06-04T10:23:52.000Z</time>
      </trkpt>
      <trkpt lat="42.60555647313595" lon="-0.129133611917496">
        <ele>1062.5</ele>
        <time>2026-06-04T10:24:02.000Z</time>
      </trkpt>
      <trkpt lat="42.605554293841124" lon="-0.1291256491094832">
        <ele>1062.6</ele>
        <time>2026-06-04T10:24:03.000Z</time>
      </trkpt>
      <trkpt lat="42.60555280186236" lon="-0.12911953032016804">
        <ele>1062.7</ele>
        <time>2026-06-04T10:24:08.000Z</time>
      </trkpt>
      <trkpt lat="42.60555278509855" lon="-0.12911953032016804">
        <ele>1062.8</ele>
        <time>2026-06-04T10:24:15.000Z</time>
      </trkpt>
      <trkpt lat="42.60555278509855" lon="-0.12911953032016804">
        <ele>1062.9</ele>
        <time>2026-06-04T10:24:16.000Z</time>
      </trkpt>
      <trkpt lat="42.60555243305862" lon="-0.12911584228277243">
        <ele>1063</ele>
        <time>2026-06-04T10:24:18.000Z</time>
      </trkpt>
      <trkpt lat="42.605551863089204" lon="-0.1291121542453768">
        <ele>1063</ele>
        <time>2026-06-04T10:24:21.000Z</time>
      </trkpt>
      <trkpt lat="42.60555129311979" lon="-0.1291053816676142">
        <ele>1063.1</ele>
        <time>2026-06-04T10:24:29.000Z</time>
      </trkpt>
      <trkpt lat="42.605549247935414" lon="-0.12909344583749782">
        <ele>1063.1</ele>
        <time>2026-06-04T10:24:32.000Z</time>
      </trkpt>
      <trkpt lat="42.60554703511298" lon="-0.12908102385699738">
        <ele>1063.2</ele>
        <time>2026-06-04T10:24:42.000Z</time>
      </trkpt>
      <trkpt lat="42.60554505698383" lon="-0.12906907126307482">
        <ele>1063.2</ele>
        <time>2026-06-04T10:24:47.000Z</time>
      </trkpt>
      <trkpt lat="42.60554329678416" lon="-0.1290531791746616">
        <ele>1063.2</ele>
        <time>2026-06-04T10:24:54.000Z</time>
      </trkpt>
      <trkpt lat="42.6055415365845" lon="-0.1290391478687524">
        <ele>1063.1</ele>
        <time>2026-06-04T10:25:01.000Z</time>
      </trkpt>
      <trkpt lat="42.60554125159979" lon="-0.12903027981519702">
        <ele>1063.1</ele>
        <time>2026-06-04T10:25:09.000Z</time>
      </trkpt>
      <trkpt lat="42.605541134253144" lon="-0.1290218979120256">
        <ele>1063</ele>
        <time>2026-06-04T10:25:12.000Z</time>
      </trkpt>
      <trkpt lat="42.605541134253144" lon="-0.129016734659672">
        <ele>1062.9</ele>
        <time>2026-06-04T10:25:14.000Z</time>
      </trkpt>
      <trkpt lat="42.605541134253144" lon="-0.129015510901809">
        <ele>1062.8</ele>
        <time>2026-06-04T10:25:19.000Z</time>
      </trkpt>
      <trkpt lat="42.605541134253144" lon="-0.129015510901809">
        <ele>1062.7</ele>
        <time>2026-06-04T10:25:29.000Z</time>
      </trkpt>
      <trkpt lat="42.605541134253144" lon="-0.129015510901809">
        <ele>1062.6</ele>
        <time>2026-06-04T10:25:33.000Z</time>
      </trkpt>
      <trkpt lat="42.605541134253144" lon="-0.129015510901809">
        <ele>1062.6</ele>
        <time>2026-06-04T10:25:34.000Z</time>
      </trkpt>
      <trkpt lat="42.605541134253144" lon="-0.129015510901809">
        <ele>1062.5</ele>
        <time>2026-06-04T10:25:35.000Z</time>
      </trkpt>
      <trkpt lat="42.605541134253144" lon="-0.129015510901809">
        <ele>1062.5</ele>
        <time>2026-06-04T10:25:39.000Z</time>
      </trkpt>
      <trkpt lat="42.605541134253144" lon="-0.129015510901809">
        <ele>1062.5</ele>
        <time>2026-06-04T10:25:42.000Z</time>
      </trkpt>
      <trkpt lat="42.605541134253144" lon="-0.129015510901809">
        <ele>1062.4</ele>
        <time>2026-06-04T10:25:48.000Z</time>
      </trkpt>
      <trkpt lat="42.605541134253144" lon="-0.129015510901809">
        <ele>1062.4</ele>
        <time>2026-06-04T10:25:52.000Z</time>
      </trkpt>
      <trkpt lat="42.605541134253144" lon="-0.129015510901809">
        <ele>1062.4</ele>
        <time>2026-06-04T10:25:58.000Z</time>
      </trkpt>
      <trkpt lat="42.605541134253144" lon="-0.129015510901809">
        <ele>1062.4</ele>
        <time>2026-06-04T10:26:00.000Z</time>
      </trkpt>
      <trkpt lat="42.60554187186062" lon="-0.1290161814540626">
        <ele>1062.4</ele>
        <time>2026-06-04T10:26:05.000Z</time>
      </trkpt>
      <trkpt lat="42.605542827397585" lon="-0.12901685200631618">
        <ele>1062.4</ele>
        <time>2026-06-04T10:26:07.000Z</time>
      </trkpt>
      <trkpt lat="42.6055452413857" lon="-0.1290175225585698">
        <ele>1062.3</ele>
        <time>2026-06-04T10:26:16.000Z</time>
      </trkpt>
      <trkpt lat="42.60554790683091" lon="-0.1290151253342626">
        <ele>1062.3</ele>
        <time>2026-06-04T10:26:18.000Z</time>
      </trkpt>
      <trkpt lat="42.60555283538997" lon="-0.1290127281099554">
        <ele>1062.4</ele>
        <time>2026-06-04T10:26:25.000Z</time>
      </trkpt>
      <trkpt lat="42.60555729456246" lon="-0.12900966033339462">
        <ele>1062.4</ele>
        <time>2026-06-04T10:26:34.000Z</time>
      </trkpt>
      <trkpt lat="42.605561535805464" lon="-0.12900855392217603">
        <ele>1062.4</ele>
        <time>2026-06-04T10:26:42.000Z</time>
      </trkpt>
      <trkpt lat="42.60556431859732" lon="-0.1290083359926936">
        <ele>1062.4</ele>
        <time>2026-06-04T10:26:50.000Z</time>
      </trkpt>
      <trkpt lat="42.605566849932075" lon="-0.129011185839772">
        <ele>1062.5</ele>
        <time>2026-06-04T10:26:53.000Z</time>
      </trkpt>
      <trkpt lat="42.60556726902723" lon="-0.1290140356868504">
        <ele>1062.5</ele>
        <time>2026-06-04T10:26:57.000Z</time>
      </trkpt>
      <trkpt lat="42.605567721650004" lon="-0.1290156953036784">
        <ele>1062.5</ele>
        <time>2026-06-04T10:26:58.000Z</time>
      </trkpt>
      <trkpt lat="42.605568962171674" lon="-0.12901484034955502">
        <ele>1062.5</ele>
        <time>2026-06-04T10:27:01.000Z</time>
      </trkpt>
      <trkpt lat="42.605570286512375" lon="-0.1290130969136954">
        <ele>1062.6</ele>
        <time>2026-06-04T10:27:05.000Z</time>
      </trkpt>
      <trkpt lat="42.60557186231017" lon="-0.129011755809188">
        <ele>1062.6</ele>
        <time>2026-06-04T10:27:06.000Z</time>
      </trkpt>
      <trkpt lat="42.60557328723371" lon="-0.12901041470468058">
        <ele>1062.6</ele>
        <time>2026-06-04T10:27:13.000Z</time>
      </trkpt>
      <trkpt lat="42.60557487979531" lon="-0.1290109511464836">
        <ele>1062.7</ele>
        <time>2026-06-04T10:27:16.000Z</time>
      </trkpt>
      <trkpt lat="42.60557637177408" lon="-0.1290121749043466">
        <ele>1062.7</ele>
        <time>2026-06-04T10:27:20.000Z</time>
      </trkpt>
      <trkpt lat="42.60557843372226" lon="-0.1290140859782696">
        <ele>1062.8</ele>
        <time>2026-06-04T10:27:27.000Z</time>
      </trkpt>
      <trkpt lat="42.605581970885396" lon="-0.1290156450122594">
        <ele>1062.9</ele>
        <time>2026-06-04T10:27:28.000Z</time>
      </trkpt>
      <trkpt lat="42.605585508048534" lon="-0.1290178075432776">
        <ele>1063.1</ele>
        <time>2026-06-04T10:27:30.000Z</time>
      </trkpt>
      <trkpt lat="42.605588575825095" lon="-0.129019433632493">
        <ele>1063.3</ele>
        <time>2026-06-04T10:27:37.000Z</time>
      </trkpt>
      <trkpt lat="42.60559093952179" lon="-0.1290216967463492">
        <ele>1063.4</ele>
        <time>2026-06-04T10:27:39.000Z</time>
      </trkpt>
      <trkpt lat="42.60559264943004" lon="-0.12902327254414542">
        <ele>1063.6</ele>
        <time>2026-06-04T10:27:45.000Z</time>
      </trkpt>
      <trkpt lat="42.60559263266623" lon="-0.12902608886361122">
        <ele>1063.8</ele>
        <time>2026-06-04T10:27:48.000Z</time>
      </trkpt>
      <trkpt lat="42.60559404082596" lon="-0.12903017923235902">
        <ele>1063.9</ele>
        <time>2026-06-04T10:27:54.000Z</time>
      </trkpt>
      <trkpt lat="42.605595448985696" lon="-0.1290341187268496">
        <ele>1064.1</ele>
        <time>2026-06-04T10:27:55.000Z</time>
      </trkpt>
      <trkpt lat="42.605596873909235" lon="-0.12903728708624862">
        <ele>1064.3</ele>
        <time>2026-06-04T10:28:05.000Z</time>
      </trkpt>
      <trkpt lat="42.605598298832774" lon="-0.12904216535389462">
        <ele>1064.4</ele>
        <time>2026-06-04T10:28:08.000Z</time>
      </trkpt>
      <trkpt lat="42.60559972375631" lon="-0.129045752808452">
        <ele>1064.6</ele>
        <time>2026-06-04T10:28:16.000Z</time>
      </trkpt>
      <trkpt lat="42.60559972375631" lon="-0.129047462716699">
        <ele>1064.8</ele>
        <time>2026-06-04T10:28:25.000Z</time>
      </trkpt>
      <trkpt lat="42.60559972375631" lon="-0.129049172624946">
        <ele>1065</ele>
        <time>2026-06-04T10:28:32.000Z</time>
      </trkpt>
      <trkpt lat="42.60560140013695" lon="-0.129052106291056">
        <ele>1065.2</ele>
        <time>2026-06-04T10:28:36.000Z</time>
      </trkpt>
      <trkpt lat="42.60560322739184" lon="-0.1290537491440776">
        <ele>1065.4</ele>
        <time>2026-06-04T10:28:37.000Z</time>
      </trkpt>
      <trkpt lat="42.60560505464673" lon="-0.129055626690388">
        <ele>1065.6</ele>
        <time>2026-06-04T10:28:47.000Z</time>
      </trkpt>
      <trkpt lat="42.605606731027365" lon="-0.12905862741172341">
        <ele>1065.8</ele>
        <time>2026-06-04T10:28:54.000Z</time>
      </trkpt>
      <trkpt lat="42.605608558282256" lon="-0.1290617957711222">
        <ele>1066</ele>
        <time>2026-06-04T10:28:58.000Z</time>
      </trkpt>
      <trkpt lat="42.60560870915651" lon="-0.1290647126734258">
        <ele>1066.1</ele>
        <time>2026-06-04T10:29:08.000Z</time>
      </trkpt>
      <trkpt lat="42.60560886003077" lon="-0.1290676966309548">
        <ele>1066.3</ele>
        <time>2026-06-04T10:29:11.000Z</time>
      </trkpt>
      <trkpt lat="42.60561432503164" lon="-0.12907126732170582">
        <ele>1066.6</ele>
        <time>2026-06-04T10:29:13.000Z</time>
      </trkpt>
      <trkpt lat="42.60562051087618" lon="-0.1290743686258792">
        <ele>1066.8</ele>
        <time>2026-06-04T10:29:15.000Z</time>
      </trkpt>
      <trkpt lat="42.60562686435878" lon="-0.12907800637185562">
        <ele>1067</ele>
        <time>2026-06-04T10:29:24.000Z</time>
      </trkpt>
      <trkpt lat="42.605633452534676" lon="-0.1290815770626068">
        <ele>1067.3</ele>
        <time>2026-06-04T10:29:30.000Z</time>
      </trkpt>
      <trkpt lat="42.60564025864005" lon="-0.1290871258825064">
        <ele>1067.5</ele>
        <time>2026-06-04T10:29:34.000Z</time>
      </trkpt>
      <trkpt lat="42.60564191825688" lon="-0.1290920544415712">
        <ele>1067.7</ele>
        <time>2026-06-04T10:29:42.000Z</time>
      </trkpt>
      <trkpt lat="42.60564485192299" lon="-0.1290964297950268">
        <ele>1067.9</ele>
        <time>2026-06-04T10:29:50.000Z</time>
      </trkpt>
      <trkpt lat="42.60564746707678" lon="-0.1291007716208696">
        <ele>1068.2</ele>
        <time>2026-06-04T10:29:56.000Z</time>
      </trkpt>
      <trkpt lat="42.605650970712304" lon="-0.1291045770049094">
        <ele>1068.5</ele>
        <time>2026-06-04T10:30:04.000Z</time>
      </trkpt>
      <trkpt lat="42.60565516166389" lon="-0.1291061360388992">
        <ele>1068.7</ele>
        <time>2026-06-04T10:30:07.000Z</time>
      </trkpt>
      <trkpt lat="42.60566000640392" lon="-0.12910791300237162">
        <ele>1069</ele>
        <time>2026-06-04T10:30:12.000Z</time>
      </trkpt>
      <trkpt lat="42.60566369444132" lon="-0.12910968996584402">
        <ele>1069.4</ele>
        <time>2026-06-04T10:30:19.000Z</time>
      </trkpt>
      <trkpt lat="42.60566817037761" lon="-0.1291118022054434">
        <ele>1069.7</ele>
        <time>2026-06-04T10:30:27.000Z</time>
      </trkpt>
      <trkpt lat="42.60567152313888" lon="-0.1291135288774968">
        <ele>1069.9</ele>
        <time>2026-06-04T10:30:31.000Z</time>
      </trkpt>
      <trkpt lat="42.60567569732666" lon="-0.12911503762006782">
        <ele>1070.2</ele>
        <time>2026-06-04T10:30:36.000Z</time>
      </trkpt>
      <trkpt lat="42.60567905008793" lon="-0.1291161607950928">
        <ele>1070.5</ele>
        <time>2026-06-04T10:30:42.000Z</time>
      </trkpt>
      <trkpt lat="42.60568171553314" lon="-0.12911718338727962">
        <ele>1070.8</ele>
        <time>2026-06-04T10:30:45.000Z</time>
      </trkpt>
      <trkpt lat="42.60568359307945" lon="-0.1291172001510858">
        <ele>1071.1</ele>
        <time>2026-06-04T10:30:57.000Z</time>
      </trkpt>
      <trkpt lat="42.60568744875491" lon="-0.12911889329552642">
        <ele>1071.3</ele>
        <time>2026-06-04T10:31:06.000Z</time>
      </trkpt>
      <trkpt lat="42.60569009743631" lon="-0.12912077084183682">
        <ele>1071.6</ele>
        <time>2026-06-04T10:31:16.000Z</time>
      </trkpt>
      <trkpt lat="42.60569303110242" lon="-0.1291231513023376">
        <ele>1071.8</ele>
        <time>2026-06-04T10:31:17.000Z</time>
      </trkpt>
      <trkpt lat="42.60569710470736" lon="-0.1291257161647082">
        <ele>1072.1</ele>
        <time>2026-06-04T10:31:22.000Z</time>
      </trkpt>
      <trkpt lat="42.60570587217808" lon="-0.12912989035248762">
        <ele>1072.3</ele>
        <time>2026-06-04T10:31:23.000Z</time>
      </trkpt>
      <trkpt lat="42.605713399127126" lon="-0.1291328072547914">
        <ele>1072.6</ele>
        <time>2026-06-04T10:31:33.000Z</time>
      </trkpt>
      <trkpt lat="42.605722518637776" lon="-0.1291355397552254">
        <ele>1072.8</ele>
        <time>2026-06-04T10:31:37.000Z</time>
      </trkpt>
      <trkpt lat="42.60573135316372" lon="-0.1291374843567612">
        <ele>1073.1</ele>
        <time>2026-06-04T10:31:39.000Z</time>
      </trkpt>
      <trkpt lat="42.60573904775083" lon="-0.1291398815810682">
        <ele>1073.3</ele>
        <time>2026-06-04T10:31:45.000Z</time>
      </trkpt>
      <trkpt lat="42.605738343670964" lon="-0.1291406694799664">
        <ele>1073.5</ele>
        <time>2026-06-04T10:31:52.000Z</time>
      </trkpt>
      <trkpt lat="42.60573566146195" lon="-0.1291410718113186">
        <ele>1073.7</ele>
        <time>2026-06-04T10:31:57.000Z</time>
      </trkpt>
      <trkpt lat="42.60573071613908" lon="-0.1291423290967942">
        <ele>1073.9</ele>
        <time>2026-06-04T10:32:02.000Z</time>
      </trkpt>
      <trkpt lat="42.60572577081621" lon="-0.1291440222412348">
        <ele>1074.1</ele>
        <time>2026-06-04T10:32:05.000Z</time>
      </trkpt>
      <trkpt lat="42.605721009895205" lon="-0.1291450783610344">
        <ele>1074.3</ele>
        <time>2026-06-04T10:32:12.000Z</time>
      </trkpt>
      <trkpt lat="42.60572038963437" lon="-0.129146134480834">
        <ele>1074.4</ele>
        <time>2026-06-04T10:32:17.000Z</time>
      </trkpt>
      <trkpt lat="42.605721144005656" lon="-0.1291467379778622">
        <ele>1074.5</ele>
        <time>2026-06-04T10:32:19.000Z</time>
      </trkpt>
      <trkpt lat="42.60572189837694" lon="-0.1291453968733548">
        <ele>1074.6</ele>
        <time>2026-06-04T10:32:23.000Z</time>
      </trkpt>
      <trkpt lat="42.60572271980345" lon="-0.1291438713669776">
        <ele>1074.7</ele>
        <time>2026-06-04T10:32:30.000Z</time>
      </trkpt>
      <trkpt lat="42.60572335682809" lon="-0.12914234586060042">
        <ele>1074.8</ele>
        <time>2026-06-04T10:32:33.000Z</time>
      </trkpt>
      <trkpt lat="42.60572355799377" lon="-0.12914082035422322">
        <ele>1074.9</ele>
        <time>2026-06-04T10:32:38.000Z</time>
      </trkpt>
      <trkpt lat="42.605723675340414" lon="-0.12914058566093442">
        <ele>1074.9</ele>
        <time>2026-06-04T10:32:42.000Z</time>
      </trkpt>
      <trkpt lat="42.60572741366923" lon="-0.12914247997105122">
        <ele>1075</ele>
        <time>2026-06-04T10:32:45.000Z</time>
      </trkpt>
      <trkpt lat="42.605732375755906" lon="-0.129144374281168">
        <ele>1075</ele>
        <time>2026-06-04T10:32:48.000Z</time>
      </trkpt>
      <trkpt lat="42.60573762282729" lon="-0.1291462685912848">
        <ele>1074.9</ele>
        <time>2026-06-04T10:32:52.000Z</time>
      </trkpt>
      <trkpt lat="42.60574307106435" lon="-0.1291478108614684">
        <ele>1074.8</ele>
        <time>2026-06-04T10:32:58.000Z</time>
      </trkpt>
      <trkpt lat="42.60574855282903" lon="-0.1291465368121864">
        <ele>1074.7</ele>
        <time>2026-06-04T10:32:59.000Z</time>
      </trkpt>
      <trkpt lat="42.605750765651464" lon="-0.1291436534374954">
        <ele>1074.6</ele>
        <time>2026-06-04T10:33:04.000Z</time>
      </trkpt>
      <trkpt lat="42.60575249232352" lon="-0.1291399821639062">
        <ele>1074.5</ele>
        <time>2026-06-04T10:33:05.000Z</time>
      </trkpt>
      <trkpt lat="42.60575442016125" lon="-0.1291361767798662">
        <ele>1074.4</ele>
        <time>2026-06-04T10:33:12.000Z</time>
      </trkpt>
      <trkpt lat="42.6057561468333" lon="-0.1291327234357594">
        <ele>1074.3</ele>
        <time>2026-06-04T10:33:22.000Z</time>
      </trkpt>
      <trkpt lat="42.60575797408819" lon="-0.1291313655674456">
        <ele>1074.1</ele>
        <time>2026-06-04T10:33:30.000Z</time>
      </trkpt>
      <trkpt lat="42.60575944930315" lon="-0.12913136556744562">
        <ele>1074</ele>
        <time>2026-06-04T10:33:38.000Z</time>
      </trkpt>
      <trkpt lat="42.605760119855404" lon="-0.12913336046040041">
        <ele>1073.8</ele>
        <time>2026-06-04T10:33:40.000Z</time>
      </trkpt>
      <trkpt lat="42.60576085746288" lon="-0.129135489463806">
        <ele>1073.7</ele>
        <time>2026-06-04T10:33:44.000Z</time>
      </trkpt>
      <trkpt lat="42.60576159507036" lon="-0.12913761846721158">
        <ele>1073.5</ele>
        <time>2026-06-04T10:33:51.000Z</time>
      </trkpt>
      <trkpt lat="42.60576214827597" lon="-0.1291398983448742">
        <ele>1073.3</ele>
        <time>2026-06-04T10:33:55.000Z</time>
      </trkpt>
      <trkpt lat="42.60576270148158" lon="-0.129140870645642">
        <ele>1073.1</ele>
        <time>2026-06-04T10:33:57.000Z</time>
      </trkpt>
      <trkpt lat="42.60576325468719" lon="-0.1291395798325536">
        <ele>1072.9</ele>
        <time>2026-06-04T10:34:07.000Z</time>
      </trkpt>
      <trkpt lat="42.60576352290809" lon="-0.12913828901946522">
        <ele>1072.7</ele>
        <time>2026-06-04T10:34:13.000Z</time>
      </trkpt>
      <trkpt lat="42.60576385818422" lon="-0.12913669645786263">
        <ele>1072.4</ele>
        <time>2026-06-04T10:34:16.000Z</time>
      </trkpt>
      <trkpt lat="42.605764193460345" lon="-0.12913463450968243">
        <ele>1072.1</ele>
        <time>2026-06-04T10:34:26.000Z</time>
      </trkpt>
      <trkpt lat="42.60576452873647" lon="-0.1291330419480798">
        <ele>1071.9</ele>
        <time>2026-06-04T10:34:27.000Z</time>
      </trkpt>
      <trkpt lat="42.605764796957374" lon="-0.1291325055062768">
        <ele>1071.6</ele>
        <time>2026-06-04T10:34:30.000Z</time>
      </trkpt>
      <trkpt lat="42.60576478019357" lon="-0.1291319690644738">
        <ele>1071.3</ele>
        <time>2026-06-04T10:34:31.000Z</time>
      </trkpt>
      <trkpt lat="42.605764696374536" lon="-0.1291313655674456">
        <ele>1071.1</ele>
        <time>2026-06-04T10:34:34.000Z</time>
      </trkpt>
      <trkpt lat="42.605764746665955" lon="-0.1291300747543572">
        <ele>1070.8</ele>
        <time>2026-06-04T10:34:38.000Z</time>
      </trkpt>
      <trkpt lat="42.605764830484986" lon="-0.1291282642632722">
        <ele>1070.5</ele>
        <time>2026-06-04T10:34:41.000Z</time>
      </trkpt>
      <trkpt lat="42.60576528310776" lon="-0.12912538088858122">
        <ele>1070.2</ele>
        <time>2026-06-04T10:34:49.000Z</time>
      </trkpt>
      <trkpt lat="42.60576578602195" lon="-0.12912090495228762">
        <ele>1070</ele>
        <time>2026-06-04T10:34:50.000Z</time>
      </trkpt>
      <trkpt lat="42.605766305699944" lon="-0.1291167978197334">
        <ele>1069.7</ele>
        <time>2026-06-04T10:34:51.000Z</time>
      </trkpt>
      <trkpt lat="42.605766674503684" lon="-0.1291135624051092">
        <ele>1069.4</ele>
        <time>2026-06-04T10:34:59.000Z</time>
      </trkpt>
      <trkpt lat="42.60576700977981" lon="-0.1291108969599006">
        <ele>1069.2</ele>
        <time>2026-06-04T10:35:01.000Z</time>
      </trkpt>
      <trkpt lat="42.605767043307424" lon="-0.129109304398298">
        <ele>1068.9</ele>
        <time>2026-06-04T10:35:06.000Z</time>
      </trkpt>
      <trkpt lat="42.60576771385968" lon="-0.12911101430654504">
        <ele>1068.6</ele>
        <time>2026-06-04T10:35:09.000Z</time>
      </trkpt>
      <trkpt lat="42.60576846823096" lon="-0.12911416590213762">
        <ele>1068.4</ele>
        <time>2026-06-04T10:35:23.000Z</time>
      </trkpt>
      <trkpt lat="42.60576954111457" lon="-0.12911753542721263">
        <ele>1068.2</ele>
        <time>2026-06-04T10:35:26.000Z</time>
      </trkpt>
      <trkpt lat="42.6057706810534" lon="-0.12912122346460822">
        <ele>1068</ele>
        <time>2026-06-04T10:35:34.000Z</time>
      </trkpt>
      <trkpt lat="42.60577182099223" lon="-0.1291249115020038">
        <ele>1067.8</ele>
        <time>2026-06-04T10:35:53.000Z</time>
      </trkpt>
      <trkpt lat="42.60577229037881" lon="-0.1291268896311524">
        <ele>1067.6</ele>
        <time>2026-06-04T10:35:57.000Z</time>
      </trkpt>
      <trkpt lat="42.60577265918255" lon="-0.1291274260729554">
        <ele>1067.4</ele>
        <time>2026-06-04T10:36:00.000Z</time>
      </trkpt>
      <trkpt lat="42.605772726237774" lon="-0.129127744585276">
        <ele>1067.2</ele>
        <time>2026-06-04T10:36:11.000Z</time>
      </trkpt>
      <trkpt lat="42.605772726237774" lon="-0.129127744585276">
        <ele>1067</ele>
        <time>2026-06-04T10:36:12.000Z</time>
      </trkpt>
      <trkpt lat="42.6057720053941" lon="-0.129126721993089">
        <ele>1066.8</ele>
        <time>2026-06-04T10:36:16.000Z</time>
      </trkpt>
      <trkpt lat="42.60577126778662" lon="-0.1291234195232394">
        <ele>1066.6</ele>
        <time>2026-06-04T10:36:35.000Z</time>
      </trkpt>
      <trkpt lat="42.60577053017914" lon="-0.1291201170533898">
        <ele>1066.4</ele>
        <time>2026-06-04T10:36:43.000Z</time>
      </trkpt>
      <trkpt lat="42.605769792571664" lon="-0.1291180048137906">
        <ele>1066.2</ele>
        <time>2026-06-04T10:36:53.000Z</time>
      </trkpt>
      <trkpt lat="42.60576912201941" lon="-0.129116512835026">
        <ele>1066.1</ele>
        <time>2026-06-04T10:36:57.000Z</time>
      </trkpt>
      <trkpt lat="42.60576917231083" lon="-0.1291160434484484">
        <ele>1065.9</ele>
        <time>2026-06-04T10:37:04.000Z</time>
      </trkpt>
      <trkpt lat="42.605769239366055" lon="-0.1291203014552594">
        <ele>1065.7</ele>
        <time>2026-06-04T10:37:09.000Z</time>
      </trkpt>
      <trkpt lat="42.60576628893614" lon="-0.12912766076624402">
        <ele>1065.4</ele>
        <time>2026-06-04T10:37:12.000Z</time>
      </trkpt>
      <trkpt lat="42.60576312057674" lon="-0.12913614325225342">
        <ele>1065.3</ele>
        <time>2026-06-04T10:37:17.000Z</time>
      </trkpt>
      <trkpt lat="42.60575913079083" lon="-0.1291440557688474">
        <ele>1065.1</ele>
        <time>2026-06-04T10:37:19.000Z</time>
      </trkpt>
      <trkpt lat="42.60575514100492" lon="-0.129153175279498">
        <ele>1064.9</ele>
        <time>2026-06-04T10:37:26.000Z</time>
      </trkpt>
      <trkpt lat="42.605750950053334" lon="-0.1291602160781622">
        <ele>1064.7</ele>
        <time>2026-06-04T10:37:33.000Z</time>
      </trkpt>
      <trkpt lat="42.60574977658689" lon="-0.12916626781225202">
        <ele>1064.5</ele>
        <time>2026-06-04T10:37:35.000Z</time>
      </trkpt>
      <trkpt lat="42.60574872046709" lon="-0.1291700061410666">
        <ele>1064.3</ele>
        <time>2026-06-04T10:37:36.000Z</time>
      </trkpt>
      <trkpt lat="42.60574806667864" lon="-0.129173694178462">
        <ele>1064.1</ele>
        <time>2026-06-04T10:37:41.000Z</time>
      </trkpt>
      <trkpt lat="42.605747412890196" lon="-0.12917322479188442">
        <ele>1063.9</ele>
        <time>2026-06-04T10:37:43.000Z</time>
      </trkpt>
      <trkpt lat="42.605746960267425" lon="-0.12917186692357063">
        <ele>1063.7</ele>
        <time>2026-06-04T10:37:47.000Z</time>
      </trkpt>
      <trkpt lat="42.60574670881033" lon="-0.1291681788861752">
        <ele>1063.5</ele>
        <time>2026-06-04T10:37:54.000Z</time>
      </trkpt>
      <trkpt lat="42.60574655793607" lon="-0.12916449084877982">
        <ele>1063.3</ele>
        <time>2026-06-04T10:38:00.000Z</time>
      </trkpt>
      <trkpt lat="42.605746960267425" lon="-0.129159612581134">
        <ele>1063.1</ele>
        <time>2026-06-04T10:38:01.000Z</time>
      </trkpt>
      <trkpt lat="42.60574736259878" lon="-0.1291573494672778">
        <ele>1062.8</ele>
        <time>2026-06-04T10:38:11.000Z</time>
      </trkpt>
      <trkpt lat="42.605747329071164" lon="-0.12915560603141818">
        <ele>1062.6</ele>
        <time>2026-06-04T10:38:12.000Z</time>
      </trkpt>
      <trkpt lat="42.605746541172266" lon="-0.1291563268750908">
        <ele>1062.3</ele>
        <time>2026-06-04T10:38:21.000Z</time>
      </trkpt>
      <trkpt lat="42.60574630647898" lon="-0.1291540805250408">
        <ele>1062.1</ele>
        <time>2026-06-04T10:38:29.000Z</time>
      </trkpt>
      <trkpt lat="42.6057453174144" lon="-0.1291530244052412">
        <ele>1061.8</ele>
        <time>2026-06-04T10:38:32.000Z</time>
      </trkpt>
      <trkpt lat="42.60574432834983" lon="-0.129151800647378">
        <ele>1061.5</ele>
        <time>2026-06-04T10:38:33.000Z</time>
      </trkpt>
      <trkpt lat="42.60574377514422" lon="-0.12915044277906418">
        <ele>1061.2</ele>
        <time>2026-06-04T10:38:35.000Z</time>
      </trkpt>
      <trkpt lat="42.60574441216886" lon="-0.1291463356465102">
        <ele>1060.9</ele>
        <time>2026-06-04T10:38:48.000Z</time>
      </trkpt>
      <trkpt lat="42.60574449598789" lon="-0.1291456818580628">
        <ele>1060.6</ele>
        <time>2026-06-04T10:38:56.000Z</time>
      </trkpt>
      <trkpt lat="42.60574513301253" lon="-0.12914454191923141">
        <ele>1060.3</ele>
        <time>2026-06-04T10:39:02.000Z</time>
      </trkpt>
      <trkpt lat="42.605745770037174" lon="-0.1291439048945904">
        <ele>1060</ele>
        <time>2026-06-04T10:39:08.000Z</time>
      </trkpt>
      <trkpt lat="42.605746407061815" lon="-0.129143301397562">
        <ele>1059.7</ele>
        <time>2026-06-04T10:39:09.000Z</time>
      </trkpt>
      <trkpt lat="42.60574685968459" lon="-0.12914274819195282">
        <ele>1059.4</ele>
        <time>2026-06-04T10:39:15.000Z</time>
      </trkpt>
      <trkpt lat="42.60574863664806" lon="-0.1291415914893152">
        <ele>1059.1</ele>
        <time>2026-06-04T10:39:20.000Z</time>
      </trkpt>
      <trkpt lat="42.60575041361153" lon="-0.1291404012590648">
        <ele>1058.9</ele>
        <time>2026-06-04T10:39:25.000Z</time>
      </trkpt>
      <trkpt lat="42.605752190575004" lon="-0.1291397307068112">
        <ele>1058.6</ele>
        <time>2026-06-04T10:39:34.000Z</time>
      </trkpt>
      <trkpt lat="42.60575348138809" lon="-0.12913916073739562">
        <ele>1058.3</ele>
        <time>2026-06-04T10:39:39.000Z</time>
      </trkpt>
      <trkpt lat="42.60575410164893" lon="-0.12913904339075122">
        <ele>1058.1</ele>
        <time>2026-06-04T10:39:44.000Z</time>
      </trkpt>
      <trkpt lat="42.60575336404145" lon="-0.1291392277926208">
        <ele>1057.8</ele>
        <time>2026-06-04T10:39:48.000Z</time>
      </trkpt>
      <trkpt lat="42.605750631541014" lon="-0.1291404850780966">
        <ele>1057.6</ele>
        <time>2026-06-04T10:39:53.000Z</time>
      </trkpt>
      <trkpt lat="42.60574771463871" lon="-0.1291432678699494">
        <ele>1057.4</ele>
        <time>2026-06-04T10:39:54.000Z</time>
      </trkpt>
      <trkpt lat="42.605744982138276" lon="-0.1291460506618022">
        <ele>1057.1</ele>
        <time>2026-06-04T10:40:07.000Z</time>
      </trkpt>
      <trkpt lat="42.60574219934642" lon="-0.129148833453655">
        <ele>1056.9</ele>
        <time>2026-06-04T10:40:18.000Z</time>
      </trkpt>
      <trkpt lat="42.60573945008218" lon="-0.1291513815522192">
        <ele>1056.7</ele>
        <time>2026-06-04T10:40:23.000Z</time>
      </trkpt>
      <trkpt lat="42.6057386957109" lon="-0.1291508954018352">
        <ele>1056.4</ele>
        <time>2026-06-04T10:40:27.000Z</time>
      </trkpt>
      <trkpt lat="42.60573899745941" lon="-0.12914833053946478">
        <ele>1056.2</ele>
        <time>2026-06-04T10:40:46.000Z</time>
      </trkpt>
      <trkpt lat="42.60574580356479" lon="-0.1291425637900828">
        <ele>1055.9</ele>
        <time>2026-06-04T10:40:57.000Z</time>
      </trkpt>
      <trkpt lat="42.6057558786124" lon="-0.12913542240858078">
        <ele>1055.6</ele>
        <time>2026-06-04T10:41:03.000Z</time>
      </trkpt>
      <trkpt lat="42.60576595366001" lon="-0.12912709079682838">
        <ele>1055.3</ele>
        <time>2026-06-04T10:41:10.000Z</time>
      </trkpt>
      <trkpt lat="42.60577691718936" lon="-0.129121156409383">
        <ele>1055</ele>
        <time>2026-06-04T10:41:16.000Z</time>
      </trkpt>
      <trkpt lat="42.60578700900078" lon="-0.129114802926779">
        <ele>1054.7</ele>
        <time>2026-06-04T10:41:19.000Z</time>
      </trkpt>
      <trkpt lat="42.60579131729901" lon="-0.1291116513311866">
        <ele>1054.3</ele>
        <time>2026-06-04T10:41:21.000Z</time>
      </trkpt>
      <trkpt lat="42.60579319484532" lon="-0.12910992465913318">
        <ele>1054</ele>
        <time>2026-06-04T10:41:25.000Z</time>
      </trkpt>
      <trkpt lat="42.60579524002969" lon="-0.1291094385087492">
        <ele>1053.7</ele>
        <time>2026-06-04T10:41:33.000Z</time>
      </trkpt>
      <trkpt lat="42.60579653084278" lon="-0.12911037728190441">
        <ele>1053.3</ele>
        <time>2026-06-04T10:41:37.000Z</time>
      </trkpt>
      <trkpt lat="42.60580497980118" lon="-0.1291117686778308">
        <ele>1053</ele>
        <time>2026-06-04T10:41:42.000Z</time>
      </trkpt>
      <trkpt lat="42.60581495426595" lon="-0.1291131600737572">
        <ele>1052.6</ele>
        <time>2026-06-04T10:41:49.000Z</time>
      </trkpt>
      <trkpt lat="42.605826538056135" lon="-0.12910997495055201">
        <ele>1052.2</ele>
        <time>2026-06-04T10:41:54.000Z</time>
      </trkpt>
      <trkpt lat="42.60583797097206" lon="-0.1290985252708196">
        <ele>1051.9</ele>
        <time>2026-06-04T10:41:56.000Z</time>
      </trkpt>
      <trkpt lat="42.60585136525333" lon="-0.1290809232741594">
        <ele>1051.5</ele>
        <time>2026-06-04T10:41:59.000Z</time>
      </trkpt>
      <trkpt lat="42.6058600153774" lon="-0.12906270101666442">
        <ele>1051</ele>
        <time>2026-06-04T10:42:04.000Z</time>
      </trkpt>
      <trkpt lat="42.60586737468839" lon="-0.12904337234795082">
        <ele>1050.6</ele>
        <time>2026-06-04T10:42:09.000Z</time>
      </trkpt>
      <trkpt lat="42.60587510280311" lon="-0.12902595475316042">
        <ele>1050.1</ele>
        <time>2026-06-04T10:42:12.000Z</time>
      </trkpt>
      <trkpt lat="42.605889569967985" lon="-0.129014153033495">
        <ele>1049.6</ele>
        <time>2026-06-04T10:42:13.000Z</time>
      </trkpt>
      <trkpt lat="42.605904791504145" lon="-0.12900682725012302">
        <ele>1049.2</ele>
        <time>2026-06-04T10:42:21.000Z</time>
      </trkpt>
      <trkpt lat="42.605919141322374" lon="-0.128999199718237">
        <ele>1048.7</ele>
        <time>2026-06-04T10:42:26.000Z</time>
      </trkpt>
      <trkpt lat="42.605937380343676" lon="-0.1289926785975696">
        <ele>1048.3</ele>
        <time>2026-06-04T10:42:28.000Z</time>
      </trkpt>
      <trkpt lat="42.60595389269292" lon="-0.1289886049926282">
        <ele>1047.9</ele>
        <time>2026-06-04T10:42:30.000Z</time>
      </trkpt>
      <trkpt lat="42.6059707403183" lon="-0.1289870794862508">
        <ele>1047.5</ele>
        <time>2026-06-04T10:42:33.000Z</time>
      </trkpt>
      <trkpt lat="42.60598557628691" lon="-0.1289857551455498">
        <ele>1047.1</ele>
        <time>2026-06-04T10:42:34.000Z</time>
      </trkpt>
      <trkpt lat="42.60600131750107" lon="-0.12898317351937302">
        <ele>1046.8</ele>
        <time>2026-06-04T10:42:40.000Z</time>
      </trkpt>
      <trkpt lat="42.60601399093866" lon="-0.12897591479122641">
        <ele>1046.4</ele>
        <time>2026-06-04T10:42:41.000Z</time>
      </trkpt>
      <trkpt lat="42.60602740198374" lon="-0.1289688237011432">
        <ele>1046.1</ele>
        <time>2026-06-04T10:42:45.000Z</time>
      </trkpt>
      <trkpt lat="42.606037963181734" lon="-0.12896141409873962">
        <ele>1045.8</ele>
        <time>2026-06-04T10:42:48.000Z</time>
      </trkpt>
      <trkpt lat="42.60605249740183" lon="-0.1289539877325296">
        <ele>1045.6</ele>
        <time>2026-06-04T10:42:50.000Z</time>
      </trkpt>
      <trkpt lat="42.606070317327976" lon="-0.1289487406611442">
        <ele>1045.4</ele>
        <time>2026-06-04T10:42:53.000Z</time>
      </trkpt>
      <trkpt lat="42.60608867369592" lon="-0.1289455890655518">
        <ele>1045.2</ele>
        <time>2026-06-04T10:42:55.000Z</time>
      </trkpt>
      <trkpt lat="42.606110198423266" lon="-0.1289381794631482">
        <ele>1045</ele>
        <time>2026-06-04T10:43:00.000Z</time>
      </trkpt>
      <trkpt lat="42.60613878071308" lon="-0.12892007455229781">
        <ele>1044.9</ele>
        <time>2026-06-04T10:43:01.000Z</time>
      </trkpt>
      <trkpt lat="42.60616504959762" lon="-0.128895113244653">
        <ele>1044.7</ele>
        <time>2026-06-04T10:43:05.000Z</time>
      </trkpt>
      <trkpt lat="42.606190564110875" lon="-0.12886413373053102">
        <ele>1044.6</ele>
        <time>2026-06-04T10:43:13.000Z</time>
      </trkpt>
      <trkpt lat="42.60621938109398" lon="-0.12882567755878">
        <ele>1044.5</ele>
        <time>2026-06-04T10:43:16.000Z</time>
      </trkpt>
      <trkpt lat="42.60625017620623" lon="-0.12878021411597762">
        <ele>1044.3</ele>
        <time>2026-06-04T10:43:19.000Z</time>
      </trkpt>
      <trkpt lat="42.60627475194633" lon="-0.12874335050582922">
        <ele>1044.3</ele>
        <time>2026-06-04T10:43:23.000Z</time>
      </trkpt>
      <trkpt lat="42.606297466903925" lon="-0.1287134941667322">
        <ele>1044.2</ele>
        <time>2026-06-04T10:43:27.000Z</time>
      </trkpt>
      <trkpt lat="42.60631825402379" lon="-0.12868950515985522">
        <ele>1044.2</ele>
        <time>2026-06-04T10:43:31.000Z</time>
      </trkpt>
      <trkpt lat="42.606334548443556" lon="-0.128675574436784">
        <ele>1044.1</ele>
        <time>2026-06-04T10:43:32.000Z</time>
      </trkpt>
      <trkpt lat="42.60634435527027" lon="-0.1286729089915754">
        <ele>1044.1</ele>
        <time>2026-06-04T10:43:36.000Z</time>
      </trkpt>
      <trkpt lat="42.60634965263307" lon="-0.1286726910620928">
        <ele>1044.1</ele>
        <time>2026-06-04T10:43:38.000Z</time>
      </trkpt>
      <trkpt lat="42.6063550170511" lon="-0.128672121092677">
        <ele>1044.2</ele>
        <time>2026-06-04T10:43:42.000Z</time>
      </trkpt>
      <trkpt lat="42.6063589733094" lon="-0.12867136672139162">
        <ele>1044.2</ele>
        <time>2026-06-04T10:43:43.000Z</time>
      </trkpt>
      <trkpt lat="42.6063637342304" lon="-0.128670461475849">
        <ele>1044.4</ele>
        <time>2026-06-04T10:43:44.000Z</time>
      </trkpt>
      <trkpt lat="42.60636827722192" lon="-0.1286694221198558">
        <ele>1044.5</ele>
        <time>2026-06-04T10:43:46.000Z</time>
      </trkpt>
      <trkpt lat="42.60637225024402" lon="-0.12866844981908798">
        <ele>1044.7</ele>
        <time>2026-06-04T10:43:56.000Z</time>
      </trkpt>
      <trkpt lat="42.606375401839614" lon="-0.1286678295582534">
        <ele>1044.9</ele>
        <time>2026-06-04T10:43:57.000Z</time>
      </trkpt>
      <trkpt lat="42.60637541860342" lon="-0.1286671590059996">
        <ele>1045.1</ele>
        <time>2026-06-04T10:44:00.000Z</time>
      </trkpt>
      <trkpt lat="42.60637380927801" lon="-0.1286665052175524">
        <ele>1045.3</ele>
        <time>2026-06-04T10:44:03.000Z</time>
      </trkpt>
      <trkpt lat="42.6063721999526" lon="-0.12866424210369598">
        <ele>1045.5</ele>
        <time>2026-06-04T10:44:09.000Z</time>
      </trkpt>
      <trkpt lat="42.60637226700783" lon="-0.1286616604775192">
        <ele>1045.6</ele>
        <time>2026-06-04T10:44:10.000Z</time>
      </trkpt>
      <trkpt lat="42.606373792514205" lon="-0.12865872681140922">
        <ele>1045.7</ele>
        <time>2026-06-04T10:44:13.000Z</time>
      </trkpt>
      <trkpt lat="42.60637753084302" lon="-0.1286559440195564">
        <ele>1045.8</ele>
        <time>2026-06-04T10:44:20.000Z</time>
      </trkpt>
      <trkpt lat="42.60638230852783" lon="-0.1286532953381542">
        <ele>1045.9</ele>
        <time>2026-06-04T10:44:24.000Z</time>
      </trkpt>
      <trkpt lat="42.60639085806906" lon="-0.1286520045250658">
        <ele>1046.1</ele>
        <time>2026-06-04T10:44:28.000Z</time>
      </trkpt>
      <trkpt lat="42.60639793239534" lon="-0.1286505963653328">
        <ele>1046.2</ele>
        <time>2026-06-04T10:44:30.000Z</time>
      </trkpt>
      <trkpt lat="42.606408040970564" lon="-0.1286494061350824">
        <ele>1046.3</ele>
        <time>2026-06-04T10:44:34.000Z</time>
      </trkpt>
      <trkpt lat="42.60641989298165" lon="-0.1286485847085714">
        <ele>1046.4</ele>
        <time>2026-06-04T10:44:37.000Z</time>
      </trkpt>
      <trkpt lat="42.60643263347447" lon="-0.12864762917160982">
        <ele>1046.5</ele>
        <time>2026-06-04T10:44:42.000Z</time>
      </trkpt>
      <trkpt lat="42.606441685929894" lon="-0.1286470592021942">
        <ele>1046.6</ele>
        <time>2026-06-04T10:44:46.000Z</time>
      </trkpt>
      <trkpt lat="42.60645315237343" lon="-0.12864551693201082">
        <ele>1046.7</ele>
        <time>2026-06-04T10:44:47.000Z</time>
      </trkpt>
      <trkpt lat="42.6064609978348" lon="-0.1286427006125452">
        <ele>1046.9</ele>
        <time>2026-06-04T10:44:58.000Z</time>
      </trkpt>
      <trkpt lat="42.60646673105657" lon="-0.1286387946456674">
        <ele>1047</ele>
        <time>2026-06-04T10:45:03.000Z</time>
      </trkpt>
      <trkpt lat="42.60647053644061" lon="-0.12863502278924022">
        <ele>1047.1</ele>
        <time>2026-06-04T10:45:05.000Z</time>
      </trkpt>
      <trkpt lat="42.60647425800562" lon="-0.12863068096339722">
        <ele>1047.3</ele>
        <time>2026-06-04T10:45:07.000Z</time>
      </trkpt>
      <trkpt lat="42.60647591762245" lon="-0.12862762995064264">
        <ele>1047.4</ele>
        <time>2026-06-04T10:45:12.000Z</time>
      </trkpt>
      <trkpt lat="42.60647682286799" lon="-0.1286259032785892">
        <ele>1047.6</ele>
        <time>2026-06-04T10:45:17.000Z</time>
      </trkpt>
      <trkpt lat="42.60647823102772" lon="-0.1286246459931134">
        <ele>1047.7</ele>
        <time>2026-06-04T10:45:27.000Z</time>
      </trkpt>
      <trkpt lat="42.60648086294532" lon="-0.12862315401434882">
        <ele>1047.9</ele>
        <time>2026-06-04T10:45:36.000Z</time>
      </trkpt>
      <trkpt lat="42.60648488625884" lon="-0.1286157947033642">
        <ele>1048.1</ele>
        <time>2026-06-04T10:45:41.000Z</time>
      </trkpt>
      <trkpt lat="42.606488356366754" lon="-0.12860737927258">
        <ele>1048.3</ele>
        <time>2026-06-04T10:45:43.000Z</time>
      </trkpt>
      <trkpt lat="42.60649182647467" lon="-0.12859542667865742">
        <ele>1048.5</ele>
        <time>2026-06-04T10:45:50.000Z</time>
      </trkpt>
      <trkpt lat="42.60649400576949" lon="-0.1285839602351188">
        <ele>1048.6</ele>
        <time>2026-06-04T10:45:53.000Z</time>
      </trkpt>
      <trkpt lat="42.60649496130645" lon="-0.1285721249878406">
        <ele>1048.8</ele>
        <time>2026-06-04T10:45:58.000Z</time>
      </trkpt>
      <trkpt lat="42.60649452544749" lon="-0.1285659894347192">
        <ele>1049</ele>
        <time>2026-06-04T10:46:10.000Z</time>
      </trkpt>
      <trkpt lat="42.60649445839226" lon="-0.1285578757524492">
        <ele>1049.1</ele>
        <time>2026-06-04T10:46:16.000Z</time>
      </trkpt>
      <trkpt lat="42.60649439133704" lon="-0.1285491921007634">
        <ele>1049.3</ele>
        <time>2026-06-04T10:46:28.000Z</time>
      </trkpt>
      <trkpt lat="42.60649476014078" lon="-0.12853861413896078">
        <ele>1049.5</ele>
        <time>2026-06-04T10:46:32.000Z</time>
      </trkpt>
      <trkpt lat="42.606495045125484" lon="-0.12852832116186622">
        <ele>1049.7</ele>
        <time>2026-06-04T10:46:37.000Z</time>
      </trkpt>
      <trkpt lat="42.60649533011019" lon="-0.1285187657922506">
        <ele>1049.8</ele>
        <time>2026-06-04T10:46:39.000Z</time>
      </trkpt>
      <trkpt lat="42.60649524629116" lon="-0.1285123620182276">
        <ele>1050</ele>
        <time>2026-06-04T10:46:45.000Z</time>
      </trkpt>
      <trkpt lat="42.60649786144495" lon="-0.12851076945662498">
        <ele>1050.2</ele>
        <time>2026-06-04T10:46:57.000Z</time>
      </trkpt>
      <trkpt lat="42.606500493362546" lon="-0.1285114735364914">
        <ele>1050.5</ele>
        <time>2026-06-04T10:47:06.000Z</time>
      </trkpt>
      <trkpt lat="42.60650320909917" lon="-0.1285124961286782">
        <ele>1050.8</ele>
        <time>2026-06-04T10:47:16.000Z</time>
      </trkpt>
      <trkpt lat="42.6065059248358" lon="-0.128513518720865">
        <ele>1051</ele>
        <time>2026-06-04T10:47:22.000Z</time>
      </trkpt>
      <trkpt lat="42.60650864057243" lon="-0.1285145413130518">
        <ele>1051.2</ele>
        <time>2026-06-04T10:47:24.000Z</time>
      </trkpt>
      <trkpt lat="42.606506779789925" lon="-0.1285133678466078">
        <ele>1051.5</ele>
        <time>2026-06-04T10:47:35.000Z</time>
      </trkpt>
      <trkpt lat="42.60650446638465" lon="-0.1285116747021672">
        <ele>1051.7</ele>
        <time>2026-06-04T10:47:42.000Z</time>
      </trkpt>
      <trkpt lat="42.60650206916034" lon="-0.1285097468644378">
        <ele>1052</ele>
        <time>2026-06-04T10:47:47.000Z</time>
      </trkpt>
      <trkpt lat="42.606499403715134" lon="-0.1285075675696132">
        <ele>1052.2</ele>
        <time>2026-06-04T10:47:49.000Z</time>
      </trkpt>
      <trkpt lat="42.606495497748256" lon="-0.12850302457809443">
        <ele>1052.5</ele>
        <time>2026-06-04T10:47:59.000Z</time>
      </trkpt>
      <trkpt lat="42.60649341903627" lon="-0.1284987665712832">
        <ele>1052.8</ele>
        <time>2026-06-04T10:48:01.000Z</time>
      </trkpt>
      <trkpt lat="42.60649145767093" lon="-0.12849363684654222">
        <ele>1053.1</ele>
        <time>2026-06-04T10:48:08.000Z</time>
      </trkpt>
      <trkpt lat="42.60648958012462" lon="-0.12848849035799503">
        <ele>1053.4</ele>
        <time>2026-06-04T10:48:10.000Z</time>
      </trkpt>
      <trkpt lat="42.60648797079921" lon="-0.12848341092467322">
        <ele>1053.8</ele>
        <time>2026-06-04T10:48:13.000Z</time>
      </trkpt>
      <trkpt lat="42.60648924484849" lon="-0.1284806951880456">
        <ele>1054.1</ele>
        <time>2026-06-04T10:48:14.000Z</time>
      </trkpt>
      <trkpt lat="42.60649170912802" lon="-0.12847927026450662">
        <ele>1054.4</ele>
        <time>2026-06-04T10:48:16.000Z</time>
      </trkpt>
      <trkpt lat="42.60649459250271" lon="-0.1284792702645066">
        <ele>1054.7</ele>
        <time>2026-06-04T10:48:20.000Z</time>
      </trkpt>
      <trkpt lat="42.606498666107655" lon="-0.1284795217216016">
        <ele>1055</ele>
        <time>2026-06-04T10:48:23.000Z</time>
      </trkpt>
      <trkpt lat="42.60650639422238" lon="-0.1284799575805664">
        <ele>1055.3</ele>
        <time>2026-06-04T10:48:26.000Z</time>
      </trkpt>
      <trkpt lat="42.606512781232595" lon="-0.1284803096204996">
        <ele>1055.7</ele>
        <time>2026-06-04T10:48:29.000Z</time>
      </trkpt>
      <trkpt lat="42.60651826299727" lon="-0.128479890525341">
        <ele>1056</ele>
        <time>2026-06-04T10:48:33.000Z</time>
      </trkpt>
      <trkpt lat="42.606524331495166" lon="-0.1284781973809004">
        <ele>1056.4</ele>
        <time>2026-06-04T10:48:34.000Z</time>
      </trkpt>
      <trkpt lat="42.60652962885797" lon="-0.1284765042364598">
        <ele>1056.7</ele>
        <time>2026-06-04T10:48:41.000Z</time>
      </trkpt>
      <trkpt lat="42.60653150640428" lon="-0.12847460992634302">
        <ele>1057.1</ele>
        <time>2026-06-04T10:48:46.000Z</time>
      </trkpt>
      <trkpt lat="42.60653536207974" lon="-0.1284727994352578">
        <ele>1057.5</ele>
        <time>2026-06-04T10:48:53.000Z</time>
      </trkpt>
      <trkpt lat="42.60654013976455" lon="-0.1284683905541896">
        <ele>1057.9</ele>
        <time>2026-06-04T10:48:56.000Z</time>
      </trkpt>
      <trkpt lat="42.606544230133295" lon="-0.1284647863358258">
        <ele>1058.3</ele>
        <time>2026-06-04T10:49:04.000Z</time>
      </trkpt>
      <trkpt lat="42.606547901406884" lon="-0.128453755751252">
        <ele>1058.6</ele>
        <time>2026-06-04T10:49:08.000Z</time>
      </trkpt>
      <trkpt lat="42.60655130445957" lon="-0.12843538261950002">
        <ele>1059</ele>
        <time>2026-06-04T10:49:10.000Z</time>
      </trkpt>
      <trkpt lat="42.60655225999653" lon="-0.1284149307757616">
        <ele>1059.4</ele>
        <time>2026-06-04T10:49:16.000Z</time>
      </trkpt>
      <trkpt lat="42.60655076801777" lon="-0.1283958870917558">
        <ele>1059.8</ele>
        <time>2026-06-04T10:49:21.000Z</time>
      </trkpt>
      <trkpt lat="42.60654924251139" lon="-0.1283763069659472">
        <ele>1060.1</ele>
        <time>2026-06-04T10:49:22.000Z</time>
      </trkpt>
      <trkpt lat="42.606547717005014" lon="-0.1283633653074504">
        <ele>1060.4</ele>
        <time>2026-06-04T10:49:28.000Z</time>
      </trkpt>
      <trkpt lat="42.60654625855386" lon="-0.12835739739239238">
        <ele>1060.7</ele>
        <time>2026-06-04T10:49:30.000Z</time>
      </trkpt>
      <trkpt lat="42.60654627531767" lon="-0.1283528544008734">
        <ele>1061</ele>
        <time>2026-06-04T10:49:32.000Z</time>
      </trkpt>
      <trkpt lat="42.606548538431525" lon="-0.12834930047392862">
        <ele>1061.2</ele>
        <time>2026-06-04T10:49:33.000Z</time>
      </trkpt>
      <trkpt lat="42.60655425488949" lon="-0.1283424105495216">
        <ele>1061.5</ele>
        <time>2026-06-04T10:49:35.000Z</time>
      </trkpt>
      <trkpt lat="42.60655997134745" lon="-0.12833614088594922">
        <ele>1061.7</ele>
        <time>2026-06-04T10:49:36.000Z</time>
      </trkpt>
      <trkpt lat="42.6065656542778" lon="-0.12832720577716822">
        <ele>1061.9</ele>
        <time>2026-06-04T10:49:42.000Z</time>
      </trkpt>
      <trkpt lat="42.60657002963126" lon="-0.1283074915409086">
        <ele>1062.1</ele>
        <time>2026-06-04T10:49:47.000Z</time>
      </trkpt>
      <trkpt lat="42.60657344944775" lon="-0.12828615121543402">
        <ele>1062.3</ele>
        <time>2026-06-04T10:49:49.000Z</time>
      </trkpt>
      <trkpt lat="42.60657366737723" lon="-0.12826221249997602">
        <ele>1062.4</ele>
        <time>2026-06-04T10:49:52.000Z</time>
      </trkpt>
      <trkpt lat="42.60657390207052" lon="-0.1282378882169722">
        <ele>1062.6</ele>
        <time>2026-06-04T10:49:54.000Z</time>
      </trkpt>
      <trkpt lat="42.60657413676381" lon="-0.12821673229336739">
        <ele>1062.7</ele>
        <time>2026-06-04T10:50:01.000Z</time>
      </trkpt>
      <trkpt lat="42.6065743714571" lon="-0.12820632196962842">
        <ele>1062.8</ele>
        <time>2026-06-04T10:50:05.000Z</time>
      </trkpt>
      <trkpt lat="42.6065743714571" lon="-0.1281985100358724">
        <ele>1063</ele>
        <time>2026-06-04T10:50:07.000Z</time>
      </trkpt>
      <trkpt lat="42.60657376796007" lon="-0.12819720245897762">
        <ele>1063.1</ele>
        <time>2026-06-04T10:50:12.000Z</time>
      </trkpt>
      <trkpt lat="42.60657303035259" lon="-0.12819673307239998">
        <ele>1063.2</ele>
        <time>2026-06-04T10:50:16.000Z</time>
      </trkpt>
      <trkpt lat="42.60657195746899" lon="-0.1281963307410476">
        <ele>1063.3</ele>
        <time>2026-06-04T10:50:17.000Z</time>
      </trkpt>
      <trkpt lat="42.60657088458538" lon="-0.12819661572575541">
        <ele>1063.4</ele>
        <time>2026-06-04T10:50:18.000Z</time>
      </trkpt>
      <trkpt lat="42.60657004639506" lon="-0.1281969007104632">
        <ele>1063.5</ele>
        <time>2026-06-04T10:50:20.000Z</time>
      </trkpt>
      <trkpt lat="42.60656959377229" lon="-0.12819718569517102">
        <ele>1063.5</ele>
        <time>2026-06-04T10:50:21.000Z</time>
      </trkpt>
      <trkpt lat="42.60656959377229" lon="-0.12819698452949502">
        <ele>1063.6</ele>
        <time>2026-06-04T10:50:25.000Z</time>
      </trkpt>
      <trkpt lat="42.60657006315887" lon="-0.12819470465183241">
        <ele>1063.6</ele>
        <time>2026-06-04T10:50:27.000Z</time>
      </trkpt>
      <trkpt lat="42.606571270152926" lon="-0.1281882673501968">
        <ele>1063.5</ele>
        <time>2026-06-04T10:50:29.000Z</time>
      </trkpt>
      <trkpt lat="42.60657247714698" lon="-0.1281818300485612">
        <ele>1063.4</ele>
        <time>2026-06-04T10:50:31.000Z</time>
      </trkpt>
      <trkpt lat="42.60657368414104" lon="-0.1281753927469256">
        <ele>1063.3</ele>
        <time>2026-06-04T10:50:38.000Z</time>
      </trkpt>
      <trkpt lat="42.60657415352762" lon="-0.12816991098225142">
        <ele>1063.1</ele>
        <time>2026-06-04T10:50:44.000Z</time>
      </trkpt>
      <trkpt lat="42.60657423734665" lon="-0.1281665079295638">
        <ele>1063</ele>
        <time>2026-06-04T10:50:46.000Z</time>
      </trkpt>
      <trkpt lat="42.6065735835582" lon="-0.1281672623008492">
        <ele>1062.9</ele>
        <time>2026-06-04T10:50:54.000Z</time>
      </trkpt>
      <trkpt lat="42.606572929769754" lon="-0.1281680166721346">
        <ele>1062.7</ele>
        <time>2026-06-04T10:50:56.000Z</time>
      </trkpt>
      <trkpt lat="42.606572426855564" lon="-0.12816781550645842">
        <ele>1062.5</ele>
        <time>2026-06-04T10:51:05.000Z</time>
      </trkpt>
      <trkpt lat="42.60657017418623" lon="-0.12811254372368808">
        <ele>1049.6149647049906</ele>
        <time>2026-06-04T10:51:14.663Z</time>
      </trkpt>
      <trkpt lat="42.60656599676099" lon="-0.12797065124561868">
        <ele>1045.062726263164</ele>
        <time>2026-06-04T10:51:39.453Z</time>
      </trkpt>
      <trkpt lat="42.60656599676099" lon="-0.1278259209190935">
        <ele>1040.284163111941</ele>
        <time>2026-06-04T10:52:04.719Z</time>
      </trkpt>
      <trkpt lat="42.60659315001914" lon="-0.1277776774768995">
        <ele>1041.9531326365086</ele>
        <time>2026-06-04T10:52:15.321Z</time>
      </trkpt>
      <trkpt lat="42.60660777099986" lon="-0.12766983919411246">
        <ele>1039.5047586299945</ele>
        <time>2026-06-04T10:52:34.463Z</time>
      </trkpt>
      <trkpt lat="42.60663701295016" lon="-0.1275790280078013">
        <ele>1039.085900011769</ele>
        <time>2026-06-04T10:52:51.767Z</time>
      </trkpt>
      <trkpt lat="42.60665581133969" lon="-0.12751091961953875">
        <ele>1038.6650785894888</ele>
        <time>2026-06-04T10:53:04.465Z</time>
      </trkpt>
      <trkpt lat="42.606687141976494" lon="-0.12749105467230493">
        <ele>1041.9241327406355</ele>
        <time>2026-06-04T10:53:12.665Z</time>
      </trkpt>
      <trkpt lat="42.60670594035088" lon="-0.12750240607073238">
        <ele>1045.1818613388652</ele>
        <time>2026-06-04T10:53:17.544Z</time>
      </trkpt>
      <trkpt lat="42.606733093548456" lon="-0.12749105467230493">
        <ele>1048.9518117481205</ele>
        <time>2026-06-04T10:53:24.282Z</time>
      </trkpt>
      <trkpt lat="42.606762335439925" lon="-0.12744848692932464">
        <ele>1051.7905650152227</ele>
        <time>2026-06-04T10:53:34.447Z</time>
      </trkpt>
      <trkpt lat="42.606810375660984" lon="-0.12728672950512987">
        <ele>1053.0271997761286</ele>
        <time>2026-06-04T10:54:04.898Z</time>
      </trkpt>
      <trkpt lat="42.606829173998165" lon="-0.12720159401806086">
        <ele>1052.705954714695</ele>
        <time>2026-06-04T10:54:20.414Z</time>
      </trkpt>
      <trkpt lat="42.60682" lon="-0.127194">
        <ele>1045.95</ele>
        <time>2026-06-04T10:54:22.962Z</time>
        <extensions>
          <gpxtpx:TrackPointExtension>
            <gpxtpx:Extensions>
              <highway>path</highway>
            </gpxtpx:Extensions>
          </gpxtpx:TrackPointExtension>
        </extensions>
      </trkpt>
      <trkpt lat="42.606866" lon="-0.127085">
        <ele>1044.99</ele>
        <time>2026-06-04T10:54:44.896Z</time>
        <extensions>
          <gpxtpx:TrackPointExtension>
            <gpxtpx:Extensions>
              <highway>path</highway>
            </gpxtpx:Extensions>
          </gpxtpx:TrackPointExtension>
        </extensions>
      </trkpt>
      <trkpt lat="42.606931" lon="-0.127">
        <ele>1046.66</ele>
        <time>2026-06-04T10:55:06.294Z</time>
        <extensions>
          <gpxtpx:TrackPointExtension>
            <gpxtpx:Extensions>
              <highway>path</highway>
            </gpxtpx:Extensions>
          </gpxtpx:TrackPointExtension>
        </extensions>
      </trkpt>
      <trkpt lat="42.607098" lon="-0.126833">
        <ele>1054.23</ele>
        <time>2026-06-04T10:55:55.477Z</time>
        <extensions>
          <gpxtpx:TrackPointExtension>
            <gpxtpx:Extensions>
              <highway>path</highway>
            </gpxtpx:Extensions>
          </gpxtpx:TrackPointExtension>
        </extensions>
      </trkpt>
      <trkpt lat="42.607229" lon="-0.126796">
        <ele>1056.9</ele>
        <time>2026-06-04T10:56:27.213Z</time>
        <extensions>
          <gpxtpx:TrackPointExtension>
            <gpxtpx:Extensions>
              <highway>path</highway>
            </gpxtpx:Extensions>
          </gpxtpx:TrackPointExtension>
        </extensions>
      </trkpt>
      <trkpt lat="42.607283" lon="-0.126768">
        <ele>1057.79</ele>
        <time>2026-06-04T10:56:40.922Z</time>
        <extensions>
          <gpxtpx:TrackPointExtension>
            <gpxtpx:Extensions>
              <highway>path</highway>
            </gpxtpx:Extensions>
          </gpxtpx:TrackPointExtension>
        </extensions>
      </trkpt>
      <trkpt lat="42.607331" lon="-0.126702">
        <ele>1057.88</ele>
        <time>2026-06-04T10:56:57.120Z</time>
        <extensions>
          <gpxtpx:TrackPointExtension>
            <gpxtpx:Extensions>
              <highway>path</highway>
            </gpxtpx:Extensions>
          </gpxtpx:TrackPointExtension>
        </extensions>
      </trkpt>
      <trkpt lat="42.607385" lon="-0.126682">
        <ele>1059.04</ele>
        <time>2026-06-04T10:57:10.395Z</time>
        <extensions>
          <gpxtpx:TrackPointExtension>
            <gpxtpx:Extensions>
              <highway>path</highway>
            </gpxtpx:Extensions>
          </gpxtpx:TrackPointExtension>
        </extensions>
      </trkpt>
      <trkpt lat="42.607426" lon="-0.126679">
        <ele>1060.16</ele>
        <time>2026-06-04T10:57:20.133Z</time>
        <extensions>
          <gpxtpx:TrackPointExtension>
            <gpxtpx:Extensions>
              <highway>path</highway>
            </gpxtpx:Extensions>
          </gpxtpx:TrackPointExtension>
        </extensions>
      </trkpt>
      <trkpt lat="42.607679" lon="-0.126703">
        <ele>1067.78</ele>
        <time>2026-06-04T10:58:20.288Z</time>
        <extensions>
          <gpxtpx:TrackPointExtension>
            <gpxtpx:Extensions>
              <highway>path</highway>
            </gpxtpx:Extensions>
          </gpxtpx:TrackPointExtension>
        </extensions>
      </trkpt>
      <trkpt lat="42.607939" lon="-0.126742">
        <ele>1072.95</ele>
        <time>2026-06-04T10:59:22.332Z</time>
        <extensions>
          <gpxtpx:TrackPointExtension>
            <gpxtpx:Extensions>
              <highway>path</highway>
            </gpxtpx:Extensions>
          </gpxtpx:TrackPointExtension>
        </extensions>
      </trkpt>
      <trkpt lat="42.607997" lon="-0.126751">
        <ele>1074.09</ele>
        <time>2026-06-04T10:59:36.178Z</time>
        <extensions>
          <gpxtpx:TrackPointExtension>
            <gpxtpx:Extensions>
              <highway>path</highway>
              <sac_scale>mountain_hiking</sac_scale>
            </gpxtpx:Extensions>
          </gpxtpx:TrackPointExtension>
        </extensions>
      </trkpt>
      <trkpt lat="42.608068" lon="-0.12678">
        <ele>1072.93</ele>
        <time>2026-06-04T10:59:53.762Z</time>
        <extensions>
          <gpxtpx:TrackPointExtension>
            <gpxtpx:Extensions>
              <highway>path</highway>
              <sac_scale>mountain_hiking</sac_scale>
            </gpxtpx:Extensions>
          </gpxtpx:TrackPointExtension>
        </extensions>
      </trkpt>
      <trkpt lat="42.608144" lon="-0.126777">
        <ele>1071.62</ele>
        <time>2026-06-04T11:00:11.796Z</time>
        <extensions>
          <gpxtpx:TrackPointExtension>
            <gpxtpx:Extensions>
              <highway>path</highway>
              <sac_scale>mountain_hiking</sac_scale>
            </gpxtpx:Extensions>
          </gpxtpx:TrackPointExtension>
        </extensions>
      </trkpt>
      <trkpt lat="42.608248" lon="-0.126707">
        <ele>1069.75</ele>
        <time>2026-06-04T11:00:39.324Z</time>
        <extensions>
          <gpxtpx:TrackPointExtension>
            <gpxtpx:Extensions>
              <highway>path</highway>
              <sac_scale>mountain_hiking</sac_scale>
            </gpxtpx:Extensions>
          </gpxtpx:TrackPointExtension>
        </extensions>
      </trkpt>
      <trkpt lat="42.608427" lon="-0.126617">
        <ele>1066.29</ele>
        <time>2026-06-04T11:01:24.594Z</time>
        <extensions>
          <gpxtpx:TrackPointExtension>
            <gpxtpx:Extensions>
              <highway>path</highway>
              <sac_scale>mountain_hiking</sac_scale>
            </gpxtpx:Extensions>
          </gpxtpx:TrackPointExtension>
        </extensions>
      </trkpt>
      <trkpt lat="42.608507" lon="-0.12656">
        <ele>1064.76</ele>
        <time>2026-06-04T11:01:46.019Z</time>
        <extensions>
          <gpxtpx:TrackPointExtension>
            <gpxtpx:Extensions>
              <highway>path</highway>
              <sac_scale>mountain_hiking</sac_scale>
            </gpxtpx:Extensions>
          </gpxtpx:TrackPointExtension>
        </extensions>
      </trkpt>
      <trkpt lat="42.608593" lon="-0.126476">
        <ele>1063.25</ele>
        <time>2026-06-04T11:02:11.141Z</time>
        <extensions>
          <gpxtpx:TrackPointExtension>
            <gpxtpx:Extensions>
              <highway>path</highway>
              <sac_scale>mountain_hiking</sac_scale>
            </gpxtpx:Extensions>
          </gpxtpx:TrackPointExtension>
        </extensions>
      </trkpt>
      <trkpt lat="42.60861" lon="-0.126309">
        <ele>1062.54</ele>
        <time>2026-06-04T11:02:40.571Z</time>
        <extensions>
          <gpxtpx:TrackPointExtension>
            <gpxtpx:Extensions>
              <highway>path</highway>
              <sac_scale>mountain_hiking</sac_scale>
            </gpxtpx:Extensions>
          </gpxtpx:TrackPointExtension>
        </extensions>
      </trkpt>
      <trkpt lat="42.608557" lon="-0.126238">
        <ele>1062.77</ele>
        <time>2026-06-04T11:02:58.224Z</time>
        <extensions>
          <gpxtpx:TrackPointExtension>
            <gpxtpx:Extensions>
              <highway>path</highway>
              <sac_scale>mountain_hiking</sac_scale>
            </gpxtpx:Extensions>
          </gpxtpx:TrackPointExtension>
        </extensions>
      </trkpt>
      <trkpt lat="42.608541" lon="-0.126146">
        <ele>1062.52</ele>
        <time>2026-06-04T11:03:14.726Z</time>
        <extensions>
          <gpxtpx:TrackPointExtension>
            <gpxtpx:Extensions>
              <highway>path</highway>
              <sac_scale>mountain_hiking</sac_scale>
            </gpxtpx:Extensions>
          </gpxtpx:TrackPointExtension>
        </extensions>
      </trkpt>
      <trkpt lat="42.608499" lon="-0.126005">
        <ele>1062.08</ele>
        <time>2026-06-04T11:03:41.280Z</time>
        <extensions>
          <gpxtpx:TrackPointExtension>
            <gpxtpx:Extensions>
              <highway>path</highway>
              <sac_scale>mountain_hiking</sac_scale>
            </gpxtpx:Extensions>
          </gpxtpx:TrackPointExtension>
        </extensions>
      </trkpt>
      <trkpt lat="42.608389" lon="-0.125968">
        <ele>1062.26</ele>
        <time>2026-06-04T11:04:08.158Z</time>
        <extensions>
          <gpxtpx:TrackPointExtension>
            <gpxtpx:Extensions>
              <highway>path</highway>
              <sac_scale>mountain_hiking</sac_scale>
            </gpxtpx:Extensions>
          </gpxtpx:TrackPointExtension>
        </extensions>
      </trkpt>
      <trkpt lat="42.60826" lon="-0.125907">
        <ele>1062.12</ele>
        <time>2026-06-04T11:04:40.555Z</time>
        <extensions>
          <gpxtpx:TrackPointExtension>
            <gpxtpx:Extensions>
              <highway>path</highway>
              <sac_scale>mountain_hiking</sac_scale>
            </gpxtpx:Extensions>
          </gpxtpx:TrackPointExtension>
        </extensions>
      </trkpt>
      <trkpt lat="42.608077" lon="-0.125717">
        <ele>1058.92</ele>
        <time>2026-06-04T11:05:35.183Z</time>
        <extensions>
          <gpxtpx:TrackPointExtension>
            <gpxtpx:Extensions>
              <highway>path</highway>
              <sac_scale>mountain_hiking</sac_scale>
            </gpxtpx:Extensions>
          </gpxtpx:TrackPointExtension>
        </extensions>
      </trkpt>
      <trkpt lat="42.607977" lon="-0.125641">
        <ele>1057.2</ele>
        <time>2026-06-04T11:06:02.360Z</time>
        <extensions>
          <gpxtpx:TrackPointExtension>
            <gpxtpx:Extensions>
              <highway>path</highway>
              <sac_scale>mountain_hiking</sac_scale>
            </gpxtpx:Extensions>
          </gpxtpx:TrackPointExtension>
        </extensions>
      </trkpt>
      <trkpt lat="42.607739" lon="-0.125547">
        <ele>1046.62</ele>
        <time>2026-06-04T11:07:01.147Z</time>
        <extensions>
          <gpxtpx:TrackPointExtension>
            <gpxtpx:Extensions>
              <highway>path</highway>
              <sac_scale>mountain_hiking</sac_scale>
            </gpxtpx:Extensions>
          </gpxtpx:TrackPointExtension>
        </extensions>
      </trkpt>
      <trkpt lat="42.607524" lon="-0.12549">
        <ele>1035.79</ele>
        <time>2026-06-04T11:07:53.104Z</time>
        <extensions>
          <gpxtpx:TrackPointExtension>
            <gpxtpx:Extensions>
              <highway>path</highway>
              <sac_scale>mountain_hiking</sac_scale>
            </gpxtpx:Extensions>
          </gpxtpx:TrackPointExtension>
        </extensions>
      </trkpt>
      <trkpt lat="42.607481" lon="-0.125441">
        <ele>1032.43</ele>
        <time>2026-06-04T11:08:06.415Z</time>
        <extensions>
          <gpxtpx:TrackPointExtension>
            <gpxtpx:Extensions>
              <highway>path</highway>
              <sac_scale>mountain_hiking</sac_scale>
            </gpxtpx:Extensions>
          </gpxtpx:TrackPointExtension>
        </extensions>
      </trkpt>
      <trkpt lat="42.607435" lon="-0.125388">
        <ele>1028.85</ele>
        <time>2026-06-04T11:08:20.720Z</time>
        <extensions>
          <gpxtpx:TrackPointExtension>
            <gpxtpx:Extensions>
              <highway>path</highway>
              <sac_scale>mountain_hiking</sac_scale>
            </gpxtpx:Extensions>
          </gpxtpx:TrackPointExtension>
        </extensions>
      </trkpt>
      <trkpt lat="42.607349" lon="-0.12535">
        <ele>1023.79</ele>
        <time>2026-06-04T11:08:42.169Z</time>
        <extensions>
          <gpxtpx:TrackPointExtension>
            <gpxtpx:Extensions>
              <highway>path</highway>
              <sac_scale>mountain_hiking</sac_scale>
            </gpxtpx:Extensions>
          </gpxtpx:TrackPointExtension>
        </extensions>
      </trkpt>
      <trkpt lat="42.60721" lon="-0.125335">
        <ele>1016.95</ele>
        <time>2026-06-04T11:09:15.242Z</time>
        <extensions>
          <gpxtpx:TrackPointExtension>
            <gpxtpx:Extensions>
              <highway>path</highway>
              <sac_scale>mountain_hiking</sac_scale>
            </gpxtpx:Extensions>
          </gpxtpx:TrackPointExtension>
        </extensions>
      </trkpt>
      <trkpt lat="42.607122" lon="-0.125275">
        <ele>1010.81</ele>
        <time>2026-06-04T11:09:38.595Z</time>
        <extensions>
          <gpxtpx:TrackPointExtension>
            <gpxtpx:Extensions>
              <highway>path</highway>
              <sac_scale>mountain_hiking</sac_scale>
            </gpxtpx:Extensions>
          </gpxtpx:TrackPointExtension>
        </extensions>
      </trkpt>
      <trkpt lat="42.607121" lon="-0.125195">
        <ele>1008.01</ele>
        <time>2026-06-04T11:09:52.563Z</time>
        <extensions>
          <gpxtpx:TrackPointExtension>
            <gpxtpx:Extensions>
              <highway>path</highway>
              <sac_scale>mountain_hiking</sac_scale>
            </gpxtpx:Extensions>
          </gpxtpx:TrackPointExtension>
        </extensions>
      </trkpt>
      <trkpt lat="42.607144" lon="-0.125135">
        <ele>1007.02</ele>
        <time>2026-06-04T11:10:04.372Z</time>
        <extensions>
          <gpxtpx:TrackPointExtension>
            <gpxtpx:Extensions>
              <highway>path</highway>
              <sac_scale>mountain_hiking</sac_scale>
            </gpxtpx:Extensions>
          </gpxtpx:TrackPointExtension>
        </extensions>
      </trkpt>
      <trkpt lat="42.607187" lon="-0.125054">
        <ele>1006.45</ele>
        <time>2026-06-04T11:10:21.806Z</time>
        <extensions>
          <gpxtpx:TrackPointExtension>
            <gpxtpx:Extensions>
              <highway>path</highway>
              <sac_scale>mountain_hiking</sac_scale>
            </gpxtpx:Extensions>
          </gpxtpx:TrackPointExtension>
        </extensions>
      </trkpt>
      <trkpt lat="42.607176" lon="-0.124998">
        <ele>1004</ele>
        <time>2026-06-04T11:10:31.924Z</time>
        <extensions>
          <gpxtpx:TrackPointExtension>
            <gpxtpx:Extensions>
              <highway>path</highway>
              <sac_scale>mountain_hiking</sac_scale>
            </gpxtpx:Extensions>
          </gpxtpx:TrackPointExtension>
        </extensions>
      </trkpt>
      <trkpt lat="42.607133" lon="-0.124969">
        <ele>1000.84</ele>
        <time>2026-06-04T11:10:43.310Z</time>
        <extensions>
          <gpxtpx:TrackPointExtension>
            <gpxtpx:Extensions>
              <highway>path</highway>
              <sac_scale>mountain_hiking</sac_scale>
            </gpxtpx:Extensions>
          </gpxtpx:TrackPointExtension>
        </extensions>
      </trkpt>
      <trkpt lat="42.607079" lon="-0.124962">
        <ele>997.78</ele>
        <time>2026-06-04T11:10:56.176Z</time>
        <extensions>
          <gpxtpx:TrackPointExtension>
            <gpxtpx:Extensions>
              <highway>path</highway>
              <sac_scale>mountain_hiking</sac_scale>
            </gpxtpx:Extensions>
          </gpxtpx:TrackPointExtension>
        </extensions>
      </trkpt>
      <trkpt lat="42.606857" lon="-0.125086">
        <ele>989.37</ele>
        <time>2026-06-04T11:11:53.108Z</time>
        <extensions>
          <gpxtpx:TrackPointExtension>
            <gpxtpx:Extensions>
              <highway>path</highway>
              <sac_scale>mountain_hiking</sac_scale>
            </gpxtpx:Extensions>
          </gpxtpx:TrackPointExtension>
        </extensions>
      </trkpt>
      <trkpt lat="42.606702" lon="-0.125196">
        <ele>983.87</ele>
        <time>2026-06-04T11:12:34.585Z</time>
        <extensions>
          <gpxtpx:TrackPointExtension>
            <gpxtpx:Extensions>
              <highway>path</highway>
              <sac_scale>mountain_hiking</sac_scale>
            </gpxtpx:Extensions>
          </gpxtpx:TrackPointExtension>
        </extensions>
      </trkpt>
      <trkpt lat="42.606632" lon="-0.125381">
        <ele>985.39</ele>
        <time>2026-06-04T11:13:10.899Z</time>
        <extensions>
          <gpxtpx:TrackPointExtension>
            <gpxtpx:Extensions>
              <highway>path</highway>
              <sac_scale>mountain_hiking</sac_scale>
            </gpxtpx:Extensions>
          </gpxtpx:TrackPointExtension>
        </extensions>
      </trkpt>
      <trkpt lat="42.60656" lon="-0.12563">
        <ele>988.36</ele>
        <time>2026-06-04T11:13:57.602Z</time>
        <extensions>
          <gpxtpx:TrackPointExtension>
            <gpxtpx:Extensions>
              <highway>path</highway>
              <sac_scale>mountain_hiking</sac_scale>
            </gpxtpx:Extensions>
          </gpxtpx:TrackPointExtension>
        </extensions>
      </trkpt>
      <trkpt lat="42.606494" lon="-0.125742">
        <ele>987.46</ele>
        <time>2026-06-04T11:14:22.649Z</time>
        <extensions>
          <gpxtpx:TrackPointExtension>
            <gpxtpx:Extensions>
              <highway>path</highway>
              <sac_scale>mountain_hiking</sac_scale>
            </gpxtpx:Extensions>
          </gpxtpx:TrackPointExtension>
        </extensions>
      </trkpt>
      <trkpt lat="42.606426" lon="-0.125914">
        <ele>986.93</ele>
        <time>2026-06-04T11:14:56.733Z</time>
        <extensions>
          <gpxtpx:TrackPointExtension>
            <gpxtpx:Extensions>
              <highway>path</highway>
              <sac_scale>mountain_hiking</sac_scale>
            </gpxtpx:Extensions>
          </gpxtpx:TrackPointExtension>
        </extensions>
      </trkpt>
      <trkpt lat="42.606308" lon="-0.126129">
        <ele>981.16</ele>
        <time>2026-06-04T11:15:43.553Z</time>
        <extensions>
          <gpxtpx:TrackPointExtension>
            <gpxtpx:Extensions>
              <highway>path</highway>
              <sac_scale>mountain_hiking</sac_scale>
            </gpxtpx:Extensions>
          </gpxtpx:TrackPointExtension>
        </extensions>
      </trkpt>
      <trkpt lat="42.606074" lon="-0.126332">
        <ele>980.13</ele>
        <time>2026-06-04T11:16:49.404Z</time>
        <extensions>
          <gpxtpx:TrackPointExtension>
            <gpxtpx:Extensions>
              <highway>path</highway>
              <sac_scale>mountain_hiking</sac_scale>
            </gpxtpx:Extensions>
          </gpxtpx:TrackPointExtension>
        </extensions>
      </trkpt>
      <trkpt lat="42.605795" lon="-0.126557">
        <ele>987.37</ele>
        <time>2026-06-04T11:18:06.359Z</time>
        <extensions>
          <gpxtpx:TrackPointExtension>
            <gpxtpx:Extensions>
              <highway>path</highway>
              <sac_scale>mountain_hiking</sac_scale>
            </gpxtpx:Extensions>
          </gpxtpx:TrackPointExtension>
        </extensions>
      </trkpt>
      <trkpt lat="42.605767" lon="-0.12653">
        <ele>986.84</ele>
        <time>2026-06-04T11:18:14.503Z</time>
        <extensions>
          <gpxtpx:TrackPointExtension>
            <gpxtpx:Extensions>
              <highway>path</highway>
              <sac_scale>mountain_hiking</sac_scale>
            </gpxtpx:Extensions>
          </gpxtpx:TrackPointExtension>
        </extensions>
      </trkpt>
      <trkpt lat="42.605764" lon="-0.126469">
        <ele>984.83</ele>
        <time>2026-06-04T11:18:25.176Z</time>
        <extensions>
          <gpxtpx:TrackPointExtension>
            <gpxtpx:Extensions>
              <highway>path</highway>
              <sac_scale>mountain_hiking</sac_scale>
            </gpxtpx:Extensions>
          </gpxtpx:TrackPointExtension>
        </extensions>
      </trkpt>
      <trkpt lat="42.60574" lon="-0.12638">
        <ele>981.97</ele>
        <time>2026-06-04T11:18:41.723Z</time>
        <extensions>
          <gpxtpx:TrackPointExtension>
            <gpxtpx:Extensions>
              <highway>path</highway>
              <sac_scale>mountain_hiking</sac_scale>
            </gpxtpx:Extensions>
          </gpxtpx:TrackPointExtension>
        </extensions>
      </trkpt>
      <trkpt lat="42.605754" lon="-0.126265">
        <ele>978.06</ele>
        <time>2026-06-04T11:19:02.072Z</time>
        <extensions>
          <gpxtpx:TrackPointExtension>
            <gpxtpx:Extensions>
              <highway>path</highway>
              <sac_scale>mountain_hiking</sac_scale>
            </gpxtpx:Extensions>
          </gpxtpx:TrackPointExtension>
        </extensions>
      </trkpt>
      <trkpt lat="42.605726" lon="-0.126241">
        <ele>977.15</ele>
        <time>2026-06-04T11:19:09.924Z</time>
        <extensions>
          <gpxtpx:TrackPointExtension>
            <gpxtpx:Extensions>
              <highway>path</highway>
              <sac_scale>mountain_hiking</sac_scale>
            </gpxtpx:Extensions>
          </gpxtpx:TrackPointExtension>
        </extensions>
      </trkpt>
      <trkpt lat="42.605678" lon="-0.126284">
        <ele>978.56</ele>
        <time>2026-06-04T11:19:23.561Z</time>
        <extensions>
          <gpxtpx:TrackPointExtension>
            <gpxtpx:Extensions>
              <highway>path</highway>
              <sac_scale>mountain_hiking</sac_scale>
            </gpxtpx:Extensions>
          </gpxtpx:TrackPointExtension>
        </extensions>
      </trkpt>
      <trkpt lat="42.605653" lon="-0.126274">
        <ele>978.16</ele>
        <time>2026-06-04T11:19:29.742Z</time>
        <extensions>
          <gpxtpx:TrackPointExtension>
            <gpxtpx:Extensions>
              <highway>path</highway>
              <sac_scale>mountain_hiking</sac_scale>
            </gpxtpx:Extensions>
          </gpxtpx:TrackPointExtension>
        </extensions>
      </trkpt>
      <trkpt lat="42.605645" lon="-0.126217">
        <ele>975.89</ele>
        <time>2026-06-04T11:19:39.872Z</time>
        <extensions>
          <gpxtpx:TrackPointExtension>
            <gpxtpx:Extensions>
              <highway>path</highway>
              <sac_scale>mountain_hiking</sac_scale>
            </gpxtpx:Extensions>
          </gpxtpx:TrackPointExtension>
        </extensions>
      </trkpt>
      <trkpt lat="42.605596" lon="-0.126185">
        <ele>974.33</ele>
        <time>2026-06-04T11:19:52.767Z</time>
        <extensions>
          <gpxtpx:TrackPointExtension>
            <gpxtpx:Extensions>
              <highway>path</highway>
              <sac_scale>mountain_hiking</sac_scale>
            </gpxtpx:Extensions>
          </gpxtpx:TrackPointExtension>
        </extensions>
      </trkpt>
      <trkpt lat="42.605546" lon="-0.126181">
        <ele>973.83</ele>
        <time>2026-06-04T11:20:04.647Z</time>
        <extensions>
          <gpxtpx:TrackPointExtension>
            <gpxtpx:Extensions>
              <highway>path</highway>
              <sac_scale>mountain_hiking</sac_scale>
            </gpxtpx:Extensions>
          </gpxtpx:TrackPointExtension>
        </extensions>
      </trkpt>
      <trkpt lat="42.605493" lon="-0.126102">
        <ele>969.8</ele>
        <time>2026-06-04T11:20:23.308Z</time>
        <extensions>
          <gpxtpx:TrackPointExtension>
            <gpxtpx:Extensions>
              <highway>path</highway>
              <sac_scale>mountain_hiking</sac_scale>
            </gpxtpx:Extensions>
          </gpxtpx:TrackPointExtension>
        </extensions>
      </trkpt>
      <trkpt lat="42.605476" lon="-0.126022">
        <ele>965.87</ele>
        <time>2026-06-04T11:20:37.844Z</time>
        <extensions>
          <gpxtpx:TrackPointExtension>
            <gpxtpx:Extensions>
              <highway>path</highway>
              <sac_scale>mountain_hiking</sac_scale>
            </gpxtpx:Extensions>
          </gpxtpx:TrackPointExtension>
        </extensions>
      </trkpt>
      <trkpt lat="42.605466" lon="-0.125888">
        <ele>959.34</ele>
        <time>2026-06-04T11:21:01.357Z</time>
        <extensions>
          <gpxtpx:TrackPointExtension>
            <gpxtpx:Extensions>
              <highway>path</highway>
              <sac_scale>mountain_hiking</sac_scale>
            </gpxtpx:Extensions>
          </gpxtpx:TrackPointExtension>
        </extensions>
      </trkpt>
      <trkpt lat="42.60544" lon="-0.125767">
        <ele>954.22</ele>
        <time>2026-06-04T11:21:23.362Z</time>
        <extensions>
          <gpxtpx:TrackPointExtension>
            <gpxtpx:Extensions>
              <highway>path</highway>
              <sac_scale>mountain_hiking</sac_scale>
            </gpxtpx:Extensions>
          </gpxtpx:TrackPointExtension>
        </extensions>
      </trkpt>
      <trkpt lat="42.605344" lon="-0.125607">
        <ele>950.76</ele>
        <time>2026-06-04T11:21:59.399Z</time>
        <extensions>
          <gpxtpx:TrackPointExtension>
            <gpxtpx:Extensions>
              <highway>path</highway>
              <sac_scale>mountain_hiking</sac_scale>
            </gpxtpx:Extensions>
          </gpxtpx:TrackPointExtension>
        </extensions>
      </trkpt>
      <trkpt lat="42.605296" lon="-0.125554">
        <ele>949.96</ele>
        <time>2026-06-04T11:22:14.069Z</time>
        <extensions>
          <gpxtpx:TrackPointExtension>
            <gpxtpx:Extensions>
              <highway>path</highway>
              <sac_scale>mountain_hiking</sac_scale>
            </gpxtpx:Extensions>
          </gpxtpx:TrackPointExtension>
        </extensions>
      </trkpt>
      <trkpt lat="42.605179" lon="-0.125339">
        <ele>944.26</ele>
        <time>2026-06-04T11:23:00.748Z</time>
        <extensions>
          <gpxtpx:TrackPointExtension>
            <gpxtpx:Extensions>
              <highway>path</highway>
              <sac_scale>mountain_hiking</sac_scale>
            </gpxtpx:Extensions>
          </gpxtpx:TrackPointExtension>
        </extensions>
      </trkpt>
      <trkpt lat="42.605152" lon="-0.125222">
        <ele>940.21</ele>
        <time>2026-06-04T11:23:22.154Z</time>
        <extensions>
          <gpxtpx:TrackPointExtension>
            <gpxtpx:Extensions>
              <highway>path</highway>
              <sac_scale>mountain_hiking</sac_scale>
            </gpxtpx:Extensions>
          </gpxtpx:TrackPointExtension>
        </extensions>
      </trkpt>
      <trkpt lat="42.605152" lon="-0.125086">
        <ele>934.94</ele>
        <time>2026-06-04T11:23:45.896Z</time>
        <extensions>
          <gpxtpx:TrackPointExtension>
            <gpxtpx:Extensions>
              <highway>path</highway>
              <sac_scale>mountain_hiking</sac_scale>
            </gpxtpx:Extensions>
          </gpxtpx:TrackPointExtension>
        </extensions>
      </trkpt>
      <trkpt lat="42.605138" lon="-0.125022">
        <ele>932.57</ele>
        <time>2026-06-04T11:23:57.552Z</time>
        <extensions>
          <gpxtpx:TrackPointExtension>
            <gpxtpx:Extensions>
              <highway>path</highway>
              <sac_scale>mountain_hiking</sac_scale>
            </gpxtpx:Extensions>
          </gpxtpx:TrackPointExtension>
        </extensions>
      </trkpt>
      <trkpt lat="42.605079" lon="-0.124986">
        <ele>932.29</ele>
        <time>2026-06-04T11:24:12.892Z</time>
        <extensions>
          <gpxtpx:TrackPointExtension>
            <gpxtpx:Extensions>
              <highway>path</highway>
              <sac_scale>mountain_hiking</sac_scale>
            </gpxtpx:Extensions>
          </gpxtpx:TrackPointExtension>
        </extensions>
      </trkpt>
      <trkpt lat="42.605027" lon="-0.124924">
        <ele>931.15</ele>
        <time>2026-06-04T11:24:29.301Z</time>
        <extensions>
          <gpxtpx:TrackPointExtension>
            <gpxtpx:Extensions>
              <highway>path</highway>
              <sac_scale>mountain_hiking</sac_scale>
            </gpxtpx:Extensions>
          </gpxtpx:TrackPointExtension>
        </extensions>
      </trkpt>
      <trkpt lat="42.605003" lon="-0.124744">
        <ele>926.34</ele>
        <time>2026-06-04T11:25:01.236Z</time>
        <extensions>
          <gpxtpx:TrackPointExtension>
            <gpxtpx:Extensions>
              <highway>path</highway>
              <sac_scale>mountain_hiking</sac_scale>
            </gpxtpx:Extensions>
          </gpxtpx:TrackPointExtension>
        </extensions>
      </trkpt>
      <trkpt lat="42.604985" lon="-0.124708">
        <ele>925.49</ele>
        <time>2026-06-04T11:25:08.833Z</time>
        <extensions>
          <gpxtpx:TrackPointExtension>
            <gpxtpx:Extensions>
              <highway>path</highway>
              <sac_scale>mountain_hiking</sac_scale>
            </gpxtpx:Extensions>
          </gpxtpx:TrackPointExtension>
        </extensions>
      </trkpt>
      <trkpt lat="42.604848" lon="-0.12464">
        <ele>924.82</ele>
        <time>2026-06-04T11:25:43.428Z</time>
        <extensions>
          <gpxtpx:TrackPointExtension>
            <gpxtpx:Extensions>
              <highway>path</highway>
              <sac_scale>mountain_hiking</sac_scale>
            </gpxtpx:Extensions>
          </gpxtpx:TrackPointExtension>
        </extensions>
      </trkpt>
      <trkpt lat="42.604837" lon="-0.124622">
        <ele>924.41</ele>
        <time>2026-06-04T11:25:47.512Z</time>
        <extensions>
          <gpxtpx:TrackPointExtension>
            <gpxtpx:Extensions>
              <highway>path</highway>
              <sac_scale>mountain_hiking</sac_scale>
            </gpxtpx:Extensions>
          </gpxtpx:TrackPointExtension>
        </extensions>
      </trkpt>
      <trkpt lat="42.604838" lon="-0.124498">
        <ele>920.74</ele>
        <time>2026-06-04T11:26:09.161Z</time>
        <extensions>
          <gpxtpx:TrackPointExtension>
            <gpxtpx:Extensions>
              <highway>path</highway>
              <sac_scale>mountain_hiking</sac_scale>
            </gpxtpx:Extensions>
          </gpxtpx:TrackPointExtension>
        </extensions>
      </trkpt>
      <trkpt lat="42.604763" lon="-0.124459">
        <ele>920.19</ele>
        <time>2026-06-04T11:26:28.208Z</time>
        <extensions>
          <gpxtpx:TrackPointExtension>
            <gpxtpx:Extensions>
              <highway>path</highway>
              <sac_scale>mountain_hiking</sac_scale>
            </gpxtpx:Extensions>
          </gpxtpx:TrackPointExtension>
        </extensions>
      </trkpt>
      <trkpt lat="42.604695" lon="-0.124293">
        <ele>915.68</ele>
        <time>2026-06-04T11:27:01.374Z</time>
        <extensions>
          <gpxtpx:TrackPointExtension>
            <gpxtpx:Extensions>
              <highway>path</highway>
              <sac_scale>mountain_hiking</sac_scale>
            </gpxtpx:Extensions>
          </gpxtpx:TrackPointExtension>
        </extensions>
      </trkpt>
      <trkpt lat="42.604638" lon="-0.124194">
        <ele>912.97</ele>
        <time>2026-06-04T11:27:23.317Z</time>
        <extensions>
          <gpxtpx:TrackPointExtension>
            <gpxtpx:Extensions>
              <highway>service</highway>
            </gpxtpx:Extensions>
          </gpxtpx:TrackPointExtension>
        </extensions>
      </trkpt>
      <trkpt lat="42.604565" lon="-0.12427">
        <ele>916.13</ele>
        <time>2026-06-04T11:27:45.130Z</time>
        <extensions>
          <gpxtpx:TrackPointExtension>
            <gpxtpx:Extensions>
              <highway>service</highway>
            </gpxtpx:Extensions>
          </gpxtpx:TrackPointExtension>
        </extensions>
      </trkpt>
      <trkpt lat="42.604476" lon="-0.124526">
        <ele>925.45</ele>
        <time>2026-06-04T11:28:34.557Z</time>
        <extensions>
          <gpxtpx:TrackPointExtension>
            <gpxtpx:Extensions>
              <highway>service</highway>
            </gpxtpx:Extensions>
          </gpxtpx:TrackPointExtension>
        </extensions>
      </trkpt>
    </trkseg>
  </trk>
</gpx>
