<?xml version="1.0" encoding="utf-16"?>
<gpx xmlns:xsi="http://www.w3.org/2001/XMLSchema-instance" xmlns:xsd="http://www.w3.org/2001/XMLSchema" version="1.1" creator="gpxfix.eu" xmlns="http://www.topografix.com/GPX/1/1">
  <metadata>
    <name>2026-05-24 Barranco del río Infierno</name>
    <desc>Created with gpxfix.eu</desc>
    <author>
      <name>Created with gpxfix.eu</name>
      <link href="https://www.gpxfix.eu/">
        <text>gpxfix.eu</text>
      </link>
    </author>
    <link href="http://www.garmin.com">
      <text>Garmin International</text>
    </link>
  </metadata>
  <wpt lat="43.248016984378864" lon="-5.317501870538877">
    <ele>632.8</ele>
    <name>Punto de entrada superior</name>
    <sym>Information</sym>
  </wpt>
  <wpt lat="43.247695" lon="-5.316898">
    <ele>638.0</ele>
    <name>Salto 2 metros</name>
    <sym>Alert</sym>
  </wpt>
  <wpt lat="43.2478" lon="-5.316989">
    <ele>637.1</ele>
    <name>Tobogán 1m - Salto 1m izquierda</name>
    <sym>Information</sym>
  </wpt>
  <wpt lat="43.248049" lon="-5.317236">
    <ele>635.1</ele>
    <name>No hacer tobogán</name>
    <sym>Alert</sym>
  </wpt>
  <wpt lat="43.248107" lon="-5.31748">
    <ele>630.9</ele>
    <name>Tobogán 1m</name>
    <sym>Information</sym>
  </wpt>
  <wpt lat="43.249733" lon="-5.319784">
    <ele>604.9</ele>
    <name>Entrada al barranco inferior</name>
    <sym>Information</sym>
  </wpt>
  <wpt lat="43.252337" lon="-5.319633">
    <ele>595.8</ele>
    <name>Tobodestrepe derecha 5m</name>
    <sym>Alert</sym>
  </wpt>
  <wpt lat="43.252466" lon="-5.319669">
    <ele>590.8</ele>
    <name>Salto 2m</name>
    <sym>Alert</sym>
  </wpt>
  <wpt lat="43.252560054643794" lon="-5.3195832935989245">
    <ele>587.7</ele>
    <name>Salto por izquierda 4m - Salto por curso del río 4m</name>
    <sym>Alert</sym>
  </wpt>
  <wpt lat="43.253086" lon="-5.319517">
    <ele>575.3</ele>
    <name>Destrepe</name>
    <sym>Alert</sym>
  </wpt>
  <wpt lat="43.25334" lon="-5.319531">
    <ele>572.6</ele>
    <name>Salto izquierda 4m</name>
    <sym>Alert</sym>
  </wpt>
  <wpt lat="43.253836" lon="-5.319486">
    <ele>565.5</ele>
    <name>Tobogán derecha 8m</name>
    <sym>Alert</sym>
  </wpt>
  <wpt lat="43.254028" lon="-5.319194">
    <ele>560.6</ele>
    <name>Salto 3m</name>
    <sym>Alert</sym>
  </wpt>
  <wpt lat="43.254329" lon="-5.318774">
    <ele>549.4</ele>
    <name>Destrepe izquierda complicado - Por derecha más sencillo</name>
    <sym>Alert</sym>
  </wpt>
  <wpt lat="43.254371" lon="-5.318728">
    <ele>548.1</ele>
    <name>Destrepe 3m</name>
    <sym>Alert</sym>
  </wpt>
  <wpt lat="43.25462338073223" lon="-5.3185920306446235">
    <ele>545.4</ele>
    <name>Tobogán 8m</name>
    <sym>Alert</sym>
  </wpt>
  <wpt lat="43.255231" lon="-5.317875">
    <ele>537.0</ele>
    <name>Paso para ganaderos</name>
    <sym>Information</sym>
  </wpt>
  <wpt lat="43.255592" lon="-5.317997">
    <ele>546.2</ele>
    <name>Tobogán derecha 8m</name>
    <sym>Alert</sym>
  </wpt>
  <wpt lat="43.256081" lon="-5.317364">
    <ele>530.9</ele>
    <name>Salto 1 m</name>
    <sym>Alert</sym>
  </wpt>
  <wpt lat="43.25652137614364" lon="-5.317179956586244">
    <ele>522.9</ele>
    <name>Destrepe por la derecha</name>
    <sym>Alert</sym>
  </wpt>
  <wpt lat="43.256711" lon="-5.317183">
    <ele>519.2</ele>
    <name>Salto derecha 1m</name>
    <sym>Alert</sym>
  </wpt>
  <wpt lat="43.257378" lon="-5.318366">
    <ele>510.6</ele>
    <name>Canal estrecha</name>
    <sym>Alert</sym>
  </wpt>
  <wpt lat="43.257625" lon="-5.318792">
    <ele>507.4</ele>
    <name>Destrepe por derecha jodido - Destrepe por derecha menos jodido</name>
    <sym>Alert</sym>
  </wpt>
  <wpt lat="43.258881" lon="-5.322706">
    <ele>481.0</ele>
    <name>Salto 7m</name>
    <sym>Alert</sym>
  </wpt>
  <wpt lat="43.259686" lon="-5.323674">
    <ele>471.1</ele>
    <name>Sendero lateral al río</name>
    <sym>Information</sym>
  </wpt>
  <wpt lat="43.266042" lon="-5.335794">
    <ele>404.1</ele>
    <name>Salto 2m</name>
    <sym>Alert</sym>
  </wpt>
  <wpt lat="43.261173" lon="-5.326732">
    <ele>448.4</ele>
    <name>Salida hacia la pista por El Munizón</name>
    <desc />
    <sym>Information</sym>
  </wpt>
  <wpt lat="43.266156" lon="-5.335772">
    <ele>402.0</ele>
    <name>Tobogán 6m izquierda</name>
    <sym>Alert</sym>
  </wpt>
  <wpt lat="43.266442" lon="-5.336228">
    <ele>400.4</ele>
    <name>Salto 10m</name>
    <sym>Alert</sym>
  </wpt>
  <wpt lat="43.266733" lon="-5.336184">
    <ele>394.7</ele>
    <name>Fin del barranco</name>
    <sym>Information</sym>
  </wpt>
  <wpt lat="43.266153" lon="-5.33546">
    <ele>403.1</ele>
    <name>Area recreativa</name>
    <sym>Picnic Area</sym>
  </wpt>
  <trk>
    <name>2026-05-24 Barranco del río Infierno</name>
    <desc>https://gpxfix.eu - The free Strava activity repair and GPX export tool</desc>
    <type>Walk</type>
    <trkseg>
      <trkpt lat="43.26614641584456" lon="-5.335550839081407">
        <ele>402.1</ele>
      </trkpt>
      <trkpt lat="43.26618111692369" lon="-5.3355621127411725">
        <ele>402.1</ele>
      </trkpt>
      <trkpt lat="43.26621581800282" lon="-5.335573386400938">
        <ele>402.0</ele>
      </trkpt>
      <trkpt lat="43.26622545719147" lon="-5.335608087480068">
        <ele>401.7</ele>
      </trkpt>
      <trkpt lat="43.26621623709798" lon="-5.33561403863132">
        <ele>401.7</ele>
      </trkpt>
      <trkpt lat="43.26622671447694" lon="-5.335645722225308">
        <ele>401.4</ele>
      </trkpt>
      <trkpt lat="43.2662358507514" lon="-5.335670029744506">
        <ele>401.2</ele>
      </trkpt>
      <trkpt lat="43.26628781855106" lon="-5.335735660046339">
        <ele>400.7</ele>
      </trkpt>
      <trkpt lat="43.26628438197076" lon="-5.335740689188242">
        <ele>400.7</ele>
      </trkpt>
      <trkpt lat="43.26627189293504" lon="-5.335755608975887">
        <ele>400.7</ele>
      </trkpt>
      <trkpt lat="43.266263008117676" lon="-5.335749825462699">
        <ele>400.8</ele>
      </trkpt>
      <trkpt lat="43.266221014782786" lon="-5.33582367002964">
        <ele>401.5</ele>
      </trkpt>
      <trkpt lat="43.266191091388464" lon="-5.335878990590572">
        <ele>402.7</ele>
      </trkpt>
      <trkpt lat="43.26617432758212" lon="-5.335880583152175">
        <ele>403.1</ele>
      </trkpt>
      <trkpt lat="43.2661700528115" lon="-5.335881002247334">
        <ele>403.2</ele>
      </trkpt>
      <trkpt lat="43.2661615870893" lon="-5.335896760225296">
        <ele>403.6</ele>
      </trkpt>
      <trkpt lat="43.26611012220383" lon="-5.335939759388566">
        <ele>405.9</ele>
      </trkpt>
      <trkpt lat="43.26610693708062" lon="-5.335943447425962">
        <ele>406.1</ele>
      </trkpt>
      <trkpt lat="43.26610668562353" lon="-5.335980243980885">
        <ele>407.2</ele>
      </trkpt>
      <trkpt lat="43.26608095318079" lon="-5.33598342910409">
        <ele>408.1</ele>
      </trkpt>
      <trkpt lat="43.26604692265391" lon="-5.335979992523789">
        <ele>409.3</ele>
      </trkpt>
      <trkpt lat="43.26602580025792" lon="-5.335976053029299">
        <ele>409.9</ele>
      </trkpt>
      <trkpt lat="43.26596519909799" lon="-5.335956104099751">
        <ele>411.3</ele>
      </trkpt>
      <trkpt lat="43.26589076779783" lon="-5.335931712761521">
        <ele>412.9</ele>
      </trkpt>
      <trkpt lat="43.265871573239565" lon="-5.335920313373208">
        <ele>413.1</ele>
      </trkpt>
      <trkpt lat="43.26584164984524" lon="-5.335884690284729">
        <ele>412.7</ele>
      </trkpt>
      <trkpt lat="43.26582823880017" lon="-5.335843954235315">
        <ele>411.2</ele>
      </trkpt>
      <trkpt lat="43.26578440144658" lon="-5.335789220407605">
        <ele>410.9</ele>
      </trkpt>
      <trkpt lat="43.2657781150192" lon="-5.335777821019292">
        <ele>410.7</ele>
      </trkpt>
      <trkpt lat="43.26574022881687" lon="-5.335712609812617">
        <ele>410.1</ele>
      </trkpt>
      <trkpt lat="43.265724722296" lon="-5.335689643397927">
        <ele>410.1</ele>
      </trkpt>
      <trkpt lat="43.26566889882088" lon="-5.335606914013624">
        <ele>410.2</ele>
      </trkpt>
      <trkpt lat="43.26566210947931" lon="-5.335597861558199">
        <ele>410.3</ele>
      </trkpt>
      <trkpt lat="43.26559614390135" lon="-5.33553633838892">
        <ele>411.7</ele>
      </trkpt>
      <trkpt lat="43.265530010685325" lon="-5.335492081940174">
        <ele>413.6</ele>
      </trkpt>
      <trkpt lat="43.26552699320018" lon="-5.335487890988588">
        <ele>413.6</ele>
      </trkpt>
      <trkpt lat="43.26546077616513" lon="-5.335420751944184">
        <ele>414.7</ele>
      </trkpt>
      <trkpt lat="43.26542163267732" lon="-5.335384039208293">
        <ele>415.5</ele>
      </trkpt>
      <trkpt lat="43.265377124771476" lon="-5.335349086672068">
        <ele>416.5</ele>
      </trkpt>
      <trkpt lat="43.26532758772373" lon="-5.335311032831669">
        <ele>417.7</ele>
      </trkpt>
      <trkpt lat="43.26528064906597" lon="-5.335237020626664">
        <ele>418.0</ele>
      </trkpt>
      <trkpt lat="43.26524284668267" lon="-5.335149262100458">
        <ele>417.8</ele>
      </trkpt>
      <trkpt lat="43.26521216891706" lon="-5.335096539929509">
        <ele>418.4</ele>
      </trkpt>
      <trkpt lat="43.26520571485162" lon="-5.335083464160562">
        <ele>418.5</ele>
      </trkpt>
      <trkpt lat="43.26519129797816" lon="-5.335053624585271">
        <ele>418.7</ele>
      </trkpt>
      <trkpt lat="43.26515098102391" lon="-5.334972068667412">
        <ele>419.2</ele>
      </trkpt>
      <trkpt lat="43.26511745341122" lon="-5.334902834147215">
        <ele>419.3</ele>
      </trkpt>
      <trkpt lat="43.265080992132425" lon="-5.334836700931191">
        <ele>419.4</ele>
      </trkpt>
      <trkpt lat="43.26506607234478" lon="-5.334806190803647">
        <ele>419.3</ele>
      </trkpt>
      <trkpt lat="43.26502441428602" lon="-5.334687503054738">
        <ele>418.1</ele>
      </trkpt>
      <trkpt lat="43.26495710760355" lon="-5.334593541920185">
        <ele>418.4</ele>
      </trkpt>
      <trkpt lat="43.264938835054636" lon="-5.334574514999986">
        <ele>418.7</ele>
      </trkpt>
      <trkpt lat="43.2648940756917" lon="-5.334480805322528">
        <ele>417.9</ele>
      </trkpt>
      <trkpt lat="43.26484168879688" lon="-5.334379551932216">
        <ele>416.9</ele>
      </trkpt>
      <trkpt lat="43.26480866409838" lon="-5.334314340725541">
        <ele>416.2</ele>
      </trkpt>
      <trkpt lat="43.26479382812977" lon="-5.334276873618364">
        <ele>415.6</ele>
      </trkpt>
      <trkpt lat="43.264724761247635" lon="-5.334191042929888">
        <ele>415.4</ele>
      </trkpt>
      <trkpt lat="43.264682684093714" lon="-5.334140751510859">
        <ele>415.4</ele>
      </trkpt>
      <trkpt lat="43.26467874459922" lon="-5.334139075130224">
        <ele>415.5</ele>
      </trkpt>
      <trkpt lat="43.264619233086705" lon="-5.334074115380645">
        <ele>415.7</ele>
      </trkpt>
      <trkpt lat="43.264572378247976" lon="-5.33399079926312">
        <ele>414.5</ele>
      </trkpt>
      <trkpt lat="43.26451211236417" lon="-5.333911338821054">
        <ele>414.6</ele>
      </trkpt>
      <trkpt lat="43.26447129249573" lon="-5.333848055452108">
        <ele>414.6</ele>
      </trkpt>
      <trkpt lat="43.26444354839623" lon="-5.333804721012712">
        <ele>414.7</ele>
      </trkpt>
      <trkpt lat="43.26438655145466" lon="-5.333723751828075">
        <ele>415.7</ele>
      </trkpt>
      <trkpt lat="43.26435218565166" lon="-5.333677316084504">
        <ele>416.6</ele>
      </trkpt>
      <trkpt lat="43.26432544738054" lon="-5.333645800128579">
        <ele>417.4</ele>
      </trkpt>
      <trkpt lat="43.26428345404565" lon="-5.333590982481837">
        <ele>418.7</ele>
      </trkpt>
      <trkpt lat="43.26426995918155" lon="-5.333567596971989">
        <ele>418.9</ele>
      </trkpt>
      <trkpt lat="43.26424305327237" lon="-5.333511605858803">
        <ele>419.0</ele>
      </trkpt>
      <trkpt lat="43.26424431055784" lon="-5.333509845659137">
        <ele>418.9</ele>
      </trkpt>
      <trkpt lat="43.264232240617275" lon="-5.333533231168985">
        <ele>420.4</ele>
      </trkpt>
      <trkpt lat="43.26422997750342" lon="-5.333528956398368">
        <ele>420.4</ele>
      </trkpt>
      <trkpt lat="43.264208352193236" lon="-5.333485873416066">
        <ele>420.5</ele>
      </trkpt>
      <trkpt lat="43.26418396085501" lon="-5.333424685522914">
        <ele>420.1</ele>
      </trkpt>
      <trkpt lat="43.264179015532136" lon="-5.333374897018075">
        <ele>418.9</ele>
      </trkpt>
      <trkpt lat="43.26417155563831" lon="-5.333336675539613">
        <ele>418.2</ele>
      </trkpt>
      <trkpt lat="43.264127634465694" lon="-5.33326618373394">
        <ele>419.0</ele>
      </trkpt>
      <trkpt lat="43.26409762725234" lon="-5.333203403279185">
        <ele>419.5</ele>
      </trkpt>
      <trkpt lat="43.26407516375184" lon="-5.333143640309572">
        <ele>419.6</ele>
      </trkpt>
      <trkpt lat="43.26406795531511" lon="-5.333128469064832">
        <ele>419.8</ele>
      </trkpt>
      <trkpt lat="43.26400324702263" lon="-5.333044482395053">
        <ele>422.4</ele>
      </trkpt>
      <trkpt lat="43.26396946795285" lon="-5.333008272573352">
        <ele>424.0</ele>
      </trkpt>
      <trkpt lat="43.263925798237324" lon="-5.332963177934289">
        <ele>426.0</ele>
      </trkpt>
      <trkpt lat="43.26389176771045" lon="-5.332902995869517">
        <ele>426.8</ele>
      </trkpt>
      <trkpt lat="43.26386586762965" lon="-5.33285915851593">
        <ele>427.5</ele>
      </trkpt>
      <trkpt lat="43.263819850981236" lon="-5.332784056663513">
        <ele>429.0</ele>
      </trkpt>
      <trkpt lat="43.26381079852581" lon="-5.33276678994298">
        <ele>429.2</ele>
      </trkpt>
      <trkpt lat="43.26380006968975" lon="-5.332740722224116">
        <ele>429.4</ele>
      </trkpt>
      <trkpt lat="43.26377986930311" lon="-5.332674002274871">
        <ele>429.4</ele>
      </trkpt>
      <trkpt lat="43.26376251876354" lon="-5.332614742219448">
        <ele>429.5</ele>
      </trkpt>
      <trkpt lat="43.26375296339393" lon="-5.332575179636478">
        <ele>429.4</ele>
      </trkpt>
      <trkpt lat="43.2637198548764" lon="-5.332496222108603">
        <ele>430.5</ele>
      </trkpt>
      <trkpt lat="43.2637111376971" lon="-5.332450708374381">
        <ele>430.4</ele>
      </trkpt>
      <trkpt lat="43.26370225287974" lon="-5.332387341186404">
        <ele>429.9</ele>
      </trkpt>
      <trkpt lat="43.26369588263333" lon="-5.332347527146339">
        <ele>429.6</ele>
      </trkpt>
      <trkpt lat="43.263667384162545" lon="-5.332250548526645">
        <ele>430.0</ele>
      </trkpt>
      <trkpt lat="43.26365380547941" lon="-5.332203861325979">
        <ele>430.0</ele>
      </trkpt>
      <trkpt lat="43.263623379170895" lon="-5.332101518288255">
        <ele>430.0</ele>
      </trkpt>
      <trkpt lat="43.26361633837223" lon="-5.332089029252529">
        <ele>430.2</ele>
      </trkpt>
      <trkpt lat="43.263573003932834" lon="-5.332019627094269">
        <ele>431.7</ele>
      </trkpt>
      <trkpt lat="43.26354584656656" lon="-5.331977382302284">
        <ele>432.7</ele>
      </trkpt>
      <trkpt lat="43.26349714770913" lon="-5.331900184974074">
        <ele>434.4</ele>
      </trkpt>
      <trkpt lat="43.26345649547875" lon="-5.331844026222825">
        <ele>435.8</ele>
      </trkpt>
      <trkpt lat="43.26344425790012" lon="-5.331819215789437">
        <ele>436.1</ele>
      </trkpt>
      <trkpt lat="43.26342271640897" lon="-5.33178711310029">
        <ele>436.7</ele>
      </trkpt>
      <trkpt lat="43.26338357292116" lon="-5.331700779497623">
        <ele>437.1</ele>
      </trkpt>
      <trkpt lat="43.26337703503668" lon="-5.331682339310646">
        <ele>437.0</ele>
      </trkpt>
      <trkpt lat="43.263307213783264" lon="-5.331572704017162">
        <ele>438.8</ele>
      </trkpt>
      <trkpt lat="43.26327670365572" lon="-5.331514533609152">
        <ele>439.3</ele>
      </trkpt>
      <trkpt lat="43.26326295733452" lon="-5.331490561366081">
        <ele>439.5</ele>
      </trkpt>
      <trkpt lat="43.26321853324771" lon="-5.331406407058239">
        <ele>440.4</ele>
      </trkpt>
      <trkpt lat="43.26318869367242" lon="-5.331327533349395">
        <ele>440.3</ele>
      </trkpt>
      <trkpt lat="43.263169080019" lon="-5.331260561943054">
        <ele>439.9</ele>
      </trkpt>
      <trkpt lat="43.26315843500197" lon="-5.331238433718681">
        <ele>440.1</ele>
      </trkpt>
      <trkpt lat="43.26313563622534" lon="-5.331196775659919">
        <ele>440.5</ele>
      </trkpt>
      <trkpt lat="43.26313094235957" lon="-5.331187387928367">
        <ele>440.6</ele>
      </trkpt>
      <trkpt lat="43.263103952631354" lon="-5.331074902787805">
        <ele>439.4</ele>
      </trkpt>
      <trkpt lat="43.26308283023536" lon="-5.330987730994821">
        <ele>438.4</ele>
      </trkpt>
      <trkpt lat="43.263052152469754" lon="-5.330858733505011">
        <ele>437.0</ele>
      </trkpt>
      <trkpt lat="43.26303103007376" lon="-5.330752870067954">
        <ele>436.1</ele>
      </trkpt>
      <trkpt lat="43.26303002424538" lon="-5.330739207565785">
        <ele>435.9</ele>
      </trkpt>
      <trkpt lat="43.26301393099129" lon="-5.330647174268961">
        <ele>435.1</ele>
      </trkpt>
      <trkpt lat="43.262992640957236" lon="-5.330546842887998">
        <ele>434.6</ele>
      </trkpt>
      <trkpt lat="43.26298803091049" lon="-5.330532006919384">
        <ele>434.6</ele>
      </trkpt>
      <trkpt lat="43.26294737868011" lon="-5.330434190109372">
        <ele>435.3</ele>
      </trkpt>
      <trkpt lat="43.262891890481114" lon="-5.330335283651948">
        <ele>436.7</ele>
      </trkpt>
      <trkpt lat="43.262837659567595" lon="-5.330275185406208">
        <ele>438.8</ele>
      </trkpt>
      <trkpt lat="43.26282567344606" lon="-5.330264372751117">
        <ele>439.2</ele>
      </trkpt>
      <trkpt lat="43.26277538202703" lon="-5.330195976421237">
        <ele>440.7</ele>
      </trkpt>
      <trkpt lat="43.26277303509414" lon="-5.330188097432256">
        <ele>440.7</ele>
      </trkpt>
      <trkpt lat="43.26273095794022" lon="-5.330109056085348">
        <ele>441.4</ele>
      </trkpt>
      <trkpt lat="43.26270354911685" lon="-5.330067900940776">
        <ele>442.1</ele>
      </trkpt>
      <trkpt lat="43.262666165828705" lon="-5.330014508217573">
        <ele>443.4</ele>
      </trkpt>
      <trkpt lat="43.26258813031018" lon="-5.329931192100048">
        <ele>446.6</ele>
      </trkpt>
      <trkpt lat="43.26257891021669" lon="-5.329915769398212">
        <ele>446.8</ele>
      </trkpt>
      <trkpt lat="43.26256541535258" lon="-5.329889701679349">
        <ele>447.1</ele>
      </trkpt>
      <trkpt lat="43.26248570345342" lon="-5.329821389168501">
        <ele>449.5</ele>
      </trkpt>
      <trkpt lat="43.26238461770117" lon="-5.329782916232944">
        <ele>452.3</ele>
      </trkpt>
      <trkpt lat="43.26233566738665" lon="-5.329768834635615">
        <ele>453.4</ele>
      </trkpt>
      <trkpt lat="43.26227003708482" lon="-5.329762464389205">
        <ele>455.2</ele>
      </trkpt>
      <trkpt lat="43.26222561299801" lon="-5.329742347821593">
        <ele>455.9</ele>
      </trkpt>
      <trkpt lat="43.26220910064876" lon="-5.32973631285131">
        <ele>456.3</ele>
      </trkpt>
      <trkpt lat="43.26215034350753" lon="-5.329723991453648">
        <ele>457.9</ele>
      </trkpt>
      <trkpt lat="43.26208186335862" lon="-5.329699851572514">
        <ele>459.6</ele>
      </trkpt>
      <trkpt lat="43.26202486641705" lon="-5.329648470506072">
        <ele>460.2</ele>
      </trkpt>
      <trkpt lat="43.261987399309874" lon="-5.329588623717427">
        <ele>459.9</ele>
      </trkpt>
      <trkpt lat="43.261950854212046" lon="-5.329532884061337">
        <ele>459.9</ele>
      </trkpt>
      <trkpt lat="43.26193442568183" lon="-5.32950664870441">
        <ele>459.9</ele>
      </trkpt>
      <trkpt lat="43.26190332882106" lon="-5.329464320093393">
        <ele>460.3</ele>
      </trkpt>
      <trkpt lat="43.2618928514421" lon="-5.329454429447651">
        <ele>460.6</ele>
      </trkpt>
      <trkpt lat="43.261868208646774" lon="-5.329386536031961">
        <ele>459.9</ele>
      </trkpt>
      <trkpt lat="43.26186376623809" lon="-5.329358708113432">
        <ele>459.2</ele>
      </trkpt>
      <trkpt lat="43.26184163801372" lon="-5.329223591834307">
        <ele>456.2</ele>
      </trkpt>
      <trkpt lat="43.26182353310287" lon="-5.329145891591907">
        <ele>455.2</ele>
      </trkpt>
      <trkpt lat="43.261813474819064" lon="-5.329113202169538">
        <ele>455.2</ele>
      </trkpt>
      <trkpt lat="43.261799896135926" lon="-5.329064838588238">
        <ele>455.0</ele>
      </trkpt>
      <trkpt lat="43.26178975403309" lon="-5.329025192186236">
        <ele>454.8</ele>
      </trkpt>
      <trkpt lat="43.261727979406714" lon="-5.328941373154521">
        <ele>457.3</ele>
      </trkpt>
      <trkpt lat="43.261679112911224" lon="-5.328893261030316">
        <ele>459.5</ele>
      </trkpt>
      <trkpt lat="43.26163183897734" lon="-5.32883039675653">
        <ele>460.9</ele>
      </trkpt>
      <trkpt lat="43.26160409487784" lon="-5.328797455877066">
        <ele>461.6</ele>
      </trkpt>
      <trkpt lat="43.261582888662815" lon="-5.328769544139504">
        <ele>462.0</ele>
      </trkpt>
      <trkpt lat="43.26153586618602" lon="-5.328721683472395">
        <ele>463.2</ele>
      </trkpt>
      <trkpt lat="43.26148641295731" lon="-5.328648258000612">
        <ele>463.2</ele>
      </trkpt>
      <trkpt lat="43.26143461279571" lon="-5.32857533544302">
        <ele>462.6</ele>
      </trkpt>
      <trkpt lat="43.26138122007251" lon="-5.328514566645026">
        <ele>462.5</ele>
      </trkpt>
      <trkpt lat="43.26132271438837" lon="-5.328434687107801">
        <ele>461.6</ele>
      </trkpt>
      <trkpt lat="43.26129983179271" lon="-5.328387916088104">
        <ele>460.5</ele>
      </trkpt>
      <trkpt lat="43.26125658117235" lon="-5.328334858641028">
        <ele>459.6</ele>
      </trkpt>
      <trkpt lat="43.261229172348976" lon="-5.328308623284102">
        <ele>458.3</ele>
      </trkpt>
      <trkpt lat="43.261203691363335" lon="-5.328293535858393">
        <ele>460.4</ele>
      </trkpt>
      <trkpt lat="43.261175360530615" lon="-5.328249363228679">
        <ele>461.1</ele>
      </trkpt>
      <trkpt lat="43.26116831973195" lon="-5.328234862536192">
        <ele>461.1</ele>
      </trkpt>
      <trkpt lat="43.26110629364848" lon="-5.328182810917497">
        <ele>464.2</ele>
      </trkpt>
      <trkpt lat="43.26108173467219" lon="-5.328139141201973">
        <ele>464.5</ele>
      </trkpt>
      <trkpt lat="43.261054242029786" lon="-5.328091951087117">
        <ele>464.9</ele>
      </trkpt>
      <trkpt lat="43.2610241509974" lon="-5.328045012429357">
        <ele>465.4</ele>
      </trkpt>
      <trkpt lat="43.26098986901343" lon="-5.327978879213333">
        <ele>465.7</ele>
      </trkpt>
      <trkpt lat="43.26097712852061" lon="-5.327942753210664">
        <ele>465.4</ele>
      </trkpt>
      <trkpt lat="43.26094502583146" lon="-5.327858934178948">
        <ele>464.8</ele>
      </trkpt>
      <trkpt lat="43.26090915128589" lon="-5.327782742679119">
        <ele>465.1</ele>
      </trkpt>
      <trkpt lat="43.260896326974034" lon="-5.327759860083461">
        <ele>465.3</ele>
      </trkpt>
      <trkpt lat="43.2608669064939" lon="-5.327681070193648">
        <ele>464.7</ele>
      </trkpt>
      <trkpt lat="43.26086145825684" lon="-5.327666066586971">
        <ele>464.6</ele>
      </trkpt>
      <trkpt lat="43.26084226369858" lon="-5.327618541195989">
        <ele>464.3</ele>
      </trkpt>
      <trkpt lat="43.260813346132636" lon="-5.327556179836392">
        <ele>464.2</ele>
      </trkpt>
      <trkpt lat="43.260752661153674" lon="-5.327471187338233">
        <ele>465.8</ele>
      </trkpt>
      <trkpt lat="43.260744363069534" lon="-5.327460626140237">
        <ele>466.2</ele>
      </trkpt>
      <trkpt lat="43.260701950639486" lon="-5.327356941998005">
        <ele>465.8</ele>
      </trkpt>
      <trkpt lat="43.26069172471762" lon="-5.327288378030062">
        <ele>464.1</ele>
      </trkpt>
      <trkpt lat="43.26068803668022" lon="-5.327280415222049">
        <ele>464.1</ele>
      </trkpt>
      <trkpt lat="43.26068342663348" lon="-5.327275134623051">
        <ele>464.3</ele>
      </trkpt>
      <trkpt lat="43.26067068614066" lon="-5.327245462685823">
        <ele>464.4</ele>
      </trkpt>
      <trkpt lat="43.260637409985065" lon="-5.327182598412037">
        <ele>465.0</ele>
      </trkpt>
      <trkpt lat="43.260628525167704" lon="-5.327139180153608">
        <ele>464.2</ele>
      </trkpt>
      <trkpt lat="43.26062357984483" lon="-5.327044297009707">
        <ele>461.4</ele>
      </trkpt>
      <trkpt lat="43.26061352156103" lon="-5.327026611194015">
        <ele>461.6</ele>
      </trkpt>
      <trkpt lat="43.260604217648506" lon="-5.327020073309541">
        <ele>462.2</ele>
      </trkpt>
      <trkpt lat="43.26057638972998" lon="-5.326950335875154">
        <ele>462.3</ele>
      </trkpt>
      <trkpt lat="43.2605405151844" lon="-5.326852183789015">
        <ele>462.6</ele>
      </trkpt>
      <trkpt lat="43.26052458956838" lon="-5.326733412221074">
        <ele>461.2</ele>
      </trkpt>
      <trkpt lat="43.26051025651395" lon="-5.326709439978004">
        <ele>461.9</ele>
      </trkpt>
      <trkpt lat="43.26050606556237" lon="-5.326714301481843">
        <ele>462.4</ele>
      </trkpt>
      <trkpt lat="43.260498186573386" lon="-5.326727125793695">
        <ele>463.3</ele>
      </trkpt>
      <trkpt lat="43.26049944385886" lon="-5.326667027547956">
        <ele>462.1</ele>
      </trkpt>
      <trkpt lat="43.26045032590628" lon="-5.326554961502552">
        <ele>464.6</ele>
      </trkpt>
      <trkpt lat="43.26040606945753" lon="-5.326474076136947">
        <ele>467.1</ele>
      </trkpt>
      <trkpt lat="43.2603660877794" lon="-5.326394783332944">
        <ele>469.1</ele>
      </trkpt>
      <trkpt lat="43.26034605503082" lon="-5.326361507177353">
        <ele>470.2</ele>
      </trkpt>
      <trkpt lat="43.26033758930862" lon="-5.326342731714249">
        <ele>470.5</ele>
      </trkpt>
      <trkpt lat="43.260301211848855" lon="-5.326253129169345">
        <ele>471.7</ele>
      </trkpt>
      <trkpt lat="43.260296853259206" lon="-5.326241478323937">
        <ele>471.8</ele>
      </trkpt>
      <trkpt lat="43.26026131398976" lon="-5.326135531067848">
        <ele>472.4</ele>
      </trkpt>
      <trkpt lat="43.260237677022815" lon="-5.326096303761005">
        <ele>473.1</ele>
      </trkpt>
      <trkpt lat="43.260221499949694" lon="-5.326032685115933">
        <ele>473.0</ele>
      </trkpt>
      <trkpt lat="43.26019585132599" lon="-5.325929587706924">
        <ele>473.0</ele>
      </trkpt>
      <trkpt lat="43.26019216328859" lon="-5.325913159176707">
        <ele>473.0</ele>
      </trkpt>
      <trkpt lat="43.26014799065888" lon="-5.325796063989401">
        <ele>473.8</ele>
      </trkpt>
      <trkpt lat="43.26013156212866" lon="-5.325752981007099">
        <ele>474.2</ele>
      </trkpt>
      <trkpt lat="43.26010658405721" lon="-5.325700510293245">
        <ele>474.7</ele>
      </trkpt>
      <trkpt lat="43.26008755713701" lon="-5.325663629919291">
        <ele>475.0</ele>
      </trkpt>
      <trkpt lat="43.26006358489394" lon="-5.325614595785737">
        <ele>475.6</ele>
      </trkpt>
      <trkpt lat="43.26004606671631" lon="-5.325580146163702">
        <ele>475.9</ele>
      </trkpt>
      <trkpt lat="43.260004660114646" lon="-5.325513929128647">
        <ele>477.1</ele>
      </trkpt>
      <trkpt lat="43.259989405050874" lon="-5.325489537790418">
        <ele>477.6</ele>
      </trkpt>
      <trkpt lat="43.259960152208805" lon="-5.325420554727316">
        <ele>478.0</ele>
      </trkpt>
      <trkpt lat="43.25995420105755" lon="-5.325407646596432">
        <ele>478.2</ele>
      </trkpt>
      <trkpt lat="43.259943975135684" lon="-5.32536456361413">
        <ele>478.1</ele>
      </trkpt>
      <trkpt lat="43.25991438701749" lon="-5.325289042666555">
        <ele>478.6</ele>
      </trkpt>
      <trkpt lat="43.25990122742951" lon="-5.325251491740346">
        <ele>478.9</ele>
      </trkpt>
      <trkpt lat="43.2598742377013" lon="-5.325169516727328">
        <ele>479.4</ele>
      </trkpt>
      <trkpt lat="43.25986954383552" lon="-5.325142526999116">
        <ele>479.2</ele>
      </trkpt>
      <trkpt lat="43.25982704758644" lon="-5.325056025758386">
        <ele>480.7</ele>
      </trkpt>
      <trkpt lat="43.25981967151165" lon="-5.325045548379421">
        <ele>481.0</ele>
      </trkpt>
      <trkpt lat="43.25976845808327" lon="-5.3249551076442">
        <ele>482.9</ele>
      </trkpt>
      <trkpt lat="43.259698720648885" lon="-5.324854776263237">
        <ele>485.4</ele>
      </trkpt>
      <trkpt lat="43.25968883000314" lon="-5.324847651645541">
        <ele>485.8</ele>
      </trkpt>
      <trkpt lat="43.25963200069964" lon="-5.324779255315661">
        <ele>487.7</ele>
      </trkpt>
      <trkpt lat="43.25956896878779" lon="-5.324692334979773">
        <ele>488.8</ele>
      </trkpt>
      <trkpt lat="43.25950970873237" lon="-5.324628297239542">
        <ele>490.0</ele>
      </trkpt>
      <trkpt lat="43.25945354998112" lon="-5.324537772685289">
        <ele>490.3</ele>
      </trkpt>
      <trkpt lat="43.259449023753405" lon="-5.324527211487293">
        <ele>490.2</ele>
      </trkpt>
      <trkpt lat="43.25942790135741" lon="-5.324478009715676">
        <ele>490.0</ele>
      </trkpt>
      <trkpt lat="43.25941851362586" lon="-5.324428305029869">
        <ele>489.0</ele>
      </trkpt>
      <trkpt lat="43.25941373594105" lon="-5.324412379413843">
        <ele>488.8</ele>
      </trkpt>
      <trkpt lat="43.259377190843225" lon="-5.32434138469398">
        <ele>489.3</ele>
      </trkpt>
      <trkpt lat="43.25936931185424" lon="-5.324327470734716">
        <ele>489.5</ele>
      </trkpt>
      <trkpt lat="43.25934777036309" lon="-5.324257062748075">
        <ele>489.2</ele>
      </trkpt>
      <trkpt lat="43.25934525579214" lon="-5.324252368882299">
        <ele>489.3</ele>
      </trkpt>
      <trkpt lat="43.25931524857879" lon="-5.324224708601832">
        <ele>490.8</ele>
      </trkpt>
      <trkpt lat="43.25931231491268" lon="-5.3242286900058385">
        <ele>491.1</ele>
      </trkpt>
      <trkpt lat="43.25931164436042" lon="-5.324223199859262">
        <ele>491.0</ele>
      </trkpt>
      <trkpt lat="43.25928742066026" lon="-5.324168214574456">
        <ele>491.5</ele>
      </trkpt>
      <trkpt lat="43.25924165546894" lon="-5.324116498231888">
        <ele>493.5</ele>
      </trkpt>
      <trkpt lat="43.259236961603165" lon="-5.324112307280302">
        <ele>493.8</ele>
      </trkpt>
      <trkpt lat="43.25921726413071" lon="-5.324022620916367">
        <ele>492.7</ele>
      </trkpt>
      <trkpt lat="43.259210139513016" lon="-5.324004264548421">
        <ele>492.7</ele>
      </trkpt>
      <trkpt lat="43.25919513590634" lon="-5.32396168448031">
        <ele>492.5</ele>
      </trkpt>
      <trkpt lat="43.259185664355755" lon="-5.323929665610194">
        <ele>492.2</ele>
      </trkpt>
      <trkpt lat="43.259164122864604" lon="-5.323907034471631">
        <ele>493.1</ele>
      </trkpt>
      <trkpt lat="43.259142162278295" lon="-5.323888845741749">
        <ele>494.1</ele>
      </trkpt>
      <trkpt lat="43.259135289117694" lon="-5.32388255931437">
        <ele>494.4</ele>
      </trkpt>
      <trkpt lat="43.259117770940065" lon="-5.32382782548666">
        <ele>493.9</ele>
      </trkpt>
      <trkpt lat="43.25911005958915" lon="-5.323812989518046">
        <ele>493.9</ele>
      </trkpt>
      <trkpt lat="43.259063456207514" lon="-5.323749789968133">
        <ele>495.0</ele>
      </trkpt>
      <trkpt lat="43.25904535129666" lon="-5.323732858523727">
        <ele>495.7</ele>
      </trkpt>
      <trkpt lat="43.259005369618535" lon="-5.32367535866797">
        <ele>496.2</ele>
      </trkpt>
      <trkpt lat="43.258959017693996" lon="-5.323602100834251">
        <ele>496.4</ele>
      </trkpt>
      <trkpt lat="43.25893538072705" lon="-5.323564717546105">
        <ele>496.5</ele>
      </trkpt>
      <trkpt lat="43.25889414176345" lon="-5.323500512167811">
        <ele>496.9</ele>
      </trkpt>
      <trkpt lat="43.25888777151704" lon="-5.323490118607879">
        <ele>496.9</ele>
      </trkpt>
      <trkpt lat="43.25886329635978" lon="-5.323434630408883">
        <ele>496.4</ele>
      </trkpt>
      <trkpt lat="43.25884083285928" lon="-5.323404874652624">
        <ele>496.8</ele>
      </trkpt>
      <trkpt lat="43.258797749876976" lon="-5.323347961530089">
        <ele>497.7</ele>
      </trkpt>
      <trkpt lat="43.258784925565124" lon="-5.323324324563146">
        <ele>497.7</ele>
      </trkpt>
      <trkpt lat="43.25877117924392" lon="-5.323299011215568">
        <ele>497.8</ele>
      </trkpt>
      <trkpt lat="43.258732706308365" lon="-5.323252072557807">
        <ele>498.9</ele>
      </trkpt>
      <trkpt lat="43.258676547557116" lon="-5.323168337345123">
        <ele>500.3</ele>
      </trkpt>
      <trkpt lat="43.25867378152907" lon="-5.323154171928763">
        <ele>500.1</ele>
      </trkpt>
      <trkpt lat="43.25865626335144" lon="-5.323116956278682">
        <ele>500.4</ele>
      </trkpt>
      <trkpt lat="43.25863136909902" lon="-5.323059456422925">
        <ele>500.6</ele>
      </trkpt>
      <trkpt lat="43.25861971825361" lon="-5.323039004579186">
        <ele>500.9</ele>
      </trkpt>
      <trkpt lat="43.25858887284994" lon="-5.323014194145799">
        <ele>502.3</ele>
      </trkpt>
      <trkpt lat="43.25856632553041" lon="-5.32299374230206">
        <ele>503.3</ele>
      </trkpt>
      <trkpt lat="43.25852299109101" lon="-5.322953341528773">
        <ele>505.1</ele>
      </trkpt>
      <trkpt lat="43.25849449262023" lon="-5.322934230789542">
        <ele>506.5</ele>
      </trkpt>
      <trkpt lat="43.258449314162135" lon="-5.322890728712082">
        <ele>508.1</ele>
      </trkpt>
      <trkpt lat="43.25842224061489" lon="-5.322856865823269">
        <ele>508.9</ele>
      </trkpt>
      <trkpt lat="43.258390640839934" lon="-5.322820153087378">
        <ele>509.9</ele>
      </trkpt>
      <trkpt lat="43.25835367664695" lon="-5.322783943265677">
        <ele>511.5</ele>
      </trkpt>
      <trkpt lat="43.25833615846932" lon="-5.322739854454994">
        <ele>511.2</ele>
      </trkpt>
      <trkpt lat="43.25830506160855" lon="-5.322676487267017">
        <ele>511.6</ele>
      </trkpt>
      <trkpt lat="43.25829743407667" lon="-5.322659220546484">
        <ele>511.7</ele>
      </trkpt>
      <trkpt lat="43.25826918706298" lon="-5.322556039318442">
        <ele>511.0</ele>
      </trkpt>
      <trkpt lat="43.25826826505363" lon="-5.322543047368527">
        <ele>510.7</ele>
      </trkpt>
      <trkpt lat="43.258244041353464" lon="-5.32245671376586">
        <ele>510.7</ele>
      </trkpt>
      <trkpt lat="43.258240688592196" lon="-5.322447158396244">
        <ele>510.7</ele>
      </trkpt>
      <trkpt lat="43.25821847654879" lon="-5.322398710995913">
        <ele>511.5</ele>
      </trkpt>
      <trkpt lat="43.25819651596248" lon="-5.322344563901424">
        <ele>512.1</ele>
      </trkpt>
      <trkpt lat="43.25819257646799" lon="-5.32232578843832">
        <ele>512.1</ele>
      </trkpt>
      <trkpt lat="43.25817656703293" lon="-5.322207938879728">
        <ele>511.1</ele>
      </trkpt>
      <trkpt lat="43.25814655981958" lon="-5.322133507579565">
        <ele>511.8</ele>
      </trkpt>
      <trkpt lat="43.258132226765156" lon="-5.322111546993256">
        <ele>512.4</ele>
      </trkpt>
      <trkpt lat="43.25811395421624" lon="-5.322098387405276">
        <ele>513.5</ele>
      </trkpt>
      <trkpt lat="43.2581056561321" lon="-5.322022028267384">
        <ele>512.5</ele>
      </trkpt>
      <trkpt lat="43.25809333473444" lon="-5.322003420442343">
        <ele>513.0</ele>
      </trkpt>
      <trkpt lat="43.25802921317518" lon="-5.32190166413784">
        <ele>515.2</ele>
      </trkpt>
      <trkpt lat="43.25800247490406" lon="-5.321867549791932">
        <ele>516.2</ele>
      </trkpt>
      <trkpt lat="43.25799568556249" lon="-5.321860089898109">
        <ele>516.4</ele>
      </trkpt>
      <trkpt lat="43.25801177881658" lon="-5.321793202310801">
        <ele>513.7</ele>
      </trkpt>
      <trkpt lat="43.25800197198987" lon="-5.321766883134842">
        <ele>513.7</ele>
      </trkpt>
      <trkpt lat="43.25797347351909" lon="-5.321716424077749">
        <ele>513.8</ele>
      </trkpt>
      <trkpt lat="43.257968025282025" lon="-5.321707287803292">
        <ele>513.9</ele>
      </trkpt>
      <trkpt lat="43.257929468527436" lon="-5.321643333882093">
        <ele>514.2</ele>
      </trkpt>
      <trkpt lat="43.25789979659021" lon="-5.321610812097788">
        <ele>514.9</ele>
      </trkpt>
      <trkpt lat="43.25784271582961" lon="-5.321539733558893">
        <ele>515.8</ele>
      </trkpt>
      <trkpt lat="43.257830226793885" lon="-5.321515677496791">
        <ele>515.7</ele>
      </trkpt>
      <trkpt lat="43.25779711827636" lon="-5.321454405784607">
        <ele>515.8</ele>
      </trkpt>
      <trkpt lat="43.25774431228638" lon="-5.321371844038367">
        <ele>517.1</ele>
      </trkpt>
      <trkpt lat="43.25771623291075" lon="-5.321320462971926">
        <ele>517.8</ele>
      </trkpt>
      <trkpt lat="43.25769159011543" lon="-5.321257347241044">
        <ele>518.4</ele>
      </trkpt>
      <trkpt lat="43.257675832137465" lon="-5.321174282580614">
        <ele>518.4</ele>
      </trkpt>
      <trkpt lat="43.25767524540424" lon="-5.321165313944221">
        <ele>518.3</ele>
      </trkpt>
      <trkpt lat="43.257663594558835" lon="-5.321093648672104">
        <ele>518.5</ele>
      </trkpt>
      <trkpt lat="43.25765563175082" lon="-5.32098451629281">
        <ele>518.5</ele>
      </trkpt>
      <trkpt lat="43.257654793560505" lon="-5.320950318127871">
        <ele>518.5</ele>
      </trkpt>
      <trkpt lat="43.257657308131456" lon="-5.320878401398659">
        <ele>518.1</ele>
      </trkpt>
      <trkpt lat="43.25766141526401" lon="-5.320784104987979">
        <ele>517.7</ele>
      </trkpt>
      <trkpt lat="43.25766091234982" lon="-5.320752756670117">
        <ele>517.8</ele>
      </trkpt>
      <trkpt lat="43.25766040943563" lon="-5.320722665637732">
        <ele>517.8</ele>
      </trkpt>
      <trkpt lat="43.257658649235964" lon="-5.320623507723212">
        <ele>517.6</ele>
      </trkpt>
      <trkpt lat="43.257655715569854" lon="-5.320516051724553">
        <ele>517.4</ele>
      </trkpt>
      <trkpt lat="43.25765646994114" lon="-5.32047632150352">
        <ele>517.2</ele>
      </trkpt>
      <trkpt lat="43.257659235969186" lon="-5.320376995950937">
        <ele>516.5</ele>
      </trkpt>
      <trkpt lat="43.257648507133126" lon="-5.320273311808705">
        <ele>516.6</ele>
      </trkpt>
      <trkpt lat="43.257647417485714" lon="-5.320259481668472">
        <ele>516.6</ele>
      </trkpt>
      <trkpt lat="43.257637275382876" lon="-5.320153366774321">
        <ele>516.9</ele>
      </trkpt>
      <trkpt lat="43.25764096342027" lon="-5.320072397589684">
        <ele>516.6</ele>
      </trkpt>
      <trkpt lat="43.25763409025967" lon="-5.319979358464479">
        <ele>517.0</ele>
      </trkpt>
      <trkpt lat="43.25763174332678" lon="-5.319944741204381">
        <ele>517.1</ele>
      </trkpt>
      <trkpt lat="43.257597126066685" lon="-5.319828148931265">
        <ele>518.9</ele>
      </trkpt>
      <trkpt lat="43.25759167782962" lon="-5.319711808115244">
        <ele>519.1</ele>
      </trkpt>
      <trkpt lat="43.257572650909424" lon="-5.319630671292543">
        <ele>519.7</ele>
      </trkpt>
      <trkpt lat="43.25756510719657" lon="-5.319584654644132">
        <ele>519.9</ele>
      </trkpt>
      <trkpt lat="43.2575445715338" lon="-5.319476947188377">
        <ele>520.2</ele>
      </trkpt>
      <trkpt lat="43.25752889737487" lon="-5.319443922489882">
        <ele>520.6</ele>
      </trkpt>
      <trkpt lat="43.25748656876385" lon="-5.3193549066782">
        <ele>521.5</ele>
      </trkpt>
      <trkpt lat="43.25745907612145" lon="-5.31925524584949">
        <ele>521.4</ele>
      </trkpt>
      <trkpt lat="43.25740886852145" lon="-5.319155585020781">
        <ele>521.7</ele>
      </trkpt>
      <trkpt lat="43.25736377388239" lon="-5.319027341902256">
        <ele>521.4</ele>
      </trkpt>
      <trkpt lat="43.25735505670309" lon="-5.319000855088234">
        <ele>521.3</ele>
      </trkpt>
      <trkpt lat="43.25733996927738" lon="-5.318923406302929">
        <ele>520.8</ele>
      </trkpt>
      <trkpt lat="43.2573164999485" lon="-5.318869259208441">
        <ele>520.9</ele>
      </trkpt>
      <trkpt lat="43.257289342582226" lon="-5.318833971396089">
        <ele>521.4</ele>
      </trkpt>
      <trkpt lat="43.257234524935484" lon="-5.318730203434825">
        <ele>522.2</ele>
      </trkpt>
      <trkpt lat="43.25720242224634" lon="-5.318670608103275">
        <ele>522.8</ele>
      </trkpt>
      <trkpt lat="43.25715707615018" lon="-5.318554351106286">
        <ele>523.4</ele>
      </trkpt>
      <trkpt lat="43.25714534148574" lon="-5.318528115749359">
        <ele>523.6</ele>
      </trkpt>
      <trkpt lat="43.257101671770215" lon="-5.318452343344688">
        <ele>524.5</ele>
      </trkpt>
      <trkpt lat="43.25704928487539" lon="-5.318360393866897">
        <ele>525.8</ele>
      </trkpt>
      <trkpt lat="43.25700092129409" lon="-5.318268444389105">
        <ele>526.8</ele>
      </trkpt>
      <trkpt lat="43.25696135871112" lon="-5.318164508789778">
        <ele>527.2</ele>
      </trkpt>
      <trkpt lat="43.256936967372894" lon="-5.318114636465907">
        <ele>527.6</ele>
      </trkpt>
      <trkpt lat="43.25690788216889" lon="-5.318052945658565">
        <ele>528.0</ele>
      </trkpt>
      <trkpt lat="43.25686345808208" lon="-5.317971305921674">
        <ele>528.5</ele>
      </trkpt>
      <trkpt lat="43.25678248889744" lon="-5.317879021167755">
        <ele>529.7</ele>
      </trkpt>
      <trkpt lat="43.256735717877746" lon="-5.31783333979547">
        <ele>530.4</ele>
      </trkpt>
      <trkpt lat="43.25671107508242" lon="-5.31781037338078">
        <ele>530.7</ele>
      </trkpt>
      <trkpt lat="43.25661778450012" lon="-5.317736444994807">
        <ele>531.8</ele>
      </trkpt>
      <trkpt lat="43.25659708119929" lon="-5.317711383104324">
        <ele>531.7</ele>
      </trkpt>
      <trkpt lat="43.25657143257558" lon="-5.317682884633541">
        <ele>531.6</ele>
      </trkpt>
      <trkpt lat="43.256548047065735" lon="-5.317660588771105">
        <ele>531.6</ele>
      </trkpt>
      <trkpt lat="43.25650395825505" lon="-5.317593952640891">
        <ele>530.7</ele>
      </trkpt>
      <trkpt lat="43.256472107023" lon="-5.317515665665269">
        <ele>529.3</ele>
      </trkpt>
      <trkpt lat="43.25647462159395" lon="-5.317505775019527">
        <ele>529.0</ele>
      </trkpt>
      <trkpt lat="43.25647587887943" lon="-5.317497309297323">
        <ele>528.8</ele>
      </trkpt>
      <trkpt lat="43.256465988233685" lon="-5.317483060061932">
        <ele>528.6</ele>
      </trkpt>
      <trkpt lat="43.25643053278327" lon="-5.317464200779796">
        <ele>528.6</ele>
      </trkpt>
      <trkpt lat="43.256382253021" lon="-5.317458752542734">
        <ele>528.9</ele>
      </trkpt>
      <trkpt lat="43.25636934489012" lon="-5.317460093647242">
        <ele>529.0</ele>
      </trkpt>
      <trkpt lat="43.25629902072251" lon="-5.317475851625204">
        <ele>529.4</ele>
      </trkpt>
      <trkpt lat="43.25623448006809" lon="-5.317485826089978">
        <ele>529.8</ele>
      </trkpt>
      <trkpt lat="43.25616566464305" lon="-5.317507367581129">
        <ele>530.2</ele>
      </trkpt>
      <trkpt lat="43.256117971614" lon="-5.317535363137722">
        <ele>530.6</ele>
      </trkpt>
      <trkpt lat="43.25607296079397" lon="-5.317574674263597">
        <ele>531.3</ele>
      </trkpt>
      <trkpt lat="43.25600297190249" lon="-5.317653547972441">
        <ele>533.2</ele>
      </trkpt>
      <trkpt lat="43.25596927665174" lon="-5.317706437781453">
        <ele>534.9</ele>
      </trkpt>
      <trkpt lat="43.25596776790917" lon="-5.317722614854574">
        <ele>535.4</ele>
      </trkpt>
      <trkpt lat="43.25596768409014" lon="-5.317727392539382">
        <ele>535.6</ele>
      </trkpt>
      <trkpt lat="43.255923595279455" lon="-5.317804589867592">
        <ele>539.2</ele>
      </trkpt>
      <trkpt lat="43.255890402942896" lon="-5.317835602909327">
        <ele>540.8</ele>
      </trkpt>
      <trkpt lat="43.25585687533021" lon="-5.317878182977438">
        <ele>543.0</ele>
      </trkpt>
      <trkpt lat="43.25584606267512" lon="-5.317898131906986">
        <ele>544.0</ele>
      </trkpt>
      <trkpt lat="43.25579912401736" lon="-5.317957140505314">
        <ele>547.4</ele>
      </trkpt>
      <trkpt lat="43.25575972907245" lon="-5.317989494651556">
        <ele>549.0</ele>
      </trkpt>
      <trkpt lat="43.25568052008748" lon="-5.318039786070585">
        <ele>550.9</ele>
      </trkpt>
      <trkpt lat="43.255599969998" lon="-5.318061746656895">
        <ele>550.3</ele>
      </trkpt>
      <trkpt lat="43.25554607436061" lon="-5.318086640909314">
        <ele>550.5</ele>
      </trkpt>
      <trkpt lat="43.25551187619567" lon="-5.318090915679932">
        <ele>549.7</ele>
      </trkpt>
      <trkpt lat="43.25549913570285" lon="-5.318090999498963">
        <ele>549.3</ele>
      </trkpt>
      <trkpt lat="43.25545052066445" lon="-5.318090496584773">
        <ele>547.7</ele>
      </trkpt>
      <trkpt lat="43.25541070662439" lon="-5.318086473271251">
        <ele>546.3</ele>
      </trkpt>
      <trkpt lat="43.255385644733906" lon="-5.318081192672253">
        <ele>545.2</ele>
      </trkpt>
      <trkpt lat="43.25537164695561" lon="-5.31807666644454">
        <ele>544.5</ele>
      </trkpt>
      <trkpt lat="43.255331916734576" lon="-5.318057052791119">
        <ele>542.5</ele>
      </trkpt>
      <trkpt lat="43.255298137664795" lon="-5.318043474107981">
        <ele>541.1</ele>
      </trkpt>
      <trkpt lat="43.255281038582325" lon="-5.318044060841203">
        <ele>540.7</ele>
      </trkpt>
      <trkpt lat="43.25525790452957" lon="-5.318031907081604">
        <ele>539.8</ele>
      </trkpt>
      <trkpt lat="43.25522622093558" lon="-5.318024028092623">
        <ele>539.0</ele>
      </trkpt>
      <trkpt lat="43.255137456581" lon="-5.318014807999134">
        <ele>537.6</ele>
      </trkpt>
      <trkpt lat="43.25507266446948" lon="-5.318036014214158">
        <ele>537.2</ele>
      </trkpt>
      <trkpt lat="43.25498465448618" lon="-5.31810206361115">
        <ele>537.3</ele>
      </trkpt>
      <trkpt lat="43.25497476384044" lon="-5.318108266219497">
        <ele>537.3</ele>
      </trkpt>
      <trkpt lat="43.2549025118351" lon="-5.318142296746373">
        <ele>537.2</ele>
      </trkpt>
      <trkpt lat="43.25489086098969" lon="-5.31814749352634">
        <ele>537.2</ele>
      </trkpt>
      <trkpt lat="43.2548435870558" lon="-5.318156462162733">
        <ele>537.4</ele>
      </trkpt>
      <trkpt lat="43.25480771251023" lon="-5.318152606487274">
        <ele>537.7</ele>
      </trkpt>
      <trkpt lat="43.254738645628095" lon="-5.318147242069244">
        <ele>539.0</ele>
      </trkpt>
      <trkpt lat="43.25472716242075" lon="-5.318147158250213">
        <ele>539.3</ele>
      </trkpt>
      <trkpt lat="43.25467737391591" lon="-5.318152522668243">
        <ele>540.7</ele>
      </trkpt>
      <trkpt lat="43.254643846303225" lon="-5.318160066381097">
        <ele>541.7</ele>
      </trkpt>
      <trkpt lat="43.254594979807734" lon="-5.318184122443199">
        <ele>543.4</ele>
      </trkpt>
      <trkpt lat="43.25458693318069" lon="-5.318189235404134">
        <ele>543.6</ele>
      </trkpt>
      <trkpt lat="43.254578886553645" lon="-5.318194599822164">
        <ele>543.9</ele>
      </trkpt>
      <trkpt lat="43.25454628095031" lon="-5.31823692843318">
        <ele>544.6</ele>
      </trkpt>
      <trkpt lat="43.25452524237335" lon="-5.318288477137685">
        <ele>544.8</ele>
      </trkpt>
      <trkpt lat="43.25451996177435" lon="-5.31831756234169">
        <ele>544.6</ele>
      </trkpt>
      <trkpt lat="43.25450940057635" lon="-5.318407500162721">
        <ele>544.1</ele>
      </trkpt>
      <trkpt lat="43.25452306307852" lon="-5.318405320867896">
        <ele>543.7</ele>
      </trkpt>
      <trkpt lat="43.254468915984035" lon="-5.318452510982752">
        <ele>545.0</ele>
      </trkpt>
      <trkpt lat="43.25447293929756" lon="-5.318469610065222">
        <ele>544.8</ele>
      </trkpt>
      <trkpt lat="43.25447645969689" lon="-5.318482518196106">
        <ele>544.7</ele>
      </trkpt>
      <trkpt lat="43.254487523809075" lon="-5.318496599793434">
        <ele>544.4</ele>
      </trkpt>
      <trkpt lat="43.25450085103512" lon="-5.318500539287925">
        <ele>544.1</ele>
      </trkpt>
      <trkpt lat="43.25450286269188" lon="-5.318481177091599">
        <ele>544.1</ele>
      </trkpt>
      <trkpt lat="43.25451300479472" lon="-5.318446895107627">
        <ele>543.9</ele>
      </trkpt>
      <trkpt lat="43.25445391237736" lon="-5.318466844037175">
        <ele>545.3</ele>
      </trkpt>
      <trkpt lat="43.254404878243804" lon="-5.318513447418809">
        <ele>546.4</ele>
      </trkpt>
      <trkpt lat="43.25439046137035" lon="-5.318530462682247">
        <ele>546.7</ele>
      </trkpt>
      <trkpt lat="43.254344779998064" lon="-5.318576730787754">
        <ele>547.8</ele>
      </trkpt>
      <trkpt lat="43.25433581136167" lon="-5.318586621433497">
        <ele>548.0</ele>
      </trkpt>
      <trkpt lat="43.254299433901906" lon="-5.318619310855866">
        <ele>549.2</ele>
      </trkpt>
      <trkpt lat="43.254292476922274" lon="-5.318638170138001">
        <ele>549.4</ele>
      </trkpt>
      <trkpt lat="43.25428099371493" lon="-5.318658538162708">
        <ele>549.7</ele>
      </trkpt>
      <trkpt lat="43.254262804985046" lon="-5.31867329031229">
        <ele>550.3</ele>
      </trkpt>
      <trkpt lat="43.25422776862979" lon="-5.318704806268215">
        <ele>551.6</ele>
      </trkpt>
      <trkpt lat="43.2542201410979" lon="-5.318710757419467">
        <ele>551.9</ele>
      </trkpt>
      <trkpt lat="43.254134226590395" lon="-5.318769430741668">
        <ele>555.1</ele>
      </trkpt>
      <trkpt lat="43.25409424491227" lon="-5.318790636956692">
        <ele>556.9</ele>
      </trkpt>
      <trkpt lat="43.25408167205751" lon="-5.318798432126641">
        <ele>557.4</ele>
      </trkpt>
      <trkpt lat="43.25405535288155" lon="-5.318825840950012">
        <ele>558.5</ele>
      </trkpt>
      <trkpt lat="43.254031548276544" lon="-5.318891638889909">
        <ele>559.3</ele>
      </trkpt>
      <trkpt lat="43.25402886606753" lon="-5.318912761285901">
        <ele>559.3</ele>
      </trkpt>
      <trkpt lat="43.254001373425126" lon="-5.319021977484226">
        <ele>560.2</ele>
      </trkpt>
      <trkpt lat="43.253977820277214" lon="-5.31907201744616">
        <ele>561.0</ele>
      </trkpt>
      <trkpt lat="43.253934318199754" lon="-5.319130606949329">
        <ele>562.2</ele>
      </trkpt>
      <trkpt lat="43.253917805850506" lon="-5.319148795679212">
        <ele>562.6</ele>
      </trkpt>
      <trkpt lat="43.25389643199742" lon="-5.319193303585053">
        <ele>563.0</ele>
      </trkpt>
      <trkpt lat="43.25388913974166" lon="-5.319210905581713">
        <ele>563.1</ele>
      </trkpt>
      <trkpt lat="43.25385552830994" lon="-5.319282235577703">
        <ele>563.6</ele>
      </trkpt>
      <trkpt lat="43.25384764932096" lon="-5.319295478984714">
        <ele>563.8</ele>
      </trkpt>
      <trkpt lat="43.253733571618795" lon="-5.319373095408082">
        <ele>566.2</ele>
      </trkpt>
      <trkpt lat="43.25371286831796" lon="-5.319371586665511">
        <ele>566.7</ele>
      </trkpt>
      <trkpt lat="43.25364011339843" lon="-5.319362282752991">
        <ele>568.7</ele>
      </trkpt>
      <trkpt lat="43.25361664406955" lon="-5.319363540038467">
        <ele>569.3</ele>
      </trkpt>
      <trkpt lat="43.2535573001951" lon="-5.319368569180369">
        <ele>570.7</ele>
      </trkpt>
      <trkpt lat="43.25354564934969" lon="-5.319369239732623">
        <ele>571.0</ele>
      </trkpt>
      <trkpt lat="43.25348420999944" lon="-5.319384997710586">
        <ele>572.1</ele>
      </trkpt>
      <trkpt lat="43.25338438153267" lon="-5.319396816194058">
        <ele>573.7</ele>
      </trkpt>
      <trkpt lat="43.25334582477808" lon="-5.319400671869516">
        <ele>574.1</ele>
      </trkpt>
      <trkpt lat="43.25331749394536" lon="-5.319406455382705">
        <ele>574.3</ele>
      </trkpt>
      <trkpt lat="43.25324909761548" lon="-5.31939497217536">
        <ele>575.3</ele>
      </trkpt>
      <trkpt lat="43.25322646647692" lon="-5.319389021024108">
        <ele>575.6</ele>
      </trkpt>
      <trkpt lat="43.25321154668927" lon="-5.319383405148983">
        <ele>575.8</ele>
      </trkpt>
      <trkpt lat="43.253166703507304" lon="-5.319368988275528">
        <ele>576.5</ele>
      </trkpt>
      <trkpt lat="43.25315630994737" lon="-5.319368150085211">
        <ele>576.6</ele>
      </trkpt>
      <trkpt lat="43.25306301936507" lon="-5.319356163963676">
        <ele>577.8</ele>
      </trkpt>
      <trkpt lat="43.25303175486624" lon="-5.319350883364677">
        <ele>578.4</ele>
      </trkpt>
      <trkpt lat="43.25295925140381" lon="-5.319368652999401">
        <ele>579.1</ele>
      </trkpt>
      <trkpt lat="43.25296143069863" lon="-5.319392457604408">
        <ele>578.7</ele>
      </trkpt>
      <trkpt lat="43.25288683176041" lon="-5.319467727094889">
        <ele>579.1</ele>
      </trkpt>
      <trkpt lat="43.25283335521817" lon="-5.319502595812082">
        <ele>580.0</ele>
      </trkpt>
      <trkpt lat="43.2528128195554" lon="-5.319522125646472">
        <ele>580.4</ele>
      </trkpt>
      <trkpt lat="43.252740399912" lon="-5.319552132859826">
        <ele>582.2</ele>
      </trkpt>
      <trkpt lat="43.252727994695306" lon="-5.319556491449475">
        <ele>582.5</ele>
      </trkpt>
      <trkpt lat="43.25266890227795" lon="-5.319571243599057">
        <ele>584.2</ele>
      </trkpt>
      <trkpt lat="43.25263277627528" lon="-5.319588929414749">
        <ele>585.2</ele>
      </trkpt>
      <trkpt lat="43.252608720213175" lon="-5.319605022668839">
        <ele>585.9</ele>
      </trkpt>
      <trkpt lat="43.25259380042553" lon="-5.319613320752978">
        <ele>586.4</ele>
      </trkpt>
      <trkpt lat="43.25255809351802" lon="-5.319625809788704">
        <ele>587.6</ele>
      </trkpt>
      <trkpt lat="43.252548621967435" lon="-5.319625977426767">
        <ele>587.9</ele>
      </trkpt>
      <trkpt lat="43.252316107973456" lon="-5.319745419546962">
        <ele>596.2</ele>
      </trkpt>
      <trkpt lat="43.252308228984475" lon="-5.319748520851135">
        <ele>596.5</ele>
      </trkpt>
      <trkpt lat="43.252263218164444" lon="-5.319764111191034">
        <ele>598.0</ele>
      </trkpt>
      <trkpt lat="43.252221308648586" lon="-5.31978246755898">
        <ele>599.2</ele>
      </trkpt>
      <trkpt lat="43.25220596976578" lon="-5.319790011271834">
        <ele>599.7</ele>
      </trkpt>
      <trkpt lat="43.25216732919216" lon="-5.319801913574338">
        <ele>600.9</ele>
      </trkpt>
      <trkpt lat="43.25216867029667" lon="-5.319806020706892">
        <ele>600.9</ele>
      </trkpt>
      <trkpt lat="43.252124497666955" lon="-5.31983032822609">
        <ele>602.1</ele>
      </trkpt>
      <trkpt lat="43.252036068588495" lon="-5.319887492805719">
        <ele>604.2</ele>
      </trkpt>
      <trkpt lat="43.25194344855845" lon="-5.319923954084516">
        <ele>606.1</ele>
      </trkpt>
      <trkpt lat="43.25189952738583" lon="-5.319943819195032">
        <ele>606.8</ele>
      </trkpt>
      <trkpt lat="43.251895755529404" lon="-5.319957314059138">
        <ele>606.8</ele>
      </trkpt>
      <trkpt lat="43.25185342691839" lon="-5.319962846115232">
        <ele>607.7</ele>
      </trkpt>
      <trkpt lat="43.25177983380854" lon="-5.320004336535931">
        <ele>609.3</ele>
      </trkpt>
      <trkpt lat="43.25174001976848" lon="-5.320030404254794">
        <ele>610.0</ele>
      </trkpt>
      <trkpt lat="43.25170883908868" lon="-5.320058735087514">
        <ele>610.7</ele>
      </trkpt>
      <trkpt lat="43.25166491791606" lon="-5.320088490843773">
        <ele>611.8</ele>
      </trkpt>
      <trkpt lat="43.25163608416915" lon="-5.320113301277161">
        <ele>612.4</ele>
      </trkpt>
      <trkpt lat="43.2515989523381" lon="-5.320118917152286">
        <ele>613.0</ele>
      </trkpt>
      <trkpt lat="43.25155092403293" lon="-5.320145152509213">
        <ele>614.0</ele>
      </trkpt>
      <trkpt lat="43.25152376666665" lon="-5.320157809183002">
        <ele>614.5</ele>
      </trkpt>
      <trkpt lat="43.25148655101657" lon="-5.320161413401365">
        <ele>614.9</ele>
      </trkpt>
      <trkpt lat="43.25145595706999" lon="-5.320173734799027">
        <ele>615.2</ele>
      </trkpt>
      <trkpt lat="43.25125873088837" lon="-5.320318322628737">
        <ele>613.9</ele>
      </trkpt>
      <trkpt lat="43.25125437229872" lon="-5.32032142393291">
        <ele>613.8</ele>
      </trkpt>
      <trkpt lat="43.251244481652975" lon="-5.320323100313544">
        <ele>613.6</ele>
      </trkpt>
      <trkpt lat="43.2512017339468" lon="-5.320325111970305">
        <ele>612.4</ele>
      </trkpt>
      <trkpt lat="43.25119385495782" lon="-5.320315724238753">
        <ele>612.2</ele>
      </trkpt>
      <trkpt lat="43.25116795487702" lon="-5.320314047858119">
        <ele>611.5</ele>
      </trkpt>
      <trkpt lat="43.25109528377652" lon="-5.320347407832742">
        <ele>608.7</ele>
      </trkpt>
      <trkpt lat="43.25105211697519" lon="-5.320401974022389">
        <ele>606.2</ele>
      </trkpt>
      <trkpt lat="43.25104826129973" lon="-5.320412954315543">
        <ele>605.9</ele>
      </trkpt>
      <trkpt lat="43.25102009810507" lon="-5.320440698415041">
        <ele>604.3</ele>
      </trkpt>
      <trkpt lat="43.25100718997419" lon="-5.320457713678479">
        <ele>603.5</ele>
      </trkpt>
      <trkpt lat="43.25099763460457" lon="-5.320466682314873">
        <ele>602.9</ele>
      </trkpt>
      <trkpt lat="43.25095446780324" lon="-5.320514626801014">
        <ele>600.4</ele>
      </trkpt>
      <trkpt lat="43.25094583444297" lon="-5.320517895743251">
        <ele>599.9</ele>
      </trkpt>
      <trkpt lat="43.25089386664331" lon="-5.320541113615036">
        <ele>597.3</ele>
      </trkpt>
      <trkpt lat="43.25083854608238" lon="-5.320572629570961">
        <ele>594.8</ele>
      </trkpt>
      <trkpt lat="43.25082161463797" lon="-5.320584699511528">
        <ele>594.2</ele>
      </trkpt>
      <trkpt lat="43.25076344422996" lon="-5.320588890463114">
        <ele>592.4</ele>
      </trkpt>
      <trkpt lat="43.25073134154081" lon="-5.320595763623714">
        <ele>591.6</ele>
      </trkpt>
      <trkpt lat="43.250682558864355" lon="-5.32058478333056">
        <ele>590.8</ele>
      </trkpt>
      <trkpt lat="43.2506216224283" lon="-5.320537760853767">
        <ele>590.5</ele>
      </trkpt>
      <trkpt lat="43.25057736597955" lon="-5.320497276261449">
        <ele>590.7</ele>
      </trkpt>
      <trkpt lat="43.25055624358356" lon="-5.320465760305524">
        <ele>591.0</ele>
      </trkpt>
      <trkpt lat="43.25046747922897" lon="-5.320379259064794">
        <ele>592.5</ele>
      </trkpt>
      <trkpt lat="43.250366477295756" lon="-5.320314634591341">
        <ele>594.1</ele>
      </trkpt>
      <trkpt lat="43.25030621141195" lon="-5.320269456133246">
        <ele>595.2</ele>
      </trkpt>
      <trkpt lat="43.25028508901596" lon="-5.320257805287838">
        <ele>595.4</ele>
      </trkpt>
      <trkpt lat="43.25027469545603" lon="-5.320252608507872">
        <ele>595.6</ele>
      </trkpt>
      <trkpt lat="43.25020059943199" lon="-5.320209609344602">
        <ele>596.4</ele>
      </trkpt>
      <trkpt lat="43.250170508399606" lon="-5.320168286561966">
        <ele>597.1</ele>
      </trkpt>
      <trkpt lat="43.25015424750745" lon="-5.320143643766642">
        <ele>597.4</ele>
      </trkpt>
      <trkpt lat="43.25009875930846" lon="-5.320072649046779">
        <ele>598.2</ele>
      </trkpt>
      <trkpt lat="43.25005827471614" lon="-5.320039875805378">
        <ele>598.5</ele>
      </trkpt>
      <trkpt lat="43.25002667494118" lon="-5.320017915219069">
        <ele>598.8</ele>
      </trkpt>
      <trkpt lat="43.2499722763896" lon="-5.319938622415066">
        <ele>599.3</ele>
      </trkpt>
      <trkpt lat="43.24992542155087" lon="-5.31988263130188">
        <ele>599.8</ele>
      </trkpt>
      <trkpt lat="43.24974713847041" lon="-5.319866286590695">
        <ele>605.9</ele>
      </trkpt>
      <trkpt lat="43.24968201108277" lon="-5.319798560813069">
        <ele>608.5</ele>
      </trkpt>
      <trkpt lat="43.24963725171983" lon="-5.319711389020085">
        <ele>609.3</ele>
      </trkpt>
      <trkpt lat="43.24962425976992" lon="-5.319660427048802">
        <ele>609.1</ele>
      </trkpt>
      <trkpt lat="43.24962291866541" lon="-5.319629078730941">
        <ele>608.5</ele>
      </trkpt>
      <trkpt lat="43.24961948208511" lon="-5.31955674290657">
        <ele>607.2</ele>
      </trkpt>
      <trkpt lat="43.24961856007576" lon="-5.319548612460494">
        <ele>607.1</ele>
      </trkpt>
      <trkpt lat="43.24962392449379" lon="-5.319442916661501">
        <ele>605.1</ele>
      </trkpt>
      <trkpt lat="43.24963381513953" lon="-5.31939547508955">
        <ele>604.0</ele>
      </trkpt>
      <trkpt lat="43.24965083040297" lon="-5.319317188113928">
        <ele>602.6</ele>
      </trkpt>
      <trkpt lat="43.249651584774256" lon="-5.319288354367018">
        <ele>602.5</ele>
      </trkpt>
      <trkpt lat="43.249652087688446" lon="-5.319274859502912">
        <ele>602.4</ele>
      </trkpt>
      <trkpt lat="43.24965242296457" lon="-5.319201685488224">
        <ele>602.3</ele>
      </trkpt>
      <trkpt lat="43.24964412488043" lon="-5.319153908640146">
        <ele>602.5</ele>
      </trkpt>
      <trkpt lat="43.24962702579796" lon="-5.319101521745324">
        <ele>603.3</ele>
      </trkpt>
      <trkpt lat="43.249600790441036" lon="-5.319039663299918">
        <ele>604.5</ele>
      </trkpt>
      <trkpt lat="43.24958972632885" lon="-5.319020720198751">
        <ele>604.9</ele>
      </trkpt>
      <trkpt lat="43.24956927448511" lon="-5.318986689671874">
        <ele>605.9</ele>
      </trkpt>
      <trkpt lat="43.249551923945546" lon="-5.31895617954433">
        <ele>606.7</ele>
      </trkpt>
      <trkpt lat="43.2495216652751" lon="-5.318899936974049">
        <ele>607.9</ele>
      </trkpt>
      <trkpt lat="43.24951286427677" lon="-5.318885436281562">
        <ele>608.3</ele>
      </trkpt>
      <trkpt lat="43.249496603384614" lon="-5.31886431388557">
        <ele>609.0</ele>
      </trkpt>
      <trkpt lat="43.24948118068278" lon="-5.318836737424135">
        <ele>609.6</ele>
      </trkpt>
      <trkpt lat="43.249418484047055" lon="-5.318751744925976">
        <ele>611.9</ele>
      </trkpt>
      <trkpt lat="43.249410185962915" lon="-5.318739758804441">
        <ele>612.3</ele>
      </trkpt>
      <trkpt lat="43.24937422759831" lon="-5.318666165694594">
        <ele>613.3</ele>
      </trkpt>
      <trkpt lat="43.24936500750482" lon="-5.318653006106615">
        <ele>613.6</ele>
      </trkpt>
      <trkpt lat="43.24931463226676" lon="-5.318597350269556">
        <ele>615.3</ele>
      </trkpt>
      <trkpt lat="43.249273393303156" lon="-5.318552171811461">
        <ele>616.6</ele>
      </trkpt>
      <trkpt lat="43.24922561645508" lon="-5.318510429933667">
        <ele>617.9</ele>
      </trkpt>
      <trkpt lat="43.24917633086443" lon="-5.318450499325991">
        <ele>618.8</ele>
      </trkpt>
      <trkpt lat="43.249158477410674" lon="-5.318433567881584">
        <ele>619.1</ele>
      </trkpt>
      <trkpt lat="43.249104246497154" lon="-5.318381432443857">
        <ele>620.0</ele>
      </trkpt>
      <trkpt lat="43.249079352244735" lon="-5.318354358896613">
        <ele>620.3</ele>
      </trkpt>
      <trkpt lat="43.249046159908175" lon="-5.318330051377416">
        <ele>620.8</ele>
      </trkpt>
      <trkpt lat="43.24901062063873" lon="-5.318309599533677">
        <ele>621.5</ele>
      </trkpt>
      <trkpt lat="43.24894096702337" lon="-5.318268947303295">
        <ele>622.7</ele>
      </trkpt>
      <trkpt lat="43.24892244301736" lon="-5.318262409418821">
        <ele>623.1</ele>
      </trkpt>
      <trkpt lat="43.24885354377329" lon="-5.318233575671911">
        <ele>624.6</ele>
      </trkpt>
      <trkpt lat="43.2488239556551" lon="-5.31822326593101">
        <ele>625.3</ele>
      </trkpt>
      <trkpt lat="43.24876410886645" lon="-5.318172471597791">
        <ele>626.2</ele>
      </trkpt>
      <trkpt lat="43.24870250187814" lon="-5.318127041682601">
        <ele>627.0</ele>
      </trkpt>
      <trkpt lat="43.24869202449918" lon="-5.318116061389446">
        <ele>627.1</ele>
      </trkpt>
      <trkpt lat="43.24862974695861" lon="-5.318063339218497">
        <ele>627.6</ele>
      </trkpt>
      <trkpt lat="43.24860409833491" lon="-5.318036265671253">
        <ele>627.8</ele>
      </trkpt>
      <trkpt lat="43.24856855906546" lon="-5.318009108304977">
        <ele>628.0</ele>
      </trkpt>
      <trkpt lat="43.24851960875094" lon="-5.317963846027851">
        <ele>628.1</ele>
      </trkpt>
      <trkpt lat="43.24845842085779" lon="-5.317883966490626">
        <ele>627.6</ele>
      </trkpt>
      <trkpt lat="43.24844718910754" lon="-5.317865358665586">
        <ele>627.5</ele>
      </trkpt>
      <trkpt lat="43.24843746609986" lon="-5.317857814952731">
        <ele>627.6</ele>
      </trkpt>
      <trkpt lat="43.248406955972314" lon="-5.317828143015504">
        <ele>627.7</ele>
      </trkpt>
      <trkpt lat="43.24835607782006" lon="-5.317780198529363">
        <ele>628.3</ele>
      </trkpt>
      <trkpt lat="43.24832799844444" lon="-5.317748934030533">
        <ele>628.4</ele>
      </trkpt>
      <trkpt lat="43.24827418662608" lon="-5.317711550742388">
        <ele>629.4</ele>
      </trkpt>
      <trkpt lat="43.24824744835496" lon="-5.317694703117013">
        <ele>630.0</ele>
      </trkpt>
      <trkpt lat="43.248184667900205" lon="-5.317623121663928">
        <ele>630.6</ele>
      </trkpt>
      <trkpt lat="43.24812431819737" lon="-5.317581295967102">
        <ele>631.6</ele>
      </trkpt>
      <trkpt lat="43.24807151220739" lon="-5.317550115287304">
        <ele>632.3</ele>
      </trkpt>
      <trkpt lat="43.24803831987083" lon="-5.317527819424868">
        <ele>632.8</ele>
      </trkpt>
      <trkpt lat="43.24794704094529" lon="-5.317399576306343">
        <ele>633.3</ele>
      </trkpt>
      <trkpt lat="43.24788141064346" lon="-5.317289605736733">
        <ele>632.1</ele>
      </trkpt>
      <trkpt lat="43.247865065932274" lon="-5.317268399521709">
        <ele>632.2</ele>
      </trkpt>
      <trkpt lat="43.24780480004847" lon="-5.317203188315034">
        <ele>632.0</ele>
      </trkpt>
      <trkpt lat="43.24781393632293" lon="-5.317192375659943">
        <ele>632.3</ele>
      </trkpt>
      <trkpt lat="43.247754173353314" lon="-5.317087937146425">
        <ele>633.2</ele>
      </trkpt>
      <trkpt lat="43.24774126522243" lon="-5.31708667986095">
        <ele>633.0</ele>
      </trkpt>
      <trkpt lat="43.247729782015085" lon="-5.317071173340082">
        <ele>633.1</ele>
      </trkpt>
      <trkpt lat="43.24771888554096" lon="-5.317056672647595">
        <ele>633.3</ele>
      </trkpt>
      <trkpt lat="43.24773548170924" lon="-5.317024737596512">
        <ele>634.3</ele>
      </trkpt>
      <trkpt lat="43.24773581698537" lon="-5.317016607150435">
        <ele>634.6</ele>
      </trkpt>
      <trkpt lat="43.247737074270844" lon="-5.316982911899686">
        <ele>635.7</ele>
      </trkpt>
      <trkpt lat="43.247730704024434" lon="-5.31698408536613">
        <ele>635.6</ele>
      </trkpt>
      <trkpt lat="43.24772014282644" lon="-5.316973607987166">
        <ele>635.7</ele>
      </trkpt>
      <trkpt lat="43.24769834987819" lon="-5.316968411207199">
        <ele>635.4</ele>
      </trkpt>
      <trkpt lat="43.247698014602065" lon="-5.316963801160455">
        <ele>635.5</ele>
      </trkpt>
      <trkpt lat="43.24769910424948" lon="-5.316883670166135">
        <ele>638.7</ele>
      </trkpt>
      <trkpt lat="43.24780086055398" lon="-5.316994898021221">
        <ele>636.9</ele>
      </trkpt>
      <trkpt lat="43.24784059077501" lon="-5.316975368186832">
        <ele>639.0</ele>
      </trkpt>
      <trkpt lat="43.2478395011276" lon="-5.316976374015212">
        <ele>638.9</ele>
      </trkpt>
      <trkpt lat="43.24785131961107" lon="-5.316999424248934">
        <ele>638.3</ele>
      </trkpt>
      <trkpt lat="43.24786674231291" lon="-5.317011745646596">
        <ele>638.3</ele>
      </trkpt>
      <trkpt lat="43.247880320996046" lon="-5.317046111449599">
        <ele>637.3</ele>
      </trkpt>
      <trkpt lat="43.247914016246796" lon="-5.317093469202519">
        <ele>636.7</ele>
      </trkpt>
      <trkpt lat="43.247926253825426" lon="-5.317104365676642">
        <ele>636.6</ele>
      </trkpt>
      <trkpt lat="43.24793631210923" lon="-5.317116100341082">
        <ele>636.4</ele>
      </trkpt>
      <trkpt lat="43.24795072898269" lon="-5.317147700116038">
        <ele>635.8</ele>
      </trkpt>
      <trkpt lat="43.24798082001507" lon="-5.317158680409193">
        <ele>636.2</ele>
      </trkpt>
      <trkpt lat="43.248014682903886" lon="-5.31720008701086">
        <ele>635.5</ele>
      </trkpt>
      <trkpt lat="43.24801987968385" lon="-5.317208804190159">
        <ele>635.3</ele>
      </trkpt>
      <trkpt lat="43.248045863583684" lon="-5.31723914667964">
        <ele>634.9</ele>
      </trkpt>
      <trkpt lat="43.24804125353694" lon="-5.317242667078972">
        <ele>634.7</ele>
      </trkpt>
      <trkpt lat="43.24804041534662" lon="-5.317282313480973">
        <ele>633.5</ele>
      </trkpt>
      <trkpt lat="43.24804360046983" lon="-5.317299077287316">
        <ele>633.1</ele>
      </trkpt>
      <trkpt lat="43.24804184027016" lon="-5.317304190248251">
        <ele>633.0</ele>
      </trkpt>
      <trkpt lat="43.24805391021073" lon="-5.317339561879635">
        <ele>632.4</ele>
      </trkpt>
      <trkpt lat="43.24806128628552" lon="-5.317346937954426">
        <ele>632.3</ele>
      </trkpt>
      <trkpt lat="43.24806489050388" lon="-5.317367305979133">
        <ele>631.9</ele>
      </trkpt>
      <trkpt lat="43.24805592186749" lon="-5.317403683438897">
        <ele>631.5</ele>
      </trkpt>
      <trkpt lat="43.24805240146816" lon="-5.317421620711684">
        <ele>631.5</ele>
      </trkpt>
      <trkpt lat="43.248060531914234" lon="-5.317449700087309">
        <ele>631.4</ele>
      </trkpt>
      <trkpt lat="43.248066566884517" lon="-5.3174569085240365">
        <ele>631.3</ele>
      </trkpt>
      <trkpt lat="43.2480795588344335" lon="-5.31746311113238325">
        <ele>631.2</ele>
      </trkpt>
      <trkpt lat="43.24809255078435" lon="-5.31746931374073">
        <ele>631.0</ele>
      </trkpt>
      <trkpt lat="43.248100178316236" lon="-5.31747761182487">
        <ele>631.0</ele>
      </trkpt>
      <trkpt lat="43.24810571037233" lon="-5.317477863281965">
        <ele>630.9</ele>
      </trkpt>
      <trkpt lat="43.248165640980005" lon="-5.317444754764438">
        <ele>630.4</ele>
      </trkpt>
      <trkpt lat="43.24820788577199" lon="-5.317421201616526">
        <ele>630.2</ele>
      </trkpt>
      <trkpt lat="43.248255075886846" lon="-5.317432265728712">
        <ele>630.3</ele>
      </trkpt>
      <trkpt lat="43.24825876392424" lon="-5.317479372024536">
        <ele>630.1</ele>
      </trkpt>
      <trkpt lat="43.24826714582741" lon="-5.31748834066093">
        <ele>630.0</ele>
      </trkpt>
      <trkpt lat="43.248287765309215" lon="-5.317537626251578">
        <ele>629.0</ele>
      </trkpt>
      <trkpt lat="43.24831995181739" lon="-5.317562855780125">
        <ele>628.5</ele>
      </trkpt>
      <trkpt lat="43.248326405882835" lon="-5.317582134157419">
        <ele>628.2</ele>
      </trkpt>
      <trkpt lat="43.24834467843175" lon="-5.317574758082628">
        <ele>628.3</ele>
      </trkpt>
      <trkpt lat="43.24835213832557" lon="-5.317564280703664">
        <ele>628.4</ele>
      </trkpt>
      <trkpt lat="43.24839564040303" lon="-5.317632677033544">
        <ele>627.2</ele>
      </trkpt>
      <trkpt lat="43.24839781969786" lon="-5.317632593214512">
        <ele>627.2</ele>
      </trkpt>
      <trkpt lat="43.2484233006835" lon="-5.317624881863594">
        <ele>627.4</ele>
      </trkpt>
      <trkpt lat="43.24845070950687" lon="-5.317618260160089">
        <ele>627.6</ele>
      </trkpt>
      <trkpt lat="43.24852597899735" lon="-5.317824371159077">
        <ele>625.9</ele>
      </trkpt>
      <trkpt lat="43.24855489656329" lon="-5.31782504171133">
        <ele>625.7</ele>
      </trkpt>
      <trkpt lat="43.24859454296529" lon="-5.317847169935703">
        <ele>625.6</ele>
      </trkpt>
      <trkpt lat="43.24862035922706" lon="-5.317858988419175">
        <ele>625.6</ele>
      </trkpt>
      <trkpt lat="43.24863444082439" lon="-5.31787047162652">
        <ele>625.5</ele>
      </trkpt>
      <trkpt lat="43.24865598231554" lon="-5.317877512425184">
        <ele>625.5</ele>
      </trkpt>
      <trkpt lat="43.248664448037744" lon="-5.317897042259574">
        <ele>625.3</ele>
      </trkpt>
      <trkpt lat="43.24866025708616" lon="-5.317904585972428">
        <ele>625.4</ele>
      </trkpt>
      <trkpt lat="43.24866511859" lon="-5.317912800237536">
        <ele>625.4</ele>
      </trkpt>
      <trkpt lat="43.24866998009384" lon="-5.317921936511993">
        <ele>625.4</ele>
      </trkpt>
      <trkpt lat="43.248675763607025" lon="-5.317925540730357">
        <ele>625.4</ele>
      </trkpt>
      <trkpt lat="43.24869319796562" lon="-5.31797356903553">
        <ele>625.3</ele>
      </trkpt>
      <trkpt lat="43.248786656185985" lon="-5.318008605390787">
        <ele>624.4</ele>
      </trkpt>
      <trkpt lat="43.24889302253723" lon="-5.318088568747044">
        <ele>622.8</ele>
      </trkpt>
      <trkpt lat="43.2488947827369" lon="-5.318085215985775">
        <ele>622.7</ele>
      </trkpt>
      <trkpt lat="43.248901991173625" lon="-5.318086976185441">
        <ele>622.6</ele>
      </trkpt>
      <trkpt lat="43.24891976080835" lon="-5.318087479099631">
        <ele>622.4</ele>
      </trkpt>
      <trkpt lat="43.248935267329216" lon="-5.318106925114989">
        <ele>622.1</ele>
      </trkpt>
      <trkpt lat="43.24895597063005" lon="-5.318126622587442">
        <ele>621.7</ele>
      </trkpt>
      <trkpt lat="43.24896854348481" lon="-5.318154282867909">
        <ele>621.3</ele>
      </trkpt>
      <trkpt lat="43.24896485544741" lon="-5.318172052502632">
        <ele>621.4</ele>
      </trkpt>
      <trkpt lat="43.24896477162838" lon="-5.318174567073584">
        <ele>621.4</ele>
      </trkpt>
      <trkpt lat="43.24898522347212" lon="-5.318224187940359">
        <ele>621.2</ele>
      </trkpt>
      <trkpt lat="43.24900835752487" lon="-5.318235335871577">
        <ele>620.8</ele>
      </trkpt>
      <trkpt lat="43.24901057872921" lon="-5.3182287141680715">
        <ele>620.8</ele>
      </trkpt>
      <trkpt lat="43.24901279993355" lon="-5.318222092464566">
        <ele>620.7</ele>
      </trkpt>
      <trkpt lat="43.249041298404336" lon="-5.318210022523999">
        <ele>620.2</ele>
      </trkpt>
      <trkpt lat="43.249049596488476" lon="-5.318214129656553">
        <ele>620.1</ele>
      </trkpt>
      <trkpt lat="43.24905797839165" lon="-5.318216560408473">
        <ele>619.9</ele>
      </trkpt>
      <trkpt lat="43.24907717294991" lon="-5.318281855434179">
        <ele>619.7</ele>
      </trkpt>
      <trkpt lat="43.24918370693922" lon="-5.318296020850539">
        <ele>617.8</ele>
      </trkpt>
      <trkpt lat="43.24919200502336" lon="-5.318306917324662">
        <ele>617.6</ele>
      </trkpt>
      <trkpt lat="43.24920365586877" lon="-5.318326950073242">
        <ele>617.2</ele>
      </trkpt>
      <trkpt lat="43.24921010993421" lon="-5.318332733586431">
        <ele>617.1</ele>
      </trkpt>
      <trkpt lat="43.249236764386296" lon="-5.318344552069902">
        <ele>616.7</ele>
      </trkpt>
      <trkpt lat="43.24924028478563" lon="-5.318350503221154">
        <ele>616.6</ele>
      </trkpt>
      <trkpt lat="43.249251851812005" lon="-5.318366009742022">
        <ele>616.4</ele>
      </trkpt>
      <trkpt lat="43.24925755150616" lon="-5.318365674465895">
        <ele>616.2</ele>
      </trkpt>
      <trkpt lat="43.24926492758095" lon="-5.318361399695277">
        <ele>616.1</ele>
      </trkpt>
      <trkpt lat="43.24928051792085" lon="-5.318363830447197">
        <ele>615.8</ele>
      </trkpt>
      <trkpt lat="43.24930130504072" lon="-5.31837179325521">
        <ele>615.3</ele>
      </trkpt>
      <trkpt lat="43.24932200834155" lon="-5.318375565111637">
        <ele>614.8</ele>
      </trkpt>
      <trkpt lat="43.249331060796976" lon="-5.318394424393773">
        <ele>614.5</ele>
      </trkpt>
      <trkpt lat="43.24933625757694" lon="-5.318397441878915">
        <ele>614.3</ele>
      </trkpt>
      <trkpt lat="43.24938646517694" lon="-5.318394675850868">
        <ele>613.4</ele>
      </trkpt>
      <trkpt lat="43.24938638135791" lon="-5.318410433828831">
        <ele>613.1</ele>
      </trkpt>
      <trkpt lat="43.24939342215657" lon="-5.318420240655541">
        <ele>612.9</ele>
      </trkpt>
      <trkpt lat="43.249408677220345" lon="-5.318424515426159">
        <ele>612.5</ele>
      </trkpt>
      <trkpt lat="43.249450670555234" lon="-5.318429209291935">
        <ele>611.5</ele>
      </trkpt>
      <trkpt lat="43.24946944601834" lon="-5.318432729691267">
        <ele>611.1</ele>
      </trkpt>
      <trkpt lat="43.249470703303814" lon="-5.318433316424489">
        <ele>611.1</ele>
      </trkpt>
      <trkpt lat="43.24948662891984" lon="-5.318433316424489">
        <ele>610.9</ele>
      </trkpt>
      <trkpt lat="43.24949945323169" lon="-5.318419653922319">
        <ele>610.9</ele>
      </trkpt>
      <trkpt lat="43.24950532056391" lon="-5.318416468799114">
        <ele>610.9</ele>
      </trkpt>
      <trkpt lat="43.249521581456065" lon="-5.318424180150032">
        <ele>610.5</ele>
      </trkpt>
      <trkpt lat="43.2495441287756" lon="-5.31844119541347">
        <ele>609.9</ele>
      </trkpt>
      <trkpt lat="43.24955737218261" lon="-5.318455612286925">
        <ele>609.4</ele>
      </trkpt>
      <trkpt lat="43.24956860393286" lon="-5.318488385528326">
        <ele>608.4</ele>
      </trkpt>
      <trkpt lat="43.24957933276892" lon="-5.318547310307622">
        <ele>607.0</ele>
      </trkpt>
      <trkpt lat="43.2495784945786" lon="-5.318550411611795">
        <ele>607.0</ele>
      </trkpt>
      <trkpt lat="43.24959257617593" lon="-5.318521996960044">
        <ele>607.4</ele>
      </trkpt>
      <trkpt lat="43.249597772955894" lon="-5.318525265902281">
        <ele>607.3</ele>
      </trkpt>
      <trkpt lat="43.24963138438761" lon="-5.318538341671228">
        <ele>606.8</ele>
      </trkpt>
      <trkpt lat="43.24964479543269" lon="-5.318558206781745">
        <ele>606.3</ele>
      </trkpt>
      <trkpt lat="43.24969567358494" lon="-5.318587208166719">
        <ele>605.8</ele>
      </trkpt>
      <trkpt lat="43.249698942527175" lon="-5.31859022565186">
        <ele>605.8</ele>
      </trkpt>
      <trkpt lat="43.24968947097659" lon="-5.318642947822809">
        <ele>604.7</ele>
      </trkpt>
      <trkpt lat="43.249682849273086" lon="-5.318648144602776">
        <ele>604.6</ele>
      </trkpt>
      <trkpt lat="43.24967932887375" lon="-5.31870162114501">
        <ele>603.8</ele>
      </trkpt>
      <trkpt lat="43.24968511238694" lon="-5.318711427971721">
        <ele>603.6</ele>
      </trkpt>
      <trkpt lat="43.24970749206841" lon="-5.318748392164707">
        <ele>603.0</ele>
      </trkpt>
      <trkpt lat="43.24971838854253" lon="-5.318794744089246">
        <ele>602.7</ele>
      </trkpt>
      <trkpt lat="43.249720400199294" lon="-5.318811004981399">
        <ele>602.5</ele>
      </trkpt>
      <trkpt lat="43.24972601607442" lon="-5.318835312500596">
        <ele>602.3</ele>
      </trkpt>
      <trkpt lat="43.24975149706006" lon="-5.319024911150336">
        <ele>600.6</ele>
      </trkpt>
      <trkpt lat="43.249766333028674" lon="-5.319032203406096">
        <ele>600.5</ele>
      </trkpt>
      <trkpt lat="43.249771278351545" lon="-5.319037232547998">
        <ele>600.5</ele>
      </trkpt>
      <trkpt lat="43.24978804215789" lon="-5.319069754332304">
        <ele>600.5</ele>
      </trkpt>
      <trkpt lat="43.2497978489846" lon="-5.319136893376708">
        <ele>600.0</ele>
      </trkpt>
      <trkpt lat="43.24979726225138" lon="-5.319139743223786">
        <ele>600.0</ele>
      </trkpt>
      <trkpt lat="43.249794244766235" lon="-5.319154411554337">
        <ele>599.9</ele>
      </trkpt>
      <trkpt lat="43.249791814014316" lon="-5.319169498980045">
        <ele>599.7</ele>
      </trkpt>
      <trkpt lat="43.24979290366173" lon="-5.319215767085552">
        <ele>599.5</ele>
      </trkpt>
      <trkpt lat="43.24979189783335" lon="-5.319217192009091">
        <ele>599.4</ele>
      </trkpt>
      <trkpt lat="43.24981050565839" lon="-5.319258766248822">
        <ele>599.3</ele>
      </trkpt>
      <trkpt lat="43.2498168759048" lon="-5.319281313568354">
        <ele>599.2</ele>
      </trkpt>
      <trkpt lat="43.24981754645705" lon="-5.319335963577032">
        <ele>599.0</ele>
      </trkpt>
      <trkpt lat="43.249817211180925" lon="-5.319363456219435">
        <ele>599.0</ele>
      </trkpt>
      <trkpt lat="43.24981838464737" lon="-5.319412825629115">
        <ele>598.9</ele>
      </trkpt>
      <trkpt lat="43.24981855228543" lon="-5.319490442052484">
        <ele>598.9</ele>
      </trkpt>
      <trkpt lat="43.24983162805438" lon="-5.3195068705827">
        <ele>598.9</ele>
      </trkpt>
      <trkpt lat="43.249832885339856" lon="-5.319514079019427">
        <ele>598.9</ele>
      </trkpt>
      <trkpt lat="43.249835819005966" lon="-5.319524388760328">
        <ele>599.0</ele>
      </trkpt>
      <trkpt lat="43.24983690865338" lon="-5.319546349346638">
        <ele>599.0</ele>
      </trkpt>
      <trkpt lat="43.249828442931175" lon="-5.319580882787705">
        <ele>599.2</ele>
      </trkpt>
      <trkpt lat="43.2498271856457" lon="-5.319622037932277">
        <ele>599.4</ele>
      </trkpt>
      <trkpt lat="43.249825509265065" lon="-5.319626647979021">
        <ele>599.5</ele>
      </trkpt>
      <trkpt lat="43.24981092475355" lon="-5.319680711254478">
        <ele>600.2</ele>
      </trkpt>
      <trkpt lat="43.24979298748076" lon="-5.319740306586027">
        <ele>601.4</ele>
      </trkpt>
      <trkpt lat="43.2498012855649" lon="-5.319762015715241">
        <ele>601.5</ele>
      </trkpt>
      <trkpt lat="43.24980522505939" lon="-5.319767463952303">
        <ele>601.4</ele>
      </trkpt>
      <trkpt lat="43.24979919008911" lon="-5.319791939109564">
        <ele>602.0</ele>
      </trkpt>
      <trkpt lat="43.2497996930033" lon="-5.31979956664145">
        <ele>602.1</ele>
      </trkpt>
      <trkpt lat="43.2498065661639" lon="-5.319813648238778">
        <ele>602.0</ele>
      </trkpt>
      <trkpt lat="43.24985459446907" lon="-5.319937616586685">
        <ele>602.2</ele>
      </trkpt>
      <trkpt lat="43.24984956532717" lon="-5.319961672648788">
        <ele>602.7</ele>
      </trkpt>
      <trkpt lat="43.249850906431675" lon="-5.319984555244446">
        <ele>603.0</ele>
      </trkpt>
      <trkpt lat="43.24988183565438" lon="-5.320015903562307">
        <ele>602.2</ele>
      </trkpt>
      <trkpt lat="43.24989901855588" lon="-5.32001162879169">
        <ele>601.5</ele>
      </trkpt>
      <trkpt lat="43.249886529520154" lon="-5.320016909390688">
        <ele>602.0</ele>
      </trkpt>
      <trkpt lat="43.24991125613451" lon="-5.320055549964309">
        <ele>601.7</ele>
      </trkpt>
      <trkpt lat="43.24993313290179" lon="-5.320063596591353">
        <ele>601.0</ele>
      </trkpt>
      <trkpt lat="43.24993858113885" lon="-5.320078264921904">
        <ele>601.0</ele>
      </trkpt>
      <trkpt lat="43.2499426882714" lon="-5.320084635168314">
        <ele>601.0</ele>
      </trkpt>
      <trkpt lat="43.24995174072683" lon="-5.320092933252454">
        <ele>600.7</ele>
      </trkpt>
      <trkpt lat="43.249944280833006" lon="-5.320111121982336">
        <ele>601.2</ele>
      </trkpt>
      <trkpt lat="43.24993413873017" lon="-5.320129645988345">
        <ele>601.8</ele>
      </trkpt>
      <trkpt lat="43.249934976920485" lon="-5.320132663473487">
        <ele>601.8</ele>
      </trkpt>
      <trkpt lat="43.24994235299528" lon="-5.320143308490515">
        <ele>601.7</ele>
      </trkpt>
      <trkpt lat="43.24994830414653" lon="-5.32016065903008">
        <ele>601.7</ele>
      </trkpt>
      <trkpt lat="43.249958362430334" lon="-5.320183457806706">
        <ele>601.6</ele>
      </trkpt>
      <trkpt lat="43.249947717413306" lon="-5.320204244926572">
        <ele>602.4</ele>
      </trkpt>
      <trkpt lat="43.249950148165226" lon="-5.320213045924902">
        <ele>602.4</ele>
      </trkpt>
      <trkpt lat="43.24996548704803" lon="-5.320225115865469">
        <ele>602.0</ele>
      </trkpt>
      <trkpt lat="43.24998023919761" lon="-5.320225870236754">
        <ele>601.4</ele>
      </trkpt>
      <trkpt lat="43.24999373406172" lon="-5.320234755054116">
        <ele>601.0</ele>
      </trkpt>
      <trkpt lat="43.25000756420195" lon="-5.320246824994683">
        <ele>600.7</ele>
      </trkpt>
      <trkpt lat="43.25000907294452" lon="-5.320256128907204">
        <ele>600.7</ele>
      </trkpt>
      <trkpt lat="43.250016616657376" lon="-5.320264007896185">
        <ele>600.5</ele>
      </trkpt>
      <trkpt lat="43.250016113743186" lon="-5.320282028988004">
        <ele>600.8</ele>
      </trkpt>
      <trkpt lat="43.25000404380262" lon="-5.320290578529239">
        <ele>601.4</ele>
      </trkpt>
      <trkpt lat="43.250036062672734" lon="-5.320319077000022">
        <ele>600.6</ele>
      </trkpt>
      <trkpt lat="43.25005358085036" lon="-5.320345144718885">
        <ele>600.4</ele>
      </trkpt>
      <trkpt lat="43.25008283369243" lon="-5.320343133062124">
        <ele>599.2</ele>
      </trkpt>
      <trkpt lat="43.250088868662715" lon="-5.320348078384996">
        <ele>599.1</ele>
      </trkpt>
      <trkpt lat="43.250096160918474" lon="-5.320351347327232">
        <ele>598.9</ele>
      </trkpt>
      <trkpt lat="43.25010663829744" lon="-5.320345815271139">
        <ele>598.5</ele>
      </trkpt>
      <trkpt lat="43.25011560693383" lon="-5.320351850241423">
        <ele>598.3</ele>
      </trkpt>
      <trkpt lat="43.25011753477156" lon="-5.320352939888835">
        <ele>598.2</ele>
      </trkpt>
      <trkpt lat="43.250135723501444" lon="-5.320372469723225">
        <ele>597.8</ele>
      </trkpt>
      <trkpt lat="43.250150475651026" lon="-5.320366350933909">
        <ele>597.3</ele>
      </trkpt>
      <trkpt lat="43.25014779344201" lon="-5.320367775857449">
        <ele>597.4</ele>
      </trkpt>
      <trkpt lat="43.25015315786004" lon="-5.320374732837081">
        <ele>597.3</ele>
      </trkpt>
      <trkpt lat="43.250165143981576" lon="-5.32039225101471">
        <ele>597.0</ele>
      </trkpt>
      <trkpt lat="43.250184170901775" lon="-5.320413457229734">
        <ele>596.7</ele>
      </trkpt>
      <trkpt lat="43.25021602213383" lon="-5.320419911295176">
        <ele>595.8</ele>
      </trkpt>
      <trkpt lat="43.25023186393082" lon="-5.320430137217045">
        <ele>595.5</ele>
      </trkpt>
      <trkpt lat="43.250240329653025" lon="-5.320432065054774">
        <ele>595.3</ele>
      </trkpt>
      <trkpt lat="43.25025768019259" lon="-5.320431478321552">
        <ele>594.9</ele>
      </trkpt>
      <trkpt lat="43.250274527817965" lon="-5.320439776405692">
        <ele>594.5</ele>
      </trkpt>
      <trkpt lat="43.250314258039" lon="-5.320422928780317">
        <ele>593.7</ele>
      </trkpt>
      <trkpt lat="43.2503208797425" lon="-5.320430304855108">
        <ele>593.5</ele>
      </trkpt>
      <trkpt lat="43.250344851985574" lon="-5.320451678708196">
        <ele>593.1</ele>
      </trkpt>
      <trkpt lat="43.250351725146174" lon="-5.32046408392489">
        <ele>592.9</ele>
      </trkpt>
      <trkpt lat="43.25039019808173" lon="-5.320561481639743">
        <ele>592.5</ele>
      </trkpt>
      <trkpt lat="43.25039941817522" lon="-5.320564666762948">
        <ele>592.3</ele>
      </trkpt>
      <trkpt lat="43.250432359054685" lon="-5.320563912391663">
        <ele>591.6</ele>
      </trkpt>
      <trkpt lat="43.25044543482363" lon="-5.32056282274425">
        <ele>591.3</ele>
      </trkpt>
      <trkpt lat="43.250474855303764" lon="-5.320557625964284">
        <ele>590.9</ele>
      </trkpt>
      <trkpt lat="43.250485584139824" lon="-5.320567851886153">
        <ele>590.8</ele>
      </trkpt>
      <trkpt lat="43.25049120001495" lon="-5.320580927655101">
        <ele>590.8</ele>
      </trkpt>
      <trkpt lat="43.25050293467939" lon="-5.320591907948256">
        <ele>590.7</ele>
      </trkpt>
      <trkpt lat="43.25051567517221" lon="-5.320595512166619">
        <ele>590.6</ele>
      </trkpt>
      <trkpt lat="43.250558925792575" lon="-5.320626609027386">
        <ele>590.4</ele>
      </trkpt>
      <trkpt lat="43.250561859458685" lon="-5.320672038942576">
        <ele>590.8</ele>
      </trkpt>
      <trkpt lat="43.250567223876715" lon="-5.320688802748919">
        <ele>591.0</ele>
      </trkpt>
      <trkpt lat="43.25057585723698" lon="-5.3207035548985">
        <ele>591.1</ele>
      </trkpt>
      <trkpt lat="43.2505782879889" lon="-5.320710930973291">
        <ele>591.2</ele>
      </trkpt>
      <trkpt lat="43.2505801320076" lon="-5.320716379210353">
        <ele>591.2</ele>
      </trkpt>
      <trkpt lat="43.25059253722429" lon="-5.320754684507847">
        <ele>591.9</ele>
      </trkpt>
      <trkpt lat="43.2505938783288" lon="-5.320754013955593">
        <ele>591.8</ele>
      </trkpt>
      <trkpt lat="43.25061592273414" lon="-5.320770861580968">
        <ele>592.1</ele>
      </trkpt>
      <trkpt lat="43.25062220916152" lon="-5.320777567103505">
        <ele>592.3</ele>
      </trkpt>
      <trkpt lat="43.250630255788565" lon="-5.32078905031085">
        <ele>592.5</ele>
      </trkpt>
      <trkpt lat="43.2506372127682" lon="-5.320799443870783">
        <ele>592.7</ele>
      </trkpt>
      <trkpt lat="43.25063595548272" lon="-5.320812184363604">
        <ele>592.9</ele>
      </trkpt>
      <trkpt lat="43.25066437013447" lon="-5.320858536288142">
        <ele>594.3</ele>
      </trkpt>
      <trkpt lat="43.250668812543154" lon="-5.320859793573618">
        <ele>594.3</ele>
      </trkpt>
      <trkpt lat="43.25067384168506" lon="-5.320861050859094">
        <ele>594.4</ele>
      </trkpt>
      <trkpt lat="43.25068540871143" lon="-5.320844957605004">
        <ele>594.0</ele>
      </trkpt>
      <trkpt lat="43.25071005150676" lon="-5.320827858522534">
        <ele>593.8</ele>
      </trkpt>
      <trkpt lat="43.250723630189896" lon="-5.320818806067109">
        <ele>593.8</ele>
      </trkpt>
      <trkpt lat="43.2507249712944" lon="-5.320820063352585">
        <ele>593.9</ele>
      </trkpt>
      <trkpt lat="43.250734778121114" lon="-5.320814782753587">
        <ele>593.9</ele>
      </trkpt>
      <trkpt lat="43.250744668766856" lon="-5.320810256525874">
        <ele>594.0</ele>
      </trkpt>
      <trkpt lat="43.250750536099076" lon="-5.32080514356494">
        <ele>594.0</ele>
      </trkpt>
      <trkpt lat="43.250755816698074" lon="-5.320800868794322">
        <ele>594.1</ele>
      </trkpt>
      <trkpt lat="43.25075950473547" lon="-5.320798186585307">
        <ele>594.1</ele>
      </trkpt>
      <trkpt lat="43.250767635181546" lon="-5.320796174928546">
        <ele>594.2</ele>
      </trkpt>
      <trkpt lat="43.25077911838889" lon="-5.320793073624373">
        <ele>594.5</ele>
      </trkpt>
      <trkpt lat="43.250784734264016" lon="-5.320782847702503">
        <ele>594.5</ele>
      </trkpt>
      <trkpt lat="43.25078842230141" lon="-5.320776142179966">
        <ele>594.5</ele>
      </trkpt>
      <trkpt lat="43.25079412199557" lon="-5.320754684507847">
        <ele>594.3</ele>
      </trkpt>
      <trkpt lat="43.250813065096736" lon="-5.32074211165309">
        <ele>594.7</ele>
      </trkpt>
      <trkpt lat="43.25083686970174" lon="-5.320723000913858">
        <ele>595.2</ele>
      </trkpt>
      <trkpt lat="43.25087584555149" lon="-5.320683186873794">
        <ele>596.5</ele>
      </trkpt>
      <trkpt lat="43.250876516103745" lon="-5.320685617625713">
        <ele>596.5</ele>
      </trkpt>
      <trkpt lat="43.25088154524565" lon="-5.320677822455764">
        <ele>596.7</ele>
      </trkpt>
      <trkpt lat="43.25089470483363" lon="-5.32066491432488">
        <ele>597.1</ele>
      </trkpt>
      <trkpt lat="43.25090233236551" lon="-5.3206483181566">
        <ele>597.3</ele>
      </trkpt>
      <trkpt lat="43.250916078686714" lon="-5.320638930425048">
        <ele>598.0</ele>
      </trkpt>
      <trkpt lat="43.25092856772244" lon="-5.320633566007018">
        <ele>598.6</ele>
      </trkpt>
      <trkpt lat="43.25097986496985" lon="-5.320582101121545">
        <ele>601.2</ele>
      </trkpt>
      <trkpt lat="43.25100325047970" lon="-5.320511399768293">
        <ele>602.9</ele>
      </trkpt>
      <trkpt lat="43.2510652346536525" lon="-5.3204393782652915">
        <ele>606.3</ele>
      </trkpt>
      <trkpt lat="43.251127218827605" lon="-5.32036735676229">
        <ele>609.6</ele>
      </trkpt>
      <trkpt lat="43.25116560794413" lon="-5.320346653461456">
        <ele>611.1</ele>
      </trkpt>
      <trkpt lat="43.25126275420189" lon="-5.320243136957288">
        <ele>614.300</ele>
      </trkpt>
      <trkpt lat="43.2513346918858600" lon="-5.32022224506363300">
        <ele>614.275</ele>
      </trkpt>
      <trkpt lat="43.2514066295698300" lon="-5.32020135316997800">
        <ele>614.250</ele>
      </trkpt>
      <trkpt lat="43.2514785672538000" lon="-5.32018046127632300">
        <ele>614.225</ele>
      </trkpt>
      <trkpt lat="43.2515505049377700" lon="-5.32015956938266800">
        <ele>614.200</ele>
      </trkpt>
      <trkpt lat="43.25157171115279" lon="-5.320160323753953">
        <ele>614.0</ele>
      </trkpt>
      <trkpt lat="43.25159794650972" lon="-5.320145739242435">
        <ele>613.4</ele>
      </trkpt>
      <trkpt lat="43.25161135755479" lon="-5.320125371217728">
        <ele>612.9</ele>
      </trkpt>
      <trkpt lat="43.251618817448616" lon="-5.320115564391017">
        <ele>612.7</ele>
      </trkpt>
      <trkpt lat="43.25164404697716" lon="-5.320092597976327">
        <ele>612.1</ele>
      </trkpt>
      <trkpt lat="43.25165175832808" lon="-5.320092346519232">
        <ele>612.0</ele>
      </trkpt>
      <trkpt lat="43.251655865460634" lon="-5.320091424509883">
        <ele>612.0</ele>
      </trkpt>
      <trkpt lat="43.25166014023125" lon="-5.320091089233756">
        <ele>611.9</ele>
      </trkpt>
      <trkpt lat="43.251709593459964" lon="-5.320062590762973">
        <ele>610.8</ele>
      </trkpt>
      <trkpt lat="43.251728704199195" lon="-5.320015819743276">
        <ele>610.2</ele>
      </trkpt>
      <trkpt lat="43.25174177996814" lon="-5.320001905784011">
        <ele>610.0</ele>
      </trkpt>
      <trkpt lat="43.25177094899118" lon="-5.320006515830755">
        <ele>609.4</ele>
      </trkpt>
      <trkpt lat="43.251803973689675" lon="-5.319981453940272">
        <ele>608.7</ele>
      </trkpt>
      <trkpt lat="43.25181847438216" lon="-5.319965863600373">
        <ele>608.4</ele>
      </trkpt>
      <trkpt lat="43.25182115659118" lon="-5.319944322109222">
        <ele>608.4</ele>
      </trkpt>
      <trkpt lat="43.25181696563959" lon="-5.319937029853463">
        <ele>608.6</ele>
      </trkpt>
      <trkpt lat="43.25187815353274" lon="-5.319917080923915">
        <ele>607.4</ele>
      </trkpt>
      <trkpt lat="43.2518854457885" lon="-5.319943567737937">
        <ele>607.1</ele>
      </trkpt>
      <trkpt lat="43.251869436353445" lon="-5.319959158077836">
        <ele>607.3</ele>
      </trkpt>
      <trkpt lat="43.25185166671872" lon="-5.319906016811729">
        <ele>608.1</ele>
      </trkpt>
      <trkpt lat="43.25195945799351" lon="-5.319879362359643">
        <ele>605.7</ele>
      </trkpt>
      <trkpt lat="43.251957446336746" lon="-5.319873243570328">
        <ele>605.7</ele>
      </trkpt>
      <trkpt lat="43.251958787441254" lon="-5.319866286590695">
        <ele>605.8</ele>
      </trkpt>
      <trkpt lat="43.25197680853307" lon="-5.319856312125921">
        <ele>605.6</ele>
      </trkpt>
      <trkpt lat="43.25202441774309" lon="-5.319835022091866">
        <ele>604.7</ele>
      </trkpt>
      <trkpt lat="43.252053167670965" lon="-5.319822197780013">
        <ele>604.0</ele>
      </trkpt>
      <trkpt lat="43.2520556822419175" lon="-5.3198246704414485">
        <ele>604.0</ele>
      </trkpt>
      <trkpt lat="43.25207169167697375" lon="-5.31980285653844475">
        <ele>603.6</ele>
      </trkpt>
      <trkpt lat="43.25208770111203" lon="-5.319781042635441">
        <ele>603.3</ele>
      </trkpt>
      <trkpt lat="43.25213447213173" lon="-5.319739803671837">
        <ele>602.4</ele>
      </trkpt>
      <trkpt lat="43.252134220674634" lon="-5.319733684882522">
        <ele>602.5</ele>
      </trkpt>
      <trkpt lat="43.25214427895844" lon="-5.319738043472171">
        <ele>602.1</ele>
      </trkpt>
      <trkpt lat="43.252152409404516" lon="-5.319741731509566">
        <ele>601.8</ele>
      </trkpt>
      <trkpt lat="43.25216087512672" lon="-5.319725554436445">
        <ele>601.6</ele>
      </trkpt>
      <trkpt lat="43.25216280296445" lon="-5.319713484495878">
        <ele>601.7</ele>
      </trkpt>
      <trkpt lat="43.25216984376311" lon="-5.319689093157649">
        <ele>601.8</ele>
      </trkpt>
      <trkpt lat="43.252169005572796" lon="-5.319679286330938">
        <ele>602.0</ele>
      </trkpt>
      <trkpt lat="43.25218585319817" lon="-5.31967107206583">
        <ele>601.4</ele>
      </trkpt>
      <trkpt lat="43.25220043770969" lon="-5.319660929962993">
        <ele>601.0</ele>
      </trkpt>
      <trkpt lat="43.252206640318036" lon="-5.319656236097217">
        <ele>600.8</ele>
      </trkpt>
      <trkpt lat="43.25223622843623" lon="-5.319663863629103">
        <ele>599.6</ele>
      </trkpt>
      <trkpt lat="43.252364471554756" lon="-5.319623714312911">
        <ele>594.7</ele>
      </trkpt>
      <trkpt lat="43.25243689119816" lon="-5.319692445918918">
        <ele>591.8</ele>
      </trkpt>
      <trkpt lat="43.25248039327562" lon="-5.319674676284194">
        <ele>590.4</ele>
      </trkpt>
      <trkpt lat="43.252478213980794" lon="-5.319677442312241">
        <ele>590.4</ele>
      </trkpt>
      <trkpt lat="43.252506628632545" lon="-5.319555066525936">
        <ele>589.7</ele>
      </trkpt>
      <trkpt lat="43.2525001745671" lon="-5.319571578875184">
        <ele>589.9</ele>
      </trkpt>
      <trkpt lat="43.252506628632545" lon="-5.319589348509908">
        <ele>589.5</ele>
      </trkpt>
      <trkpt lat="43.2525160163641" lon="-5.31960217282176">
        <ele>589.1</ele>
      </trkpt>
      <trkpt lat="43.25251962058246" lon="-5.319600580260158">
        <ele>589.0</ele>
      </trkpt>
      <trkpt lat="43.252521045506" lon="-5.319597898051143">
        <ele>589.0</ele>
      </trkpt>
      <trkpt lat="43.25254602357745" lon="-5.319611644372344">
        <ele>588.0</ele>
      </trkpt>
      <trkpt lat="43.252551136538386" lon="-5.31959873624146">
        <ele>587.9</ele>
      </trkpt>
      <trkpt lat="43.252551555633545" lon="-5.31959630548954">
        <ele>587.9</ele>
      </trkpt>
      <trkpt lat="43.252558847889304" lon="-5.319596724584699">
        <ele>587.6</ele>
      </trkpt>
      <trkpt lat="43.25256999582052" lon="-5.319580547511578">
        <ele>587.3</ele>
      </trkpt>
      <trkpt lat="43.2525643799454" lon="-5.319564286619425">
        <ele>587.6</ele>
      </trkpt>
      <trkpt lat="43.25265825726092" lon="-5.319571411237121">
        <ele>584.5</ele>
      </trkpt>
      <trkpt lat="43.252654443494975" lon="-5.319549618288875">
        <ele>584.7</ele>
      </trkpt>
      <trkpt lat="43.25265062972903" lon="-5.319527825340629">
        <ele>584.9</ele>
      </trkpt>
      <trkpt lat="43.25266563333571" lon="-5.319518689066172">
        <ele>584.5</ele>
      </trkpt>
      <trkpt lat="43.25268021784723" lon="-5.319517515599728">
        <ele>584.1</ele>
      </trkpt>
      <trkpt lat="43.25270712375641" lon="-5.319517180323601">
        <ele>583.2</ele>
      </trkpt>
      <trkpt lat="43.25270586647093" lon="-5.319505445659161">
        <ele>583.4</ele>
      </trkpt>
      <trkpt lat="43.25269195251167" lon="-5.319468732923269">
        <ele>584.1</ele>
      </trkpt>
      <trkpt lat="43.25279773212969" lon="-5.319455657154322">
        <ele>581.3</ele>
      </trkpt>
      <trkpt lat="43.252815837040544" lon="-5.319455657154322">
        <ele>580.9</ele>
      </trkpt>
      <trkpt lat="43.25284383259714" lon="-5.319457836449146">
        <ele>580.2</ele>
      </trkpt>
      <trkpt lat="43.25288515537977" lon="-5.31945314258337">
        <ele>579.3</ele>
      </trkpt>
      <trkpt lat="43.253258401528" lon="-5.319513995200396">
        <ele>573.6</ele>
      </trkpt>
      <trkpt lat="43.25329788029194" lon="-5.319508295506239">
        <ele>573.2</ele>
      </trkpt>
      <trkpt lat="43.253314308822155" lon="-5.319522460922599">
        <ele>572.9</ele>
      </trkpt>
      <trkpt lat="43.25332243926823" lon="-5.319529501721263">
        <ele>572.8</ele>
      </trkpt>
      <trkpt lat="43.25335219502449" lon="-5.319537632167339">
        <ele>572.5</ele>
      </trkpt>
      <trkpt lat="43.25336694717407" lon="-5.319541655480862">
        <ele>572.4</ele>
      </trkpt>
      <trkpt lat="43.253400810062885" lon="-5.319534698501229">
        <ele>572.0</ele>
      </trkpt>
      <trkpt lat="43.25341899879277" lon="-5.319555485621095">
        <ele>571.8</ele>
      </trkpt>
      <trkpt lat="43.253448167815804" lon="-5.319559844210744">
        <ele>571.4</ele>
      </trkpt>
      <trkpt lat="43.25346736237407" lon="-5.31956990249455">
        <ele>571.2</ele>
      </trkpt>
      <trkpt lat="43.25348261743784" lon="-5.319553976878524">
        <ele>570.9</ele>
      </trkpt>
      <trkpt lat="43.25350072234869" lon="-5.319496896117926">
        <ele>570.7</ele>
      </trkpt>
      <trkpt lat="43.2536437176168" lon="-5.319523299112916">
        <ele>568.4</ele>
      </trkpt>
      <trkpt lat="43.25366299599409" lon="-5.319522377103567">
        <ele>568.0</ele>
      </trkpt>
      <trkpt lat="43.253709096461535" lon="-5.31950930133462">
        <ele>567.2</ele>
      </trkpt>
      <trkpt lat="43.25371705926955" lon="-5.319505529478192">
        <ele>567.1</ele>
      </trkpt>
      <trkpt lat="43.25380967929959" lon="-5.319509217515588">
        <ele>566.1</ele>
      </trkpt>
      <trkpt lat="43.25380263850093" lon="-5.319516677409411">
        <ele>566.3</ele>
      </trkpt>
      <trkpt lat="43.25399433262646" lon="-5.319370245561004">
        <ele>563.4</ele>
      </trkpt>
      <trkpt lat="43.253986705094576" lon="-5.319363875314593">
        <ele>563.2</ele>
      </trkpt>
      <trkpt lat="43.25399684719741" lon="-5.319345099851489">
        <ele>562.9</ele>
      </trkpt>
      <trkpt lat="43.25401470065117" lon="-5.31931878067553">
        <ele>562.5</ele>
      </trkpt>
      <trkpt lat="43.254031548276544" lon="-5.319308806210756">
        <ele>562.4</ele>
      </trkpt>
      <trkpt lat="43.25403708033264" lon="-5.319295562803745">
        <ele>562.2</ele>
      </trkpt>
      <trkpt lat="43.25404596515" lon="-5.319258850067854">
        <ele>561.5</ele>
      </trkpt>
      <trkpt lat="43.25406021438539" lon="-5.319249546155334">
        <ele>561.3</ele>
      </trkpt>
      <trkpt lat="43.254080498591065" lon="-5.319254910573363">
        <ele>561.5</ele>
      </trkpt>
      <trkpt lat="43.25408083386719" lon="-5.319245019927621">
        <ele>561.3</ele>
      </trkpt>
      <trkpt lat="43.2540805824101" lon="-5.319239152595401">
        <ele>561.1</ele>
      </trkpt>
      <trkpt lat="43.254078486934304" lon="-5.319236470386386">
        <ele>561.1</ele>
      </trkpt>
      <trkpt lat="43.254065830260515" lon="-5.319186598062515">
        <ele>560.2</ele>
      </trkpt>
      <trkpt lat="43.25407781638205" lon="-5.319202775135636">
        <ele>560.4</ele>
      </trkpt>
      <trkpt lat="43.2540840189904" lon="-5.319202523678541">
        <ele>560.4</ele>
      </trkpt>
      <trkpt lat="43.254158617928624" lon="-5.319103701040149">
        <ele>558.1</ele>
      </trkpt>
      <trkpt lat="43.25414948165417" lon="-5.319102611392736">
        <ele>558.1</ele>
      </trkpt>
      <trkpt lat="43.25416775420308" lon="-5.319085260853171">
        <ele>557.7</ele>
      </trkpt>
      <trkpt lat="43.25417856685817" lon="-5.319085260853171">
        <ele>557.7</ele>
      </trkpt>
      <trkpt lat="43.254181668162346" lon="-5.319066066294909">
        <ele>557.2</ele>
      </trkpt>
      <trkpt lat="43.25420002453029" lon="-5.31897721812129">
        <ele>555.0</ele>
      </trkpt>
      <trkpt lat="43.25422592461109" lon="-5.318938493728638">
        <ele>553.9</ele>
      </trkpt>
      <trkpt lat="43.25423154048622" lon="-5.318943941965699">
        <ele>554.0</ele>
      </trkpt>
      <trkpt lat="43.25426867231727" lon="-5.318915275856853">
        <ele>552.9</ele>
      </trkpt>
      <trkpt lat="43.25428677722812" lon="-5.318862134590745">
        <ele>551.6</ele>
      </trkpt>
      <trkpt lat="43.254293985664845" lon="-5.318833803758025">
        <ele>550.9</ele>
      </trkpt>
      <trkpt lat="43.254301864653826" lon="-5.318830870091915">
        <ele>550.8</ele>
      </trkpt>
      <trkpt lat="43.25431913137436" lon="-5.318803042173386">
        <ele>550.1</ele>
      </trkpt>
      <trkpt lat="43.25436942279339" lon="-5.31873095780611">
        <ele>548.2</ele>
      </trkpt>
      <trkpt lat="43.254373110830784" lon="-5.318728694692254">
        <ele>548.1</ele>
      </trkpt>
      <trkpt lat="43.25436933897436" lon="-5.318720731884241">
        <ele>548.1</ele>
      </trkpt>
      <trkpt lat="43.254365315660834" lon="-5.318697178736329">
        <ele>547.8</ele>
      </trkpt>
      <trkpt lat="43.254387276247144" lon="-5.318676140159369">
        <ele>547.1</ele>
      </trkpt>
      <trkpt lat="43.25439205393195" lon="-5.318669602274895">
        <ele>546.9</ele>
      </trkpt>
      <trkpt lat="43.25456706807017" lon="-5.318562481552362">
        <ele>544.3</ele>
      </trkpt>
      <trkpt lat="43.254626328125596" lon="-5.318597769364715">
        <ele>545.6</ele>
      </trkpt>
      <trkpt lat="43.25462750159204" lon="-5.318588465452194">
        <ele>545.3</ele>
      </trkpt>
      <trkpt lat="43.25462909415364" lon="-5.318593243137002">
        <ele>545.5</ele>
      </trkpt>
      <trkpt lat="43.25468139722943" lon="-5.318383863195777">
        <ele>540.9</ele>
      </trkpt>
      <trkpt lat="43.25471844524145" lon="-5.318359304219484">
        <ele>540.3</ele>
      </trkpt>
      <trkpt lat="43.254737136885524" lon="-5.318344049155712">
        <ele>539.9</ele>
      </trkpt>
      <trkpt lat="43.25475339777768" lon="-5.318329464644194">
        <ele>539.5</ele>
      </trkpt>
      <trkpt lat="43.254761612042785" lon="-5.318333152681589">
        <ele>539.6</ele>
      </trkpt>
      <trkpt lat="43.25478809885681" lon="-5.318302474915981">
        <ele>539.1</ele>
      </trkpt>
      <trkpt lat="43.25480033643544" lon="-5.31820566393435">
        <ele>538.0</ele>
      </trkpt>
      <trkpt lat="43.254817854613066" lon="-5.318207675591111">
        <ele>537.9</ele>
      </trkpt>
      <trkpt lat="43.25481760315597" lon="-5.318203736096621">
        <ele>537.9</ele>
      </trkpt>
      <trkpt lat="43.25483042746782" lon="-5.31818462535739">
        <ele>537.6</ele>
      </trkpt>
      <trkpt lat="43.254821291193366" lon="-5.318174231797457">
        <ele>537.6</ele>
      </trkpt>
      <trkpt lat="43.2548020966351" lon="-5.318158976733685">
        <ele>537.8</ele>
      </trkpt>
      <trkpt lat="43.25486739166081" lon="-5.318116564303637">
        <ele>537.3</ele>
      </trkpt>
      <trkpt lat="43.254875438287854" lon="-5.318118073046207">
        <ele>537.2</ele>
      </trkpt>
      <trkpt lat="43.25500577688217" lon="-5.317912884056568">
        <ele>537.9</ele>
      </trkpt>
      <trkpt lat="43.254980966448784" lon="-5.317914728075266">
        <ele>538.2</ele>
      </trkpt>
      <trkpt lat="43.25498306192458" lon="-5.317871812731028">
        <ele>539.2</ele>
      </trkpt>
      <trkpt lat="43.25499018654227" lon="-5.3178680408746">
        <ele>539.2</ele>
      </trkpt>
      <trkpt lat="43.25506872497499" lon="-5.317828729748726">
        <ele>539.0</ele>
      </trkpt>
      <trkpt lat="43.25509060174227" lon="-5.317818084731698">
        <ele>538.8</ele>
      </trkpt>
      <trkpt lat="43.25509646907449" lon="-5.317796040326357">
        <ele>539.4</ele>
      </trkpt>
      <trkpt lat="43.25514315627515" lon="-5.317804673686624">
        <ele>538.4</ele>
      </trkpt>
      <trkpt lat="43.25517173856497" lon="-5.317825125530362">
        <ele>537.7</ele>
      </trkpt>
      <trkpt lat="43.2551699783653" lon="-5.317852534353733">
        <ele>537.4</ele>
      </trkpt>
      <trkpt lat="43.255226304754615" lon="-5.317881535738707">
        <ele>537.0</ele>
      </trkpt>
      <trkpt lat="43.25523778796196" lon="-5.317851528525353">
        <ele>537.1</ele>
      </trkpt>
      <trkpt lat="43.25524466112256" lon="-5.317848259583116">
        <ele>537.1</ele>
      </trkpt>
      <trkpt lat="43.25525538995862" lon="-5.317847756668925">
        <ele>537.1</ele>
      </trkpt>
      <trkpt lat="43.25528707355261" lon="-5.317845661193132">
        <ele>537.2</ele>
      </trkpt>
      <trkpt lat="43.255319679155946" lon="-5.317855635657907">
        <ele>537.3</ele>
      </trkpt>
      <trkpt lat="43.25531783513725" lon="-5.317854126915336">
        <ele>537.3</ele>
      </trkpt>
      <trkpt lat="43.25534926727414" lon="-5.317879356443882">
        <ele>537.7</ele>
      </trkpt>
      <trkpt lat="43.25537131167948" lon="-5.31790366396308">
        <ele>538.3</ele>
      </trkpt>
      <trkpt lat="43.255405174568295" lon="-5.31793056987226">
        <ele>539.6</ele>
      </trkpt>
      <trkpt lat="43.255487736314535" lon="-5.31794180162251">
        <ele>541.5</ele>
      </trkpt>
      <trkpt lat="43.25551338493824" lon="-5.317960409447551">
        <ele>542.8</ele>
      </trkpt>
      <trkpt lat="43.25552905909717" lon="-5.317970467731357">
        <ele>543.5</ele>
      </trkpt>
      <trkpt lat="43.25554381124675" lon="-5.317983962595463">
        <ele>544.4</ele>
      </trkpt>
      <trkpt lat="43.25554800219834" lon="-5.317984716966748">
        <ele>544.5</ele>
      </trkpt>
      <trkpt lat="43.2555930968374" lon="-5.317981448024511">
        <ele>545.3</ele>
      </trkpt>
      <trkpt lat="43.25560801662505" lon="-5.317993853241205">
        <ele>546.3</ele>
      </trkpt>
      <trkpt lat="43.25561857782304" lon="-5.318004414439201">
        <ele>547.2</ele>
      </trkpt>
      <trkpt lat="43.255623606964946" lon="-5.318012544885278">
        <ele>547.9</ele>
      </trkpt>
      <trkpt lat="43.25564573518932" lon="-5.318020842969418">
        <ele>548.9</ele>
      </trkpt>
      <trkpt lat="43.255650177598" lon="-5.318009443581104">
        <ele>548.3</ele>
      </trkpt>
      <trkpt lat="43.25565931387246" lon="-5.317995781078935">
        <ele>547.6</ele>
      </trkpt>
      <trkpt lat="43.25566099025309" lon="-5.317994859069586">
        <ele>547.5</ele>
      </trkpt>
      <trkpt lat="43.255700217559934" lon="-5.317987818270922">
        <ele>547.8</ele>
      </trkpt>
      <trkpt lat="43.2557397801429" lon="-5.317961918190122">
        <ele>546.9</ele>
      </trkpt>
      <trkpt lat="43.25575620867312" lon="-5.317937610670924">
        <ele>545.6</ele>
      </trkpt>
      <trkpt lat="43.255761405453086" lon="-5.317911626771092">
        <ele>544.1</ele>
      </trkpt>
      <trkpt lat="43.25576107017696" lon="-5.317900730296969">
        <ele>543.4</ele>
      </trkpt>
      <trkpt lat="43.255758974701166" lon="-5.31789293512702">
        <ele>543.0</ele>
      </trkpt>
      <trkpt lat="43.25576023198664" lon="-5.317868376150727">
        <ele>541.8</ele>
      </trkpt>
      <trkpt lat="43.25575327500701" lon="-5.317836357280612">
        <ele>540.2</ele>
      </trkpt>
      <trkpt lat="43.25574656948447" lon="-5.31782110221684">
        <ele>539.4</ele>
      </trkpt>
      <trkpt lat="43.25583818368614" lon="-5.317639969289303">
        <ele>533.2</ele>
      </trkpt>
      <trkpt lat="43.25584530830383" lon="-5.317629911005497">
        <ele>533.1</ele>
      </trkpt>
      <trkpt lat="43.25584765523672" lon="-5.317629994824529">
        <ele>533.1</ele>
      </trkpt>
      <trkpt lat="43.255860563367605" lon="-5.317628066986799">
        <ele>533.0</ele>
      </trkpt>
      <trkpt lat="43.2558713760227" lon="-5.317616332322359">
        <ele>532.8</ele>
      </trkpt>
      <trkpt lat="43.25587120838463" lon="-5.31761440448463">
        <ele>532.7</ele>
      </trkpt>
      <trkpt lat="43.2558972761035" lon="-5.317562771961093">
        <ele>531.8</ele>
      </trkpt>
      <trkpt lat="43.25590381398797" lon="-5.317534189671278">
        <ele>531.7</ele>
      </trkpt>
      <trkpt lat="43.25590859167278" lon="-5.317522957921028">
        <ele>531.6</ele>
      </trkpt>
      <trkpt lat="43.25592334382236" lon="-5.317485826089978">
        <ele>531.5</ele>
      </trkpt>
      <trkpt lat="43.25593759305775" lon="-5.31746638007462">
        <ele>531.4</ele>
      </trkpt>
      <trkpt lat="43.25594429858029" lon="-5.317471073940396">
        <ele>531.3</ele>
      </trkpt>
      <trkpt lat="43.255945639684796" lon="-5.31747174449265">
        <ele>531.2</ele>
      </trkpt>
      <trkpt lat="43.25595645233989" lon="-5.317466966807842">
        <ele>531.1</ele>
      </trkpt>
      <trkpt lat="43.25597078539431" lon="-5.317461015656591">
        <ele>531.0</ele>
      </trkpt>
      <trkpt lat="43.25598981231451" lon="-5.31743704341352">
        <ele>530.8</ele>
      </trkpt>
      <trkpt lat="43.25599308125675" lon="-5.317431762814522">
        <ele>530.8</ele>
      </trkpt>
      <trkpt lat="43.25600204989314" lon="-5.31743360683322">
        <ele>530.7</ele>
      </trkpt>
      <trkpt lat="43.2560143712908" lon="-5.317425560206175">
        <ele>530.6</ele>
      </trkpt>
      <trkpt lat="43.25601562857628" lon="-5.317425392568111">
        <ele>530.6</ele>
      </trkpt>
      <trkpt lat="43.25602350756526" lon="-5.317420866340399">
        <ele>530.6</ele>
      </trkpt>
      <trkpt lat="43.25603901408613" lon="-5.317407958209515">
        <ele>530.4</ele>
      </trkpt>
      <trkpt lat="43.25603909790516" lon="-5.317401001229882">
        <ele>530.4</ele>
      </trkpt>
      <trkpt lat="43.25607296079397" lon="-5.317385913804174">
        <ele>530.2</ele>
      </trkpt>
      <trkpt lat="43.25615057721734" lon="-5.317347273230553">
        <ele>530.2</ele>
      </trkpt>
      <trkpt lat="43.25619793497026" lon="-5.317248282954097">
        <ele>530.7</ele>
      </trkpt>
      <trkpt lat="43.25621075928211" lon="-5.317245768383145">
        <ele>530.4</ele>
      </trkpt>
      <trkpt lat="43.25621863827109" lon="-5.317245265468955">
        <ele>530.2</ele>
      </trkpt>
      <trkpt lat="43.25623707845807" lon="-5.31724501401186">
        <ele>529.8</ele>
      </trkpt>
      <trkpt lat="43.25626088306308" lon="-5.317244762554765">
        <ele>529.3</ele>
      </trkpt>
      <trkpt lat="43.25626440346241" lon="-5.317240068688989">
        <ele>529.2</ele>
      </trkpt>
      <trkpt lat="43.256270019337535" lon="-5.317225567996502">
        <ele>529.2</ele>
      </trkpt>
      <trkpt lat="43.25629089027643" lon="-5.317221460863948">
        <ele>528.7</ele>
      </trkpt>
      <trkpt lat="43.25633279979229" lon="-5.317174019291997">
        <ele>528.1</ele>
      </trkpt>
      <trkpt lat="43.256348725408316" lon="-5.317148119211197">
        <ele>527.8</ele>
      </trkpt>
      <trkpt lat="43.25636733323336" lon="-5.317122638225555">
        <ele>527.5</ele>
      </trkpt>
      <trkpt lat="43.256394071504474" lon="-5.317139318212867">
        <ele>526.4</ele>
      </trkpt>
      <trkpt lat="43.25640672817826" lon="-5.317097492516041">
        <ele>526.4</ele>
      </trkpt>
      <trkpt lat="43.256448805332184" lon="-5.317137725651264">
        <ele>524.6</ele>
      </trkpt>
      <trkpt lat="43.25646925717592" lon="-5.31714141368866">
        <ele>524.1</ele>
      </trkpt>
      <trkpt lat="43.25649666599929" lon="-5.31717125326395">
        <ele>523.5</ele>
      </trkpt>
      <trkpt lat="43.25652373954654" lon="-5.31718491576612">
        <ele>522.9</ele>
      </trkpt>
      <trkpt lat="43.25652742758393" lon="-5.317186675965786">
        <ele>522.8</ele>
      </trkpt>
      <trkpt lat="43.25653991661966" lon="-5.317186173051596">
        <ele>522.6</ele>
      </trkpt>
      <trkpt lat="43.256553411483765" lon="-5.317205786705017">
        <ele>522.4</ele>
      </trkpt>
      <trkpt lat="43.25659959577024" lon="-5.317210983484983">
        <ele>521.5</ele>
      </trkpt>
      <trkpt lat="43.256608145311475" lon="-5.317209390923381">
        <ele>521.4</ele>
      </trkpt>
      <trkpt lat="43.25663999654353" lon="-5.317193465307355">
        <ele>520.6</ele>
      </trkpt>
      <trkpt lat="43.25676564127207" lon="-5.317107047885656">
        <ele>517.8</ele>
      </trkpt>
      <trkpt lat="43.25682054273784" lon="-5.317142084240913">
        <ele>517.0</ele>
      </trkpt>
      <trkpt lat="43.256820207461715" lon="-5.31718441285193">
        <ele>517.3</ele>
      </trkpt>
      <trkpt lat="43.256825152784586" lon="-5.317174522206187">
        <ele>517.1</ele>
      </trkpt>
      <trkpt lat="43.25683269649744" lon="-5.317168738692999">
        <ele>517.0</ele>
      </trkpt>
      <trkpt lat="43.256875444203615" lon="-5.317174941301346">
        <ele>516.2</ele>
      </trkpt>
      <trkpt lat="43.256865637376904" lon="-5.317203775048256">
        <ele>516.5</ele>
      </trkpt>
      <trkpt lat="43.256863709539175" lon="-5.31721567735076">
        <ele>516.5</ele>
      </trkpt>
      <trkpt lat="43.25686253607273" lon="-5.317226657643914">
        <ele>516.7</ele>
      </trkpt>
      <trkpt lat="43.25686848722398" lon="-5.317243840545416">
        <ele>516.6</ele>
      </trkpt>
      <trkpt lat="43.256886173039675" lon="-5.317259430885315">
        <ele>516.3</ele>
      </trkpt>
      <trkpt lat="43.256891621276736" lon="-5.31725968234241">
        <ele>516.2</ele>
      </trkpt>
      <trkpt lat="43.25691576115787" lon="-5.317280553281307">
        <ele>515.6</ele>
      </trkpt>
      <trkpt lat="43.25692707672715" lon="-5.317298071458936">
        <ele>515.4</ele>
      </trkpt>
      <trkpt lat="43.25693101622164" lon="-5.31729681417346">
        <ele>515.2</ele>
      </trkpt>
      <trkpt lat="43.256937973201275" lon="-5.317301088944078">
        <ele>515.1</ele>
      </trkpt>
      <trkpt lat="43.25694945640862" lon="-5.317307794466615">
        <ele>514.7</ele>
      </trkpt>
      <trkpt lat="43.25696999207139" lon="-5.317342579364777">
        <ele>514.2</ele>
      </trkpt>
      <trkpt lat="43.256969321519136" lon="-5.317344842478633">
        <ele>514.2</ele>
      </trkpt>
      <trkpt lat="43.25696865096688" lon="-5.317380800843239">
        <ele>514.3</ele>
      </trkpt>
      <trkpt lat="43.256976613774896" lon="-5.31739647500217">
        <ele>514.6</ele>
      </trkpt>
      <trkpt lat="43.25697778724134" lon="-5.317400246858597">
        <ele>514.5</ele>
      </trkpt>
      <trkpt lat="43.25697879306972" lon="-5.31740234233439">
        <ele>514.5</ele>
      </trkpt>
      <trkpt lat="43.25698742642999" lon="-5.317406449466944">
        <ele>514.2</ele>
      </trkpt>
      <trkpt lat="43.257000586017966" lon="-5.31741994433105">
        <ele>513.7</ele>
      </trkpt>
      <trkpt lat="43.25700712390244" lon="-5.317430002614856">
        <ele>513.4</ele>
      </trkpt>
      <trkpt lat="43.25701139867306" lon="-5.317439557984471">
        <ele>513.3</ele>
      </trkpt>
      <trkpt lat="43.257028833031654" lon="-5.317473169416189">
        <ele>512.6</ele>
      </trkpt>
      <trkpt lat="43.2570453453809" lon="-5.317484317347407">
        <ele>512.1</ele>
      </trkpt>
      <trkpt lat="43.25705842114985" lon="-5.317512648180127">
        <ele>511.7</ele>
      </trkpt>
      <trkpt lat="43.25706579722464" lon="-5.317524131387472">
        <ele>511.5</ele>
      </trkpt>
      <trkpt lat="43.257074262946844" lon="-5.317529160529375">
        <ele>511.1</ele>
      </trkpt>
      <trkpt lat="43.25707510113716" lon="-5.317532513290644">
        <ele>511.1</ele>
      </trkpt>
      <trkpt lat="43.25708088465035" lon="-5.317540895193815">
        <ele>510.9</ele>
      </trkpt>
      <trkpt lat="43.25708381831646" lon="-5.317547516897321">
        <ele>510.9</ele>
      </trkpt>
      <trkpt lat="43.257084069773555" lon="-5.317562185227871">
        <ele>510.9</ele>
      </trkpt>
      <trkpt lat="43.25708532705903" lon="-5.317586660385132">
        <ele>511.1</ele>
      </trkpt>
      <trkpt lat="43.25708968564868" lon="-5.317599652335048">
        <ele>511.1</ele>
      </trkpt>
      <trkpt lat="43.25710150413215" lon="-5.317616164684296">
        <ele>510.7</ele>
      </trkpt>
      <trkpt lat="43.257123213261366" lon="-5.317640053108335">
        <ele>510.0</ele>
      </trkpt>
      <trkpt lat="43.2571317628026" lon="-5.317649776116014">
        <ele>509.8</ele>
      </trkpt>
      <trkpt lat="43.25714441947639" lon="-5.317669054493308">
        <ele>509.4</ele>
      </trkpt>
      <trkpt lat="43.25714182108641" lon="-5.317705851048231">
        <ele>509.8</ele>
      </trkpt>
      <trkpt lat="43.25715120881796" lon="-5.317752454429865">
        <ele>510.0</ele>
      </trkpt>
      <trkpt lat="43.25716101564467" lon="-5.31777223572135">
        <ele>509.8</ele>
      </trkpt>
      <trkpt lat="43.2571647875011" lon="-5.317779527977109">
        <ele>509.8</ele>
      </trkpt>
      <trkpt lat="43.257165709510446" lon="-5.317783551290631">
        <ele>509.8</ele>
      </trkpt>
      <trkpt lat="43.257172498852015" lon="-5.317794866859913">
        <ele>509.6</ele>
      </trkpt>
      <trkpt lat="43.25717534869909" lon="-5.31780106946826">
        <ele>509.6</ele>
      </trkpt>
      <trkpt lat="43.25718775391579" lon="-5.317837195470929">
        <ele>509.5</ele>
      </trkpt>
      <trkpt lat="43.25718792155385" lon="-5.3178421407938">
        <ele>509.6</ele>
      </trkpt>
      <trkpt lat="43.25719186104834" lon="-5.317862424999476">
        <ele>509.7</ele>
      </trkpt>
      <trkpt lat="43.25719948858023" lon="-5.317882122471929">
        <ele>509.7</ele>
      </trkpt>
      <trkpt lat="43.2572025898844" lon="-5.317893857136369">
        <ele>509.7</ele>
      </trkpt>
      <trkpt lat="43.257223879918456" lon="-5.317916488274932">
        <ele>509.2</ele>
      </trkpt>
      <trkpt lat="43.2572181802243" lon="-5.317941466346383">
        <ele>509.9</ele>
      </trkpt>
      <trkpt lat="43.2572181802243" lon="-5.317945824936032">
        <ele>509.9</ele>
      </trkpt>
      <trkpt lat="43.25721080414951" lon="-5.3179506864398715">
        <ele>510.3</ele>
      </trkpt>
      <trkpt lat="43.257212648168207" lon="-5.31796837225556375">
        <ele>510.6</ele>
      </trkpt>
      <trkpt lat="43.257214492186904" lon="-5.317986058071256">
        <ele>510.8</ele>
      </trkpt>
      <trkpt lat="43.25721248053014" lon="-5.317991087213159">
        <ele>511.0</ele>
      </trkpt>
      <trkpt lat="43.25722589157522" lon="-5.318045485764742">
        <ele>511.4</ele>
      </trkpt>
      <trkpt lat="43.257235027849674" lon="-5.318073816597462">
        <ele>511.5</ele>
      </trkpt>
      <trkpt lat="43.25724307447672" lon="-5.31809669919312">
        <ele>511.6</ele>
      </trkpt>
      <trkpt lat="43.25724693015218" lon="-5.318101393058896">
        <ele>511.5</ele>
      </trkpt>
      <trkpt lat="43.25726511888206" lon="-5.318108266219497">
        <ele>510.8</ele>
      </trkpt>
      <trkpt lat="43.25727232731879" lon="-5.318120755255222">
        <ele>510.8</ele>
      </trkpt>
      <trkpt lat="43.257274087518454" lon="-5.318121425807476">
        <ele>510.7</ele>
      </trkpt>
      <trkpt lat="43.257284397259355" lon="-5.318135088309646">
        <ele>510.5</ele>
      </trkpt>
      <trkpt lat="43.25729881413281" lon="-5.318150678649545">
        <ele>510.2</ele>
      </trkpt>
      <trkpt lat="43.25730954296887" lon="-5.318169873207808">
        <ele>510.1</ele>
      </trkpt>
      <trkpt lat="43.25732085853815" lon="-5.318215303122997">
        <ele>510.5</ele>
      </trkpt>
      <trkpt lat="43.25732144527137" lon="-5.318228211253882">
        <ele>510.7</ele>
      </trkpt>
      <trkpt lat="43.257316164672375" lon="-5.318249249830842">
        <ele>511.3</ele>
      </trkpt>
      <trkpt lat="43.257326390594244" lon="-5.318284286186099">
        <ele>511.5</ele>
      </trkpt>
      <trkpt lat="43.257332844659686" lon="-5.318303732201457">
        <ele>511.5</ele>
      </trkpt>
      <trkpt lat="43.25734038837254" lon="-5.318315634503961">
        <ele>511.4</ele>
      </trkpt>
      <trkpt lat="43.257360672578216" lon="-5.318318316712976">
        <ele>510.6</ele>
      </trkpt>
      <trkpt lat="43.25736838392913" lon="-5.318335331976414">
        <ele>510.5</ele>
      </trkpt>
      <trkpt lat="43.257367545738816" lon="-5.318335499614477">
        <ele>510.5</ele>
      </trkpt>
      <trkpt lat="43.257366959005594" lon="-5.318346815183759">
        <ele>510.8</ele>
      </trkpt>
      <trkpt lat="43.257364276796579" lon="-5.3183527663350105">
        <ele>511.0</ele>
      </trkpt>
      <trkpt lat="43.257361678406596" lon="-5.318373553454876">
        <ele>511.4</ele>
      </trkpt>
      <trkpt lat="43.25736369006336" lon="-5.318381935358048">
        <ele>511.5</ele>
      </trkpt>
      <trkpt lat="43.25737106613815" lon="-5.318390401080251">
        <ele>511.3</ele>
      </trkpt>
      <trkpt lat="43.2573685515672" lon="-5.318413367494941">
        <ele>511.80</ele>
      </trkpt>
      <trkpt lat="43.257393043488267" lon="-5.3184591662138703">
        <ele>511.54</ele>
      </trkpt>
      <trkpt lat="43.257417535409334" lon="-5.3185049649327996">
        <ele>511.28</ele>
      </trkpt>
      <trkpt lat="43.257442027330401" lon="-5.3185507636517289">
        <ele>511.02</ele>
      </trkpt>
      <trkpt lat="43.257466519251468" lon="-5.3185965623706582">
        <ele>510.76</ele>
      </trkpt>
      <trkpt lat="43.257491011172535" lon="-5.3186423610895875">
        <ele>510.50</ele>
      </trkpt>
      <trkpt lat="43.257515503093602" lon="-5.3186881598085168">
        <ele>510.24</ele>
      </trkpt>
      <trkpt lat="43.257539995014669" lon="-5.3187339585274461">
        <ele>509.98</ele>
      </trkpt>
      <trkpt lat="43.257564486935736" lon="-5.3187797572463754">
        <ele>509.72</ele>
      </trkpt>
      <trkpt lat="43.257588978856803" lon="-5.3188255559653047">
        <ele>509.46</ele>
      </trkpt>
      <trkpt lat="43.257613470777870" lon="-5.3188713546842340">
        <ele>509.20</ele>
      </trkpt>
      <trkpt lat="43.25763316825032" lon="-5.318883256986737">
        <ele>508.5</ele>
      </trkpt>
      <trkpt lat="43.25764054432511" lon="-5.31888585537672">
        <ele>508.2</ele>
      </trkpt>
      <trkpt lat="43.25763987377286" lon="-5.318887112662196">
        <ele>508.3</ele>
      </trkpt>
      <trkpt lat="43.25764322653413" lon="-5.31889314763248">
        <ele>508.2</ele>
      </trkpt>
      <trkpt lat="43.257645573467016" lon="-5.318897506222129">
        <ele>508.2</ele>
      </trkpt>
      <trkpt lat="43.25764590874314" lon="-5.318901361897588">
        <ele>508.3</ele>
      </trkpt>
      <trkpt lat="43.25764716602862" lon="-5.318902786821127">
        <ele>508.2</ele>
      </trkpt>
      <trkpt lat="43.25764440000057" lon="-5.31891955062747">
        <ele>508.6</ele>
      </trkpt>
      <trkpt lat="43.257642891258" lon="-5.318923573940992">
        <ele>508.7</ele>
      </trkpt>
      <trkpt lat="43.25765060260892" lon="-5.318934302777052">
        <ele>508.6</ele>
      </trkpt>
      <trkpt lat="43.25766627676785" lon="-5.318947378546">
        <ele>508.2</ele>
      </trkpt>
      <trkpt lat="43.25766862370074" lon="-5.318960035219789">
        <ele>508.3</ele>
      </trkpt>
      <trkpt lat="43.25768614187837" lon="-5.318956514820457">
        <ele>507.5</ele>
      </trkpt>
      <trkpt lat="43.2576881954446425" lon="-5.3189441515132785">
        <ele>507.2</ele>
      </trkpt>
      <trkpt lat="43.25769033282995" lon="-5.318938912823796">
        <ele>507.0</ele>
      </trkpt>
      <trkpt lat="43.257704582065344" lon="-5.318945199251175">
        <ele>506.5</ele>
      </trkpt>
      <trkpt lat="43.25772000476718" lon="-5.318964058533311">
        <ele>506.2</ele>
      </trkpt>
      <trkpt lat="43.257733499631286" lon="-5.318986102938652">
        <ele>506.0</ele>
      </trkpt>
      <trkpt lat="43.257734002545476" lon="-5.318990210071206">
        <ele>506.1</ele>
      </trkpt>
      <trkpt lat="43.257794016972184" lon="-5.319068245589733">
        <ele>505.0</ele>
      </trkpt>
      <trkpt lat="43.25780080631375" lon="-5.319074615836144">
        <ele>504.9</ele>
      </trkpt>
      <trkpt lat="43.25780005194247" lon="-5.319082578644157">
        <ele>505.0</ele>
      </trkpt>
      <trkpt lat="43.25780407525599" lon="-5.319110155105591">
        <ele>505.2</ele>
      </trkpt>
      <trkpt lat="43.25780784711242" lon="-5.319127338007093">
        <ele>505.3</ele>
      </trkpt>
      <trkpt lat="43.257882948964834" lon="-5.319156590849161">
        <ele>503.2</ele>
      </trkpt>
      <trkpt lat="43.25788613408804" lon="-5.319194057956338">
        <ele>503.4</ele>
      </trkpt>
      <trkpt lat="43.25788378715515" lon="-5.319212498143315">
        <ele>503.5</ele>
      </trkpt>
      <trkpt lat="43.25789300724864" lon="-5.319208055734634">
        <ele>503.2</ele>
      </trkpt>
      <trkpt lat="43.257908429950476" lon="-5.319218449294567">
        <ele>502.7</ele>
      </trkpt>
      <trkpt lat="43.25792334973812" lon="-5.319219874218106">
        <ele>502.3</ele>
      </trkpt>
      <trkpt lat="43.257933324202895" lon="-5.319220963865519">
        <ele>502.0</ele>
      </trkpt>
      <trkpt lat="43.25793500058353" lon="-5.319225825369358">
        <ele>502.0</ele>
      </trkpt>
      <trkpt lat="43.257945477962494" lon="-5.319224903360009">
        <ele>501.7</ele>
      </trkpt>
      <trkpt lat="43.25795846991241" lon="-5.319225322455168">
        <ele>501.3</ele>
      </trkpt>
      <trkpt lat="43.257991997525096" lon="-5.319236973300576">
        <ele>500.6</ele>
      </trkpt>
      <trkpt lat="43.25800247490406" lon="-5.319244600832462">
        <ele>500.3</ele>
      </trkpt>
      <trkpt lat="43.2580089289695" lon="-5.319251054897904">
        <ele>500.1</ele>
      </trkpt>
      <trkpt lat="43.25804304331541" lon="-5.319253737106919">
        <ele>499.5</ele>
      </trkpt>
      <trkpt lat="43.25805477797985" lon="-5.319251557812095">
        <ele>499.4</ele>
      </trkpt>
      <trkpt lat="43.2580591365695" lon="-5.319250300526619">
        <ele>499.3</ele>
      </trkpt>
      <trkpt lat="43.25807539746165" lon="-5.31924694776535">
        <ele>499.1</ele>
      </trkpt>
      <trkpt lat="43.25808763504028" lon="-5.319233369082212">
        <ele>499.1</ele>
      </trkpt>
      <trkpt lat="43.25809760950506" lon="-5.31922691501677">
        <ele>499.0</ele>
      </trkpt>
      <trkpt lat="43.25811009854078" lon="-5.319229681044817">
        <ele>498.9</ele>
      </trkpt>
      <trkpt lat="43.25814203359187" lon="-5.319242170080543">
        <ele>498.5</ele>
      </trkpt>
      <trkpt lat="43.258141949772835" lon="-5.319245858117938">
        <ele>498.5</ele>
      </trkpt>
      <trkpt lat="43.258144464343786" lon="-5.319261448457837">
        <ele>498.3</ele>
      </trkpt>
      <trkpt lat="43.25815301388502" lon="-5.319275613874197">
        <ele>498.1</ele>
      </trkpt>
      <trkpt lat="43.258173214271665" lon="-5.319302100688219">
        <ele>497.7</ele>
      </trkpt>
      <trkpt lat="43.258176650851965" lon="-5.319305704906583">
        <ele>497.6</ele>
      </trkpt>
      <trkpt lat="43.258186876773834" lon="-5.319319451227784">
        <ele>497.4</ele>
      </trkpt>
      <trkpt lat="43.25819659978151" lon="-5.319328838959336">
        <ele>497.2</ele>
      </trkpt>
      <trkpt lat="43.25821747072041" lon="-5.319323725998402">
        <ele>497.3</ele>
      </trkpt>
      <trkpt lat="43.25822585262358" lon="-5.319343591108918">
        <ele>497.1</ele>
      </trkpt>
      <trkpt lat="43.25823104940355" lon="-5.319364629685879">
        <ele>496.8</ele>
      </trkpt>
      <trkpt lat="43.25823708437383" lon="-5.319390948861837">
        <ele>496.5</ele>
      </trkpt>
      <trkpt lat="43.25824144296348" lon="-5.319408215582371">
        <ele>496.3</ele>
      </trkpt>
      <trkpt lat="43.258221158757806" lon="-5.319421291351318">
        <ele>496.1</ele>
      </trkpt>
      <trkpt lat="43.25822199694812" lon="-5.319418692961335">
        <ele>496.1</ele>
      </trkpt>
      <trkpt lat="43.25823004357517" lon="-5.319432355463505">
        <ele>496.0</ele>
      </trkpt>
      <trkpt lat="43.258237252011895" lon="-5.319452974945307">
        <ele>495.7</ele>
      </trkpt>
      <trkpt lat="43.25823758728802" lon="-5.319455824792385">
        <ele>495.7</ele>
      </trkpt>
      <trkpt lat="43.25824378989637" lon="-5.319473342970014">
        <ele>495.5</ele>
      </trkpt>
      <trkpt lat="43.25824806466699" lon="-5.319482060149312">
        <ele>495.4</ele>
      </trkpt>
      <trkpt lat="43.2582578714937" lon="-5.319495555013418">
        <ele>495.3</ele>
      </trkpt>
      <trkpt lat="43.25826499611139" lon="-5.319509385153651">
        <ele>495.1</ele>
      </trkpt>
      <trkpt lat="43.25827891007066" lon="-5.31951910816133">
        <ele>495.1</ele>
      </trkpt>
      <trkpt lat="43.25828544795513" lon="-5.319531932473183">
        <ele>495.0</ele>
      </trkpt>
      <trkpt lat="43.25830573216081" lon="-5.319545678794384">
        <ele>495.1</ele>
      </trkpt>
      <trkpt lat="43.258296344429255" lon="-5.31955573707819">
        <ele>494.9</ele>
      </trkpt>
      <trkpt lat="43.25830061919987" lon="-5.319607872515917">
        <ele>494.3</ele>
      </trkpt>
      <trkpt lat="43.25831520371139" lon="-5.319613069295883">
        <ele>494.4</ele>
      </trkpt>
      <trkpt lat="43.25831713154912" lon="-5.319612734019756">
        <ele>494.4</ele>
      </trkpt>
      <trkpt lat="43.25831964612007" lon="-5.319615080952644">
        <ele>494.4</ele>
      </trkpt>
      <trkpt lat="43.258320735767484" lon="-5.31961927190423">
        <ele>494.4</ele>
      </trkpt>
      <trkpt lat="43.25832333415747" lon="-5.319640981033444">
        <ele>494.1</ele>
      </trkpt>
      <trkpt lat="43.258330123499036" lon="-5.319652799516916">
        <ele>494.1</ele>
      </trkpt>
      <trkpt lat="43.25833867304027" lon="-5.319669814780355">
        <ele>494.1</ele>
      </trkpt>
      <trkpt lat="43.25833917595446" lon="-5.319673418998718">
        <ele>494.0</ele>
      </trkpt>
      <trkpt lat="43.2583456300199" lon="-5.319682387635112">
        <ele>494.0</ele>
      </trkpt>
      <trkpt lat="43.258358370512724" lon="-5.319708539173007">
        <ele>494.0</ele>
      </trkpt>
      <trkpt lat="43.25835920870304" lon="-5.319708455353975">
        <ele>494.0</ele>
      </trkpt>
      <trkpt lat="43.258364237844944" lon="-5.319709209725261">
        <ele>494.1</ele>
      </trkpt>
      <trkpt lat="43.25836976990104" lon="-5.319712478667498">
        <ele>494.2</ele>
      </trkpt>
      <trkpt lat="43.25838108547032" lon="-5.319716837257147">
        <ele>494.3</ele>
      </trkpt>
      <trkpt lat="43.25839198194444" lon="-5.319719687104225">
        <ele>494.5</ele>
      </trkpt>
      <trkpt lat="43.258398436009884" lon="-5.319723794236779">
        <ele>494.6</ele>
      </trkpt>
      <trkpt lat="43.25840447098017" lon="-5.319725973531604">
        <ele>494.7</ele>
      </trkpt>
      <trkpt lat="43.258416121825576" lon="-5.319733684882522">
        <ele>494.8</ele>
      </trkpt>
      <trkpt lat="43.258424839004874" lon="-5.319726895540953">
        <ele>495.1</ele>
      </trkpt>
      <trkpt lat="43.25843104161322" lon="-5.319737792015076">
        <ele>495.1</ele>
      </trkpt>
      <trkpt lat="43.25843825004995" lon="-5.319750783964992">
        <ele>495.1</ele>
      </trkpt>
      <trkpt lat="43.258440932258964" lon="-5.319774253293872">
        <ele>494.9</ele>
      </trkpt>
      <trkpt lat="43.25844428502023" lon="-5.319779366254807">
        <ele>494.9</ele>
      </trkpt>
      <trkpt lat="43.25844462029636" lon="-5.319784060120583">
        <ele>494.9</ele>
      </trkpt>
      <trkpt lat="43.25844286009669" lon="-5.319808200001717">
        <ele>494.6</ele>
      </trkpt>
      <trkpt lat="43.25844864360988" lon="-5.319821862503886">
        <ele>494.6</ele>
      </trkpt>
      <trkpt lat="43.25843774713576" lon="-5.319835273548961">
        <ele>494.3</ele>
      </trkpt>
      <trkpt lat="43.258475717157125" lon="-5.319922529160976">
        <ele>494.3</ele>
      </trkpt>
      <trkpt lat="43.25847756117582" lon="-5.319917164742947">
        <ele>494.5</ele>
      </trkpt>
      <trkpt lat="43.25848476961255" lon="-5.31992076896131">
        <ele>494.6</ele>
      </trkpt>
      <trkpt lat="43.25849876739085" lon="-5.31994222663343">
        <ele>494.8</ele>
      </trkpt>
      <trkpt lat="43.258507987484336" lon="-5.319958487525582">
        <ele>494.8</ele>
      </trkpt>
      <trkpt lat="43.25852106325328" lon="-5.319968713447452">
        <ele>495.1</ele>
      </trkpt>
      <trkpt lat="43.258525086566806" lon="-5.31996862962842">
        <ele>495.2</ele>
      </trkpt>
      <trkpt lat="43.258543610572815" lon="-5.319960499182344">
        <ele>495.9</ele>
      </trkpt>
      <trkpt lat="43.25857110321522" lon="-5.319984387606382">
        <ele>496.6</ele>
      </trkpt>
      <trkpt lat="43.258574372157454" lon="-5.319993691518903">
        <ele>496.6</ele>
      </trkpt>
      <trkpt lat="43.25857998803258" lon="-5.320041887462139">
        <ele>496.4</ele>
      </trkpt>
      <trkpt lat="43.258573366329074" lon="-5.320042725652456">
        <ele>496.2</ele>
      </trkpt>
      <trkpt lat="43.258584598079324" lon="-5.320070050656796">
        <ele>496.4</ele>
      </trkpt>
      <trkpt lat="43.258588118478656" lon="-5.320099638774991">
        <ele>496.3</ele>
      </trkpt>
      <trkpt lat="43.25859331525862" lon="-5.320101482793689">
        <ele>496.5</ele>
      </trkpt>
      <trkpt lat="43.25860798358917" lon="-5.320133082568646">
        <ele>496.8</ele>
      </trkpt>
      <trkpt lat="43.258613515645266" lon="-5.320140039548278">
        <ele>497.0</ele>
      </trkpt>
      <trkpt lat="43.25861829333007" lon="-5.320146158337593">
        <ele>497.1</ele>
      </trkpt>
      <trkpt lat="43.258628183975816" lon="-5.320165688171983">
        <ele>497.4</ele>
      </trkpt>
      <trkpt lat="43.25863296166062" lon="-5.320176836103201">
        <ele>497.6</ele>
      </trkpt>
      <trkpt lat="43.25864050537348" lon="-5.320189660415053">
        <ele>497.8</ele>
      </trkpt>
      <trkpt lat="43.25864050537348" lon="-5.320194689556956">
        <ele>497.8</ele>
      </trkpt>
      <trkpt lat="43.25863782316446" lon="-5.320203909650445">
        <ele>497.6</ele>
      </trkpt>
      <trkpt lat="43.25864301994443" lon="-5.320240538567305">
        <ele>497.8</ele>
      </trkpt>
      <trkpt lat="43.258626172319055" lon="-5.320257386192679">
        <ele>497.1</ele>
      </trkpt>
      <trkpt lat="43.25861468911171" lon="-5.320288399234414">
        <ele>496.6</ele>
      </trkpt>
      <trkpt lat="43.25862214900553" lon="-5.320313209667802">
        <ele>496.9</ele>
      </trkpt>
      <trkpt lat="43.258638409897685" lon="-5.320350509136915">
        <ele>497.6</ele>
      </trkpt>
      <trkpt lat="43.258623741567135" lon="-5.320362159982324">
        <ele>497.1</ele>
      </trkpt>
      <trkpt lat="43.2586231967434275" lon="-5.3203613637015225">
        <ele>497.1</ele>
      </trkpt>
      <trkpt lat="43.25861661694944" lon="-5.320383617654443">
        <ele>496.8</ele>
      </trkpt>
      <trkpt lat="43.25861116871238" lon="-5.320388479158282">
        <ele>496.6</ele>
      </trkpt>
      <trkpt lat="43.25860111042857" lon="-5.320397950708866">
        <ele>496.2</ele>
      </trkpt>
      <trkpt lat="43.25860546901822" lon="-5.32040155492723">
        <ele>496.4</ele>
      </trkpt>
      <trkpt lat="43.25860773213208" lon="-5.320405242964625">
        <ele>496.5</ele>
      </trkpt>
      <trkpt lat="43.25860965996981" lon="-5.32042108476162">
        <ele>496.6</ele>
      </trkpt>
      <trkpt lat="43.258613012731075" lon="-5.320430640131235">
        <ele>496.8</ele>
      </trkpt>
      <trkpt lat="43.25861418619752" lon="-5.320437178015709">
        <ele>496.9</ele>
      </trkpt>
      <trkpt lat="43.258614437654614" lon="-5.320455450564623">
        <ele>496.9</ele>
      </trkpt>
      <trkpt lat="43.258609576150775" lon="-5.320464000105858">
        <ele>496.7</ele>
      </trkpt>
      <trkpt lat="43.258602200075984" lon="-5.320472549647093">
        <ele>496.5</ele>
      </trkpt>
      <trkpt lat="43.25860295444727" lon="-5.320478165522218">
        <ele>496.5</ele>
      </trkpt>
      <trkpt lat="43.258595913648605" lon="-5.320516219362617">
        <ele>496.3</ele>
      </trkpt>
      <trkpt lat="43.2585911359638" lon="-5.320530803874135">
        <ele>496.2</ele>
      </trkpt>
      <trkpt lat="43.258582754060626" lon="-5.320548824965954">
        <ele>495.9</ele>
      </trkpt>
      <trkpt lat="43.258571438491344" lon="-5.320550836622715">
        <ele>495.5</ele>
      </trkpt>
      <trkpt lat="43.258565571159124" lon="-5.32056231983006">
        <ele>495.3</ele>
      </trkpt>
      <trkpt lat="43.2585512381047" lon="-5.320582268759608">
        <ele>494.8</ele>
      </trkpt>
      <trkpt lat="43.25853103771806" lon="-5.320617137476802">
        <ele>494.1</ele>
      </trkpt>
      <trkpt lat="43.258532881736755" lon="-5.320620657876134">
        <ele>494.2</ele>
      </trkpt>
      <trkpt lat="43.258532378822565" lon="-5.320661310106516">
        <ele>494.2</ele>
      </trkpt>
      <trkpt lat="43.258529864251614" lon="-5.320672625675798">
        <ele>494.2</ele>
      </trkpt>
      <trkpt lat="43.25851812958717" lon="-5.320714619010687">
        <ele>493.8</ele>
      </trkpt>
      <trkpt lat="43.258515279740095" lon="-5.320735909044743">
        <ele>493.7</ele>
      </trkpt>
      <trkpt lat="43.2585134357214" lon="-5.320746973156929">
        <ele>493.7</ele>
      </trkpt>
      <trkpt lat="43.25851444154978" lon="-5.320755355060101">
        <ele>493.7</ele>
      </trkpt>
      <trkpt lat="43.25851469300687" lon="-5.320779159665108">
        <ele>493.7</ele>
      </trkpt>
      <trkpt lat="43.25851251371205" lon="-5.320791648700833">
        <ele>493.7</ele>
      </trkpt>
      <trkpt lat="43.258527433499694" lon="-5.320837665349245">
        <ele>494.2</ele>
      </trkpt>
      <trkpt lat="43.25852232053876" lon="-5.320867924019694">
        <ele>494.0</ele>
      </trkpt>
      <trkpt lat="43.25852181762457" lon="-5.320903211832047">
        <ele>494.0</ele>
      </trkpt>
      <trkpt lat="43.25851100496948" lon="-5.320931123569608">
        <ele>493.5</ele>
      </trkpt>
      <trkpt lat="43.25849801301956" lon="-5.320929363369942">
        <ele>493.1</ele>
      </trkpt>
      <trkpt lat="43.2584944088012" lon="-5.320927351713181">
        <ele>493.0</ele>
      </trkpt>
      <trkpt lat="43.2584941573441" lon="-5.320935817435384">
        <ele>492.9</ele>
      </trkpt>
      <trkpt lat="43.258488373830914" lon="-5.320964148268104">
        <ele>492.7</ele>
      </trkpt>
      <trkpt lat="43.258484518155456" lon="-5.32096984796226">
        <ele>492.5</ele>
      </trkpt>
      <trkpt lat="43.25847806409001" lon="-5.320978313684464">
        <ele>492.3</ele>
      </trkpt>
      <trkpt lat="43.25847345404327" lon="-5.320997256785631">
        <ele>492.0</ele>
      </trkpt>
      <trkpt lat="43.25847345404327" lon="-5.320995412766933">
        <ele>492.1</ele>
      </trkpt>
      <trkpt lat="43.258472196757795" lon="-5.320994867943227">
        <ele>492.1</ele>
      </trkpt>
      <trkpt lat="43.25847093947232" lon="-5.320994323119521">
        <ele>492.0</ele>
      </trkpt>
      <trkpt lat="43.25847001746297" lon="-5.321264136582613">
        <ele>489.9</ele>
      </trkpt>
      <trkpt lat="43.25847546570003" lon="-5.321262963116169">
        <ele>490.1</ele>
      </trkpt>
      <trkpt lat="43.258491391316056" lon="-5.321306129917502">
        <ele>490.0</ele>
      </trkpt>
      <trkpt lat="43.25849591754377" lon="-5.321321468800306">
        <ele>490.0</ele>
      </trkpt>
      <trkpt lat="43.258497174829245" lon="-5.32133286818862">
        <ele>489.9</ele>
      </trkpt>
      <trkpt lat="43.25850572437048" lon="-5.321360193192959">
        <ele>489.8</ele>
      </trkpt>
      <trkpt lat="43.258503125980496" lon="-5.321392631158233">
        <ele>489.4</ele>
      </trkpt>
      <trkpt lat="43.25850371271372" lon="-5.321397073566914">
        <ele>489.3</ele>
      </trkpt>
      <trkpt lat="43.25850580818951" lon="-5.321419453248382">
        <ele>489.1</ele>
      </trkpt>
      <trkpt lat="43.2585184648633" lon="-5.321458512917161">
        <ele>489.0</ele>
      </trkpt>
      <trkpt lat="43.25851997360587" lon="-5.321466140449047">
        <ele>489.0</ele>
      </trkpt>
      <trkpt lat="43.258525002747774" lon="-5.321530345827341">
        <ele>488.5</ele>
      </trkpt>
      <trkpt lat="43.25853028334677" lon="-5.321587258949876">
        <ele>488.1</ele>
      </trkpt>
      <trkpt lat="43.258530953899026" lon="-5.321599915623665">
        <ele>488.0</ele>
      </trkpt>
      <trkpt lat="43.2585287746042" lon="-5.321604693308473">
        <ele>487.9</ele>
      </trkpt>
      <trkpt lat="43.25852567330003" lon="-5.321627072989941">
        <ele>487.8</ele>
      </trkpt>
      <trkpt lat="43.25852676294744" lon="-5.321646016091108">
        <ele>487.7</ele>
      </trkpt>
      <trkpt lat="43.258540676906705" lon="-5.321672167629004">
        <ele>487.4</ele>
      </trkpt>
      <trkpt lat="43.258544113487005" lon="-5.321713406592608">
        <ele>487.3</ele>
      </trkpt>
      <trkpt lat="43.25854335911572" lon="-5.321759758517146">
        <ele>487.1</ele>
      </trkpt>
      <trkpt lat="43.2585234940052" lon="-5.321786412969232">
        <ele>487.3</ele>
      </trkpt>
      <trkpt lat="43.25850564055145" lon="-5.321844415739179">
        <ele>487.8</ele>
      </trkpt>
      <trkpt lat="43.258507903665304" lon="-5.321923708543181">
        <ele>488.0</ele>
      </trkpt>
      <trkpt lat="43.25850094668567" lon="-5.32197006046772">
        <ele>488.5</ele>
      </trkpt>
      <trkpt lat="43.25850002467632" lon="-5.322001744061709">
        <ele>488.7</ele>
      </trkpt>
      <trkpt lat="43.25849147513509" lon="-5.322058657184243">
        <ele>489.4</ele>
      </trkpt>
      <trkpt lat="43.25848141685128" lon="-5.322143146768212">
        <ele>490.5</ele>
      </trkpt>
      <trkpt lat="43.25848963111639" lon="-5.322184134274721">
        <ele>490.2</ele>
      </trkpt>
      <trkpt lat="43.258489882573485" lon="-5.322184469550848">
        <ele>490.2</ele>
      </trkpt>
      <trkpt lat="43.25850002467632" lon="-5.322215063497424">
        <ele>489.9</ele>
      </trkpt>
      <trkpt lat="43.25851444154978" lon="-5.322212465107441">
        <ele>489.0</ele>
      </trkpt>
      <trkpt lat="43.258514357730746" lon="-5.322214560583234">
        <ele>489.1</ele>
      </trkpt>
      <trkpt lat="43.258515028283" lon="-5.322216404601932">
        <ele>489.0</ele>
      </trkpt>
      <trkpt lat="43.258519722148776" lon="-5.322241801768541">
        <ele>488.9</ele>
      </trkpt>
      <trkpt lat="43.25852969661355" lon="-5.322274994105101">
        <ele>488.6</ele>
      </trkpt>
      <trkpt lat="43.258520308882" lon="-5.322301313281059">
        <ele>489.3</ele>
      </trkpt>
      <trkpt lat="43.25852173380554" lon="-5.322318663820624">
        <ele>489.3</ele>
      </trkpt>
      <trkpt lat="43.25852952897549" lon="-5.322327213361859">
        <ele>488.9</ele>
      </trkpt>
      <trkpt lat="43.25853849761188" lon="-5.322326291352511">
        <ele>488.5</ele>
      </trkpt>
      <trkpt lat="43.258547550067306" lon="-5.322334337979555">
        <ele>488.0</ele>
      </trkpt>
      <trkpt lat="43.258558697998524" lon="-5.322346659377217">
        <ele>487.5</ele>
      </trkpt>
      <trkpt lat="43.258572444319725" lon="-5.322356885299087">
        <ele>486.8</ele>
      </trkpt>
      <trkpt lat="43.258591974154115" lon="-5.322363171726465">
        <ele>486.0</ele>
      </trkpt>
      <trkpt lat="43.25860932469368" lon="-5.322365015745163">
        <ele>485.3</ele>
      </trkpt>
      <trkpt lat="43.25860639102757" lon="-5.322382114827633">
        <ele>485.5</ele>
      </trkpt>
      <trkpt lat="43.25860773213208" lon="-5.322391083464027">
        <ele>485.5</ele>
      </trkpt>
      <trkpt lat="43.25860974378884" lon="-5.322429556399584">
        <ele>485.8</ele>
      </trkpt>
      <trkpt lat="43.258609157055616" lon="-5.322435926645994">
        <ele>485.9</ele>
      </trkpt>
      <trkpt lat="43.258619802072644" lon="-5.322453361004591">
        <ele>485.6</ele>
      </trkpt>
      <trkpt lat="43.25862089172006" lon="-5.322461491450667">
        <ele>485.7</ele>
      </trkpt>
      <trkpt lat="43.258622735738754" lon="-5.322462748736143">
        <ele>485.7</ele>
      </trkpt>
      <trkpt lat="43.25862533412874" lon="-5.322473896667361">
        <ele>485.7</ele>
      </trkpt>
      <trkpt lat="43.25862952508032" lon="-5.322485212236643">
        <ele>485.7</ele>
      </trkpt>
      <trkpt lat="43.25866908766329" lon="-5.322499461472035">
        <ele>484.4</ele>
      </trkpt>
      <trkpt lat="43.25868618674576" lon="-5.322497030720115">
        <ele>483.8</ele>
      </trkpt>
      <trkpt lat="43.25869616121054" lon="-5.322494935244322">
        <ele>483.4</ele>
      </trkpt>
      <trkpt lat="43.25871577486396" lon="-5.322475489228964">
        <ele>482.6</ele>
      </trkpt>
      <trkpt lat="43.25872139073908" lon="-5.322465933859348">
        <ele>482.4</ele>
      </trkpt>
      <trkpt lat="43.258733209222555" lon="-5.322462916374207">
        <ele>482.1</ele>
      </trkpt>
      <trkpt lat="43.25874561443925" lon="-5.322480015456677">
        <ele>482.0</ele>
      </trkpt>
      <trkpt lat="43.258757097646594" lon="-5.322511112317443">
        <ele>482.0</ele>
      </trkpt>
      <trkpt lat="43.258760324679315" lon="-5.322510232217610">
        <ele>481.9</ele>
      </trkpt>
      <trkpt lat="43.2587673445232225" lon="-5.322518132161349">
        <ele>481.8</ele>
      </trkpt>
      <trkpt lat="43.25877436436713" lon="-5.322526032105088">
        <ele>481.7</ele>
      </trkpt>
      <trkpt lat="43.25877658557147" lon="-5.3225355874747035">
        <ele>481.8</ele>
      </trkpt>
      <trkpt lat="43.25877880677581" lon="-5.322545142844319">
        <ele>481.9</ele>
      </trkpt>
      <trkpt lat="43.25877679511905" lon="-5.322561403736472">
        <ele>482.1</ele>
      </trkpt>
      <trkpt lat="43.25877344235778" lon="-5.322583112865686">
        <ele>482.5</ele>
      </trkpt>
      <trkpt lat="43.258774699643254" lon="-5.322600295767188">
        <ele>482.7</ele>
      </trkpt>
      <trkpt lat="43.2587912119925" lon="-5.322603061795235">
        <ele>482.3</ele>
      </trkpt>
      <trkpt lat="43.25879590585828" lon="-5.322607001289725">
        <ele>482.3</ele>
      </trkpt>
      <trkpt lat="43.25881442986429" lon="-5.322625441476703">
        <ele>482.0</ele>
      </trkpt>
      <trkpt lat="43.258827924728394" lon="-5.32263164408505">
        <ele>481.7</ele>
      </trkpt>
      <trkpt lat="43.25883840210736" lon="-5.322644803673029">
        <ele>481.6</ele>
      </trkpt>
      <trkpt lat="43.25885131023824" lon="-5.322673637419939">
        <ele>481.5</ele>
      </trkpt>
      <trkpt lat="43.25888006016612" lon="-5.322694759815931">
        <ele>481.0</ele>
      </trkpt>
      <trkpt lat="43.25890042819083" lon="-5.322708003222942">
        <ele>480.6</ele>
      </trkpt>
      <trkpt lat="43.2589175272733" lon="-5.322724012658">
        <ele>480.4</ele>
      </trkpt>
      <trkpt lat="43.25892691500485" lon="-5.32273868098855">
        <ele>480.2</ele>
      </trkpt>
      <trkpt lat="43.258930183947086" lon="-5.322742117568851">
        <ele>480.2</ele>
      </trkpt>
      <trkpt lat="43.25893345288932" lon="-5.322750667110086">
        <ele>480.1</ele>
      </trkpt>
      <trkpt lat="43.25895055197179" lon="-5.322781512513757">
        <ele>479.7</ele>
      </trkpt>
      <trkpt lat="43.258965555578470" lon="-5.3228029282763605">
        <ele>479.5</ele>
      </trkpt>
      <trkpt lat="43.25896488502622" lon="-5.322827193886042">
        <ele>479.4</ele>
      </trkpt>
      <trkpt lat="43.25896304100752" lon="-5.322830965742469">
        <ele>479.5</ele>
      </trkpt>
      <trkpt lat="43.25895583257079" lon="-5.322828786447644">
        <ele>479.6</ele>
      </trkpt>
      <trkpt lat="43.25895071960986" lon="-5.322833228856325">
        <ele>479.8</ele>
      </trkpt>
      <trkpt lat="43.25894191861153" lon="-5.322905229404569">
        <ele>480.2</ele>
      </trkpt>
      <trkpt lat="43.259004447609186" lon="-5.322994664311409">
        <ele>478.200</ele>
      </trkpt>
      <trkpt lat="43.25906890444457450" lon="-5.32302743755280975">
        <ele>476.700</ele>
      </trkpt>
      <trkpt lat="43.25913336127996300" lon="-5.32306021079421050">
        <ele>475.200</ele>
      </trkpt>
      <trkpt lat="43.25919781811535150" lon="-5.32309298403561125">
        <ele>473.700</ele>
      </trkpt>
      <trkpt lat="43.2592622749507400" lon="-5.32312575727701200">
        <ele>472.200</ele>
      </trkpt>
      <trkpt lat="43.259264370426536" lon="-5.323126344010234">
        <ele>472.2</ele>
      </trkpt>
      <trkpt lat="43.25929010286927" lon="-5.323139587417245">
        <ele>472.1</ele>
      </trkpt>
      <trkpt lat="43.25929244980216" lon="-5.323140425607562">
        <ele>472.1</ele>
      </trkpt>
      <trkpt lat="43.25929597020149" lon="-5.32314176671207">
        <ele>472.1</ele>
      </trkpt>
      <trkpt lat="43.25931625440717" lon="-5.323141515254974">
        <ele>472.2</ele>
      </trkpt>
      <trkpt lat="43.25933385640383" lon="-5.323146628215909">
        <ele>472.2</ele>
      </trkpt>
      <trkpt lat="43.259342992678285" lon="-5.323154758661985">
        <ele>472.2</ele>
      </trkpt>
      <trkpt lat="43.259345926344395" lon="-5.323178982362151">
        <ele>471.9</ele>
      </trkpt>
      <trkpt lat="43.25937308371067" lon="-5.323261208832264">
        <ele>471.3</ele>
      </trkpt>
      <trkpt lat="43.2593802921474" lon="-5.323276044800878">
        <ele>471.2</ele>
      </trkpt>
      <trkpt lat="43.25942639261484" lon="-5.32333429902792">
        <ele>470.9</ele>
      </trkpt>
      <trkpt lat="43.25943158939481" lon="-5.323350392282009">
        <ele>470.8</ele>
      </trkpt>
      <trkpt lat="43.25940971262753" lon="-5.323356678709388">
        <ele>470.8</ele>
      </trkpt>
      <trkpt lat="43.25940007343888" lon="-5.323370927944779">
        <ele>470.7</ele>
      </trkpt>
      <trkpt lat="43.25939739122987" lon="-5.32337830401957">
        <ele>470.7</ele>
      </trkpt>
      <trkpt lat="43.25939839705825" lon="-5.323405377566814">
        <ele>470.8</ele>
      </trkpt>
      <trkpt lat="43.25939496047795" lon="-5.323411077260971">
        <ele>470.8</ele>
      </trkpt>
      <trkpt lat="43.259394792839885" lon="-5.323450220748782">
        <ele>471.0</ele>
      </trkpt>
      <trkpt lat="43.25940233655274" lon="-5.323461201041937">
        <ele>471.0</ele>
      </trkpt>
      <trkpt lat="43.25940627604723" lon="-5.323466481640935">
        <ele>470.9</ele>
      </trkpt>
      <trkpt lat="43.25941113755107" lon="-5.323481233790517">
        <ele>471.0</ele>
      </trkpt>
      <trkpt lat="43.25941616669297" lon="-5.323502356186509">
        <ele>471.1</ele>
      </trkpt>
      <trkpt lat="43.25942035764456" lon="-5.323508391156793">
        <ele>471.1</ele>
      </trkpt>
      <trkpt lat="43.25942882336676" lon="-5.323524232953787">
        <ele>471.1</ele>
      </trkpt>
      <trkpt lat="43.25942790135741" lon="-5.323529094457626">
        <ele>471.1</ele>
      </trkpt>
      <trkpt lat="43.25942572206259" lon="-5.323544098064303">
        <ele>471.3</ele>
      </trkpt>
      <trkpt lat="43.259428488090634" lon="-5.323553569614887">
        <ele>471.3</ele>
      </trkpt>
      <trkpt lat="43.25944039039314" lon="-5.323573853820562">
        <ele>471.3</ele>
      </trkpt>
      <trkpt lat="43.259429619647565" lon="-5.323574817739427">
        <ele>471.5</ele>
      </trkpt>
      <trkpt lat="43.25941884890199" lon="-5.323575781658292">
        <ele>471.7</ele>
      </trkpt>
      <trkpt lat="43.25947651639581" lon="-5.323720620945096">
        <ele>472.2</ele>
      </trkpt>
      <trkpt lat="43.259493531659245" lon="-5.323717268183827">
        <ele>471.8</ele>
      </trkpt>
      <trkpt lat="43.25950845144689" lon="-5.323737049475312">
        <ele>471.7</ele>
      </trkpt>
      <trkpt lat="43.259521862491965" lon="-5.323752136901021">
        <ele>471.6</ele>
      </trkpt>
      <trkpt lat="43.25952940620482" lon="-5.32375599257648">
        <ele>471.5</ele>
      </trkpt>
      <trkpt lat="43.259544828906655" lon="-5.32377946190536">
        <ele>471.5</ele>
      </trkpt>
      <trkpt lat="43.25956226326525" lon="-5.323813911527395">
        <ele>471.5</ele>
      </trkpt>
      <trkpt lat="43.25957668013871" lon="-5.32384199090302">
        <ele>471.4</ele>
      </trkpt>
      <trkpt lat="43.25958707369864" lon="-5.323871579021215">
        <ele>471.5</ele>
      </trkpt>
      <trkpt lat="43.25959310866892" lon="-5.323904016986489">
        <ele>471.6</ele>
      </trkpt>
      <trkpt lat="43.259593695402145" lon="-5.323907285928726">
        <ele>471.6</ele>
      </trkpt>
      <trkpt lat="43.25961213558912" lon="-5.323934443295002">
        <ele>471.5</ele>
      </trkpt>
      <trkpt lat="43.25963107869029" lon="-5.323966043069959">
        <ele>471.4</ele>
      </trkpt>
      <trkpt lat="43.259635185822845" lon="-5.323974257335067">
        <ele>471.4</ele>
      </trkpt>
      <trkpt lat="43.25965337455273" lon="-5.324002588167787">
        <ele>471.2</ele>
      </trkpt>
      <trkpt lat="43.25967499986291" lon="-5.324018178507686">
        <ele>470.9</ele>
      </trkpt>
      <trkpt lat="43.25967273674905" lon="-5.324046676978469">
        <ele>471.2</ele>
      </trkpt>
      <trkpt lat="43.25966720469296" lon="-5.324084898456931">
        <ele>471.6</ele>
      </trkpt>
      <trkpt lat="43.25967030599713" lon="-5.324091436341405">
        <ele>471.6</ele>
      </trkpt>
      <trkpt lat="43.25968187302351" lon="-5.324113564565778">
        <ele>471.6</ele>
      </trkpt>
      <trkpt lat="43.25970911420882" lon="-5.324103590101004">
        <ele>470.8</ele>
      </trkpt>
      <trkpt lat="43.25975898653269" lon="-5.324127310886979">
        <ele>469.8</ele>
      </trkpt>
      <trkpt lat="43.259778935462236" lon="-5.32416352070868">
        <ele>469.4</ele>
      </trkpt>
      <trkpt lat="43.259817492216825" lon="-5.324227390810847">
        <ele>468.7</ele>
      </trkpt>
      <trkpt lat="43.25982855632901" lon="-5.324258739128709">
        <ele>468.6</ele>
      </trkpt>
      <trkpt lat="43.25983911752701" lon="-5.324268462136388">
        <ele>468.3</ele>
      </trkpt>
      <trkpt lat="43.25988010503352" lon="-5.324295116588473">
        <ele>467.2</ele>
      </trkpt>
      <trkpt lat="43.259906843304634" lon="-5.324321519583464">
        <ele>466.6</ele>
      </trkpt>
      <trkpt lat="43.25992654077709" lon="-5.324334762990475">
        <ele>466.0</ele>
      </trkpt>
      <trkpt lat="43.25991832651198" lon="-5.324342306703329">
        <ele>466.3</ele>
      </trkpt>
      <trkpt lat="43.25992167927325" lon="-5.324356723576784">
        <ele>466.3</ele>
      </trkpt>
      <trkpt lat="43.259927462786436" lon="-5.324362590909004">
        <ele>466.1</ele>
      </trkpt>
      <trkpt lat="43.259931821376085" lon="-5.324365273118019">
        <ele>466.0</ele>
      </trkpt>
      <trkpt lat="43.25994179584086" lon="-5.324382623657584">
        <ele>465.8</ele>
      </trkpt>
      <trkpt lat="43.259945483878255" lon="-5.324388574808836">
        <ele>465.7</ele>
      </trkpt>
      <trkpt lat="43.259962080046535" lon="-5.324412882328033">
        <ele>465.2</ele>
      </trkpt>
      <trkpt lat="43.25997649691999" lon="-5.324413469061256">
        <ele>464.9</ele>
      </trkpt>
      <trkpt lat="43.25997641310096" lon="-5.324408020824194">
        <ele>464.9</ele>
      </trkpt>
      <trkpt lat="43.259971383959055" lon="-5.324446577578783">
        <ele>465.1</ele>
      </trkpt>
      <trkpt lat="43.25998714193702" lon="-5.324472896754742">
        <ele>464.8</ele>
      </trkpt>
      <trkpt lat="43.260002648457885" lon="-5.324501814320684">
        <ele>464.4</ele>
      </trkpt>
      <trkpt lat="43.2600243575871" lon="-5.324543388560414">
        <ele>463.9</ele>
      </trkpt>
      <trkpt lat="43.260032990947366" lon="-5.324554871767759">
        <ele>463.7</ele>
      </trkpt>
      <trkpt lat="43.26004698872566" lon="-5.324560487642884">
        <ele>463.3</ele>
      </trkpt>
      <trkpt lat="43.260054029524326" lon="-5.324567947536707">
        <ele>463.1</ele>
      </trkpt>
      <trkpt lat="43.26006936840713" lon="-5.324576748535037">
        <ele>462.6</ele>
      </trkpt>
      <trkpt lat="43.260081270709634" lon="-5.324589740484953">
        <ele>462.2</ele>
      </trkpt>
      <trkpt lat="43.2600914966315" lon="-5.324597535654903">
        <ele>462.0</ele>
      </trkpt>
      <trkpt lat="43.26009292155504" lon="-5.324604324996471">
        <ele>462.0</ele>
      </trkpt>
      <trkpt lat="43.26008856296539" lon="-5.324615724384785">
        <ele>462.1</ele>
      </trkpt>
      <trkpt lat="43.2600880600512" lon="-5.324635421857238">
        <ele>462.1</ele>
      </trkpt>
      <trkpt lat="43.26008386909962" lon="-5.324648749083281">
        <ele>462.2</ele>
      </trkpt>
      <trkpt lat="43.260085210204124" lon="-5.324658388271928">
        <ele>462.2</ele>
      </trkpt>
      <trkpt lat="43.260080851614475" lon="-5.324668614193797">
        <ele>462.3</ele>
      </trkpt>
      <trkpt lat="43.26009577140212" lon="-5.324682192876935">
        <ele>461.9</ele>
      </trkpt>
      <trkpt lat="43.26012510806322" lon="-5.324698789045215">
        <ele>461.0</ele>
      </trkpt>
      <trkpt lat="43.26012711971998" lon="-5.324714966118336">
        <ele>460.9</ele>
      </trkpt>
      <trkpt lat="43.26012519188225" lon="-5.324718235060573">
        <ele>461.0</ele>
      </trkpt>
      <trkpt lat="43.260122928768396" lon="-5.324717815965414">
        <ele>461.1</ele>
      </trkpt>
      <trkpt lat="43.260129215195775" lon="-5.324752852320671">
        <ele>460.8</ele>
      </trkpt>
      <trkpt lat="43.26013491488993" lon="-5.324763748794794">
        <ele>460.6</ele>
      </trkpt>
      <trkpt lat="43.2601382676512" lon="-5.324769867584109">
        <ele>460.5</ele>
      </trkpt>
      <trkpt lat="43.2601554505527" lon="-5.324806496500969">
        <ele>460.0</ele>
      </trkpt>
      <trkpt lat="43.2601520139724" lon="-5.324842957779765">
        <ele>460.1</ele>
      </trkpt>
      <trkpt lat="43.26014908030629" lon="-5.324844550341368">
        <ele>460.2</ele>
      </trkpt>
      <trkpt lat="43.26015058904886" lon="-5.32485444098711">
        <ele>460.2</ele>
      </trkpt>
      <trkpt lat="43.2601554505527" lon="-5.32488570548594">
        <ele>460.1</ele>
      </trkpt>
      <trkpt lat="43.26015578582883" lon="-5.32491940073669">
        <ele>460.3</ele>
      </trkpt>
      <trkpt lat="43.26014891266823" lon="-5.32493750564754">
        <ele>460.6</ele>
      </trkpt>
      <trkpt lat="43.260169280692935" lon="-5.32498394139111">
        <ele>460.2</ele>
      </trkpt>
      <trkpt lat="43.26018352992833" lon="-5.325000202283263">
        <ele>459.8</ele>
      </trkpt>
      <trkpt lat="43.26019551604986" lon="-5.325007829815149">
        <ele>459.3</ele>
      </trkpt>
      <trkpt lat="43.26021353714168" lon="-5.325030293315649">
        <ele>458.9</ele>
      </trkpt>
      <trkpt lat="43.26021705754101" lon="-5.325030628591776">
        <ele>458.8</ele>
      </trkpt>
      <trkpt lat="43.2602212484926" lon="-5.325061725452542">
        <ele>459.0</ele>
      </trkpt>
      <trkpt lat="43.26021772809327" lon="-5.325090140104294">
        <ele>459.4</ele>
      </trkpt>
      <trkpt lat="43.2602396886795775" lon="-5.3250917326658965">
        <ele>458.8</ele>
      </trkpt>
      <trkpt lat="43.26025536283851" lon="-5.325085949152708">
        <ele>458.2</ele>
      </trkpt>
      <trkpt lat="43.260359885171056" lon="-5.325202876701951">
        <ele>457.5</ele>
      </trkpt>
      <trkpt lat="43.26035678386688" lon="-5.325222825631499">
        <ele>457.8</ele>
      </trkpt>
      <trkpt lat="43.2603592146188" lon="-5.325224921107292">
        <ele>457.8</ele>
      </trkpt>
      <trkpt lat="43.26037882827222" lon="-5.325229028239846">
        <ele>457.6</ele>
      </trkpt>
      <trkpt lat="43.26038612052798" lon="-5.325228944420815">
        <ele>457.5</ele>
      </trkpt>
      <trkpt lat="43.26040489599109" lon="-5.325237913057208">
        <ele>457.4</ele>
      </trkpt>
      <trkpt lat="43.26040120795369" lon="-5.325245540589094">
        <ele>457.5</ele>
      </trkpt>
      <trkpt lat="43.260400453582406" lon="-5.325251156464219">
        <ele>457.6</ele>
      </trkpt>
      <trkpt lat="43.26040212996304" lon="-5.325257778167725">
        <ele>457.7</ele>
      </trkpt>
      <trkpt lat="43.26040514744818" lon="-5.325263980776072">
        <ele>457.7</ele>
      </trkpt>
      <trkpt lat="43.260414032265544" lon="-5.325291138142347">
        <ele>458.0</ele>
      </trkpt>
      <trkpt lat="43.26041637919843" lon="-5.325297843664885">
        <ele>458.1</ele>
      </trkpt>
      <trkpt lat="43.260438004508615" lon="-5.325306560844183">
        <ele>457.9</ele>
      </trkpt>
      <trkpt lat="43.260475220158696" lon="-5.325312679633498">
        <ele>457.7</ele>
      </trkpt>
      <trkpt lat="43.260485948994756" lon="-5.325313601642847">
        <ele>457.7</ele>
      </trkpt>
      <trkpt lat="43.26051754876971" lon="-5.325317205861211">
        <ele>457.6</ele>
      </trkpt>
      <trkpt lat="43.26053054071963" lon="-5.325313601642847">
        <ele>457.6</ele>
      </trkpt>
      <trkpt lat="43.26053925789893" lon="-5.325303543359041">
        <ele>457.6</ele>
      </trkpt>
      <trkpt lat="43.260557278990746" lon="-5.32529566437006">
        <ele>457.7</ele>
      </trkpt>
      <trkpt lat="43.26058862730861" lon="-5.325317038223147">
        <ele>458.0</ele>
      </trkpt>
      <trkpt lat="43.26062156818807" lon="-5.325348554179072">
        <ele>458.4</ele>
      </trkpt>
      <trkpt lat="43.26065140776336" lon="-5.325390044599772">
        <ele>458.5</ele>
      </trkpt>
      <trkpt lat="43.26066364534199" lon="-5.325406305491924">
        <ele>458.6</ele>
      </trkpt>
      <trkpt lat="43.260674038901925" lon="-5.32541686668992">
        <ele>458.7</ele>
      </trkpt>
      <trkpt lat="43.26068887487054" lon="-5.325431199744344">
        <ele>458.8</ele>
      </trkpt>
      <trkpt lat="43.26070899143815" lon="-5.325452908873558">
        <ele>458.8</ele>
      </trkpt>
      <trkpt lat="43.260733215138316" lon="-5.3254783898592">
        <ele>459.1</ele>
      </trkpt>
      <trkpt lat="43.260741513222456" lon="-5.325504960492253">
        <ele>459.0</ele>
      </trkpt>
      <trkpt lat="43.260757522657514" lon="-5.325553407892585">
        <ele>458.7</ele>
      </trkpt>
      <trkpt lat="43.26081016100943" lon="-5.325634879991412">
        <ele>458.7</ele>
      </trkpt>
      <trkpt lat="43.260841090232134" lon="-5.32572515308857">
        <ele>458.3</ele>
      </trkpt>
      <trkpt lat="43.26084620319307" lon="-5.325739989057183">
        <ele>458.3</ele>
      </trkpt>
      <trkpt lat="43.26086145825684" lon="-5.32582045532763">
        <ele>457.7</ele>
      </trkpt>
      <trkpt lat="43.260891046375036" lon="-5.325897904112935">
        <ele>457.2</ele>
      </trkpt>
      <trkpt lat="43.260919796302915" lon="-5.326002929359675">
        <ele>456.3</ele>
      </trkpt>
      <trkpt lat="43.260956509038806" lon="-5.326102590188384">
        <ele>455.6</ele>
      </trkpt>
      <trkpt lat="43.26099514961243" lon="-5.326184565201402">
        <ele>455.4</ele>
      </trkpt>
      <trkpt lat="43.26102607883513" lon="-5.326277520507574">
        <ele>454.4</ele>
      </trkpt>
      <trkpt lat="43.26104938052595" lon="-5.326303504407406">
        <ele>454.8</ele>
      </trkpt>
      <trkpt lat="43.26108332723379" lon="-5.326321693137288">
        <ele>455.7</ele>
      </trkpt>
      <trkpt lat="43.26108902692795" lon="-5.326329572126269">
        <ele>455.7</ele>
      </trkpt>
      <trkpt lat="43.26108617708087" lon="-5.326352538540959">
        <ele>455.0</ele>
      </trkpt>
      <trkpt lat="43.261086428537965" lon="-5.326400566846132">
        <ele>453.8</ele>
      </trkpt>
      <trkpt lat="43.261107383295894" lon="-5.326474411413074">
        <ele>452.6</ele>
      </trkpt>
      <trkpt lat="43.261128924787045" lon="-5.326510285958648">
        <ele>452.4</ele>
      </trkpt>
      <trkpt lat="43.26116044074297" lon="-5.326544987037778">
        <ele>452.4</ele>
      </trkpt>
      <trkpt lat="43.261217437684536" lon="-5.326631823554635">
        <ele>454.1</ele>
      </trkpt>
      <trkpt lat="43.26118893921375" lon="-5.326698375865817">
        <ele>449.4</ele>
      </trkpt>
      <trkpt lat="43.261183239519596" lon="-5.32671120017767">
        <ele>449.0</ele>
      </trkpt>
      <trkpt lat="43.261179802939296" lon="-5.326730059459806">
        <ele>448.6</ele>
      </trkpt>
      <trkpt lat="43.26117645017803" lon="-5.326754283159971">
        <ele>448.1</ele>
      </trkpt>
      <trkpt lat="43.26119061559439" lon="-5.326819829642773">
        <ele>447.1</ele>
      </trkpt>
      <trkpt lat="43.26123579405248" lon="-5.326885124668479">
        <ele>447.7</ele>
      </trkpt>
      <trkpt lat="43.261251049116254" lon="-5.326908174902201">
        <ele>447.2</ele>
      </trkpt>
      <trkpt lat="43.26125415042043" lon="-5.326916640624404">
        <ele>447.1</ele>
      </trkpt>
      <trkpt lat="43.26124358922243" lon="-5.326949916779995">
        <ele>446.5</ele>
      </trkpt>
      <trkpt lat="43.26123730279505" lon="-5.326959975063801">
        <ele>446.4</ele>
      </trkpt>
      <trkpt lat="43.261214001104236" lon="-5.326989563181996">
        <ele>445.9</ele>
      </trkpt>
      <trkpt lat="43.261214504018426" lon="-5.326987886801362">
        <ele>445.9</ele>
      </trkpt>
      <trkpt lat="43.26121291145682" lon="-5.32697020098567">
        <ele>446.2</ele>
      </trkpt>
      <trkpt lat="43.261200170964" lon="-5.326942121610045">
        <ele>445.6</ele>
      </trkpt>
      <trkpt lat="43.26119178906083" lon="-5.326929884031415">
        <ele>445.7</ele>
      </trkpt>
      <trkpt lat="43.26116153039038" lon="-5.326897948980331">
        <ele>445.9</ele>
      </trkpt>
      <trkpt lat="43.26115457341075" lon="-5.326881939545274">
        <ele>446.0</ele>
      </trkpt>
      <trkpt lat="43.26114434748888" lon="-5.326873138546944">
        <ele>446.0</ele>
      </trkpt>
      <trkpt lat="43.26107653789222" lon="-5.326825864613056">
        <ele>445.7</ele>
      </trkpt>
      <trkpt lat="43.26103454455733" lon="-5.326796695590019">
        <ele>445.6</ele>
      </trkpt>
      <trkpt lat="43.261030185967684" lon="-5.326793091371656">
        <ele>445.6</ele>
      </trkpt>
      <trkpt lat="43.26102029532194" lon="-5.326774986460805">
        <ele>445.7</ele>
      </trkpt>
      <trkpt lat="43.26097084209323" lon="-5.32672829926014">
        <ele>445.9</ele>
      </trkpt>
      <trkpt lat="43.26090328395367" lon="-5.326670380309224">
        <ele>446.3</ele>
      </trkpt>
      <trkpt lat="43.26088744215667" lon="-5.326658394187689">
        <ele>446.4</ele>
      </trkpt>
      <trkpt lat="43.26083648018539" lon="-5.326606510207057">
        <ele>447.1</ele>
      </trkpt>
      <trkpt lat="43.26074226759374" lon="-5.326586477458477">
        <ele>449.0</ele>
      </trkpt>
      <trkpt lat="43.260651491582394" lon="-5.326591674238443">
        <ele>452.1</ele>
      </trkpt>
      <trkpt lat="43.2605785690248" lon="-5.326585387811065">
        <ele>455.8</ele>
      </trkpt>
      <trkpt lat="43.2605716958642" lon="-5.326595949009061">
        <ele>456.3</ele>
      </trkpt>
      <trkpt lat="43.260554848238826" lon="-5.326659483835101">
        <ele>457.9</ele>
      </trkpt>
      <trkpt lat="43.26054881326854" lon="-5.326675577089191">
        <ele>458.5</ele>
      </trkpt>
      <trkpt lat="43.26054001227021" lon="-5.326709523797035">
        <ele>459.6</ele>
      </trkpt>
      <trkpt lat="43.26054194010794" lon="-5.326759899035096">
        <ele>460.4</ele>
      </trkpt>
      <trkpt lat="43.260556273162365" lon="-5.32680356875062">
        <ele>460.1</ele>
      </trkpt>
      <trkpt lat="43.26057228259742" lon="-5.326916556805372">
        <ele>461.6</ele>
      </trkpt>
      <trkpt lat="43.26060689985752" lon="-5.327032478526235">
        <ele>462.4</ele>
      </trkpt>
      <trkpt lat="43.26061553321779" lon="-5.32705225981772">
        <ele>462.3</ele>
      </trkpt>
      <trkpt lat="43.26062408275902" lon="-5.327085368335247">
        <ele>462.7</ele>
      </trkpt>
      <trkpt lat="43.260631039738655" lon="-5.327128116041422">
        <ele>463.6</ele>
      </trkpt>
      <trkpt lat="43.260652581229806" lon="-5.327192740514875">
        <ele>464.0</ele>
      </trkpt>
      <trkpt lat="43.26065777800977" lon="-5.327239679172635">
        <ele>465.4</ele>
      </trkpt>
      <trkpt lat="43.260663310065866" lon="-5.327274464070797">
        <ele>466.2</ele>
      </trkpt>
      <trkpt lat="43.260695580393076" lon="-5.327348140999675">
        <ele>466.1</ele>
      </trkpt>
      <trkpt lat="43.26072986237705" lon="-5.32740362919867">
        <ele>465.2</ele>
      </trkpt>
      <trkpt lat="43.26073874719441" lon="-5.327430870383978">
        <ele>465.5</ele>
      </trkpt>
      <trkpt lat="43.260753666982055" lon="-5.327463392168284">
        <ele>465.4</ele>
      </trkpt>
      <trkpt lat="43.26081753708422" lon="-5.32757269218564">
        <ele>464.5</ele>
      </trkpt>
      <trkpt lat="43.26083421707153" lon="-5.327625330537558">
        <ele>465.2</ele>
      </trkpt>
      <trkpt lat="43.260848969221115" lon="-5.327662546187639">
        <ele>465.5</ele>
      </trkpt>
      <trkpt lat="43.26085081323981" lon="-5.327680483460426">
        <ele>466.0</ele>
      </trkpt>
      <trkpt lat="43.26087553985417" lon="-5.327730691060424">
        <ele>465.9</ele>
      </trkpt>
      <trkpt lat="43.260893896222115" lon="-5.327768493443728">
        <ele>465.8</ele>
      </trkpt>
      <trkpt lat="43.26092256233096" lon="-5.327823394909501">
        <ele>465.4</ele>
      </trkpt>
      <trkpt lat="43.260932536795735" lon="-5.32785851508379">
        <ele>465.9</ele>
      </trkpt>
      <trkpt lat="43.26093605719507" lon="-5.327871087938547">
        <ele>466.1</ele>
      </trkpt>
      <trkpt lat="43.26094586402178" lon="-5.327909644693136">
        <ele>466.7</ele>
      </trkpt>
      <trkpt lat="43.26098173856735" lon="-5.327975358814001">
        <ele>466.3</ele>
      </trkpt>
      <trkpt lat="43.261028761044145" lon="-5.328034115955234">
        <ele>464.6</ele>
      </trkpt>
      <trkpt lat="43.2610378973186" lon="-5.328049622476101">
        <ele>464.5</ele>
      </trkpt>
      <trkpt lat="43.26105440966785" lon="-5.328080300241709">
        <ele>464.4</ele>
      </trkpt>
      <trkpt lat="43.26108081266284" lon="-5.328128831461072">
        <ele>464.2</ele>
      </trkpt>
      <trkpt lat="43.26110126450658" lon="-5.328158503398299">
        <ele>463.7</ele>
      </trkpt>
      <trkpt lat="43.26115951873362" lon="-5.328242322430015">
        <ele>462.2</ele>
      </trkpt>
      <trkpt lat="43.26120779849589" lon="-5.328307701274753">
        <ele>458.3</ele>
      </trkpt>
      <trkpt lat="43.26123193837702" lon="-5.328328991308808">
        <ele>459.3</ele>
      </trkpt>
      <trkpt lat="43.261252557858825" lon="-5.328360926359892">
        <ele>460.9</ele>
      </trkpt>
      <trkpt lat="43.261279379948974" lon="-5.328399483114481">
        <ele>462.3</ele>
      </trkpt>
      <trkpt lat="43.26131927780807" lon="-5.328468382358551">
        <ele>463.6</ele>
      </trkpt>
      <trkpt lat="43.261366887018085" lon="-5.32854599878192">
        <ele>465.1</ele>
      </trkpt>
      <trkpt lat="43.26144978404045" lon="-5.328649012371898">
        <ele>465.3</ele>
      </trkpt>
      <trkpt lat="43.26150015927851" lon="-5.328725203871727">
        <ele>465.5</ele>
      </trkpt>
      <trkpt lat="43.26156754978001" lon="-5.328787984326482">
        <ele>463.6</ele>
      </trkpt>
      <trkpt lat="43.261631252244115" lon="-5.32886266708374">
        <ele>461.9</ele>
      </trkpt>
      <trkpt lat="43.261676263064146" lon="-5.32891689799726">
        <ele>460.4</ele>
      </trkpt>
      <trkpt lat="43.26168875209987" lon="-5.328923771157861">
        <ele>459.7</ele>
      </trkpt>
      <trkpt lat="43.26173996552825" lon="-5.328994430601597">
        <ele>457.8</ele>
      </trkpt>
      <trkpt lat="43.26175471767783" lon="-5.329028377309442">
        <ele>457.5</ele>
      </trkpt>
      <trkpt lat="43.261796375736594" lon="-5.32910255715251">
        <ele>456.2</ele>
      </trkpt>
      <trkpt lat="43.26182344928384" lon="-5.329199703410268">
        <ele>456.8</ele>
      </trkpt>
      <trkpt lat="43.261856557801366" lon="-5.329332808032632">
        <ele>458.8</ele>
      </trkpt>
      <trkpt lat="43.26188899576664" lon="-5.329428613185883">
        <ele>459.9</ele>
      </trkpt>
      <trkpt lat="43.26194037683308" lon="-5.32954721711576">
        <ele>461.0</ele>
      </trkpt>
      <trkpt lat="43.26200709678233" lon="-5.329642267897725">
        <ele>460.9</ele>
      </trkpt>
      <trkpt lat="43.26201832853258" lon="-5.329655762761831">
        <ele>460.8</ele>
      </trkpt>
      <trkpt lat="43.26202972792089" lon="-5.329681243747473">
        <ele>461.3</ele>
      </trkpt>
      <trkpt lat="43.262053364887834" lon="-5.329714352265">
        <ele>461.5</ele>
      </trkpt>
      <trkpt lat="43.26214564964175" lon="-5.329753747209907">
        <ele>459.2</ele>
      </trkpt>
      <trkpt lat="43.26220918446779" lon="-5.329772271215916">
        <ele>457.6</ele>
      </trkpt>
      <trkpt lat="43.26226081699133" lon="-5.329783502966166">
        <ele>456.3</ele>
      </trkpt>
      <trkpt lat="43.26232619583607" lon="-5.329809403046966">
        <ele>455.1</ele>
      </trkpt>
      <trkpt lat="43.26239727437496" lon="-5.329823065549135">
        <ele>453.0</ele>
      </trkpt>
      <trkpt lat="43.26247681863606" lon="-5.329833040013909">
        <ele>450.1</ele>
      </trkpt>
      <trkpt lat="43.26248528435826" lon="-5.32984184101224">
        <ele>449.9</ele>
      </trkpt>
      <trkpt lat="43.26252367347479" lon="-5.329857347533107">
        <ele>448.6</ele>
      </trkpt>
      <trkpt lat="43.26255116611719" lon="-5.329865897074342">
        <ele>447.4</ele>
      </trkpt>
      <trkpt lat="43.2625696901232" lon="-5.329895066097379">
        <ele>446.9</ele>
      </trkpt>
      <trkpt lat="43.26258469372988" lon="-5.329915937036276">
        <ele>446.4</ele>
      </trkpt>
      <trkpt lat="43.262625681236386" lon="-5.32997377216816">
        <ele>445.2</ele>
      </trkpt>
      <trkpt lat="43.26264495961368" lon="-5.330002689734101">
        <ele>444.5</ele>
      </trkpt>
      <trkpt lat="43.26269533485174" lon="-5.330079300329089">
        <ele>442.9</ele>
      </trkpt>
      <trkpt lat="43.26271763071418" lon="-5.33010427840054">
        <ele>442.1</ele>
      </trkpt>
      <trkpt lat="43.26276574283838" lon="-5.33016873523593">
        <ele>440.6</ele>
      </trkpt>
      <trkpt lat="43.262794157490134" lon="-5.330221205949783">
        <ele>440.2</ele>
      </trkpt>
      <trkpt lat="43.262816620990634" lon="-5.330246267840266">
        <ele>439.4</ele>
      </trkpt>
      <trkpt lat="43.26284126378596" lon="-5.330275520682335">
        <ele>438.5</ele>
      </trkpt>
      <trkpt lat="43.26289599761367" lon="-5.330359255895019">
        <ele>437.0</ele>
      </trkpt>
      <trkpt lat="43.26294293627143" lon="-5.330446762964129">
        <ele>435.8</ele>
      </trkpt>
      <trkpt lat="43.26296020299196" lon="-5.33054256811738">
        <ele>436.6</ele>
      </trkpt>
      <trkpt lat="43.262975960969925" lon="-5.33063686452806">
        <ele>437.3</ele>
      </trkpt>
      <trkpt lat="43.26298199594021" lon="-5.330686653032899">
        <ele>437.9</ele>
      </trkpt>
      <trkpt lat="43.26299037784338" lon="-5.330728814005852">
        <ele>438.2</ele>
      </trkpt>
      <trkpt lat="43.26302809640765" lon="-5.330783044919372">
        <ele>436.9</ele>
      </trkpt>
      <trkpt lat="43.263035556301475" lon="-5.3307971265167">
        <ele>436.7</ele>
      </trkpt>
      <trkpt lat="43.26307696290314" lon="-5.330802910029888">
        <ele>434.3</ele>
      </trkpt>
      <trkpt lat="43.26308115385473" lon="-5.330800814554095">
        <ele>434.0</ele>
      </trkpt>
      <trkpt lat="43.26307486742735" lon="-5.330830737948418">
        <ele>435.0</ele>
      </trkpt>
      <trkpt lat="43.263067826628685" lon="-5.330887483432889">
        <ele>436.8</ele>
      </trkpt>
      <trkpt lat="43.26305299066007" lon="-5.33101849257946">
        <ele>441.2</ele>
      </trkpt>
      <trkpt lat="43.263055672869086" lon="-5.331037268042564">
        <ele>441.5</ele>
      </trkpt>
      <trkpt lat="43.263071179389954" lon="-5.331104658544064">
        <ele>442.4</ele>
      </trkpt>
      <trkpt lat="43.26310068368912" lon="-5.331168696284294">
        <ele>442.2</ele>
      </trkpt>
      <trkpt lat="43.26310705393553" lon="-5.33118705265224">
        <ele>442.2</ele>
      </trkpt>
      <trkpt lat="43.26315122656524" lon="-5.331299202516675">
        <ele>442.2</ele>
      </trkpt>
      <trkpt lat="43.26318777166307" lon="-5.331353433430195">
        <ele>441.1</ele>
      </trkpt>
      <trkpt lat="43.26321082189679" lon="-5.331397857517004">
        <ele>440.7</ele>
      </trkpt>
      <trkpt lat="43.263287181034684" lon="-5.331531716510654">
        <ele>439.0</ele>
      </trkpt>
      <trkpt lat="43.26329933479428" lon="-5.331558622419834">
        <ele>438.9</ele>
      </trkpt>
      <trkpt lat="43.26333252713084" lon="-5.331607740372419">
        <ele>437.9</ele>
      </trkpt>
      <trkpt lat="43.26334526762366" lon="-5.331631293520331">
        <ele>437.7</ele>
      </trkpt>
      <trkpt lat="43.26338759623468" lon="-5.331708658486605">
        <ele>437.0</ele>
      </trkpt>
      <trkpt lat="43.26340930536389" lon="-5.331747215241194">
        <ele>436.6</ele>
      </trkpt>
      <trkpt lat="43.26346579939127" lon="-5.331827681511641">
        <ele>434.7</ele>
      </trkpt>
      <trkpt lat="43.26347418129444" lon="-5.331839080899954">
        <ele>434.5</ele>
      </trkpt>
      <trkpt lat="43.263513492420316" lon="-5.331939915195108">
        <ele>434.2</ele>
      </trkpt>
      <trkpt lat="43.26358063146472" lon="-5.332065643742681">
        <ele>432.2</ele>
      </trkpt>
      <trkpt lat="43.26359622180462" lon="-5.332096153870225">
        <ele>431.8</ele>
      </trkpt>
      <trkpt lat="43.26361684128642" lon="-5.33215700648725">
        <ele>431.7</ele>
      </trkpt>
      <trkpt lat="43.263656655326486" lon="-5.332276951521635">
        <ele>431.3</ele>
      </trkpt>
      <trkpt lat="43.26366160064936" lon="-5.332307880744338">
        <ele>431.5</ele>
      </trkpt>
      <trkpt lat="43.26367501169443" lon="-5.332372086122632">
        <ele>431.8</ele>
      </trkpt>
      <trkpt lat="43.263708958402276" lon="-5.332461940124631">
        <ele>430.8</ele>
      </trkpt>
      <trkpt lat="43.26371415518224" lon="-5.332496473565698">
        <ele>431.0</ele>
      </trkpt>
      <trkpt lat="43.26373787596822" lon="-5.332594458013773">
        <ele>431.2</ele>
      </trkpt>
      <trkpt lat="43.26374533586204" lon="-5.332613233476877">
        <ele>430.9</ele>
      </trkpt>
      <trkpt lat="43.263799818232656" lon="-5.332734938710928">
        <ele>429.3</ele>
      </trkpt>
      <trkpt lat="43.263851115480065" lon="-5.332849100232124">
        <ele>428.4</ele>
      </trkpt>
      <trkpt lat="43.26389872469008" lon="-5.332932583987713">
        <ele>427.2</ele>
      </trkpt>
      <trkpt lat="43.26391548849642" lon="-5.332980025559664">
        <ele>427.3</ele>
      </trkpt>
      <trkpt lat="43.263944908976555" lon="-5.333052361384034">
        <ele>427.2</ele>
      </trkpt>
      <trkpt lat="43.26396175660193" lon="-5.333078010007739">
        <ele>426.5</ele>
      </trkpt>
      <trkpt lat="43.26402227394283" lon="-5.333170797675848">
        <ele>424.2</ele>
      </trkpt>
      <trkpt lat="43.26407365500927" lon="-5.333226621150971">
        <ele>421.8</ele>
      </trkpt>
      <trkpt lat="43.264093436300755" lon="-5.333256712183356">
        <ele>421.1</ele>
      </trkpt>
      <trkpt lat="43.26413174159825" lon="-5.333321504294872">
        <ele>420.4</ele>
      </trkpt>
      <trkpt lat="43.26414003968239" lon="-5.333336926996708">
        <ele>420.2</ele>
      </trkpt>
      <trkpt lat="43.26419326476753" lon="-5.333428373560309">
        <ele>419.6</ele>
      </trkpt>
      <trkpt lat="43.26420550234616" lon="-5.333459470421076">
        <ele>419.7</ele>
      </trkpt>
      <trkpt lat="43.26422947458923" lon="-5.333494171500206">
        <ele>419.4</ele>
      </trkpt>
      <trkpt lat="43.264237102121115" lon="-5.333503223955631">
        <ele>419.2</ele>
      </trkpt>
      <trkpt lat="43.26424808241427" lon="-5.333506660535932">
        <ele>418.5</ele>
      </trkpt>
      <trkpt lat="43.264275658875704" lon="-5.333583019673824">
        <ele>419.0</ele>
      </trkpt>
      <trkpt lat="43.26433232054114" lon="-5.333675220608711">
        <ele>417.7</ele>
      </trkpt>
      <trkpt lat="43.26434472575784" lon="-5.333692403510213">
        <ele>417.4</ele>
      </trkpt>
      <trkpt lat="43.264379343017936" lon="-5.333749400451779">
        <ele>416.9</ele>
      </trkpt>
      <trkpt lat="43.264389066025615" lon="-5.333761386573315">
        <ele>416.6</ele>
      </trkpt>
      <trkpt lat="43.26439820230007" lon="-5.333789214491844">
        <ele>416.9</ele>
      </trkpt>
      <trkpt lat="43.264416474848986" lon="-5.333829196169972">
        <ele>417.1</ele>
      </trkpt>
      <trkpt lat="43.264425275847316" lon="-5.333842355757952">
        <ele>417.0</ele>
      </trkpt>
      <trkpt lat="43.264435920864344" lon="-5.333858281373978">
        <ele>416.9</ele>
      </trkpt>
      <trkpt lat="43.26449962332845" lon="-5.333952493965626">
        <ele>416.8</ele>
      </trkpt>
      <trkpt lat="43.264531306922436" lon="-5.333991050720215">
        <ele>416.6</ele>
      </trkpt>
      <trkpt lat="43.26462199911475" lon="-5.33407679758966">
        <ele>415.6</ele>
      </trkpt>
      <trkpt lat="43.26464932411909" lon="-5.334100183099508">
        <ele>415.3</ele>
      </trkpt>
      <trkpt lat="43.26468067243695" lon="-5.334163466468453">
        <ele>416.3</ele>
      </trkpt>
      <trkpt lat="43.26472702436149" lon="-5.334252063184977">
        <ele>417.4</ele>
      </trkpt>
      <trkpt lat="43.264756109565496" lon="-5.334298918023706">
        <ele>417.8</ele>
      </trkpt>
      <trkpt lat="43.26480849646032" lon="-5.334387850016356">
        <ele>418.5</ele>
      </trkpt>
      <trkpt lat="43.2648890465498" lon="-5.334540400654078">
        <ele>419.9</ele>
      </trkpt>
      <trkpt lat="43.26496917754412" lon="-5.334609970450401">
        <ele>418.4</ele>
      </trkpt>
      <trkpt lat="43.264984767884016" lon="-5.334620028734207">
        <ele>418.0</ele>
      </trkpt>
      <trkpt lat="43.26503329910338" lon="-5.334642743691802">
        <ele>416.5</ele>
      </trkpt>
      <trkpt lat="43.26505090110004" lon="-5.334644420072436">
        <ele>415.9</ele>
      </trkpt>
      <trkpt lat="43.26505685225129" lon="-5.334667218849063">
        <ele>416.2</ele>
      </trkpt>
      <trkpt lat="43.26505391858518" lon="-5.334744919091463">
        <ele>418.3</ele>
      </trkpt>
      <trkpt lat="43.26505735516548" lon="-5.334779620170593">
        <ele>419.0</ele>
      </trkpt>
      <trkpt lat="43.26509004458785" lon="-5.334859834983945">
        <ele>419.6</ele>
      </trkpt>
      <trkpt lat="43.26514125801623" lon="-5.334925297647715">
        <ele>418.5</ele>
      </trkpt>
      <trkpt lat="43.265150394290686" lon="-5.334938373416662">
        <ele>418.4</ele>
      </trkpt>
      <trkpt lat="43.265164475888014" lon="-5.334976678714156">
        <ele>418.5</ele>
      </trkpt>
      <trkpt lat="43.26518434099853" lon="-5.335018252953887">
        <ele>418.3</ele>
      </trkpt>
      <trkpt lat="43.26522474177182" lon="-5.335116488859057">
        <ele>418.1</ele>
      </trkpt>
      <trkpt lat="43.26527084223926" lon="-5.335213467478752">
        <ele>417.9</ele>
      </trkpt>
      <trkpt lat="43.265293557196856" lon="-5.335253700613976">
        <ele>417.8</ele>
      </trkpt>
      <trkpt lat="43.26533144339919" lon="-5.335315223783255">
        <ele>417.6</ele>
      </trkpt>
      <trkpt lat="43.26534410007298" lon="-5.335331317037344">
        <ele>417.5</ele>
      </trkpt>
      <trkpt lat="43.265396151691675" lon="-5.335392002016306">
        <ele>416.9</ele>
      </trkpt>
      <trkpt lat="43.26547645032406" lon="-5.33545034006238">
        <ele>414.9</ele>
      </trkpt>
      <trkpt lat="43.26555171981454" lon="-5.33553340472281">
        <ele>413.6</ele>
      </trkpt>
      <trkpt lat="43.26559714972973" lon="-5.335552599281073">
        <ele>412.0</ele>
      </trkpt>
      <trkpt lat="43.26560745947063" lon="-5.335548785515130">
        <ele>411.5</ele>
      </trkpt>
      <trkpt lat="43.2656036876142" lon="-5.335546731948853">
        <ele>411.6</ele>
      </trkpt>
      <trkpt lat="43.265603771433234" lon="-5.335540948435664">
        <ele>411.5</ele>
      </trkpt>
      <trkpt lat="43.265625732019544" lon="-5.335527956485748">
        <ele>410.3</ele>
      </trkpt>
      <trkpt lat="43.26563864015043" lon="-5.335533488541842">
        <ele>409.9</ele>
      </trkpt>
      <trkpt lat="43.265655655413866" lon="-5.335498368367553">
        <ele>408.7</ele>
      </trkpt>
      <trkpt lat="43.265660936012864" lon="-5.335469534620643">
        <ele>408.1</ele>
      </trkpt>
      <trkpt lat="43.265674598515034" lon="-5.335458219051361">
        <ele>407.5</ele>
      </trkpt>
      <trkpt lat="43.26569974422455" lon="-5.335477581247687">
        <ele>407.0</ele>
      </trkpt>
      <trkpt lat="43.26573058962822" lon="-5.335497530177236">
        <ele>406.4</ele>
      </trkpt>
      <trkpt lat="43.265746934339404" lon="-5.335517646744847">
        <ele>406.2</ele>
      </trkpt>
      <trkpt lat="43.26575322076678" lon="-5.335543882101774">
        <ele>406.4</ele>
      </trkpt>
      <trkpt lat="43.26577509753406" lon="-5.335566764697433">
        <ele>406.0</ele>
      </trkpt>
      <trkpt lat="43.265804098919034" lon="-5.335607416927815">
        <ele>405.8</ele>
      </trkpt>
      <trkpt lat="43.26582002453506" lon="-5.335632730275393">
        <ele>405.8</ele>
      </trkpt>
      <trkpt lat="43.26582798734307" lon="-5.335653014481068">
        <ele>405.8</ele>
      </trkpt>
      <trkpt lat="43.265841230750084" lon="-5.335671957582235">
        <ele>405.8</ele>
      </trkpt>
      <trkpt lat="43.26584341004491" lon="-5.335693163797259">
        <ele>406.2</ele>
      </trkpt>
      <trkpt lat="43.26585531234741" lon="-5.335705652832985">
        <ele>406.2</ele>
      </trkpt>
      <trkpt lat="43.265881799161434" lon="-5.33572057262063">
        <ele>405.8</ele>
      </trkpt>
      <trkpt lat="43.265892611816525" lon="-5.335730044171214">
        <ele>405.7</ele>
      </trkpt>
      <trkpt lat="43.26589965261519" lon="-5.335732977837324">
        <ele>405.6</ele>
      </trkpt>
      <trkpt lat="43.26592932455242" lon="-5.335726942867041">
        <ele>404.9</ele>
      </trkpt>
      <trkpt lat="43.266001576557755" lon="-5.33576843328774">
        <ele>404.3</ele>
      </trkpt>
      <trkpt lat="43.26600342057645" lon="-5.335768265649676">
        <ele>404.2</ele>
      </trkpt>
      <trkpt lat="43.266039714217186" lon="-5.33576306886971">
        <ele>403.5</ele>
      </trkpt>
      <trkpt lat="43.26607257127762" lon="-5.335763739421964">
        <ele>403.0</ele>
      </trkpt>
      <trkpt lat="43.26608489267528" lon="-5.335766337811947">
        <ele>402.9</ele>
      </trkpt>
      <trkpt lat="43.266099812462926" lon="-5.335767595097423">
        <ele>402.7</ele>
      </trkpt>
      <trkpt lat="43.266118504107" lon="-5.335786202922463">
        <ele>402.7</ele>
      </trkpt>
      <trkpt lat="43.26611800119281" lon="-5.335784107446671">
        <ele>402.7</ele>
      </trkpt>
      <trkpt lat="43.266142727807164" lon="-5.335798691958189">
        <ele>402.5</ele>
      </trkpt>
      <trkpt lat="43.26617851853371" lon="-5.335812522098422">
        <ele>402.1</ele>
      </trkpt>
      <trkpt lat="43.2661787699908" lon="-5.33581679686904">
        <ele>402.1</ele>
      </trkpt>
      <trkpt lat="43.26621590182185" lon="-5.335844624787569">
        <ele>401.8</ele>
      </trkpt>
      <trkpt lat="43.266220930963755" lon="-5.335847726091743">
        <ele>401.7</ele>
      </trkpt>
      <trkpt lat="43.26635755598545" lon="-5.335964569821954">
        <ele>400.0</ele>
      </trkpt>
      <trkpt lat="43.266388569027185" lon="-5.335984015837312">
        <ele>399.5</ele>
      </trkpt>
      <trkpt lat="43.26644095592201" lon="-5.336063643917441">
        <ele>398.7</ele>
      </trkpt>
      <trkpt lat="43.266558051109314" lon="-5.336166322231293">
        <ele>396.8</ele>
      </trkpt>
      <trkpt lat="43.26647976413369" lon="-5.336245615035296">
        <ele>399.5</ele>
      </trkpt>
      <trkpt lat="43.2664966955781" lon="-5.336249554529786">
        <ele>399.0</ele>
      </trkpt>
      <trkpt lat="43.266512202098966" lon="-5.336248800158501">
        <ele>398.6</ele>
      </trkpt>
      <trkpt lat="43.26650801114738" lon="-5.336227677762508">
        <ele>398.5</ele>
      </trkpt>
      <trkpt lat="43.266508681699635" lon="-5.3362255403771995">
        <ele>398.5</ele>
      </trkpt>
      <trkpt lat="43.26650801114738" lon="-5.336224744096398">
        <ele>398.5</ele>
      </trkpt>
      <trkpt lat="43.26649929396808" lon="-5.336218122392893">
        <ele>398.6</ele>
      </trkpt>
      <trkpt lat="43.26648705638945" lon="-5.336206220090389">
        <ele>398.8</ele>
      </trkpt>
      <trkpt lat="43.266475992277265" lon="-5.336185684427619">
        <ele>398.8</ele>
      </trkpt>
      <trkpt lat="43.26645093038678" lon="-5.336166741326451">
        <ele>399.2</ele>
      </trkpt>
      <trkpt lat="43.26643869280815" lon="-5.336165651679039">
        <ele>399.6</ele>
      </trkpt>
      <trkpt lat="43.26643265783787" lon="-5.33617889508605">
        <ele>399.9</ele>
      </trkpt>
      <trkpt lat="43.26643881853670" lon="-5.33620135858655">
        <ele>400.1</ele>
      </trkpt>
      <trkpt lat="43.26644204556942" lon="-5.33620186150074">
        <ele>400.0</ele>
      </trkpt>
      <trkpt lat="43.266443805769086" lon="-5.33620186150074">
        <ele>399.9</ele>
      </trkpt>
      <trkpt lat="43.26644875109196" lon="-5.336208902299404">
        <ele>399.9</ele>
      </trkpt>
      <trkpt lat="43.26645461842418" lon="-5.336220385506749">
        <ele>399.8</ele>
      </trkpt>
      <trkpt lat="43.26645855791867" lon="-5.336237819865346">
        <ele>400.0</ele>
      </trkpt>
      <trkpt lat="43.26645973138511" lon="-5.336251817643642">
        <ele>400.1</ele>
      </trkpt>
      <trkpt lat="43.26646073721349" lon="-5.336274113506079">
        <ele>400.4</ele>
      </trkpt>
      <trkpt lat="43.266465766355395" lon="-5.336282327771187">
        <ele>400.4</ele>
      </trkpt>
      <trkpt lat="43.266507759690285" lon="-5.336302276700735">
        <ele>399.4</ele>
      </trkpt>
      <trkpt lat="43.26651010662317" lon="-5.336305964738131">
        <ele>399.4</ele>
      </trkpt>
      <trkpt lat="43.266542041674256" lon="-5.336318286135793">
        <ele>398.7</ele>
      </trkpt>
      <trkpt lat="43.26654707081616" lon="-5.336314849555492">
        <ele>398.5</ele>
      </trkpt>
      <trkpt lat="43.26655578799546" lon="-5.336312334984541">
        <ele>398.3</ele>
      </trkpt>
      <trkpt lat="43.26656458899379" lon="-5.336279645562172">
        <ele>397.7</ele>
      </trkpt>
      <trkpt lat="43.26657875441015" lon="-5.336278220638633">
        <ele>397.3</ele>
      </trkpt>
      <trkpt lat="43.26657137833536" lon="-5.336280819028616">
        <ele>397.5</ele>
      </trkpt>
      <trkpt lat="43.26657540164888" lon="-5.336269922554493">
        <ele>397.3</ele>
      </trkpt>
      <trkpt lat="43.266578670591116" lon="-5.336264222860336">
        <ele>397.2</ele>
      </trkpt>
      <trkpt lat="43.26657590456307" lon="-5.336257601156831">
        <ele>397.2</ele>
      </trkpt>
      <trkpt lat="43.26657741330564" lon="-5.336263049393892">
        <ele>397.2</ele>
      </trkpt>
      <trkpt lat="43.266577580943704" lon="-5.336215188726783">
        <ele>396.8</ele>
      </trkpt>
      <trkpt lat="43.266646354459227" lon="-5.336246662773192">
        <ele>395.8</ele>
      </trkpt>
      <trkpt lat="43.26671512797475" lon="-5.336278136819601">
        <ele>394.8</ele>
      </trkpt>
      <trkpt lat="43.26671563088894" lon="-5.33625558950007">
        <ele>394.7</ele>
      </trkpt>
      <trkpt lat="43.266710517928004" lon="-5.336165903136134">
        <ele>394.9</ele>
      </trkpt>
      <trkpt lat="43.266721246764064" lon="-5.336143774911761">
        <ele>395.0</ele>
      </trkpt>
      <trkpt lat="43.26673809438944" lon="-5.336120137944818">
        <ele>395.2</ele>
      </trkpt>
      <trkpt lat="43.26676055788994" lon="-5.336079401895404">
        <ele>395.8</ele>
      </trkpt>
      <trkpt lat="43.26675720512867" lon="-5.336070097982884">
        <ele>395.9</ele>
      </trkpt>
      <trkpt lat="43.266747230663896" lon="-5.336038582026959">
        <ele>396.5</ele>
      </trkpt>
      <trkpt lat="43.266725186258554" lon="-5.336006479337812">
        <ele>396.8</ele>
      </trkpt>
      <trkpt lat="43.26671563088894" lon="-5.335997343063355">
        <ele>397.0</ele>
      </trkpt>
      <trkpt lat="43.26670062728226" lon="-5.335989212617278">
        <ele>397.0</ele>
      </trkpt>
      <trkpt lat="43.26668034307659" lon="-5.335978232324123">
        <ele>397.1</ele>
      </trkpt>
      <trkpt lat="43.26665067113936" lon="-5.335977142676711">
        <ele>396.9</ele>
      </trkpt>
      <trkpt lat="43.26663558371365" lon="-5.335980411618948">
        <ele>396.9</ele>
      </trkpt>
      <trkpt lat="43.26661789789796" lon="-5.335979154333472">
        <ele>396.9</ele>
      </trkpt>
      <trkpt lat="43.266615215688944" lon="-5.335968425497413">
        <ele>397.1</ele>
      </trkpt>
      <trkpt lat="43.26657288707793" lon="-5.335950991138816">
        <ele>397.3</ele>
      </trkpt>
      <trkpt lat="43.266560984775424" lon="-5.335944537073374">
        <ele>397.4</ele>
      </trkpt>
      <trkpt lat="43.26654514297843" lon="-5.335930706933141">
        <ele>397.6</ele>
      </trkpt>
      <trkpt lat="43.266539108008146" lon="-5.335909919813275">
        <ele>397.9</ele>
      </trkpt>
      <trkpt lat="43.266524439677596" lon="-5.335900951176882">
        <ele>398.0</ele>
      </trkpt>
      <trkpt lat="43.2665088493377" lon="-5.335885528475046">
        <ele>398.3</ele>
      </trkpt>
      <trkpt lat="43.266441375017166" lon="-5.335877481848002">
        <ele>398.8</ele>
      </trkpt>
      <trkpt lat="43.266422264277935" lon="-5.335851162672043">
        <ele>399.2</ele>
      </trkpt>
      <trkpt lat="43.26640290208161" lon="-5.335833141580224">
        <ele>399.5</ele>
      </trkpt>
      <trkpt lat="43.26635889708996" lon="-5.335785364732146">
        <ele>400.1</ele>
      </trkpt>
      <trkpt lat="43.26635763980448" lon="-5.335761811584234">
        <ele>400.3</ele>
      </trkpt>
      <trkpt lat="43.266355376690626" lon="-5.335745299234986">
        <ele>400.4</ele>
      </trkpt>
      <trkpt lat="43.26633509248495" lon="-5.335695259273052">
        <ele>400.9</ele>
      </trkpt>
      <trkpt lat="43.26632821932435" lon="-5.335681680589914">
        <ele>401.0</ele>
      </trkpt>
      <trkpt lat="43.2662894949317" lon="-5.335599202662706">
        <ele>402.0</ele>
      </trkpt>
      <trkpt lat="43.266282454133034" lon="-5.335586462169886">
        <ele>402.1</ele>
      </trkpt>
      <trkpt lat="43.26624859124422" lon="-5.335551844909787">
        <ele>402.4</ele>
      </trkpt>
      <trkpt lat="43.2662340067327" lon="-5.33554513938725">
        <ele>402.5</ele>
      </trkpt>
      <trkpt lat="43.26621238142252" lon="-5.335483197122812">
        <ele>403.1</ele>
      </trkpt>
      <trkpt lat="43.26621380634606" lon="-5.335473138839006">
        <ele>403.3</ele>
      </trkpt>
      <trkpt lat="43.26621590182185" lon="-5.335533237084746">
        <ele>402.5</ele>
      </trkpt>
      <trkpt lat="43.266226798295975" lon="-5.335546983405948">
        <ele>402.4</ele>
      </trkpt>
      <trkpt lat="43.26622654683888" lon="-5.335542373359203">
        <ele>402.4</ele>
      </trkpt>
      <trkpt lat="43.2662133872509" lon="-5.335574308410287">
        <ele>402.0</ele>
      </trkpt>
      <trkpt lat="43.26622109860182" lon="-5.335590736940503">
        <ele>401.9</ele>
      </trkpt>
      <trkpt lat="43.26621640473604" lon="-5.335580762475729">
        <ele>401.9</ele>
      </trkpt>
      <trkpt lat="43.26621665619314" lon="-5.335572799667716">
        <ele>402.0</ele>
      </trkpt>
      <trkpt lat="43.26619972474873" lon="-5.335560645908117">
        <ele>402.1</ele>
      </trkpt>
      <trkpt lat="43.266193103045225" lon="-5.335559891536832">
        <ele>402.1</ele>
      </trkpt>
      <trkpt lat="43.2661718968302" lon="-5.33554807305336">
        <ele>402.2</ele>
      </trkpt>
      <trkpt lat="43.26615479774773" lon="-5.33553290180862">
        <ele>402.3</ele>
      </trkpt>
      <trkpt lat="43.26614557765424" lon="-5.335517143830657">
        <ele>402.4</ele>
      </trkpt>
      <trkpt lat="43.26614138670266" lon="-5.335518233478069">
        <ele>402.4</ele>
      </trkpt>
      <trkpt lat="43.26614825986326" lon="-5.335523094981909">
        <ele>402.3</ele>
      </trkpt>
      <trkpt lat="43.26616535894573" lon="-5.335517814382911">
        <ele>402.5</ele>
      </trkpt>
      <trkpt lat="43.266208777204156" lon="-5.33546257764101">
        <ele>403.4</ele>
      </trkpt>
      <trkpt lat="43.26621204614639" lon="-5.335450759157538">
        <ele>403.7</ele>
      </trkpt>
      <trkpt lat="43.26621615327895" lon="-5.335452351719141">
        <ele>403.7</ele>
      </trkpt>
    </trkseg>
  </trk>
</gpx>