<?xml version="1.0" encoding="UTF-8"?>
<gpx creator="https://gpx.studio" version="1.1" xmlns="http://www.topografix.com/GPX/1/1" xmlns:xsi="http://www.w3.org/2001/XMLSchema-instance" xsi:schemaLocation="http://www.topografix.com/GPX/1/1 http://www.topografix.com/GPX/1/1/gpx.xsd http://www.garmin.com/xmlschemas/GpxExtensions/v3 http://www.garmin.com/xmlschemas/GpxExtensionsv3.xsd http://www.garmin.com/xmlschemas/TrackPointExtension/v1 http://www.garmin.com/xmlschemas/TrackPointExtensionv1.xsd http://www.garmin.com/xmlschemas/PowerExtension/v1 http://www.garmin.com/xmlschemas/PowerExtensionv1.xsd http://www.topografix.com/GPX/gpx_style/0/2 http://www.topografix.com/GPX/gpx_style/0/2/gpx_style.xsd" xmlns:gpxtpx="http://www.garmin.com/xmlschemas/TrackPointExtension/v1" xmlns:gpxx="http://www.garmin.com/xmlschemas/GpxExtensions/v3" xmlns:gpxpx="http://www.garmin.com/xmlschemas/PowerExtension/v1" xmlns:gpx_style="http://www.topografix.com/GPX/gpx_style/0/2">
  <metadata>
    <name>2026-06-05 Barranco de Sorrosal</name>
    <author>
      <name>gpx.studio</name>
      <link href="https://gpx.studio"/>
    </author>
  </metadata>
  <wpt lat="42.604483" lon="-0.124517">
    <ele>893.5322468478416</ele>
    <name>Inicio</name>
    <sym>Information</sym>
  </wpt>
  <wpt lat="42.605163" lon="-0.12429">
    <ele>894.7546861631656</ele>
    <name>Parking cercano</name>
    <sym>Parking Area</sym>
  </wpt>
  <wpt lat="42.604867" lon="-0.124636">
    <ele>895.4030570599534</ele>
    <name>Camino del retorno de la Ferrata</name>
    <sym>Information</sym>
  </wpt>
  <wpt lat="42.607971" lon="-0.126761">
    <ele>1059.7655627687418</ele>
    <name>Cruce hacia la derecha</name>
    <sym>Crossing</sym>
  </wpt>
  <wpt lat="42.610452" lon="-0.141131">
    <ele>1110.2275160600022</ele>
    <name>Cruce a la izquierda</name>
    <sym>Crossing</sym>
  </wpt>
  <wpt lat="42.610964" lon="-0.141567">
    <ele>1117.0385039660798</ele>
    <name>Parking segundo coche</name>
    <sym>Parking Area</sym>
  </wpt>
  <wpt lat="42.609256" lon="-0.141301">
    <ele>1076.6826849008498</ele>
    <name>Entrada Barranco</name>
    <sym>Information</sym>
  </wpt>
  <wpt lat="42.609225" lon="-0.14124">
    <ele>1075.4232766354103</ele>
    <name>1er rapel - 8m</name>
    <sym>Information</sym>
  </wpt>
  <wpt lat="42.609144" lon="-0.140996">
    <ele>1077.0223230945128</ele>
    <name>Resalte 1m</name>
    <cmt>- Flexionar en la recepción</cmt>
    <desc>- Flexionar en la recepción</desc>
    <sym>Information</sym>
  </wpt>
  <wpt lat="42.609182" lon="-0.140721">
    <ele>1072.263701979666</ele>
    <name>Sucesión de resaltes</name>
    <sym>Information</sym>
  </wpt>
  <wpt lat="42.608952" lon="-0.139458">
    <ele>1068.61532355638</ele>
    <name>Resalte 1m</name>
    <cmt>- Flexionar en recepción</cmt>
    <desc>- Flexionar en recepción</desc>
    <sym>Information</sym>
  </wpt>
  <wpt lat="42.608952" lon="-0.139458">
    <ele>1068.61532355638</ele>
    <name>Aprovechar la corriente</name>
    <sym>Information</sym>
  </wpt>
  <wpt lat="42.608579" lon="-0.138583">
    <ele>1066.0618428718547</ele>
    <name>Tobogan 5m</name>
    <sym>Information</sym>
  </wpt>
  <wpt lat="42.608532" lon="-0.138498">
    <ele>1067.4503316346731</ele>
    <name>Salto 2m</name>
    <cmt>- Saltar hacia delante
- Flexionar en recepción</cmt>
    <desc>- Saltar hacia delante
- Flexionar en recepción</desc>
    <sym>Alert</sym>
  </wpt>
  <wpt lat="42.608352" lon="-0.138227">
    <ele>1066.5503716713806</ele>
    <name>Resalte 1m</name>
    <cmt>- Flexionar en recepción</cmt>
    <desc>- Flexionar en recepción</desc>
    <sym>Information</sym>
  </wpt>
  <wpt lat="42.608214" lon="-0.137715">
    <ele>1065.6329054302305</ele>
    <name>Destrepe y &quot;tobogán&quot;</name>
    <cmt>- Dejarse llevar por la corriente
- Ojo al caudal</cmt>
    <desc>- Dejarse llevar por la corriente
- Ojo al caudal</desc>
    <sym>Information</sym>
  </wpt>
  <wpt lat="42.608269" lon="-0.137483">
    <ele>1061.298167470572</ele>
    <name>Destrepe 1m</name>
    <cmt>- No saltar
- Piedra en recepción</cmt>
    <desc>- No saltar
- Piedra en recepción</desc>
    <sym>Alert</sym>
  </wpt>
  <wpt lat="42.608195" lon="-0.136991">
    <ele>1051.331832236564</ele>
    <name>Tobogán 3m</name>
    <cmt>- Piedra en recepción</cmt>
    <desc>- Piedra en recepción</desc>
    <sym>Alert</sym>
  </wpt>
  <wpt lat="42.607926" lon="-0.136736">
    <ele>1054.4029445674807</ele>
    <name>Salto desde izquierda 2m</name>
    <cmt>- Apuntar al medio del curso del rio</cmt>
    <desc>- Apuntar al medio del curso del rio</desc>
    <sym>Alert</sym>
  </wpt>
  <wpt lat="42.60779" lon="-0.13634">
    <ele>1054.7464207833912</ele>
    <name>Salir por la izquierda</name>
    <sym>Information</sym>
  </wpt>
  <wpt lat="42.607659" lon="-0.136194">
    <ele>1051.4139149046073</ele>
    <name>Salto/Rapel: Salto o rapel 11m</name>
    <cmt>- Pasamanos montado
- Rebufo, saltar a la zona blanca</cmt>
    <desc>- Pasamanos montado
- Rebufo, saltar a la zona blanca</desc>
    <sym>Alert</sym>
  </wpt>
  <wpt lat="42.607447" lon="-0.135844">
    <ele>1051.8122713241032</ele>
    <name>Salto 6m</name>
    <cmt>- Pasamanos montado
- Recuerda quitar el cabo de anclaje!</cmt>
    <desc>- Pasamanos montado
- Recuerda quitar el cabo de anclaje!</desc>
    <sym>Alert</sym>
  </wpt>
  <wpt lat="42.607231" lon="-0.135352">
    <ele>1044.0665512890562</ele>
    <name>Tobogán 5m</name>
    <sym>Information</sym>
  </wpt>
  <wpt lat="42.607166" lon="-0.135162">
    <ele>1034.8142043263385</ele>
    <name>Destrepe 1m</name>
    <cmt>- Ojo piedra en cauce</cmt>
    <desc>- Ojo piedra en cauce</desc>
    <sym>Information</sym>
  </wpt>
  <wpt lat="42.60719" lon="-0.134341">
    <ele>1030.5465803561244</ele>
    <name>Destrepe por derecha 1m</name>
    <cmt>- No hacer tobogán</cmt>
    <desc>- No hacer tobogán</desc>
    <sym>Alert</sym>
  </wpt>
  <wpt lat="42.606961" lon="-0.134129">
    <ele>1038.7645556800942</ele>
    <name>Destrepe for izquierda 1m</name>
    <cmt>- Cubre muy poco</cmt>
    <desc>- Cubre muy poco</desc>
    <sym>Alert</sym>
  </wpt>
  <wpt lat="42.606931" lon="-0.134193">
    <ele>1033.9322577455723</ele>
    <name>Destrepe por derecha 2m</name>
    <cmt>- Destrepe feo, cuidado</cmt>
    <desc>- Destrepe feo, cuidado</desc>
    <sym>Alert</sym>
  </wpt>
  <wpt lat="42.606931" lon="-0.134183">
    <ele>1031.9322577455723</ele>
    <name>Tobogán 6m</name>
    <sym>Information</sym>
  </wpt>
  <wpt lat="42.605556" lon="-0.131004">
    <ele>1018.0210186787107</ele>
    <name>Salto/rapel izquierda 8m</name>
    <cmt>- Se puede rapelar
- Se puede hacer tobogan
  -  hay rebufo
- Ojo en la aproximación al salto o rapel</cmt>
    <desc>- Se puede rapelar
- Se puede hacer tobogan
  -  hay rebufo
- Ojo en la aproximación al salto o rapel</desc>
    <sym>Alert</sym>
  </wpt>
  <wpt lat="42.605594" lon="-0.130353">
    <ele>1013.6617307423403</ele>
    <name>Salto derecha 2m</name>
    <cmt>- Aproximación por derecha
- No es tobogán</cmt>
    <desc>- Aproximación por derecha
- No es tobogán</desc>
    <sym>Information</sym>
  </wpt>
  <wpt lat="42.60563914476208" lon="-0.1302472248781612">
    <ele>1011.900941145614</ele>
    <name>Destrepe 1m</name>
    <cmt>- Se puede saltar
  - Ojo en recepción, piedras  </cmt>
    <desc>- Se puede saltar
  - Ojo en recepción, piedras  </desc>
    <sym>Alert</sym>
  </wpt>
  <wpt lat="42.605654" lon="-0.130185">
    <ele>1011.3967314712309</ele>
    <name>Salto izquierda 1m</name>
    <cmt>- Cubre poco</cmt>
    <desc>- Cubre poco</desc>
    <sym>Alert</sym>
  </wpt>
  <wpt lat="42.605674" lon="-0.129588">
    <ele>1002.6828502379143</ele>
    <name>Escape izquierda via ferrata</name>
    <sym>Information</sym>
  </wpt>
  <wpt lat="42.60558119581361" lon="-0.12946881671672372">
    <ele>999.4150599069017</ele>
    <name>Rapel izquierda 10m</name>
    <cmt>- Acceso desde ferrata
- Recomendable guiar rapel fuera de la poza
- Fuerte corriente
- Se puede saltar.
  - Ojo en la recepción
  - Cubre poco para longitud de salto
  - Hay un tronco hacia la salida bajo el agua
</cmt>
    <desc>- Acceso desde ferrata
- Recomendable guiar rapel fuera de la poza
- Fuerte corriente
- Se puede saltar.
  - Ojo en la recepción
  - Cubre poco para longitud de salto
  - Hay un tronco hacia la salida bajo el agua
</desc>
    <sym>Alert</sym>
  </wpt>
  <wpt lat="42.605395428656465" lon="-0.12929255029229125">
    <ele>994.4308854970678</ele>
    <name>Rapel 2m puente de roca</name>
    <cmt>- Se puede saltar por izquierda</cmt>
    <desc>- Se puede saltar por izquierda</desc>
    <sym>Information</sym>
  </wpt>
  <wpt lat="42.605289115510715" lon="-0.12898041183311193">
    <ele>999.8185941739505</ele>
    <name>Pasamanos izquierda</name>
    <cmt>- Acceso a rapel primera cascada</cmt>
    <desc>- Acceso a rapel primera cascada</desc>
    <sym>Information</sym>
  </wpt>
  <wpt lat="42.60529091742998" lon="-0.12891186377888175">
    <ele>999.8060867319591</ele>
    <name>Rapel izquierda 8m</name>
    <cmt>- Aproximación a primera cascada</cmt>
    <desc>- Aproximación a primera cascada</desc>
    <sym>Information</sym>
  </wpt>
  <wpt lat="42.605362" lon="-0.128807">
    <ele>972.675248062201</ele>
    <name>Rapel 40m</name>
    <cmt>- A mitad de recorrido hay una repisa
  - Se puede saltar, 18m
  - Ojo, tiene verdín y resbala</cmt>
    <desc>- A mitad de recorrido hay una repisa
  - Se puede saltar, 18m
  - Ojo, tiene verdín y resbala</desc>
    <sym>Alert</sym>
  </wpt>
  <wpt lat="42.6054305660125" lon="-0.12854586613471497">
    <ele>917.9429713109034</ele>
    <name>Rapel 45m derecha</name>
    <cmt>- A mitad hay un pequeño volado</cmt>
    <desc>- A mitad hay un pequeño volado</desc>
    <sym>Information</sym>
  </wpt>
  <wpt lat="42.60554299559428" lon="-0.12825788428449414">
    <ele>904.7710504928997</ele>
    <name>Final del barranco</name>
    <sym>Information</sym>
  </wpt>
  <trk>
    <name>2026-06-05 Barranco de Sorrosal</name>
    <trkseg>
      <trkpt lat="42.604452" lon="-0.12455">
        <ele>893.3417654358276</ele>
        <time>2026-06-04T10:37:30.729Z</time>
        <extensions>
          <gpxtpx:TrackPointExtension>
            <gpxtpx:Extensions>
              <highway>service</highway>
            </gpxtpx:Extensions>
          </gpxtpx:TrackPointExtension>
        </extensions>
      </trkpt>
      <trkpt lat="42.604462" lon="-0.124562">
        <ele>893.3922808503378</ele>
        <time>2026-06-04T10:37:33.140Z</time>
        <extensions>
          <gpxtpx:TrackPointExtension>
            <gpxtpx:Extensions>
              <highway>service</highway>
            </gpxtpx:Extensions>
          </gpxtpx:TrackPointExtension>
        </extensions>
      </trkpt>
      <trkpt lat="42.604511" lon="-0.124438">
        <ele>893.5431264394689</ele>
        <time>2026-06-04T10:37:51.861Z</time>
        <extensions>
          <gpxtpx:TrackPointExtension>
            <gpxtpx:Extensions>
              <highway>service</highway>
            </gpxtpx:Extensions>
          </gpxtpx:TrackPointExtension>
        </extensions>
      </trkpt>
      <trkpt lat="42.604565" lon="-0.12427">
        <ele>893.0506834232691</ele>
        <time>2026-06-04T10:38:16.246Z</time>
        <extensions>
          <gpxtpx:TrackPointExtension>
            <gpxtpx:Extensions>
              <highway>service</highway>
            </gpxtpx:Extensions>
          </gpxtpx:TrackPointExtension>
        </extensions>
      </trkpt>
      <trkpt lat="42.604638" lon="-0.124194">
        <ele>893.2029855597957</ele>
        <time>2026-06-04T10:38:32.866Z</time>
        <extensions>
          <gpxtpx:TrackPointExtension>
            <gpxtpx:Extensions>
              <highway>path</highway>
              <sac_scale>mountain_hiking</sac_scale>
            </gpxtpx:Extensions>
          </gpxtpx:TrackPointExtension>
        </extensions>
      </trkpt>
      <trkpt lat="42.604695" lon="-0.124293">
        <ele>893.6847726503343</ele>
        <time>2026-06-04T10:38:49.585Z</time>
        <extensions>
          <gpxtpx:TrackPointExtension>
            <gpxtpx:Extensions>
              <highway>path</highway>
              <sac_scale>mountain_hiking</sac_scale>
            </gpxtpx:Extensions>
          </gpxtpx:TrackPointExtension>
        </extensions>
      </trkpt>
      <trkpt lat="42.604763" lon="-0.124459">
        <ele>894.5288589603866</ele>
        <time>2026-06-04T10:39:14.855Z</time>
        <extensions>
          <gpxtpx:TrackPointExtension>
            <gpxtpx:Extensions>
              <highway>path</highway>
              <sac_scale>mountain_hiking</sac_scale>
            </gpxtpx:Extensions>
          </gpxtpx:TrackPointExtension>
        </extensions>
      </trkpt>
      <trkpt lat="42.604838" lon="-0.124498">
        <ele>894.9208065455496</ele>
        <time>2026-06-04T10:39:29.368Z</time>
        <extensions>
          <gpxtpx:TrackPointExtension>
            <gpxtpx:Extensions>
              <highway>path</highway>
              <sac_scale>mountain_hiking</sac_scale>
            </gpxtpx:Extensions>
          </gpxtpx:TrackPointExtension>
        </extensions>
      </trkpt>
      <trkpt lat="42.604837" lon="-0.124622">
        <ele>895.0244808403475</ele>
        <time>2026-06-04T10:39:45.863Z</time>
        <extensions>
          <gpxtpx:TrackPointExtension>
            <gpxtpx:Extensions>
              <highway>path</highway>
              <sac_scale>mountain_hiking</sac_scale>
            </gpxtpx:Extensions>
          </gpxtpx:TrackPointExtension>
        </extensions>
      </trkpt>
      <trkpt lat="42.604848" lon="-0.12464">
        <ele>895.1851618363692</ele>
        <time>2026-06-04T10:39:48.975Z</time>
        <extensions>
          <gpxtpx:TrackPointExtension>
            <gpxtpx:Extensions>
              <highway>path</highway>
              <sac_scale>mountain_hiking</sac_scale>
            </gpxtpx:Extensions>
          </gpxtpx:TrackPointExtension>
        </extensions>
      </trkpt>
      <trkpt lat="42.604985" lon="-0.124708">
        <ele>897.1016398962</ele>
        <time>2026-06-04T10:40:15.334Z</time>
        <extensions>
          <gpxtpx:TrackPointExtension>
            <gpxtpx:Extensions>
              <highway>path</highway>
              <sac_scale>mountain_hiking</sac_scale>
            </gpxtpx:Extensions>
          </gpxtpx:TrackPointExtension>
        </extensions>
      </trkpt>
      <trkpt lat="42.605003" lon="-0.124744">
        <ele>897.982412992844</ele>
        <time>2026-06-04T10:40:21.123Z</time>
        <extensions>
          <gpxtpx:TrackPointExtension>
            <gpxtpx:Extensions>
              <highway>path</highway>
              <sac_scale>mountain_hiking</sac_scale>
            </gpxtpx:Extensions>
          </gpxtpx:TrackPointExtension>
        </extensions>
      </trkpt>
      <trkpt lat="42.605027" lon="-0.124924">
        <ele>902.4674425398406</ele>
        <time>2026-06-04T10:40:45.456Z</time>
        <extensions>
          <gpxtpx:TrackPointExtension>
            <gpxtpx:Extensions>
              <highway>path</highway>
              <sac_scale>mountain_hiking</sac_scale>
            </gpxtpx:Extensions>
          </gpxtpx:TrackPointExtension>
        </extensions>
      </trkpt>
      <trkpt lat="42.605079" lon="-0.124986">
        <ele>905.0231708933334</ele>
        <time>2026-06-04T10:40:57.959Z</time>
        <extensions>
          <gpxtpx:TrackPointExtension>
            <gpxtpx:Extensions>
              <highway>path</highway>
              <sac_scale>mountain_hiking</sac_scale>
            </gpxtpx:Extensions>
          </gpxtpx:TrackPointExtension>
        </extensions>
      </trkpt>
      <trkpt lat="42.605138" lon="-0.125022">
        <ele>907.5863754925304</ele>
        <time>2026-06-04T10:41:09.647Z</time>
        <extensions>
          <gpxtpx:TrackPointExtension>
            <gpxtpx:Extensions>
              <highway>path</highway>
              <sac_scale>mountain_hiking</sac_scale>
            </gpxtpx:Extensions>
          </gpxtpx:TrackPointExtension>
        </extensions>
      </trkpt>
      <trkpt lat="42.605152" lon="-0.125086">
        <ele>909.983147596548</ele>
        <time>2026-06-04T10:41:18.528Z</time>
        <extensions>
          <gpxtpx:TrackPointExtension>
            <gpxtpx:Extensions>
              <highway>path</highway>
              <sac_scale>mountain_hiking</sac_scale>
            </gpxtpx:Extensions>
          </gpxtpx:TrackPointExtension>
        </extensions>
      </trkpt>
      <trkpt lat="42.605152" lon="-0.125222">
        <ele>910.0948687030409</ele>
        <time>2026-06-04T10:41:36.618Z</time>
        <extensions>
          <gpxtpx:TrackPointExtension>
            <gpxtpx:Extensions>
              <highway>path</highway>
              <sac_scale>mountain_hiking</sac_scale>
            </gpxtpx:Extensions>
          </gpxtpx:TrackPointExtension>
        </extensions>
      </trkpt>
      <trkpt lat="42.605179" lon="-0.125339">
        <ele>909.1794104678163</ele>
        <time>2026-06-04T10:41:52.928Z</time>
        <extensions>
          <gpxtpx:TrackPointExtension>
            <gpxtpx:Extensions>
              <highway>path</highway>
              <sac_scale>mountain_hiking</sac_scale>
            </gpxtpx:Extensions>
          </gpxtpx:TrackPointExtension>
        </extensions>
      </trkpt>
      <trkpt lat="42.605259" lon="-0.12548">
        <ele>913.4469542287873</ele>
        <time>2026-06-04T10:42:16.609Z</time>
        <extensions>
          <gpxtpx:TrackPointExtension>
            <gpxtpx:Extensions>
              <highway>path</highway>
              <sac_scale>mountain_hiking</sac_scale>
            </gpxtpx:Extensions>
          </gpxtpx:TrackPointExtension>
        </extensions>
      </trkpt>
      <trkpt lat="42.605296" lon="-0.125554">
        <ele>915.2498008229959</ele>
        <time>2026-06-04T10:42:28.508Z</time>
        <extensions>
          <gpxtpx:TrackPointExtension>
            <gpxtpx:Extensions>
              <highway>path</highway>
              <sac_scale>mountain_hiking</sac_scale>
            </gpxtpx:Extensions>
          </gpxtpx:TrackPointExtension>
        </extensions>
      </trkpt>
      <trkpt lat="42.605344" lon="-0.125607">
        <ele>917.1818448839588</ele>
        <time>2026-06-04T10:42:39.686Z</time>
        <extensions>
          <gpxtpx:TrackPointExtension>
            <gpxtpx:Extensions>
              <highway>path</highway>
              <sac_scale>mountain_hiking</sac_scale>
            </gpxtpx:Extensions>
          </gpxtpx:TrackPointExtension>
        </extensions>
      </trkpt>
      <trkpt lat="42.60544" lon="-0.125767">
        <ele>922.6829682604435</ele>
        <time>2026-06-04T10:43:07.144Z</time>
        <extensions>
          <gpxtpx:TrackPointExtension>
            <gpxtpx:Extensions>
              <highway>path</highway>
              <sac_scale>mountain_hiking</sac_scale>
            </gpxtpx:Extensions>
          </gpxtpx:TrackPointExtension>
        </extensions>
      </trkpt>
      <trkpt lat="42.605466" lon="-0.125888">
        <ele>923.9373776071523</ele>
        <time>2026-06-04T10:43:23.911Z</time>
        <extensions>
          <gpxtpx:TrackPointExtension>
            <gpxtpx:Extensions>
              <highway>path</highway>
              <sac_scale>mountain_hiking</sac_scale>
            </gpxtpx:Extensions>
          </gpxtpx:TrackPointExtension>
        </extensions>
      </trkpt>
      <trkpt lat="42.605476" lon="-0.126022">
        <ele>924.1118215690843</ele>
        <time>2026-06-04T10:43:41.826Z</time>
        <extensions>
          <gpxtpx:TrackPointExtension>
            <gpxtpx:Extensions>
              <highway>path</highway>
              <sac_scale>mountain_hiking</sac_scale>
            </gpxtpx:Extensions>
          </gpxtpx:TrackPointExtension>
        </extensions>
      </trkpt>
      <trkpt lat="42.605493" lon="-0.126102">
        <ele>926.0678012763326</ele>
        <time>2026-06-04T10:43:52.902Z</time>
        <extensions>
          <gpxtpx:TrackPointExtension>
            <gpxtpx:Extensions>
              <highway>path</highway>
              <sac_scale>mountain_hiking</sac_scale>
            </gpxtpx:Extensions>
          </gpxtpx:TrackPointExtension>
        </extensions>
      </trkpt>
      <trkpt lat="42.605546" lon="-0.126181">
        <ele>931.8387045838517</ele>
        <time>2026-06-04T10:44:07.120Z</time>
        <extensions>
          <gpxtpx:TrackPointExtension>
            <gpxtpx:Extensions>
              <highway>path</highway>
              <sac_scale>mountain_hiking</sac_scale>
            </gpxtpx:Extensions>
          </gpxtpx:TrackPointExtension>
        </extensions>
      </trkpt>
      <trkpt lat="42.605596" lon="-0.126185">
        <ele>935.000580205072</ele>
        <time>2026-06-04T10:44:16.171Z</time>
        <extensions>
          <gpxtpx:TrackPointExtension>
            <gpxtpx:Extensions>
              <highway>path</highway>
              <sac_scale>mountain_hiking</sac_scale>
            </gpxtpx:Extensions>
          </gpxtpx:TrackPointExtension>
        </extensions>
      </trkpt>
      <trkpt lat="42.605645" lon="-0.126217">
        <ele>938.5966806421897</ele>
        <time>2026-06-04T10:44:25.996Z</time>
        <extensions>
          <gpxtpx:TrackPointExtension>
            <gpxtpx:Extensions>
              <highway>path</highway>
              <sac_scale>mountain_hiking</sac_scale>
            </gpxtpx:Extensions>
          </gpxtpx:TrackPointExtension>
        </extensions>
      </trkpt>
      <trkpt lat="42.605653" lon="-0.126274">
        <ele>940.1005552404057</ele>
        <time>2026-06-04T10:44:33.714Z</time>
        <extensions>
          <gpxtpx:TrackPointExtension>
            <gpxtpx:Extensions>
              <highway>path</highway>
              <sac_scale>mountain_hiking</sac_scale>
            </gpxtpx:Extensions>
          </gpxtpx:TrackPointExtension>
        </extensions>
      </trkpt>
      <trkpt lat="42.605678" lon="-0.126284">
        <ele>941.8707710519873</ele>
        <time>2026-06-04T10:44:38.423Z</time>
        <extensions>
          <gpxtpx:TrackPointExtension>
            <gpxtpx:Extensions>
              <highway>path</highway>
              <sac_scale>mountain_hiking</sac_scale>
            </gpxtpx:Extensions>
          </gpxtpx:TrackPointExtension>
        </extensions>
      </trkpt>
      <trkpt lat="42.605726" lon="-0.126241">
        <ele>943.6144848121319</ele>
        <time>2026-06-04T10:44:48.813Z</time>
        <extensions>
          <gpxtpx:TrackPointExtension>
            <gpxtpx:Extensions>
              <highway>path</highway>
              <sac_scale>mountain_hiking</sac_scale>
            </gpxtpx:Extensions>
          </gpxtpx:TrackPointExtension>
        </extensions>
      </trkpt>
      <trkpt lat="42.605754" lon="-0.126265">
        <ele>945.6487987931611</ele>
        <time>2026-06-04T10:44:54.796Z</time>
        <extensions>
          <gpxtpx:TrackPointExtension>
            <gpxtpx:Extensions>
              <highway>path</highway>
              <sac_scale>mountain_hiking</sac_scale>
            </gpxtpx:Extensions>
          </gpxtpx:TrackPointExtension>
        </extensions>
      </trkpt>
      <trkpt lat="42.60574" lon="-0.12638">
        <ele>947.8215070640954</ele>
        <time>2026-06-04T10:45:10.300Z</time>
        <extensions>
          <gpxtpx:TrackPointExtension>
            <gpxtpx:Extensions>
              <highway>path</highway>
              <sac_scale>mountain_hiking</sac_scale>
            </gpxtpx:Extensions>
          </gpxtpx:TrackPointExtension>
        </extensions>
      </trkpt>
      <trkpt lat="42.605764" lon="-0.126469">
        <ele>952.3617692066266</ele>
        <time>2026-06-04T10:45:22.908Z</time>
        <extensions>
          <gpxtpx:TrackPointExtension>
            <gpxtpx:Extensions>
              <highway>path</highway>
              <sac_scale>mountain_hiking</sac_scale>
            </gpxtpx:Extensions>
          </gpxtpx:TrackPointExtension>
        </extensions>
      </trkpt>
      <trkpt lat="42.605767" lon="-0.12653">
        <ele>954.7561424589527</ele>
        <time>2026-06-04T10:45:31.040Z</time>
        <extensions>
          <gpxtpx:TrackPointExtension>
            <gpxtpx:Extensions>
              <highway>path</highway>
              <sac_scale>mountain_hiking</sac_scale>
            </gpxtpx:Extensions>
          </gpxtpx:TrackPointExtension>
        </extensions>
      </trkpt>
      <trkpt lat="42.605795" lon="-0.126557">
        <ele>958.0695448949284</ele>
        <time>2026-06-04T10:45:37.245Z</time>
        <extensions>
          <gpxtpx:TrackPointExtension>
            <gpxtpx:Extensions>
              <highway>path</highway>
              <sac_scale>mountain_hiking</sac_scale>
            </gpxtpx:Extensions>
          </gpxtpx:TrackPointExtension>
        </extensions>
      </trkpt>
      <trkpt lat="42.606074" lon="-0.126332">
        <ele>964.6642796468414</ele>
        <time>2026-06-04T10:46:35.880Z</time>
        <extensions>
          <gpxtpx:TrackPointExtension>
            <gpxtpx:Extensions>
              <highway>path</highway>
              <sac_scale>mountain_hiking</sac_scale>
            </gpxtpx:Extensions>
          </gpxtpx:TrackPointExtension>
        </extensions>
      </trkpt>
      <trkpt lat="42.606308" lon="-0.126129">
        <ele>972.3890669613601</ele>
        <time>2026-06-04T10:47:26.054Z</time>
        <extensions>
          <gpxtpx:TrackPointExtension>
            <gpxtpx:Extensions>
              <highway>path</highway>
              <sac_scale>mountain_hiking</sac_scale>
            </gpxtpx:Extensions>
          </gpxtpx:TrackPointExtension>
        </extensions>
      </trkpt>
      <trkpt lat="42.606426" lon="-0.125914">
        <ele>971.8238611305235</ele>
        <time>2026-06-04T10:48:01.728Z</time>
        <extensions>
          <gpxtpx:TrackPointExtension>
            <gpxtpx:Extensions>
              <highway>path</highway>
              <sac_scale>mountain_hiking</sac_scale>
            </gpxtpx:Extensions>
          </gpxtpx:TrackPointExtension>
        </extensions>
      </trkpt>
      <trkpt lat="42.606494" lon="-0.125742">
        <ele>972.0753238712585</ele>
        <time>2026-06-04T10:48:27.698Z</time>
        <extensions>
          <gpxtpx:TrackPointExtension>
            <gpxtpx:Extensions>
              <highway>path</highway>
              <sac_scale>mountain_hiking</sac_scale>
            </gpxtpx:Extensions>
          </gpxtpx:TrackPointExtension>
        </extensions>
      </trkpt>
      <trkpt lat="42.60656" lon="-0.12563">
        <ele>973.9901883181749</ele>
        <time>2026-06-04T10:48:46.782Z</time>
        <extensions>
          <gpxtpx:TrackPointExtension>
            <gpxtpx:Extensions>
              <highway>path</highway>
              <sac_scale>mountain_hiking</sac_scale>
            </gpxtpx:Extensions>
          </gpxtpx:TrackPointExtension>
        </extensions>
      </trkpt>
      <trkpt lat="42.606632" lon="-0.125381">
        <ele>973.494590736638</ele>
        <time>2026-06-04T10:49:22.367Z</time>
        <extensions>
          <gpxtpx:TrackPointExtension>
            <gpxtpx:Extensions>
              <highway>path</highway>
              <sac_scale>mountain_hiking</sac_scale>
            </gpxtpx:Extensions>
          </gpxtpx:TrackPointExtension>
        </extensions>
      </trkpt>
      <trkpt lat="42.606702" lon="-0.125196">
        <ele>975.8973191417394</ele>
        <time>2026-06-04T10:49:50.036Z</time>
        <extensions>
          <gpxtpx:TrackPointExtension>
            <gpxtpx:Extensions>
              <highway>path</highway>
              <sac_scale>mountain_hiking</sac_scale>
            </gpxtpx:Extensions>
          </gpxtpx:TrackPointExtension>
        </extensions>
      </trkpt>
      <trkpt lat="42.606857" lon="-0.125086">
        <ele>984.5327238448049</ele>
        <time>2026-06-04T10:50:21.639Z</time>
        <extensions>
          <gpxtpx:TrackPointExtension>
            <gpxtpx:Extensions>
              <highway>path</highway>
              <sac_scale>mountain_hiking</sac_scale>
            </gpxtpx:Extensions>
          </gpxtpx:TrackPointExtension>
        </extensions>
      </trkpt>
      <trkpt lat="42.607079" lon="-0.124962">
        <ele>990.6473210300745</ele>
        <time>2026-06-04T10:51:05.017Z</time>
        <extensions>
          <gpxtpx:TrackPointExtension>
            <gpxtpx:Extensions>
              <highway>path</highway>
              <sac_scale>mountain_hiking</sac_scale>
            </gpxtpx:Extensions>
          </gpxtpx:TrackPointExtension>
        </extensions>
      </trkpt>
      <trkpt lat="42.607133" lon="-0.124969">
        <ele>993.8622022702152</ele>
        <time>2026-06-04T10:51:14.820Z</time>
        <extensions>
          <gpxtpx:TrackPointExtension>
            <gpxtpx:Extensions>
              <highway>path</highway>
              <sac_scale>mountain_hiking</sac_scale>
            </gpxtpx:Extensions>
          </gpxtpx:TrackPointExtension>
        </extensions>
      </trkpt>
      <trkpt lat="42.607176" lon="-0.124998">
        <ele>997.1792259274913</ele>
        <time>2026-06-04T10:51:23.495Z</time>
        <extensions>
          <gpxtpx:TrackPointExtension>
            <gpxtpx:Extensions>
              <highway>path</highway>
              <sac_scale>mountain_hiking</sac_scale>
            </gpxtpx:Extensions>
          </gpxtpx:TrackPointExtension>
        </extensions>
      </trkpt>
      <trkpt lat="42.607187" lon="-0.125054">
        <ele>999.5963181814251</ele>
        <time>2026-06-04T10:51:31.204Z</time>
        <extensions>
          <gpxtpx:TrackPointExtension>
            <gpxtpx:Extensions>
              <highway>path</highway>
              <sac_scale>mountain_hiking</sac_scale>
            </gpxtpx:Extensions>
          </gpxtpx:TrackPointExtension>
        </extensions>
      </trkpt>
      <trkpt lat="42.607144" lon="-0.125135">
        <ele>1001.243512358632</ele>
        <time>2026-06-04T10:51:44.488Z</time>
        <extensions>
          <gpxtpx:TrackPointExtension>
            <gpxtpx:Extensions>
              <highway>path</highway>
              <sac_scale>mountain_hiking</sac_scale>
            </gpxtpx:Extensions>
          </gpxtpx:TrackPointExtension>
        </extensions>
      </trkpt>
      <trkpt lat="42.607121" lon="-0.125195">
        <ele>1002.5866043366266</ele>
        <time>2026-06-04T10:51:53.486Z</time>
        <extensions>
          <gpxtpx:TrackPointExtension>
            <gpxtpx:Extensions>
              <highway>path</highway>
              <sac_scale>mountain_hiking</sac_scale>
            </gpxtpx:Extensions>
          </gpxtpx:TrackPointExtension>
        </extensions>
      </trkpt>
      <trkpt lat="42.607122" lon="-0.125275">
        <ele>1005.4955833817651</ele>
        <time>2026-06-04T10:52:04.128Z</time>
        <extensions>
          <gpxtpx:TrackPointExtension>
            <gpxtpx:Extensions>
              <highway>path</highway>
              <sac_scale>mountain_hiking</sac_scale>
            </gpxtpx:Extensions>
          </gpxtpx:TrackPointExtension>
        </extensions>
      </trkpt>
      <trkpt lat="42.60721" lon="-0.125335">
        <ele>1010.9680756923203</ele>
        <time>2026-06-04T10:52:21.921Z</time>
        <extensions>
          <gpxtpx:TrackPointExtension>
            <gpxtpx:Extensions>
              <highway>path</highway>
              <sac_scale>mountain_hiking</sac_scale>
            </gpxtpx:Extensions>
          </gpxtpx:TrackPointExtension>
        </extensions>
      </trkpt>
      <trkpt lat="42.607349" lon="-0.12535">
        <ele>1015.2196175320056</ele>
        <time>2026-06-04T10:52:47.120Z</time>
        <extensions>
          <gpxtpx:TrackPointExtension>
            <gpxtpx:Extensions>
              <highway>path</highway>
              <sac_scale>mountain_hiking</sac_scale>
            </gpxtpx:Extensions>
          </gpxtpx:TrackPointExtension>
        </extensions>
      </trkpt>
      <trkpt lat="42.607435" lon="-0.125388">
        <ele>1018.4943010343285</ele>
        <time>2026-06-04T10:53:03.463Z</time>
        <extensions>
          <gpxtpx:TrackPointExtension>
            <gpxtpx:Extensions>
              <highway>path</highway>
              <sac_scale>mountain_hiking</sac_scale>
            </gpxtpx:Extensions>
          </gpxtpx:TrackPointExtension>
        </extensions>
      </trkpt>
      <trkpt lat="42.607522" lon="-0.125488">
        <ele>1024.2392959815431</ele>
        <time>2026-06-04T10:53:24.057Z</time>
        <extensions>
          <gpxtpx:TrackPointExtension>
            <gpxtpx:Extensions>
              <highway>path</highway>
              <sac_scale>mountain_hiking</sac_scale>
            </gpxtpx:Extensions>
          </gpxtpx:TrackPointExtension>
        </extensions>
      </trkpt>
      <trkpt lat="42.607739" lon="-0.125547">
        <ele>1029.5578937382627</ele>
        <time>2026-06-04T10:54:04.051Z</time>
        <extensions>
          <gpxtpx:TrackPointExtension>
            <gpxtpx:Extensions>
              <highway>path</highway>
              <sac_scale>mountain_hiking</sac_scale>
            </gpxtpx:Extensions>
          </gpxtpx:TrackPointExtension>
        </extensions>
      </trkpt>
      <trkpt lat="42.607977" lon="-0.125641">
        <ele>1036.0398516445334</ele>
        <time>2026-06-04T10:54:48.843Z</time>
        <extensions>
          <gpxtpx:TrackPointExtension>
            <gpxtpx:Extensions>
              <highway>path</highway>
              <sac_scale>mountain_hiking</sac_scale>
            </gpxtpx:Extensions>
          </gpxtpx:TrackPointExtension>
        </extensions>
      </trkpt>
      <trkpt lat="42.608077" lon="-0.125717">
        <ele>1040.1640604128893</ele>
        <time>2026-06-04T10:55:09.550Z</time>
        <extensions>
          <gpxtpx:TrackPointExtension>
            <gpxtpx:Extensions>
              <highway>path</highway>
              <sac_scale>mountain_hiking</sac_scale>
            </gpxtpx:Extensions>
          </gpxtpx:TrackPointExtension>
        </extensions>
      </trkpt>
      <trkpt lat="42.60826" lon="-0.125907">
        <ele>1045.6541591045666</ele>
        <time>2026-06-04T10:55:51.172Z</time>
        <extensions>
          <gpxtpx:TrackPointExtension>
            <gpxtpx:Extensions>
              <highway>path</highway>
              <sac_scale>mountain_hiking</sac_scale>
            </gpxtpx:Extensions>
          </gpxtpx:TrackPointExtension>
        </extensions>
      </trkpt>
      <trkpt lat="42.608389" lon="-0.125968">
        <ele>1046.0760878761478</ele>
        <time>2026-06-04T10:56:15.856Z</time>
        <extensions>
          <gpxtpx:TrackPointExtension>
            <gpxtpx:Extensions>
              <highway>path</highway>
              <sac_scale>mountain_hiking</sac_scale>
            </gpxtpx:Extensions>
          </gpxtpx:TrackPointExtension>
        </extensions>
      </trkpt>
      <trkpt lat="42.608499" lon="-0.126005">
        <ele>1045.791373796557</ele>
        <time>2026-06-04T10:56:36.335Z</time>
        <extensions>
          <gpxtpx:TrackPointExtension>
            <gpxtpx:Extensions>
              <highway>path</highway>
              <sac_scale>mountain_hiking</sac_scale>
            </gpxtpx:Extensions>
          </gpxtpx:TrackPointExtension>
        </extensions>
      </trkpt>
      <trkpt lat="42.608541" lon="-0.126146">
        <ele>1049.0776071305552</ele>
        <time>2026-06-04T10:56:56.567Z</time>
        <extensions>
          <gpxtpx:TrackPointExtension>
            <gpxtpx:Extensions>
              <highway>path</highway>
              <sac_scale>mountain_hiking</sac_scale>
            </gpxtpx:Extensions>
          </gpxtpx:TrackPointExtension>
        </extensions>
      </trkpt>
      <trkpt lat="42.608557" lon="-0.126238">
        <ele>1050.5521217314722</ele>
        <time>2026-06-04T10:57:09.141Z</time>
        <extensions>
          <gpxtpx:TrackPointExtension>
            <gpxtpx:Extensions>
              <highway>path</highway>
              <sac_scale>mountain_hiking</sac_scale>
            </gpxtpx:Extensions>
          </gpxtpx:TrackPointExtension>
        </extensions>
      </trkpt>
      <trkpt lat="42.60861" lon="-0.126309">
        <ele>1051.2437327941448</ele>
        <time>2026-06-04T10:57:22.591Z</time>
        <extensions>
          <gpxtpx:TrackPointExtension>
            <gpxtpx:Extensions>
              <highway>path</highway>
              <sac_scale>mountain_hiking</sac_scale>
            </gpxtpx:Extensions>
          </gpxtpx:TrackPointExtension>
        </extensions>
      </trkpt>
      <trkpt lat="42.608593" lon="-0.126476">
        <ele>1053.6693512782404</ele>
        <time>2026-06-04T10:57:45.015Z</time>
        <extensions>
          <gpxtpx:TrackPointExtension>
            <gpxtpx:Extensions>
              <highway>path</highway>
              <sac_scale>mountain_hiking</sac_scale>
            </gpxtpx:Extensions>
          </gpxtpx:TrackPointExtension>
        </extensions>
      </trkpt>
      <trkpt lat="42.608507" lon="-0.12656">
        <ele>1054.7928493886557</ele>
        <time>2026-06-04T10:58:04.156Z</time>
        <extensions>
          <gpxtpx:TrackPointExtension>
            <gpxtpx:Extensions>
              <highway>path</highway>
              <sac_scale>mountain_hiking</sac_scale>
            </gpxtpx:Extensions>
          </gpxtpx:TrackPointExtension>
        </extensions>
      </trkpt>
      <trkpt lat="42.608427" lon="-0.126617">
        <ele>1055.4593665198374</ele>
        <time>2026-06-04T10:58:20.481Z</time>
        <extensions>
          <gpxtpx:TrackPointExtension>
            <gpxtpx:Extensions>
              <highway>path</highway>
              <sac_scale>mountain_hiking</sac_scale>
            </gpxtpx:Extensions>
          </gpxtpx:TrackPointExtension>
        </extensions>
      </trkpt>
      <trkpt lat="42.608248" lon="-0.126707">
        <ele>1058.6922452025435</ele>
        <time>2026-06-04T10:58:54.974Z</time>
        <extensions>
          <gpxtpx:TrackPointExtension>
            <gpxtpx:Extensions>
              <highway>path</highway>
              <sac_scale>mountain_hiking</sac_scale>
            </gpxtpx:Extensions>
          </gpxtpx:TrackPointExtension>
        </extensions>
      </trkpt>
      <trkpt lat="42.608144" lon="-0.126777">
        <ele>1059.3769598675844</ele>
        <time>2026-06-04T10:59:15.948Z</time>
        <extensions>
          <gpxtpx:TrackPointExtension>
            <gpxtpx:Extensions>
              <highway>path</highway>
              <sac_scale>mountain_hiking</sac_scale>
            </gpxtpx:Extensions>
          </gpxtpx:TrackPointExtension>
        </extensions>
      </trkpt>
      <trkpt lat="42.608068" lon="-0.12678">
        <ele>1059.6246217066073</ele>
        <time>2026-06-04T10:59:29.688Z</time>
        <extensions>
          <gpxtpx:TrackPointExtension>
            <gpxtpx:Extensions>
              <highway>path</highway>
              <sac_scale>mountain_hiking</sac_scale>
            </gpxtpx:Extensions>
          </gpxtpx:TrackPointExtension>
        </extensions>
      </trkpt>
      <trkpt lat="42.607997" lon="-0.126751">
        <ele>1059.752372836419</ele>
        <time>2026-06-04T10:59:43.086Z</time>
        <extensions>
          <gpxtpx:TrackPointExtension>
            <gpxtpx:Extensions>
              <highway>path</highway>
            </gpxtpx:Extensions>
          </gpxtpx:TrackPointExtension>
        </extensions>
      </trkpt>
      <trkpt lat="42.60793" lon="-0.126796">
        <ele>1059.7602969049292</ele>
        <time>2026-06-04T10:59:56.593Z</time>
        <extensions>
          <gpxtpx:TrackPointExtension>
            <gpxtpx:Extensions>
              <highway>path</highway>
            </gpxtpx:Extensions>
          </gpxtpx:TrackPointExtension>
        </extensions>
      </trkpt>
      <trkpt lat="42.607791" lon="-0.126916">
        <ele>1059.9885757851835</ele>
        <time>2026-06-04T11:00:26.355Z</time>
        <extensions>
          <gpxtpx:TrackPointExtension>
            <gpxtpx:Extensions>
              <highway>path</highway>
            </gpxtpx:Extensions>
          </gpxtpx:TrackPointExtension>
        </extensions>
      </trkpt>
      <trkpt lat="42.607708" lon="-0.127033">
        <ele>1060.390969870253</ele>
        <time>2026-06-04T11:00:47.969Z</time>
        <extensions>
          <gpxtpx:TrackPointExtension>
            <gpxtpx:Extensions>
              <highway>path</highway>
            </gpxtpx:Extensions>
          </gpxtpx:TrackPointExtension>
        </extensions>
      </trkpt>
      <trkpt lat="42.60773570090532" lon="-0.1270159073173998">
        <ele>1060.2771391848185</ele>
        <time>2026-06-04T11:00:48.000Z</time>
      </trkpt>
      <trkpt lat="42.60772567614913" lon="-0.1270544473081826">
        <ele>1060.5583100843392</ele>
        <time>2026-06-04T11:00:49.000Z</time>
      </trkpt>
      <trkpt lat="42.607728408649564" lon="-0.1270866002887486">
        <ele>1060.8518214985224</ele>
        <time>2026-06-04T11:00:53.000Z</time>
      </trkpt>
      <trkpt lat="42.60773130878806" lon="-0.12711380794644342">
        <ele>1061.0901767791886</ele>
        <time>2026-06-04T11:00:54.000Z</time>
      </trkpt>
      <trkpt lat="42.607734913006425" lon="-0.12714021094143382">
        <ele>1061.30863360364</ele>
        <time>2026-06-04T11:00:59.000Z</time>
      </trkpt>
      <trkpt lat="42.60773756168783" lon="-0.1271593887358904">
        <ele>1061.4613866591324</ele>
        <time>2026-06-04T11:01:02.000Z</time>
      </trkpt>
      <trkpt lat="42.607740093022585" lon="-0.127177644520998">
        <ele>1061.6022184548822</ele>
        <time>2026-06-04T11:01:03.000Z</time>
      </trkpt>
      <trkpt lat="42.60774207115173" lon="-0.1271991692483424">
        <ele>1061.7726756182778</ele>
        <time>2026-06-04T11:01:06.000Z</time>
      </trkpt>
      <trkpt lat="42.607744451612234" lon="-0.1272310875356196">
        <ele>1062.2824983115574</ele>
        <time>2026-06-04T11:01:08.000Z</time>
      </trkpt>
      <trkpt lat="42.60774612799287" lon="-0.1272664088755844">
        <ele>1062.870834278607</ele>
        <time>2026-06-04T11:01:12.000Z</time>
      </trkpt>
      <trkpt lat="42.60774761997163" lon="-0.1273015122860668">
        <ele>1063.454147486694</ele>
        <time>2026-06-04T11:01:17.000Z</time>
      </trkpt>
      <trkpt lat="42.60774631239474" lon="-0.12734032049775101">
        <ele>1064.1379625093602</ele>
        <time>2026-06-04T11:01:19.000Z</time>
      </trkpt>
      <trkpt lat="42.6077430434525" lon="-0.12737116590142242">
        <ele>1064.7181776518978</ele>
        <time>2026-06-04T11:01:22.000Z</time>
      </trkpt>
      <trkpt lat="42.60773213021457" lon="-0.12739284150302402">
        <ele>1065.2069995706972</ele>
        <time>2026-06-04T11:01:25.000Z</time>
      </trkpt>
      <trkpt lat="42.60771539993584" lon="-0.1274086162447928">
        <ele>1065.6941276237144</ele>
        <time>2026-06-04T11:01:26.000Z</time>
      </trkpt>
      <trkpt lat="42.60769531689584" lon="-0.1274180710315702">
        <ele>1066.1399364784174</ele>
        <time>2026-06-04T11:01:30.000Z</time>
      </trkpt>
      <trkpt lat="42.607670959085226" lon="-0.12741610966622802">
        <ele>1066.5473187881053</ele>
        <time>2026-06-04T11:01:33.000Z</time>
      </trkpt>
      <trkpt lat="42.60764269530773" lon="-0.1274104099720712">
        <ele>1067.0413002892028</ele>
        <time>2026-06-04T11:01:35.000Z</time>
      </trkpt>
      <trkpt lat="42.607612017542124" lon="-0.1273993961513038">
        <ele>1067.5557814939816</ele>
        <time>2026-06-04T11:01:39.000Z</time>
      </trkpt>
      <trkpt lat="42.60758511163294" lon="-0.12738789618015262">
        <ele>1068.0300093015514</ele>
        <time>2026-06-04T11:01:46.000Z</time>
      </trkpt>
      <trkpt lat="42.60755126550794" lon="-0.1273745018988846">
        <ele>1068.641796244108</ele>
        <time>2026-06-04T11:01:51.000Z</time>
      </trkpt>
      <trkpt lat="42.607522347941995" lon="-0.12736658938229078">
        <ele>1068.9658895655775</ele>
        <time>2026-06-04T11:01:52.000Z</time>
      </trkpt>
      <trkpt lat="42.60749453678727" lon="-0.1273610908538104">
        <ele>1069.2884464773163</ele>
        <time>2026-06-04T11:01:59.000Z</time>
      </trkpt>
      <trkpt lat="42.60747019574046" lon="-0.1273587942123414">
        <ele>1069.616650453852</ele>
        <time>2026-06-04T11:02:00.000Z</time>
      </trkpt>
      <trkpt lat="42.60744577087462" lon="-0.1273569837212562">
        <ele>1069.9538575414583</ele>
        <time>2026-06-04T11:02:03.000Z</time>
      </trkpt>
      <trkpt lat="42.60741635039449" lon="-0.1273600347340106">
        <ele>1070.1943729395823</ele>
        <time>2026-06-04T11:02:06.000Z</time>
      </trkpt>
      <trkpt lat="42.607376938685775" lon="-0.12736513093113883">
        <ele>1070.2217523827333</ele>
        <time>2026-06-04T11:02:07.000Z</time>
      </trkpt>
      <trkpt lat="42.60733186081052" lon="-0.12737188674509503">
        <ele>1070.2848510744402</ele>
        <time>2026-06-04T11:02:15.000Z</time>
      </trkpt>
      <trkpt lat="42.60728088207543" lon="-0.1273806039243934">
        <ele>1070.217579545637</ele>
        <time>2026-06-04T11:02:21.000Z</time>
      </trkpt>
      <trkpt lat="42.60722512565553" lon="-0.12739277444779862">
        <ele>1070.111063097711</ele>
        <time>2026-06-04T11:02:26.000Z</time>
      </trkpt>
      <trkpt lat="42.6071803830564" lon="-0.1274035200476646">
        <ele>1070.0650641765517</ele>
        <time>2026-06-04T11:02:32.000Z</time>
      </trkpt>
      <trkpt lat="42.60714527964592" lon="-0.1274133771657944">
        <ele>1069.950219796248</ele>
        <time>2026-06-04T11:02:35.000Z</time>
      </trkpt>
      <trkpt lat="42.60711621120572" lon="-0.12742360308766382">
        <ele>1069.915956812914</ele>
        <time>2026-06-04T11:02:37.000Z</time>
      </trkpt>
      <trkpt lat="42.60708705894649" lon="-0.12744159065187">
        <ele>1070.0561980102834</ele>
        <time>2026-06-04T11:02:38.000Z</time>
      </trkpt>
      <trkpt lat="42.607058426365256" lon="-0.12746472470462342">
        <ele>1070.360514744892</ele>
        <time>2026-06-04T11:02:40.000Z</time>
      </trkpt>
      <trkpt lat="42.60703328065574" lon="-0.12748725526034843">
        <ele>1070.7751989973945</ele>
        <time>2026-06-04T11:02:48.000Z</time>
      </trkpt>
      <trkpt lat="42.60700256936252" lon="-0.1275178156793118">
        <ele>1071.4243440166365</ele>
        <time>2026-06-04T11:02:53.000Z</time>
      </trkpt>
      <trkpt lat="42.606974355876446" lon="-0.1275476552546024">
        <ele>1072.1015474011892</ele>
        <time>2026-06-04T11:02:54.000Z</time>
      </trkpt>
      <trkpt lat="42.60695029981434" lon="-0.1275804284960032">
        <ele>1072.6859963126176</ele>
        <time>2026-06-04T11:03:01.000Z</time>
      </trkpt>
      <trkpt lat="42.60693112201989" lon="-0.1276067476719618">
        <ele>1073.2075874969341</ele>
        <time>2026-06-04T11:03:02.000Z</time>
      </trkpt>
      <trkpt lat="42.606910552829504" lon="-0.1276363860815764">
        <ele>1072.8165050444472</ele>
        <time>2026-06-04T11:03:08.000Z</time>
      </trkpt>
      <trkpt lat="42.60689378902316" lon="-0.1276673823595048">
        <ele>1072.6847434082879</ele>
        <time>2026-06-04T11:03:09.000Z</time>
      </trkpt>
      <trkpt lat="42.60687668994069" lon="-0.12770101055502903">
        <ele>1072.920908475565</ele>
        <time>2026-06-04T11:03:11.000Z</time>
      </trkpt>
      <trkpt lat="42.606861870735884" lon="-0.12772848643362522">
        <ele>1073.1572408666748</ele>
        <time>2026-06-04T11:03:16.000Z</time>
      </trkpt>
      <trkpt lat="42.60684286057949" lon="-0.1277599018067122">
        <ele>1073.340538039185</ele>
        <time>2026-06-04T11:03:18.000Z</time>
      </trkpt>
      <trkpt lat="42.606824370101094" lon="-0.12778865173459059">
        <ele>1073.6774973164277</ele>
        <time>2026-06-04T11:03:21.000Z</time>
      </trkpt>
      <trkpt lat="42.60680212453008" lon="-0.127819363027811">
        <ele>1074.2136171211773</ele>
        <time>2026-06-04T11:03:24.000Z</time>
      </trkpt>
      <trkpt lat="42.60677969455719" lon="-0.12787109613418582">
        <ele>1072.7195703832988</ele>
        <time>2026-06-04T11:03:25.000Z</time>
      </trkpt>
      <trkpt lat="42.60676283016801" lon="-0.12793593853712082">
        <ele>1071.983878201489</ele>
        <time>2026-06-04T11:03:31.000Z</time>
      </trkpt>
      <trkpt lat="42.606751665472984" lon="-0.128011342138052">
        <ele>1072.74207905758</ele>
        <time>2026-06-04T11:03:41.000Z</time>
      </trkpt>
      <trkpt lat="42.60674308240414" lon="-0.1280927136540412">
        <ele>1073.877943301306</ele>
        <time>2026-06-04T11:03:49.000Z</time>
      </trkpt>
      <trkpt lat="42.60674445703626" lon="-0.12818161211907864">
        <ele>1075.2195178915329</ele>
        <time>2026-06-04T11:03:56.000Z</time>
      </trkpt>
      <trkpt lat="42.60674782656133" lon="-0.12825820595026002">
        <ele>1076.3356771886424</ele>
        <time>2026-06-04T11:03:59.000Z</time>
      </trkpt>
      <trkpt lat="42.606752168387175" lon="-0.12832527793943882">
        <ele>1077.1367381212879</ele>
        <time>2026-06-04T11:04:06.000Z</time>
      </trkpt>
      <trkpt lat="42.60676127113402" lon="-0.12840094976127142">
        <ele>1078.3410245795185</ele>
        <time>2026-06-04T11:04:10.000Z</time>
      </trkpt>
      <trkpt lat="42.60677102766931" lon="-0.1284911893308162">
        <ele>1079.0884588606787</ele>
        <time>2026-06-04T11:04:14.000Z</time>
      </trkpt>
      <trkpt lat="42.606785545125604" lon="-0.1285839099436998">
        <ele>1080.3299236545156</ele>
        <time>2026-06-04T11:04:23.000Z</time>
      </trkpt>
      <trkpt lat="42.60680953413248" lon="-0.1286832857877016">
        <ele>1081.3693963491487</ele>
        <time>2026-06-04T11:04:30.000Z</time>
      </trkpt>
      <trkpt lat="42.60683338902891" lon="-0.1287754699587822">
        <ele>1081.3077065657474</ele>
        <time>2026-06-04T11:04:38.000Z</time>
      </trkpt>
      <trkpt lat="42.606858836486936" lon="-0.1288622058928012">
        <ele>1081.3393521588398</ele>
        <time>2026-06-04T11:04:46.000Z</time>
      </trkpt>
      <trkpt lat="42.6068851724267" lon="-0.1289322786033154">
        <ele>1081.9175524786287</ele>
        <time>2026-06-04T11:04:47.000Z</time>
      </trkpt>
      <trkpt lat="42.606908759102225" lon="-0.1289920751005412">
        <ele>1082.9042633380902</ele>
        <time>2026-06-04T11:04:55.000Z</time>
      </trkpt>
      <trkpt lat="42.60692414827645" lon="-0.1290497090667488">
        <ele>1083.7947817705963</ele>
        <time>2026-06-04T11:04:57.000Z</time>
      </trkpt>
      <trkpt lat="42.606938699260354" lon="-0.1291172336786986">
        <ele>1084.3279518330019</ele>
        <time>2026-06-04T11:05:02.000Z</time>
      </trkpt>
      <trkpt lat="42.606946896761656" lon="-0.1291814893484118">
        <ele>1084.7269306039514</ele>
        <time>2026-06-04T11:05:08.000Z</time>
      </trkpt>
      <trkpt lat="42.606952629983425" lon="-0.129258116707206">
        <ele>1085.1633009277994</ele>
        <time>2026-06-04T11:05:13.000Z</time>
      </trkpt>
      <trkpt lat="42.60695407167077" lon="-0.129337912425399">
        <ele>1084.9626052653994</ele>
        <time>2026-06-04T11:05:18.000Z</time>
      </trkpt>
      <trkpt lat="42.60695581510663" lon="-0.1294225193560124">
        <ele>1084.7292541768209</ele>
        <time>2026-06-04T11:05:23.000Z</time>
      </trkpt>
      <trkpt lat="42.60696250386536" lon="-0.1295172516256572">
        <ele>1083.892023343904</ele>
        <time>2026-06-04T11:05:28.000Z</time>
      </trkpt>
      <trkpt lat="42.60697306506336" lon="-0.12961436435580262">
        <ele>1083.1909568030524</ele>
        <time>2026-06-04T11:05:36.000Z</time>
      </trkpt>
      <trkpt lat="42.606986191123724" lon="-0.12971275113523">
        <ele>1082.8370687059455</ele>
        <time>2026-06-04T11:05:43.000Z</time>
      </trkpt>
      <trkpt lat="42.607004933059216" lon="-0.1298178769648074">
        <ele>1083.2617547473226</ele>
        <time>2026-06-04T11:05:50.000Z</time>
      </trkpt>
      <trkpt lat="42.60702204890549" lon="-0.1299044117331504">
        <ele>1084.2067314537755</ele>
        <time>2026-06-04T11:05:56.000Z</time>
      </trkpt>
      <trkpt lat="42.607034370303154" lon="-0.1299834698438644">
        <ele>1085.039293819443</ele>
        <time>2026-06-04T11:06:03.000Z</time>
      </trkpt>
      <trkpt lat="42.60704545117915" lon="-0.13006992079317561">
        <ele>1085.8841763095281</ele>
        <time>2026-06-04T11:06:04.000Z</time>
      </trkpt>
      <trkpt lat="42.60706337168813" lon="-0.1301491130143404">
        <ele>1086.4386200861863</ele>
        <time>2026-06-04T11:06:09.000Z</time>
      </trkpt>
      <trkpt lat="42.60709215514362" lon="-0.1302119605243206">
        <ele>1086.4245000958088</ele>
        <time>2026-06-04T11:06:18.000Z</time>
      </trkpt>
      <trkpt lat="42.60712538100779" lon="-0.13027197495102882">
        <ele>1086.621391288887</ele>
        <time>2026-06-04T11:06:24.000Z</time>
      </trkpt>
      <trkpt lat="42.60717273876071" lon="-0.13031904771924002">
        <ele>1087.392172584883</ele>
        <time>2026-06-04T11:06:31.000Z</time>
      </trkpt>
      <trkpt lat="42.607232535257936" lon="-0.13034312054514863">
        <ele>1087.5564215992117</ele>
        <time>2026-06-04T11:06:33.000Z</time>
      </trkpt>
      <trkpt lat="42.607294829562306" lon="-0.13036818243563142">
        <ele>1087.7179810618848</ele>
        <time>2026-06-04T11:06:40.000Z</time>
      </trkpt>
      <trkpt lat="42.607344567775726" lon="-0.13039059564471223">
        <ele>1088.0126268186873</ele>
        <time>2026-06-04T11:06:47.000Z</time>
      </trkpt>
      <trkpt lat="42.60739740729332" lon="-0.1304173339158294">
        <ele>1088.4151337094986</ele>
        <time>2026-06-04T11:06:54.000Z</time>
      </trkpt>
      <trkpt lat="42.60744974389672" lon="-0.1304474920034406">
        <ele>1088.8934986718375</ele>
        <time>2026-06-04T11:06:56.000Z</time>
      </trkpt>
      <trkpt lat="42.60750077292323" lon="-0.130484791472554">
        <ele>1089.3820273139472</ele>
        <time>2026-06-04T11:07:00.000Z</time>
      </trkpt>
      <trkpt lat="42.6075495891273" lon="-0.1305159050971268">
        <ele>1089.6382692977597</ele>
        <time>2026-06-04T11:07:06.000Z</time>
      </trkpt>
      <trkpt lat="42.60760301537812" lon="-0.1305493153631686">
        <ele>1089.9184100316618</ele>
        <time>2026-06-04T11:07:14.000Z</time>
      </trkpt>
      <trkpt lat="42.60766554437578" lon="-0.130592482164502">
        <ele>1090.3330401976045</ele>
        <time>2026-06-04T11:07:19.000Z</time>
      </trkpt>
      <trkpt lat="42.607716757804155" lon="-0.1306320279836654">
        <ele>1090.8766958550148</ele>
        <time>2026-06-04T11:07:24.000Z</time>
      </trkpt>
      <trkpt lat="42.607762556523085" lon="-0.13067130558192722">
        <ele>1091.511783136796</ele>
        <time>2026-06-04T11:07:33.000Z</time>
      </trkpt>
      <trkpt lat="42.60780086182058" lon="-0.1307084877043962">
        <ele>1092.0254802174923</ele>
        <time>2026-06-04T11:07:35.000Z</time>
      </trkpt>
      <trkpt lat="42.607835579663515" lon="-0.1307566836476324">
        <ele>1092.6959919708909</ele>
        <time>2026-06-04T11:07:41.000Z</time>
      </trkpt>
      <trkpt lat="42.607858780771494" lon="-0.1308111324906348">
        <ele>1093.397195968773</ele>
        <time>2026-06-04T11:07:43.000Z</time>
      </trkpt>
      <trkpt lat="42.60788561962545" lon="-0.13088479265570618">
        <ele>1093.9440526257824</ele>
        <time>2026-06-04T11:07:49.000Z</time>
      </trkpt>
      <trkpt lat="42.60790840163827" lon="-0.1309658121317624">
        <ele>1094.4957868314643</ele>
        <time>2026-06-04T11:07:56.000Z</time>
      </trkpt>
      <trkpt lat="42.607930697500706" lon="-0.1310477033257484">
        <ele>1094.7933151089085</ele>
        <time>2026-06-04T11:08:04.000Z</time>
      </trkpt>
      <trkpt lat="42.60795927979052" lon="-0.1311357133090496">
        <ele>1094.969395563322</ele>
        <time>2026-06-04T11:08:10.000Z</time>
      </trkpt>
      <trkpt lat="42.60798938758671" lon="-0.1312137320637702">
        <ele>1095.0440845982487</ele>
        <time>2026-06-04T11:08:12.000Z</time>
      </trkpt>
      <trkpt lat="42.60801689699292" lon="-0.13127728365361702">
        <ele>1095.0615338074658</ele>
        <time>2026-06-04T11:08:21.000Z</time>
      </trkpt>
      <trkpt lat="42.60804685391486" lon="-0.13133391179144382">
        <ele>1095.078728425524</ele>
        <time>2026-06-04T11:08:25.000Z</time>
      </trkpt>
      <trkpt lat="42.608079459518194" lon="-0.1313951164484022">
        <ele>1095.4074284784128</ele>
        <time>2026-06-04T11:08:28.000Z</time>
      </trkpt>
      <trkpt lat="42.60810626484454" lon="-0.1314428262412546">
        <ele>1095.6895189214163</ele>
        <time>2026-06-04T11:08:33.000Z</time>
      </trkpt>
      <trkpt lat="42.60813204757869" lon="-0.13149097189307202">
        <ele>1096.0090708697687</ele>
        <time>2026-06-04T11:08:37.000Z</time>
      </trkpt>
      <trkpt lat="42.60815657302737" lon="-0.13153636828064902">
        <ele>1096.585180206449</ele>
        <time>2026-06-04T11:08:41.000Z</time>
      </trkpt>
      <trkpt lat="42.60817967355251" lon="-0.13158044032752503">
        <ele>1097.0946663272864</ele>
        <time>2026-06-04T11:08:45.000Z</time>
      </trkpt>
      <trkpt lat="42.6082028914243" lon="-0.13162320479750622">
        <ele>1097.5597127425297</ele>
        <time>2026-06-04T11:08:47.000Z</time>
      </trkpt>
      <trkpt lat="42.608241230249405" lon="-0.13168553262948982">
        <ele>1097.8955423078828</ele>
        <time>2026-06-04T11:08:51.000Z</time>
      </trkpt>
      <trkpt lat="42.60828828625381" lon="-0.13174185901880262">
        <ele>1097.6596811575585</ele>
        <time>2026-06-04T11:08:54.000Z</time>
      </trkpt>
      <trkpt lat="42.608347127214074" lon="-0.13179801777005182">
        <ele>1097.3761948967694</ele>
        <time>2026-06-04T11:09:07.000Z</time>
      </trkpt>
      <trkpt lat="42.608401123434305" lon="-0.1318600941449402">
        <ele>1097.4676002345084</ele>
        <time>2026-06-04T11:09:14.000Z</time>
      </trkpt>
      <trkpt lat="42.60845064371824" lon="-0.13192810490727422">
        <ele>1098.0184106449335</ele>
        <time>2026-06-04T11:09:20.000Z</time>
      </trkpt>
      <trkpt lat="42.6084796115756" lon="-0.1319893766194582">
        <ele>1098.7229774693703</ele>
        <time>2026-06-04T11:09:26.000Z</time>
      </trkpt>
      <trkpt lat="42.60848826169968" lon="-0.1320661716163158">
        <ele>1099.3426328595397</ele>
        <time>2026-06-04T11:09:31.000Z</time>
      </trkpt>
      <trkpt lat="42.60847962833941" lon="-0.1321533769369126">
        <ele>1100.0203614542197</ele>
        <time>2026-06-04T11:09:39.000Z</time>
      </trkpt>
      <trkpt lat="42.6084648091346" lon="-0.1322515793144704">
        <ele>1100.4025873501414</ele>
        <time>2026-06-04T11:09:46.000Z</time>
      </trkpt>
      <trkpt lat="42.608442060649395" lon="-0.1323591861873866">
        <ele>1100.8208659915015</ele>
        <time>2026-06-04T11:09:51.000Z</time>
      </trkpt>
      <trkpt lat="42.60841046087444" lon="-0.132455175742507">
        <ele>1101.1542117990266</ele>
        <time>2026-06-04T11:09:59.000Z</time>
      </trkpt>
      <trkpt lat="42.608379079028964" lon="-0.1325390450656414">
        <ele>1101.469549745842</ele>
        <time>2026-06-04T11:10:07.000Z</time>
      </trkpt>
      <trkpt lat="42.608343875035644" lon="-0.1326281279325484">
        <ele>1101.4999555166573</ele>
        <time>2026-06-04T11:10:12.000Z</time>
      </trkpt>
      <trkpt lat="42.60831153765321" lon="-0.13269996084272842">
        <ele>1101.7416974643081</ele>
        <time>2026-06-04T11:10:15.000Z</time>
      </trkpt>
      <trkpt lat="42.60828146338463" lon="-0.1327641326934096">
        <ele>1101.7165004086355</ele>
        <time>2026-06-04T11:10:22.000Z</time>
      </trkpt>
      <trkpt lat="42.60825611650944" lon="-0.1328385807573792">
        <ele>1101.565776005692</ele>
        <time>2026-06-04T11:10:25.000Z</time>
      </trkpt>
      <trkpt lat="42.60823640227318" lon="-0.13292471319437">
        <ele>1101.3017685774662</ele>
        <time>2026-06-04T11:10:31.000Z</time>
      </trkpt>
      <trkpt lat="42.608223762363195" lon="-0.13301875814795477">
        <ele>1100.8661831641189</ele>
        <time>2026-06-04T11:10:37.000Z</time>
      </trkpt>
      <trkpt lat="42.608215648680925" lon="-0.1331192571669816">
        <ele>1100.6731721954</ele>
        <time>2026-06-04T11:10:43.000Z</time>
      </trkpt>
      <trkpt lat="42.60821481049061" lon="-0.1332142073661088">
        <ele>1100.4596038591965</ele>
        <time>2026-06-04T11:10:52.000Z</time>
      </trkpt>
      <trkpt lat="42.608224634081125" lon="-0.1333145052194594">
        <ele>1100.2949177673377</ele>
        <time>2026-06-04T11:10:57.000Z</time>
      </trkpt>
      <trkpt lat="42.608238112181425" lon="-0.1334098577499388">
        <ele>1100.3042699747243</ele>
        <time>2026-06-04T11:11:00.000Z</time>
      </trkpt>
      <trkpt lat="42.60825321637094" lon="-0.13348279707133742">
        <ele>1100.7281855096462</ele>
        <time>2026-06-04T11:11:09.000Z</time>
      </trkpt>
      <trkpt lat="42.60826716385782" lon="-0.1335522327572104">
        <ele>1101.2172473794253</ele>
        <time>2026-06-04T11:11:15.000Z</time>
      </trkpt>
      <trkpt lat="42.60827982053161" lon="-0.13362294249236562">
        <ele>1102.05939869278</ele>
        <time>2026-06-04T11:11:17.000Z</time>
      </trkpt>
      <trkpt lat="42.60828655958176" lon="-0.1336748600006102">
        <ele>1102.6937195195896</ele>
        <time>2026-06-04T11:11:21.000Z</time>
      </trkpt>
      <trkpt lat="42.608290733769536" lon="-0.1337193511426448">
        <ele>1103.2551648891974</ele>
        <time>2026-06-04T11:11:25.000Z</time>
      </trkpt>
      <trkpt lat="42.608293399214745" lon="-0.1337703801691532">
        <ele>1104.0210391952037</ele>
        <time>2026-06-04T11:11:28.000Z</time>
      </trkpt>
      <trkpt lat="42.60829557850957" lon="-0.13382271677255642">
        <ele>1104.8125690472773</ele>
        <time>2026-06-04T11:11:31.000Z</time>
      </trkpt>
      <trkpt lat="42.60829794220626" lon="-0.133871264755726">
        <ele>1105.519593592967</ele>
        <time>2026-06-04T11:11:35.000Z</time>
      </trkpt>
      <trkpt lat="42.6083017308265" lon="-0.13394165597856061">
        <ele>1106.0618495345668</ele>
        <time>2026-06-04T11:11:40.000Z</time>
      </trkpt>
      <trkpt lat="42.60830885544419" lon="-0.13402584381401542">
        <ele>1106.324891982285</ele>
        <time>2026-06-04T11:11:43.000Z</time>
      </trkpt>
      <trkpt lat="42.60831831023097" lon="-0.1341053042560816">
        <ele>1106.470695691903</ele>
        <time>2026-06-04T11:11:52.000Z</time>
      </trkpt>
      <trkpt lat="42.60833366587758" lon="-0.1341825854033232">
        <ele>1106.4807866171984</ele>
        <time>2026-06-04T11:11:59.000Z</time>
      </trkpt>
      <trkpt lat="42.60834949091077" lon="-0.1342535465955734">
        <ele>1106.4779292862422</ele>
        <time>2026-06-04T11:12:02.000Z</time>
      </trkpt>
      <trkpt lat="42.60837289318442" lon="-0.13431485183537">
        <ele>1106.2688168228165</ele>
        <time>2026-06-04T11:12:06.000Z</time>
      </trkpt>
      <trkpt lat="42.60839560814202" lon="-0.13436157256364822">
        <ele>1106.0594262850127</ele>
        <time>2026-06-04T11:12:07.000Z</time>
      </trkpt>
      <trkpt lat="42.60842135734856" lon="-0.1344109419733286">
        <ele>1105.8795321762154</ele>
        <time>2026-06-04T11:12:14.000Z</time>
      </trkpt>
      <trkpt lat="42.60844928584993" lon="-0.1344664972275496">
        <ele>1105.996629973024</ele>
        <time>2026-06-04T11:12:17.000Z</time>
      </trkpt>
      <trkpt lat="42.608478823676705" lon="-0.13452622666955">
        <ele>1106.0728739096319</ele>
        <time>2026-06-04T11:12:21.000Z</time>
      </trkpt>
      <trkpt lat="42.60849951021373" lon="-0.1345693934708834">
        <ele>1106.1858562319328</ele>
        <time>2026-06-04T11:12:28.000Z</time>
      </trkpt>
      <trkpt lat="42.608519123867154" lon="-0.1346230376511812">
        <ele>1106.207579697732</ele>
        <time>2026-06-04T11:12:30.000Z</time>
      </trkpt>
      <trkpt lat="42.60853335633874" lon="-0.1346861030906438">
        <ele>1106.3160718566191</ele>
        <time>2026-06-04T11:12:31.000Z</time>
      </trkpt>
      <trkpt lat="42.608539978042245" lon="-0.1347417421638964">
        <ele>1106.5494499290785</ele>
        <time>2026-06-04T11:12:37.000Z</time>
      </trkpt>
      <trkpt lat="42.60854468867183" lon="-0.1348076742142438">
        <ele>1106.5353494117583</ele>
        <time>2026-06-04T11:12:43.000Z</time>
      </trkpt>
      <trkpt lat="42.60854862816632" lon="-0.13488772138953203">
        <ele>1106.4549586843411</ele>
        <time>2026-06-04T11:12:47.000Z</time>
      </trkpt>
      <trkpt lat="42.6085499022156" lon="-0.1349654719233512">
        <ele>1106.2978418723872</ele>
        <time>2026-06-04T11:12:52.000Z</time>
      </trkpt>
      <trkpt lat="42.608551075682044" lon="-0.1350328959524632">
        <ele>1106.0359365241638</ele>
        <time>2026-06-04T11:12:57.000Z</time>
      </trkpt>
      <trkpt lat="42.60855094157159" lon="-0.1351038739085198">
        <ele>1105.8089114812578</ele>
        <time>2026-06-04T11:13:02.000Z</time>
      </trkpt>
      <trkpt lat="42.60855013690889" lon="-0.1351774670183658">
        <ele>1105.6809426568088</ele>
        <time>2026-06-04T11:13:05.000Z</time>
      </trkpt>
      <trkpt lat="42.608549332246184" lon="-0.13525005429983142">
        <ele>1105.5571741924687</ele>
        <time>2026-06-04T11:13:09.000Z</time>
      </trkpt>
      <trkpt lat="42.60854949988425" lon="-0.1353225577622652">
        <ele>1105.4243251678167</ele>
        <time>2026-06-04T11:13:15.000Z</time>
      </trkpt>
      <trkpt lat="42.60855045542121" lon="-0.1353892777115106">
        <ele>1105.280264504481</ele>
        <time>2026-06-04T11:13:20.000Z</time>
      </trkpt>
      <trkpt lat="42.60855635628104" lon="-0.1354581099003552">
        <ele>1105.0566711896352</ele>
        <time>2026-06-04T11:13:25.000Z</time>
      </trkpt>
      <trkpt lat="42.608567437157035" lon="-0.1355234552174806">
        <ele>1104.9012775702124</ele>
        <time>2026-06-04T11:13:26.000Z</time>
      </trkpt>
      <trkpt lat="42.60858493857086" lon="-0.1355882473289966">
        <ele>1104.4797367980602</ele>
        <time>2026-06-04T11:13:31.000Z</time>
      </trkpt>
      <trkpt lat="42.60860290937126" lon="-0.1356401983648538">
        <ele>1104.1296244094133</ele>
        <time>2026-06-04T11:13:36.000Z</time>
      </trkpt>
      <trkpt lat="42.60862659662962" lon="-0.1357028111815452">
        <ele>1103.7137196513154</ele>
        <time>2026-06-04T11:13:41.000Z</time>
      </trkpt>
      <trkpt lat="42.60864823870361" lon="-0.1357549969106912">
        <ele>1103.1754029737401</ele>
        <time>2026-06-04T11:13:42.000Z</time>
      </trkpt>
      <trkpt lat="42.608666360378265" lon="-0.1357977278530596">
        <ele>1102.6774499158594</ele>
        <time>2026-06-04T11:13:47.000Z</time>
      </trkpt>
      <trkpt lat="42.60868399590254" lon="-0.135839134454727">
        <ele>1102.311053516363</ele>
        <time>2026-06-04T11:13:49.000Z</time>
      </trkpt>
      <trkpt lat="42.60870220139623" lon="-0.13588085956871504">
        <ele>1101.9700904331467</ele>
        <time>2026-06-04T11:13:52.000Z</time>
      </trkpt>
      <trkpt lat="42.60871862992644" lon="-0.1359205227345226">
        <ele>1101.6504263851402</ele>
        <time>2026-06-04T11:13:57.000Z</time>
      </trkpt>
      <trkpt lat="42.608734019100666" lon="-0.1359583418816326">
        <ele>1101.3456468081908</ele>
        <time>2026-06-04T11:13:58.000Z</time>
      </trkpt>
      <trkpt lat="42.60874939151108" lon="-0.135997300967574">
        <ele>1100.7224880934045</ele>
        <time>2026-06-04T11:14:03.000Z</time>
      </trkpt>
      <trkpt lat="42.60876100882888" lon="-0.136033309623599">
        <ele>1100.3016086073744</ele>
        <time>2026-06-04T11:14:04.000Z</time>
      </trkpt>
      <trkpt lat="42.60877197235823" lon="-0.13607429713010782">
        <ele>1099.9576808112681</ele>
        <time>2026-06-04T11:14:06.000Z</time>
      </trkpt>
      <trkpt lat="42.608778208494186" lon="-0.136110121384263">
        <ele>1099.8231412334803</ele>
        <time>2026-06-04T11:14:11.000Z</time>
      </trkpt>
      <trkpt lat="42.608783388510346" lon="-0.1361591555178166">
        <ele>1099.4228020204803</ele>
        <time>2026-06-04T11:14:13.000Z</time>
      </trkpt>
      <trkpt lat="42.60878540016711" lon="-0.13620403222739702">
        <ele>1098.9895934381966</ele>
        <time>2026-06-04T11:14:16.000Z</time>
      </trkpt>
      <trkpt lat="42.60878420993686" lon="-0.1362525802105664">
        <ele>1098.6465563546526</ele>
        <time>2026-06-04T11:14:21.000Z</time>
      </trkpt>
      <trkpt lat="42.60877760499716" lon="-0.13630277104675761">
        <ele>1098.427448654751</ele>
        <time>2026-06-04T11:14:23.000Z</time>
      </trkpt>
      <trkpt lat="42.6087697930634" lon="-0.1363499611616134">
        <ele>1097.9132701288531</ele>
        <time>2026-06-04T11:14:27.000Z</time>
      </trkpt>
      <trkpt lat="42.60875651612878" lon="-0.13639416731894">
        <ele>1097.6357173703213</ele>
        <time>2026-06-04T11:14:31.000Z</time>
      </trkpt>
      <trkpt lat="42.608743976801634" lon="-0.1364385914057492">
        <ele>1097.343102397185</ele>
        <time>2026-06-04T11:14:32.000Z</time>
      </trkpt>
      <trkpt lat="42.608732141554356" lon="-0.1364866197109222">
        <ele>1096.9111425088631</ele>
        <time>2026-06-04T11:14:37.000Z</time>
      </trkpt>
      <trkpt lat="42.60872436314821" lon="-0.13654509186744682">
        <ele>1095.987934400741</ele>
        <time>2026-06-04T11:14:38.000Z</time>
      </trkpt>
      <trkpt lat="42.608717791736126" lon="-0.1366200763732194">
        <ele>1094.685820376417</ele>
        <time>2026-06-04T11:14:43.000Z</time>
      </trkpt>
      <trkpt lat="42.608720909804106" lon="-0.1367004588246346">
        <ele>1093.8945238121196</ele>
        <time>2026-06-04T11:14:49.000Z</time>
      </trkpt>
      <trkpt lat="42.608730766922235" lon="-0.13679671660065662">
        <ele>1093.213102341172</ele>
        <time>2026-06-04T11:14:55.000Z</time>
      </trkpt>
      <trkpt lat="42.608749106526375" lon="-0.136897634714842">
        <ele>1092.882965608906</ele>
        <time>2026-06-04T11:15:01.000Z</time>
      </trkpt>
      <trkpt lat="42.608772441744804" lon="-0.13699618913233302">
        <ele>1092.6621222649885</ele>
        <time>2026-06-04T11:15:07.000Z</time>
      </trkpt>
      <trkpt lat="42.60880400799215" lon="-0.1370981968939306">
        <ele>1092.9025805767171</ele>
        <time>2026-06-04T11:15:14.000Z</time>
      </trkpt>
      <trkpt lat="42.60883989930153" lon="-0.13719941675663">
        <ele>1092.9630329903173</ele>
        <time>2026-06-04T11:15:21.000Z</time>
      </trkpt>
      <trkpt lat="42.60887785255909" lon="-0.13729837350547303">
        <ele>1093.3490291634803</ele>
        <time>2026-06-04T11:15:29.000Z</time>
      </trkpt>
      <trkpt lat="42.60891017317772" lon="-0.1373800635337828">
        <ele>1093.738281538767</ele>
        <time>2026-06-04T11:15:36.000Z</time>
      </trkpt>
      <trkpt lat="42.60893956013024" lon="-0.13744896277785282">
        <ele>1093.729610822126</ele>
        <time>2026-06-04T11:15:42.000Z</time>
      </trkpt>
      <trkpt lat="42.608968410640955" lon="-0.1375129166990516">
        <ele>1093.8803334393933</ele>
        <time>2026-06-04T11:15:44.000Z</time>
      </trkpt>
      <trkpt lat="42.60899727791548" lon="-0.1375791672617194">
        <ele>1094.4146738783961</ele>
        <time>2026-06-04T11:15:46.000Z</time>
      </trkpt>
      <trkpt lat="42.609018651768565" lon="-0.13762942515313603">
        <ele>1094.7777433417505</ele>
        <time>2026-06-04T11:15:52.000Z</time>
      </trkpt>
      <trkpt lat="42.60904004238546" lon="-0.13768028654158082">
        <ele>1095.108355407176</ele>
        <time>2026-06-04T11:16:00.000Z</time>
      </trkpt>
      <trkpt lat="42.60906795412302" lon="-0.13774249702692">
        <ele>1095.1726890231562</ele>
        <time>2026-06-04T11:16:01.000Z</time>
      </trkpt>
      <trkpt lat="42.609097642824054" lon="-0.13780547864735102">
        <ele>1095.3188380744436</ele>
        <time>2026-06-04T11:16:06.000Z</time>
      </trkpt>
      <trkpt lat="42.6091197039932" lon="-0.13784939981997002">
        <ele>1095.4885502735385</ele>
        <time>2026-06-04T11:16:13.000Z</time>
      </trkpt>
      <trkpt lat="42.609153516590595" lon="-0.1379079893231392">
        <ele>1095.6668817112438</ele>
        <time>2026-06-04T11:16:21.000Z</time>
      </trkpt>
      <trkpt lat="42.60919539257884" lon="-0.1379799228161574">
        <ele>1095.5869856599393</ele>
        <time>2026-06-04T11:16:22.000Z</time>
      </trkpt>
      <trkpt lat="42.609235625714064" lon="-0.1380494590848686">
        <ele>1095.7047608900903</ele>
        <time>2026-06-04T11:16:29.000Z</time>
      </trkpt>
      <trkpt lat="42.609273897483945" lon="-0.138113044202328">
        <ele>1095.8252304098169</ele>
        <time>2026-06-04T11:16:37.000Z</time>
      </trkpt>
      <trkpt lat="42.609319008886814" lon="-0.13819037564098863">
        <ele>1095.9733451445848</ele>
        <time>2026-06-04T11:16:42.000Z</time>
      </trkpt>
      <trkpt lat="42.609362008050084" lon="-0.138266382738948">
        <ele>1096.101596188564</ele>
        <time>2026-06-04T11:16:47.000Z</time>
      </trkpt>
      <trkpt lat="42.609402207657695" lon="-0.1383360866457226">
        <ele>1096.0427539149832</ele>
        <time>2026-06-04T11:16:53.000Z</time>
      </trkpt>
      <trkpt lat="42.60943853482604" lon="-0.1383973583579064">
        <ele>1096.148458385838</ele>
        <time>2026-06-04T11:16:59.000Z</time>
      </trkpt>
      <trkpt lat="42.60947286710143" lon="-0.1384543050080538">
        <ele>1096.4816971436453</ele>
        <time>2026-06-04T11:17:04.000Z</time>
      </trkpt>
      <trkpt lat="42.609508289024234" lon="-0.1385124083608388">
        <ele>1096.5585010645316</ele>
        <time>2026-06-04T11:17:06.000Z</time>
      </trkpt>
      <trkpt lat="42.60953755863011" lon="-0.1385662872344254">
        <ele>1096.6288314427948</ele>
        <time>2026-06-04T11:17:09.000Z</time>
      </trkpt>
      <trkpt lat="42.609560776501894" lon="-0.1386096552014348">
        <ele>1096.763401080821</ele>
        <time>2026-06-04T11:17:15.000Z</time>
      </trkpt>
      <trkpt lat="42.60959085077047" lon="-0.13866464048624022">
        <ele>1096.9817471816268</ele>
        <time>2026-06-04T11:17:19.000Z</time>
      </trkpt>
      <trkpt lat="42.609622936695814" lon="-0.1387234311550854">
        <ele>1097.044067961847</ele>
        <time>2026-06-04T11:17:20.000Z</time>
      </trkpt>
      <trkpt lat="42.60965929739177" lon="-0.1387813836336136">
        <ele>1096.8168777558894</ele>
        <time>2026-06-04T11:17:26.000Z</time>
      </trkpt>
      <trkpt lat="42.6097019277513" lon="-0.1388413142412902">
        <ele>1096.6176625890892</ele>
        <time>2026-06-04T11:17:31.000Z</time>
      </trkpt>
      <trkpt lat="42.609755873680115" lon="-0.1389174051582814">
        <ele>1096.1067107142921</ele>
        <time>2026-06-04T11:17:38.000Z</time>
      </trkpt>
      <trkpt lat="42.60980998724699" lon="-0.13899743556976318">
        <ele>1096.0352680316741</ele>
        <time>2026-06-04T11:17:43.000Z</time>
      </trkpt>
      <trkpt lat="42.60985779762268" lon="-0.13906683772802342">
        <ele>1095.5308583047101</ele>
        <time>2026-06-04T11:17:50.000Z</time>
      </trkpt>
      <trkpt lat="42.60990195348859" lon="-0.1391389556229112">
        <ele>1094.5943238699263</ele>
        <time>2026-06-04T11:17:57.000Z</time>
      </trkpt>
      <trkpt lat="42.609936302527785" lon="-0.1391993723809716">
        <ele>1094.6200495952326</ele>
        <time>2026-06-04T11:17:58.000Z</time>
      </trkpt>
      <trkpt lat="42.60996208526194" lon="-0.1392557155340908">
        <ele>1094.9799316590982</ele>
        <time>2026-06-04T11:18:06.000Z</time>
      </trkpt>
      <trkpt lat="42.60997871495783" lon="-0.13930630870163418">
        <ele>1095.068354062685</ele>
        <time>2026-06-04T11:18:07.000Z</time>
      </trkpt>
      <trkpt lat="42.609994892030954" lon="-0.1393629368394612">
        <ele>1095.3767501140621</ele>
        <time>2026-06-04T11:18:13.000Z</time>
      </trkpt>
      <trkpt lat="42.61000193282962" lon="-0.1394097246229648">
        <ele>1095.8187630025695</ele>
        <time>2026-06-04T11:18:18.000Z</time>
      </trkpt>
      <trkpt lat="42.610008504241705" lon="-0.13946444168686858">
        <ele>1096.3439257060522</ele>
        <time>2026-06-04T11:18:21.000Z</time>
      </trkpt>
      <trkpt lat="42.610010566189885" lon="-0.13951032422482962">
        <ele>1096.8982705027145</ele>
        <time>2026-06-04T11:18:24.000Z</time>
      </trkpt>
      <trkpt lat="42.61001168936491" lon="-0.139543717727065">
        <ele>1097.3197471519732</ele>
        <time>2026-06-04T11:18:27.000Z</time>
      </trkpt>
      <trkpt lat="42.61001204140484" lon="-0.1395717971026896">
        <ele>1097.6283655874854</ele>
        <time>2026-06-04T11:18:29.000Z</time>
      </trkpt>
      <trkpt lat="42.61001385189593" lon="-0.13960329629480822">
        <ele>1097.8789434584407</ele>
        <time>2026-06-04T11:18:30.000Z</time>
      </trkpt>
      <trkpt lat="42.61001653410494" lon="-0.1396296825259922">
        <ele>1098.1040399890228</ele>
        <time>2026-06-04T11:18:31.000Z</time>
      </trkpt>
      <trkpt lat="42.610022434964776" lon="-0.1396576780825852">
        <ele>1098.3841297428137</ele>
        <time>2026-06-04T11:18:35.000Z</time>
      </trkpt>
      <trkpt lat="42.61003090068698" lon="-0.139689965173602">
        <ele>1098.7834105567176</ele>
        <time>2026-06-04T11:18:36.000Z</time>
      </trkpt>
      <trkpt lat="42.61004121042788" lon="-0.1397245991975068">
        <ele>1099.317286873439</ele>
        <time>2026-06-04T11:18:39.000Z</time>
      </trkpt>
      <trkpt lat="42.61005431972444" lon="-0.1397563498467206">
        <ele>1099.6486705213526</ele>
        <time>2026-06-04T11:18:42.000Z</time>
      </trkpt>
      <trkpt lat="42.610074285417795" lon="-0.1398039758205414">
        <ele>1100.2282501620025</ele>
        <time>2026-06-04T11:18:44.000Z</time>
      </trkpt>
      <trkpt lat="42.61009802296758" lon="-0.13986244797706598">
        <ele>1100.5004056369005</ele>
        <time>2026-06-04T11:18:47.000Z</time>
      </trkpt>
      <trkpt lat="42.61012948863208" lon="-0.1399450097233058">
        <ele>1100.0697418086806</ele>
        <time>2026-06-04T11:18:53.000Z</time>
      </trkpt>
      <trkpt lat="42.61016164161265" lon="-0.14003013633191602">
        <ele>1100.2365008992037</ele>
        <time>2026-06-04T11:19:00.000Z</time>
      </trkpt>
      <trkpt lat="42.61019694618881" lon="-0.140119504183531">
        <ele>1101.1446535614632</ele>
        <time>2026-06-04T11:19:11.000Z</time>
      </trkpt>
      <trkpt lat="42.61024066619575" lon="-0.1402128618210556">
        <ele>1101.2125418517344</ele>
        <time>2026-06-04T11:19:14.000Z</time>
      </trkpt>
      <trkpt lat="42.61028430238366" lon="-0.1402997989207508">
        <ele>1101.8129760542502</ele>
        <time>2026-06-04T11:19:19.000Z</time>
      </trkpt>
      <trkpt lat="42.61032294295728" lon="-0.140370173379779">
        <ele>1103.2838653613203</ele>
        <time>2026-06-04T11:19:29.000Z</time>
      </trkpt>
      <trkpt lat="42.61036937870085" lon="-0.1404542438685896">
        <ele>1104.4676434522212</ele>
        <time>2026-06-04T11:19:34.000Z</time>
      </trkpt>
      <trkpt lat="42.610411355271935" lon="-0.1405331008136274">
        <ele>1105.2260903269269</ele>
        <time>2026-06-04T11:19:38.000Z</time>
      </trkpt>
      <trkpt lat="42.61043718829751" lon="-0.14060327410697943">
        <ele>1106.2923359781366</ele>
        <time>2026-06-04T11:19:46.000Z</time>
      </trkpt>
      <trkpt lat="42.61045611463487" lon="-0.1406731959432364">
        <ele>1107.4842441919975</ele>
        <time>2026-06-04T11:19:49.000Z</time>
      </trkpt>
      <trkpt lat="42.61046950891614" lon="-0.1407400835305452">
        <ele>1108.7595708154981</ele>
        <time>2026-06-04T11:19:54.000Z</time>
      </trkpt>
      <trkpt lat="42.610471822321415" lon="-0.1407885141670704">
        <ele>1109.4383233146334</ele>
        <time>2026-06-04T11:19:58.000Z</time>
      </trkpt>
      <trkpt lat="42.610467379912734" lon="-0.14084053225815302">
        <ele>1110.0579711511155</ele>
        <time>2026-06-04T11:20:02.000Z</time>
      </trkpt>
      <trkpt lat="42.61046225018799" lon="-0.1408812683075668">
        <ele>1110.4753683590745</ele>
        <time>2026-06-04T11:20:03.000Z</time>
      </trkpt>
      <trkpt lat="42.61045603081584" lon="-0.1409195233136416">
        <ele>1110.6559554342982</ele>
        <time>2026-06-04T11:20:07.000Z</time>
      </trkpt>
      <trkpt lat="42.610450046136975" lon="-0.1409547273069622">
        <ele>1110.5369232661583</ele>
        <time>2026-06-04T11:20:08.000Z</time>
      </trkpt>
      <trkpt lat="42.610444815829396" lon="-0.1409891266375782">
        <ele>1110.2593661953722</ele>
        <time>2026-06-04T11:20:11.000Z</time>
      </trkpt>
      <trkpt lat="42.61044419556856" lon="-0.14101854711771022">
        <ele>1110.1353405531825</ele>
        <time>2026-06-04T11:20:14.000Z</time>
      </trkpt>
      <trkpt lat="42.610445419326425" lon="-0.1410561483353376">
        <ele>1110.046600888372</ele>
        <time>2026-06-04T11:20:15.000Z</time>
      </trkpt>
      <trkpt lat="42.61044842004776" lon="-0.14108939096331602">
        <ele>1110.0461337632203</ele>
        <time>2026-06-04T11:20:17.000Z</time>
      </trkpt>
      <trkpt lat="42.61045341566205" lon="-0.141124963760376">
        <ele>1110.2614206014837</ele>
        <time>2026-06-04T11:20:21.000Z</time>
      </trkpt>
      <trkpt lat="42.61046038940549" lon="-0.1411660015583038">
        <ele>1110.7030905003714</ele>
        <time>2026-06-04T11:20:23.000Z</time>
      </trkpt>
      <trkpt lat="42.61047017946839" lon="-0.141204759478569">
        <ele>1111.1030745858245</ele>
        <time>2026-06-04T11:20:26.000Z</time>
      </trkpt>
      <trkpt lat="42.610487865284085" lon="-0.14124487526714802">
        <ele>1111.5608776563656</ele>
        <time>2026-06-04T11:20:29.000Z</time>
      </trkpt>
      <trkpt lat="42.610512390732765" lon="-0.1412892155349254">
        <ele>1112.3653192118</ele>
        <time>2026-06-04T11:20:31.000Z</time>
      </trkpt>
      <trkpt lat="42.610541542991996" lon="-0.1413268670439718">
        <ele>1113.4802274219771</ele>
        <time>2026-06-04T11:20:37.000Z</time>
      </trkpt>
      <trkpt lat="42.61058685556054" lon="-0.1413682568818328">
        <ele>1114.85555221863</ele>
        <time>2026-06-04T11:20:42.000Z</time>
      </trkpt>
      <trkpt lat="42.61064650118351" lon="-0.1414100490510462">
        <ele>1114.9880495891348</ele>
        <time>2026-06-04T11:20:45.000Z</time>
      </trkpt>
      <trkpt lat="42.61070316284895" lon="-0.1414408106356858">
        <ele>1114.8830592269187</ele>
        <time>2026-06-04T11:20:54.000Z</time>
      </trkpt>
      <trkpt lat="42.61075871810317" lon="-0.1414647996425628">
        <ele>1115.1510738562822</ele>
        <time>2026-06-04T11:21:02.000Z</time>
      </trkpt>
      <trkpt lat="42.61081266403198" lon="-0.14149090088903898">
        <ele>1115.5816551477187</ele>
        <time>2026-06-04T11:21:04.000Z</time>
      </trkpt>
      <trkpt lat="42.61085132136941" lon="-0.1415150240063668">
        <ele>1116.0053679155692</ele>
        <time>2026-06-04T11:21:07.000Z</time>
      </trkpt>
      <trkpt lat="42.61087167263031" lon="-0.14153644815087318">
        <ele>1116.4474740881915</ele>
        <time>2026-06-04T11:21:10.000Z</time>
      </trkpt>
      <trkpt lat="42.610885955393314" lon="-0.1415562964975834">
        <ele>1116.7950008005535</ele>
        <time>2026-06-04T11:21:16.000Z</time>
      </trkpt>
      <trkpt lat="42.6108933147043" lon="-0.1415736638009548">
        <ele>1117.0639192848794</ele>
        <time>2026-06-04T11:21:20.000Z</time>
      </trkpt>
      <trkpt lat="42.61089546047151" lon="-0.1415840908885002">
        <ele>1117.2172120455584</ele>
        <time>2026-06-04T11:21:25.000Z</time>
      </trkpt>
      <trkpt lat="42.610894756391644" lon="-0.14158427529036982">
        <ele>1117.2200201413207</ele>
        <time>2026-06-04T11:21:31.000Z</time>
      </trkpt>
      <trkpt lat="42.61089405231178" lon="-0.1415824480354784">
        <ele>1117.1933104992768</ele>
        <time>2026-06-04T11:21:34.000Z</time>
      </trkpt>
      <trkpt lat="42.61089334823191" lon="-0.14158046990633">
        <ele>1117.1641998799516</ele>
        <time>2026-06-04T11:21:38.000Z</time>
      </trkpt>
      <trkpt lat="42.61089180596173" lon="-0.1415781565010546">
        <ele>1117.129726344292</ele>
        <time>2026-06-04T11:21:39.000Z</time>
      </trkpt>
      <trkpt lat="42.61088813468814" lon="-0.14157673157751538">
        <ele>1117.1072814314591</ele>
        <time>2026-06-04T11:21:44.000Z</time>
      </trkpt>
      <trkpt lat="42.61088446341455" lon="-0.141576027497649">
        <ele>1117.0951739521513</ele>
        <time>2026-06-04T11:21:49.000Z</time>
      </trkpt>
      <trkpt lat="42.61088079214096" lon="-0.141575541347265">
        <ele>1117.0861080746872</ele>
        <time>2026-06-04T11:21:53.000Z</time>
      </trkpt>
      <trkpt lat="42.61087827757001" lon="-0.141575206071138">
        <ele>1117.0797195064247</ele>
        <time>2026-06-04T11:21:55.000Z</time>
      </trkpt>
      <trkpt lat="42.61087805964053" lon="-0.1415754575282332">
        <ele>1117.083590014658</ele>
        <time>2026-06-04T11:21:59.000Z</time>
      </trkpt>
      <trkpt lat="42.61088060773909" lon="-0.1415746193379162">
        <ele>1117.0716306470215</ele>
        <time>2026-06-04T11:22:04.000Z</time>
      </trkpt>
      <trkpt lat="42.610883155837655" lon="-0.1415731105953454">
        <ele>1117.0496155635492</ele>
        <time>2026-06-04T11:22:10.000Z</time>
      </trkpt>
      <trkpt lat="42.61088528484106" lon="-0.1415663380175828">
        <ele>1116.9473504618122</ele>
        <time>2026-06-04T11:22:14.000Z</time>
      </trkpt>
      <trkpt lat="42.61088625714183" lon="-0.1415595654398202">
        <ele>1116.8452980339762</ele>
        <time>2026-06-04T11:22:25.000Z</time>
      </trkpt>
      <trkpt lat="42.610886273905635" lon="-0.14155254140496243">
        <ele>1116.7384062287883</ele>
        <time>2026-06-04T11:22:31.000Z</time>
      </trkpt>
      <trkpt lat="42.610885854810476" lon="-0.14154746197164042">
        <ele>1116.6600894056337</ele>
        <time>2026-06-04T11:22:34.000Z</time>
      </trkpt>
      <trkpt lat="42.61088637448847" lon="-0.14154551737010462">
        <ele>1116.6317419069155</ele>
        <time>2026-06-04T11:22:40.000Z</time>
      </trkpt>
      <trkpt lat="42.61090312153101" lon="-0.1415525078773498">
        <ele>1116.7721704712062</ele>
        <time>2026-06-04T11:22:43.000Z</time>
      </trkpt>
      <trkpt lat="42.61092513240874" lon="-0.1415597833693028">
        <ele>1116.9080895211125</ele>
        <time>2026-06-04T11:22:49.000Z</time>
      </trkpt>
      <trkpt lat="42.61094717681408" lon="-0.14156705886125578">
        <ele>1117.0218330724601</ele>
        <time>2026-06-04T11:22:55.000Z</time>
      </trkpt>
      <trkpt lat="42.61096922121942" lon="-0.14157416671514522">
        <ele>1117.1117454245232</ele>
        <time>2026-06-04T11:23:03.000Z</time>
      </trkpt>
      <trkpt lat="42.610990326851606" lon="-0.14157812297344222">
        <ele>1117.3391042253384</ele>
        <time>2026-06-04T11:23:11.000Z</time>
      </trkpt>
      <trkpt lat="42.61099272407591" lon="-0.14157840795815002">
        <ele>1117.3634328287656</ele>
        <time>2026-06-04T11:23:12.000Z</time>
      </trkpt>
      <trkpt lat="42.61097627878189" lon="-0.1415759604424238">
        <ele>1117.1907392913054</ele>
        <time>2026-06-04T11:23:13.000Z</time>
      </trkpt>
      <trkpt lat="42.61095693334937" lon="-0.14157311059534539">
        <ele>1117.0943016809613</ele>
        <time>2026-06-04T11:23:17.000Z</time>
      </trkpt>
      <trkpt lat="42.61093748733401" lon="-0.14156910404562942">
        <ele>1117.0357658833236</ele>
        <time>2026-06-04T11:23:22.000Z</time>
      </trkpt>
      <trkpt lat="42.61091589555144" lon="-0.141566254198551">
        <ele>1116.9791634802746</ele>
        <time>2026-06-04T11:23:26.000Z</time>
      </trkpt>
      <trkpt lat="42.610896868631244" lon="-0.1415638066828248">
        <ele>1116.9231354469334</ele>
        <time>2026-06-04T11:23:28.000Z</time>
      </trkpt>
      <trkpt lat="42.6108909342438" lon="-0.1415643263608216">
        <ele>1116.9234547396186</ele>
        <time>2026-06-04T11:23:36.000Z</time>
      </trkpt>
      <trkpt lat="42.61088786646724" lon="-0.1415652483701706">
        <ele>1116.93366062749</ele>
        <time>2026-06-04T11:23:41.000Z</time>
      </trkpt>
      <trkpt lat="42.610884899273515" lon="-0.1415666397660972">
        <ele>1116.951557735504</ele>
        <time>2026-06-04T11:23:45.000Z</time>
      </trkpt>
      <trkpt lat="42.610884077847004" lon="-0.1415675617754462">
        <ele>1116.9648665695504</ele>
        <time>2026-06-04T11:23:50.000Z</time>
      </trkpt>
      <trkpt lat="42.61088230088353" lon="-0.14156727679073838">
        <ele>1116.9586900727486</ele>
        <time>2026-06-04T11:23:55.000Z</time>
      </trkpt>
      <trkpt lat="42.61088060773909" lon="-0.1415664721280338">
        <ele>1116.9444151033404</ele>
        <time>2026-06-04T11:24:03.000Z</time>
      </trkpt>
      <trkpt lat="42.61087891459465" lon="-0.1415655165910722">
        <ele>1116.9275776233785</ele>
        <time>2026-06-04T11:24:08.000Z</time>
      </trkpt>
      <trkpt lat="42.61087722145021" lon="-0.1415640246123076">
        <ele>1116.9020134602852</ele>
        <time>2026-06-04T11:24:17.000Z</time>
      </trkpt>
      <trkpt lat="42.61087562888861" lon="-0.14156249910593022">
        <ele>1116.8756985529114</ele>
        <time>2026-06-04T11:24:24.000Z</time>
      </trkpt>
      <trkpt lat="42.610875461250544" lon="-0.1415613759309052">
        <ele>1116.8575348704273</ele>
        <time>2026-06-04T11:24:28.000Z</time>
      </trkpt>
      <trkpt lat="42.61087611503899" lon="-0.141559649258852">
        <ele>1116.8309636185497</ele>
        <time>2026-06-04T11:24:36.000Z</time>
      </trkpt>
      <trkpt lat="42.610877154394984" lon="-0.14155807346105578">
        <ele>1116.8075805234319</ele>
        <time>2026-06-04T11:24:39.000Z</time>
      </trkpt>
      <trkpt lat="42.61087780818343" lon="-0.14155671559274202">
        <ele>1116.7871920533362</ele>
        <time>2026-06-04T11:24:50.000Z</time>
      </trkpt>
      <trkpt lat="42.61087836138904" lon="-0.141555391252041">
        <ele>1116.7672707029506</ele>
        <time>2026-06-04T11:25:02.000Z</time>
      </trkpt>
      <trkpt lat="42.6108787804842" lon="-0.14155446924269222">
        <ele>1116.7535258573519</ele>
        <time>2026-06-04T11:25:12.000Z</time>
      </trkpt>
      <trkpt lat="42.610879166051745" lon="-0.14155441895127302">
        <ele>1116.7534675003953</ele>
        <time>2026-06-04T11:25:18.000Z</time>
      </trkpt>
      <trkpt lat="42.61087859608233" lon="-0.1415557097643614">
        <ele>1116.7727191128183</ele>
        <time>2026-06-04T11:25:29.000Z</time>
      </trkpt>
      <trkpt lat="42.61087841168046" lon="-0.1415575202554464">
        <ele>1116.800930745194</ele>
        <time>2026-06-04T11:25:37.000Z</time>
      </trkpt>
      <trkpt lat="42.61087896488607" lon="-0.1415593307465314">
        <ele>1116.8303402725717</ele>
        <time>2026-06-04T11:25:44.000Z</time>
      </trkpt>
      <trkpt lat="42.61087992042303" lon="-0.1415609400719404">
        <ele>1116.8570378079175</ele>
        <time>2026-06-04T11:25:54.000Z</time>
      </trkpt>
      <trkpt lat="42.61087883077562" lon="-0.1415604036301376">
        <ele>1116.8470157614806</ele>
        <time>2026-06-04T11:26:01.000Z</time>
      </trkpt>
      <trkpt lat="42.61087831109762" lon="-0.1415576711297036">
        <ele>1116.8031409535579</ele>
        <time>2026-06-04T11:26:02.000Z</time>
      </trkpt>
      <trkpt lat="42.610876601189375" lon="-0.1415492054075004">
        <ele>1116.665733502303</ele>
        <time>2026-06-04T11:26:09.000Z</time>
      </trkpt>
      <trkpt lat="42.61086355894804" lon="-0.1415376886725428">
        <ele>1116.4427686826457</ele>
        <time>2026-06-04T11:26:19.000Z</time>
      </trkpt>
      <trkpt lat="42.61085011437535" lon="-0.14152637310326122">
        <ele>1116.2009852625508</ele>
        <time>2026-06-04T11:26:25.000Z</time>
      </trkpt>
      <trkpt lat="42.610838329419494" lon="-0.14151998609304442">
        <ele>1116.0700090060282</ele>
        <time>2026-06-04T11:26:31.000Z</time>
      </trkpt>
      <trkpt lat="42.610837407410145" lon="-0.1415170188993216">
        <ele>1116.0177911708088</ele>
        <time>2026-06-04T11:26:41.000Z</time>
      </trkpt>
      <trkpt lat="42.61083918437362" lon="-0.141521880403161">
        <ele>1116.1026421644005</ele>
        <time>2026-06-04T11:26:53.000Z</time>
      </trkpt>
      <trkpt lat="42.610852310433984" lon="-0.14152992703020562">
        <ele>1116.2718998584687</ele>
        <time>2026-06-04T11:26:58.000Z</time>
      </trkpt>
      <trkpt lat="42.61086543649435" lon="-0.141538208350539">
        <ele>1116.4571790788182</ele>
        <time>2026-06-04T11:27:04.000Z</time>
      </trkpt>
      <trkpt lat="42.61087856255472" lon="-0.14154462888836838">
        <ele>1116.5980632084306</ele>
        <time>2026-06-04T11:27:10.000Z</time>
      </trkpt>
      <trkpt lat="42.610879082232714" lon="-0.1415495239198206">
        <ele>1116.6763562292278</ele>
        <time>2026-06-04T11:27:16.000Z</time>
      </trkpt>
      <trkpt lat="42.61087809316814" lon="-0.1415521223098038">
        <ele>1116.715165378048</ele>
        <time>2026-06-04T11:27:28.000Z</time>
      </trkpt>
      <trkpt lat="42.61087634973228" lon="-0.1415550224483012">
        <ele>1116.7577128172313</ele>
        <time>2026-06-04T11:27:34.000Z</time>
      </trkpt>
      <trkpt lat="42.6108758803457" lon="-0.14155835844576362">
        <ele>1116.810023680505</ele>
        <time>2026-06-04T11:27:38.000Z</time>
      </trkpt>
      <trkpt lat="42.61087569594383" lon="-0.1415598336607218">
        <ele>1116.833260734467</ele>
        <time>2026-06-04T11:27:40.000Z</time>
      </trkpt>
      <trkpt lat="42.61087767407298" lon="-0.14155993424356">
        <ele>1116.8378711328603</ele>
        <time>2026-06-04T11:27:48.000Z</time>
      </trkpt>
      <trkpt lat="42.61087965220213" lon="-0.14156003482639823">
        <ele>1116.8424539367172</ele>
        <time>2026-06-04T11:27:54.000Z</time>
      </trkpt>
      <trkpt lat="42.61088092625141" lon="-0.14155897870659861">
        <ele>1116.8279132686607</ele>
        <time>2026-06-04T11:27:59.000Z</time>
      </trkpt>
      <trkpt lat="42.6108806245029" lon="-0.1415572520345452">
        <ele>1116.8004754845642</ele>
        <time>2026-06-04T11:28:02.000Z</time>
      </trkpt>
      <trkpt lat="42.61087950132787" lon="-0.14155619591474558">
        <ele>1116.7819880859092</ele>
        <time>2026-06-04T11:28:08.000Z</time>
      </trkpt>
      <trkpt lat="42.61087750643492" lon="-0.14155674912035482">
        <ele>1116.787196956941</ele>
        <time>2026-06-04T11:28:13.000Z</time>
      </trkpt>
      <trkpt lat="42.610874673351645" lon="-0.1415575202554464">
        <ele>1116.7946249243946</ele>
        <time>2026-06-04T11:28:21.000Z</time>
      </trkpt>
      <trkpt lat="42.61087254434824" lon="-0.1415595822036266">
        <ele>1116.8243831969562</ele>
        <time>2026-06-04T11:28:31.000Z</time>
      </trkpt>
      <trkpt lat="42.610870599746704" lon="-0.1415620632469654">
        <ele>1116.8618434856576</ele>
        <time>2026-06-04T11:28:41.000Z</time>
      </trkpt>
      <trkpt lat="42.61086919158697" lon="-0.14156496338546282">
        <ele>1116.9074922729187</ele>
        <time>2026-06-04T11:28:48.000Z</time>
      </trkpt>
      <trkpt lat="42.61086823605001" lon="-0.1415665894746782">
        <ele>1116.9331594735547</ele>
        <time>2026-06-04T11:28:50.000Z</time>
      </trkpt>
      <trkpt lat="42.61086934246123" lon="-0.14156801439821742">
        <ele>1116.9576927128096</ele>
        <time>2026-06-04T11:28:59.000Z</time>
      </trkpt>
      <trkpt lat="42.610871002078056" lon="-0.1415688693523408">
        <ele>1116.9732036939695</ele>
        <time>2026-06-04T11:29:01.000Z</time>
      </trkpt>
      <trkpt lat="42.610874220728874" lon="-0.14156930521130562">
        <ele>1116.9830986408742</ele>
        <time>2026-06-04T11:29:05.000Z</time>
      </trkpt>
      <trkpt lat="42.610877607017756" lon="-0.14156816527247423">
        <ele>1116.968006352922</ele>
        <time>2026-06-04T11:29:15.000Z</time>
      </trkpt>
      <trkpt lat="42.61088082566857" lon="-0.14156692475080482">
        <ele>1116.9517081134602</ele>
        <time>2026-06-04T11:29:18.000Z</time>
      </trkpt>
      <trkpt lat="42.61088277027011" lon="-0.1415656507015228">
        <ele>1116.9340173561739</ele>
        <time>2026-06-04T11:29:25.000Z</time>
      </trkpt>
      <trkpt lat="42.610884161666036" lon="-0.1415643766522408">
        <ele>1116.9160000845231</ele>
        <time>2026-06-04T11:29:32.000Z</time>
      </trkpt>
      <trkpt lat="42.61088344082236" lon="-0.1415631026029588">
        <ele>1116.8954834066199</ele>
        <time>2026-06-04T11:29:34.000Z</time>
      </trkpt>
      <trkpt lat="42.61088255234063" lon="-0.141562767326832">
        <ele>1116.8891386568705</ele>
        <time>2026-06-04T11:29:35.000Z</time>
      </trkpt>
      <trkpt lat="42.610881831496954" lon="-0.14156060479581362">
        <ele>1116.8546014491592</ele>
        <time>2026-06-04T11:29:37.000Z</time>
      </trkpt>
      <trkpt lat="42.61088147945702" lon="-0.1415584590286016">
        <ele>1116.8207073102865</ele>
        <time>2026-06-04T11:29:45.000Z</time>
      </trkpt>
      <trkpt lat="42.61088112741709" lon="-0.1415570843964814">
        <ele>1116.7987215928479</ele>
        <time>2026-06-04T11:29:55.000Z</time>
      </trkpt>
      <trkpt lat="42.61088144592941" lon="-0.14155570976436121">
        <ele>1116.7778840360413</ele>
        <time>2026-06-04T11:30:05.000Z</time>
      </trkpt>
      <trkpt lat="42.61088176444173" lon="-0.1415545530617234">
        <ele>1116.7604926070198</ele>
        <time>2026-06-04T11:30:13.000Z</time>
      </trkpt>
      <trkpt lat="42.61088206619024" lon="-0.14155565947294219">
        <ele>1116.7782279714334</ele>
        <time>2026-06-04T11:30:19.000Z</time>
      </trkpt>
      <trkpt lat="42.610882049426436" lon="-0.1415580734610556">
        <ele>1116.815649689148</ele>
        <time>2026-06-04T11:30:20.000Z</time>
      </trkpt>
      <trkpt lat="42.61088161356747" lon="-0.14155974984169">
        <ele>1116.8409903130744</ele>
        <time>2026-06-04T11:30:32.000Z</time>
      </trkpt>
      <trkpt lat="42.61088117770851" lon="-0.1415623314678668">
        <ele>1116.8805315544303</ele>
        <time>2026-06-04T11:30:44.000Z</time>
      </trkpt>
      <trkpt lat="42.61088074184954" lon="-0.14156491309404362">
        <ele>1116.9202288533454</ele>
        <time>2026-06-04T11:30:53.000Z</time>
      </trkpt>
      <trkpt lat="42.61088074184954" lon="-0.1415671594440934">
        <ele>1116.9552838530494</ele>
        <time>2026-06-04T11:31:03.000Z</time>
      </trkpt>
      <trkpt lat="42.61088074184954" lon="-0.14156851731240722">
        <ele>1116.976473815657</ele>
        <time>2026-06-04T11:31:11.000Z</time>
      </trkpt>
      <trkpt lat="42.6108811609447" lon="-0.1415698416531082">
        <ele>1116.9974894124998</ele>
        <time>2026-06-04T11:31:22.000Z</time>
      </trkpt>
      <trkpt lat="42.61088158003986" lon="-0.1415694057941434">
        <ele>1116.9910618734466</ele>
        <time>2026-06-04T11:31:32.000Z</time>
      </trkpt>
      <trkpt lat="42.610881965607405" lon="-0.1415682155638932">
        <ele>1116.9729215500995</ele>
        <time>2026-06-04T11:31:43.000Z</time>
      </trkpt>
      <trkpt lat="42.61088193207979" lon="-0.14156702533364302">
        <ele>1116.9544141822098</ele>
        <time>2026-06-04T11:31:54.000Z</time>
      </trkpt>
      <trkpt lat="42.61088189855218" lon="-0.14156541600823422">
        <ele>1116.9293947839406</ele>
        <time>2026-06-04T11:32:04.000Z</time>
      </trkpt>
      <trkpt lat="42.61088186502457" lon="-0.1415645107626918">
        <ele>1116.9153004519685</ele>
        <time>2026-06-04T11:32:06.000Z</time>
      </trkpt>
      <trkpt lat="42.610881093889475" lon="-0.1415646784007552">
        <ele>1116.9169854658717</ele>
        <time>2026-06-04T11:32:14.000Z</time>
      </trkpt>
      <trkpt lat="42.61088184826076" lon="-0.141565751284361">
        <ele>1116.9345438541218</ele>
        <time>2026-06-04T11:32:26.000Z</time>
      </trkpt>
      <trkpt lat="42.610882518813014" lon="-0.1415669079869986">
        <ele>1116.953200379234</ele>
        <time>2026-06-04T11:32:32.000Z</time>
      </trkpt>
      <trkpt lat="42.610883105546236" lon="-0.1415684167295694">
        <ele>1116.9771052256617</ele>
        <time>2026-06-04T11:32:37.000Z</time>
      </trkpt>
      <trkpt lat="42.61088369227946" lon="-0.14156922139227382">
        <ele>1116.9900439645708</ele>
        <time>2026-06-04T11:32:44.000Z</time>
      </trkpt>
      <trkpt lat="42.61088501662016" lon="-0.14156937226653082">
        <ele>1116.9935129883302</ele>
        <time>2026-06-04T11:32:53.000Z</time>
      </trkpt>
      <trkpt lat="42.61088446341455" lon="-0.14156694151461122">
        <ele>1116.955729170016</ele>
        <time>2026-06-04T11:33:01.000Z</time>
      </trkpt>
      <trkpt lat="42.61088330671191" lon="-0.1415644269436598">
        <ele>1116.9157403096056</ele>
        <time>2026-06-04T11:33:06.000Z</time>
      </trkpt>
      <trkpt lat="42.6108814291656" lon="-0.1415610238909722">
        <ele>1116.8605289905963</ele>
        <time>2026-06-04T11:33:13.000Z</time>
      </trkpt>
      <trkpt lat="42.61087906546891" lon="-0.1415576208382846">
        <ele>1116.8036148765223</ele>
        <time>2026-06-04T11:33:20.000Z</time>
      </trkpt>
      <trkpt lat="42.61087670177221" lon="-0.14155472069978742">
        <ele>1116.7535741974878</ele>
        <time>2026-06-04T11:33:22.000Z</time>
      </trkpt>
      <trkpt lat="42.610874673351645" lon="-0.14155445247888582">
        <ele>1116.7454603202987</ele>
        <time>2026-06-04T11:33:33.000Z</time>
      </trkpt>
      <trkpt lat="42.61087333224714" lon="-0.1415539830923082">
        <ele>1116.7353467361231</ele>
        <time>2026-06-04T11:33:35.000Z</time>
      </trkpt>
      <trkpt lat="42.61087333224714" lon="-0.1415540501475336">
        <ele>1116.7364276082947</ele>
        <time>2026-06-04T11:33:43.000Z</time>
      </trkpt>
      <trkpt lat="42.61087381839752" lon="-0.14155431836843502">
        <ele>1116.7416790793086</ele>
        <time>2026-06-04T11:33:53.000Z</time>
      </trkpt>
      <trkpt lat="42.61087378486991" lon="-0.141554519534111">
        <ele>1116.744851383361</ele>
        <time>2026-06-04T11:34:03.000Z</time>
      </trkpt>
      <trkpt lat="42.610873801633716" lon="-0.1415570341050626">
        <ele>1116.785334009236</ele>
        <time>2026-06-04T11:34:09.000Z</time>
      </trkpt>
      <trkpt lat="42.61087365075946" lon="-0.1415616441518068">
        <ele>1116.8592825706746</ele>
        <time>2026-06-04T11:34:11.000Z</time>
      </trkpt>
      <trkpt lat="42.6108729634434" lon="-0.141566254198551">
        <ele>1116.9327476250223</ele>
        <time>2026-06-04T11:34:20.000Z</time>
      </trkpt>
      <trkpt lat="42.61087227612734" lon="-0.14157066307961919">
        <ele>1117.0033947784261</ele>
        <time>2026-06-04T11:34:28.000Z</time>
      </trkpt>
      <trkpt lat="42.61087291315198" lon="-0.1415721550583838">
        <ele>1117.0279815014046</ele>
        <time>2026-06-04T11:34:37.000Z</time>
      </trkpt>
      <trkpt lat="42.61087383516133" lon="-0.14156980812549558">
        <ele>1116.9908523648778</ele>
        <time>2026-06-04T11:34:47.000Z</time>
      </trkpt>
      <trkpt lat="42.61087564565241" lon="-0.14156556688249078">
        <ele>1116.9246788034554</ele>
        <time>2026-06-04T11:34:54.000Z</time>
      </trkpt>
      <trkpt lat="42.610876735299826" lon="-0.14156132563948598">
        <ele>1116.858544507586</ele>
        <time>2026-06-04T11:35:01.000Z</time>
      </trkpt>
      <trkpt lat="42.61087782494724" lon="-0.1415579561144112">
        <ele>1116.8068309213513</ele>
        <time>2026-06-04T11:35:05.000Z</time>
      </trkpt>
      <trkpt lat="42.61087841168046" lon="-0.14155750349164">
        <ele>1116.8006664318582</ele>
        <time>2026-06-04T11:35:12.000Z</time>
      </trkpt>
      <trkpt lat="42.61087832786143" lon="-0.14155837520957001">
        <ele>1116.8142743054082</ele>
        <time>2026-06-04T11:35:25.000Z</time>
      </trkpt>
      <trkpt lat="42.61087750643492" lon="-0.14155892841517942">
        <ele>1116.8216944863316</ele>
        <time>2026-06-04T11:35:37.000Z</time>
      </trkpt>
      <trkpt lat="42.61087621562183" lon="-0.1415594816207888">
        <ele>1116.828449770557</ele>
        <time>2026-06-04T11:35:44.000Z</time>
      </trkpt>
      <trkpt lat="42.61087492480874" lon="-0.1415591631084682">
        <ele>1116.8213490214632</ele>
        <time>2026-06-04T11:35:55.000Z</time>
      </trkpt>
      <trkpt lat="42.61087333224714" lon="-0.1415611915290356">
        <ele>1116.8515405014764</ele>
        <time>2026-06-04T11:36:01.000Z</time>
      </trkpt>
      <trkpt lat="42.610872477293015" lon="-0.141563219949603">
        <ele>1116.8831326658105</ele>
        <time>2026-06-04T11:36:03.000Z</time>
      </trkpt>
      <trkpt lat="42.6108716391027" lon="-0.141565566882491">
        <ele>1116.9201561813343</ele>
        <time>2026-06-04T11:36:12.000Z</time>
      </trkpt>
      <trkpt lat="42.61087251082063" lon="-0.1415678970515726">
        <ele>1116.958833223916</ele>
        <time>2026-06-04T11:36:13.000Z</time>
      </trkpt>
      <trkpt lat="42.61087368428707" lon="-0.1415700931102036">
        <ele>1116.995313180532</ele>
        <time>2026-06-04T11:36:21.000Z</time>
      </trkpt>
      <trkpt lat="42.610874857753515" lon="-0.14156975783407683">
        <ele>1116.9909005860695</ele>
        <time>2026-06-04T11:36:30.000Z</time>
      </trkpt>
      <trkpt lat="42.610875679180026" lon="-0.14156942255795002">
        <ele>1116.986239297878</ele>
        <time>2026-06-04T11:36:39.000Z</time>
      </trkpt>
      <trkpt lat="42.61087668500841" lon="-0.14156893640756602">
        <ele>1116.9793824586397</ele>
        <time>2026-06-04T11:36:46.000Z</time>
      </trkpt>
      <trkpt lat="42.61087764054537" lon="-0.1415684670209884">
        <ele>1116.9728119325594</ele>
        <time>2026-06-04T11:36:47.000Z</time>
      </trkpt>
      <trkpt lat="42.61087831109762" lon="-0.141567276790738">
        <ele>1116.9546594577482</ele>
        <time>2026-06-04T11:36:53.000Z</time>
      </trkpt>
      <trkpt lat="42.61087941750884" lon="-0.1415663380175828">
        <ele>1116.9410411268177</ele>
        <time>2026-06-04T11:36:56.000Z</time>
      </trkpt>
      <trkpt lat="42.610880272462964" lon="-0.14156539924442763">
        <ele>1116.9272800795118</ele>
        <time>2026-06-04T11:37:03.000Z</time>
      </trkpt>
      <trkpt lat="42.61088094301522" lon="-0.1415645442903042">
        <ele>1116.9147148970687</ele>
        <time>2026-06-04T11:37:12.000Z</time>
      </trkpt>
      <trkpt lat="42.610881144180894" lon="-0.14156347140669842">
        <ele>1116.8982434861882</ele>
        <time>2026-06-04T11:37:20.000Z</time>
      </trkpt>
      <trkpt lat="42.61088124476373" lon="-0.14156325347721602">
        <ele>1116.8949783827907</ele>
        <time>2026-06-04T11:37:21.000Z</time>
      </trkpt>
      <trkpt lat="42.61088075861335" lon="-0.1415629684925082">
        <ele>1116.8899046778047</ele>
        <time>2026-06-04T11:37:25.000Z</time>
      </trkpt>
      <trkpt lat="42.61088023893535" lon="-0.141563689336181">
        <ele>1116.900498554386</ele>
        <time>2026-06-04T11:37:29.000Z</time>
      </trkpt>
      <trkpt lat="42.61087906546891" lon="-0.1415651142597202">
        <ele>1116.9214231792641</ele>
        <time>2026-06-04T11:37:31.000Z</time>
      </trkpt>
      <trkpt lat="42.61087727174163" lon="-0.141567209735513">
        <ele>1116.9525469116456</ele>
        <time>2026-06-04T11:37:37.000Z</time>
      </trkpt>
      <trkpt lat="42.61087556183338" lon="-0.1415688525885346">
        <ele>1116.977038921043</ele>
        <time>2026-06-04T11:37:46.000Z</time>
      </trkpt>
      <trkpt lat="42.61087400279939" lon="-0.1415704954415562">
        <ele>1117.0020392725305</ele>
        <time>2026-06-04T11:37:51.000Z</time>
      </trkpt>
      <trkpt lat="42.61087474040687" lon="-0.14157052896916883">
        <ele>1117.0031569580185</ele>
        <time>2026-06-04T11:37:58.000Z</time>
      </trkpt>
      <trkpt lat="42.6108761318028" lon="-0.1415691878646614">
        <ele>1116.982891712434</ele>
        <time>2026-06-04T11:38:08.000Z</time>
      </trkpt>
      <trkpt lat="42.61087814345956" lon="-0.1415673941373828">
        <ele>1116.9563424795442</ele>
        <time>2026-06-04T11:38:13.000Z</time>
      </trkpt>
      <trkpt lat="42.61087993718684" lon="-0.1415665559470656">
        <ele>1116.9450129720192</ele>
        <time>2026-06-04T11:38:16.000Z</time>
      </trkpt>
      <trkpt lat="42.610881730914116" lon="-0.1415657177567484">
        <ele>1116.9338919834179</ele>
        <time>2026-06-04T11:38:25.000Z</time>
      </trkpt>
      <trkpt lat="42.610881462693214" lon="-0.1415654830634596">
        <ele>1116.9299412889604</ele>
        <time>2026-06-04T11:38:34.000Z</time>
      </trkpt>
      <trkpt lat="42.61088119447231" lon="-0.1415659859776498">
        <ele>1116.9374693094262</ele>
        <time>2026-06-04T11:38:42.000Z</time>
      </trkpt>
      <trkpt lat="42.610881278291345" lon="-0.1415659859776498">
        <ele>1116.9375614889902</ele>
        <time>2026-06-04T11:38:50.000Z</time>
      </trkpt>
      <trkpt lat="42.61088158003986" lon="-0.14156548306345962">
        <ele>1116.9300744327863</ele>
        <time>2026-06-04T11:39:01.000Z</time>
      </trkpt>
      <trkpt lat="42.610881781205535" lon="-0.1415668912231924">
        <ele>1116.9521759630672</ele>
        <time>2026-06-04T11:39:02.000Z</time>
      </trkpt>
      <trkpt lat="42.61088203266263" lon="-0.1415680311620238">
        <ele>1116.9701237834217</ele>
        <time>2026-06-04T11:39:04.000Z</time>
      </trkpt>
      <trkpt lat="42.610882284119725" lon="-0.1415691711008552">
        <ele>1116.988031848436</ele>
        <time>2026-06-04T11:39:11.000Z</time>
      </trkpt>
      <trkpt lat="42.61088211648166" lon="-0.1415708139538768">
        <ele>1117.013365151006</ele>
        <time>2026-06-04T11:39:14.000Z</time>
      </trkpt>
      <trkpt lat="42.6108819488436" lon="-0.1415719706565144">
        <ele>1117.0311908105218</ele>
        <time>2026-06-04T11:39:23.000Z</time>
      </trkpt>
      <trkpt lat="42.61088188178837" lon="-0.141571115702391">
        <ele>1117.0178706505508</ele>
        <time>2026-06-04T11:39:31.000Z</time>
      </trkpt>
      <trkpt lat="42.610881965607405" lon="-0.1415702104568484">
        <ele>1117.0038831929255</ele>
        <time>2026-06-04T11:39:39.000Z</time>
      </trkpt>
      <trkpt lat="42.610882049426436" lon="-0.14156962372362641">
        <ele>1116.994847862822</ele>
        <time>2026-06-04T11:39:50.000Z</time>
      </trkpt>
      <trkpt lat="42.6108827367425" lon="-0.1415691375732424">
        <ele>1116.9879110749923</ele>
        <time>2026-06-04T11:39:53.000Z</time>
      </trkpt>
      <trkpt lat="42.610882887616754" lon="-0.1415690369904044">
        <ele>1116.9864893649399</ele>
        <time>2026-06-04T11:40:01.000Z</time>
      </trkpt>
      <trkpt lat="42.61088303849101" lon="-0.141568584367633">
        <ele>1116.9796321314327</ele>
        <time>2026-06-04T11:40:09.000Z</time>
      </trkpt>
      <trkpt lat="42.610882468521595" lon="-0.1415684502571822">
        <ele>1116.977031233003</ele>
        <time>2026-06-04T11:40:14.000Z</time>
      </trkpt>
      <trkpt lat="42.61088179796934" lon="-0.1415677964687348">
        <ele>1116.966253690976</ele>
        <time>2026-06-04T11:40:17.000Z</time>
      </trkpt>
      <trkpt lat="42.610880590975285" lon="-0.14156650565564638">
        <ele>1116.9449207924156</ele>
        <time>2026-06-04T11:40:26.000Z</time>
      </trkpt>
      <trkpt lat="42.61087995395064" lon="-0.1415649130940438">
        <ele>1116.9193037462805</ele>
        <time>2026-06-04T11:40:37.000Z</time>
      </trkpt>
      <trkpt lat="42.61087938398123" lon="-0.1415641754865648">
        <ele>1116.907054468692</ele>
        <time>2026-06-04T11:40:48.000Z</time>
      </trkpt>
      <trkpt lat="42.61088030599058" lon="-0.14156343787908582">
        <ele>1116.8966513099665</ele>
        <time>2026-06-04T11:40:52.000Z</time>
      </trkpt>
      <trkpt lat="42.61088163033128" lon="-0.14156481251120578">
        <ele>1116.9197086293984</ele>
        <time>2026-06-04T11:40:57.000Z</time>
      </trkpt>
      <trkpt lat="42.61088295467198" lon="-0.14156684093177319">
        <ele>1116.9526157172224</ele>
        <time>2026-06-04T11:40:59.000Z</time>
      </trkpt>
      <trkpt lat="42.61088451370597" lon="-0.14156942255795002">
        <ele>1116.9938496657057</ele>
        <time>2026-06-04T11:41:06.000Z</time>
      </trkpt>
      <trkpt lat="42.610885854810476" lon="-0.141571870073676">
        <ele>1117.032331404033</ele>
        <time>2026-06-04T11:41:10.000Z</time>
      </trkpt>
      <trkpt lat="42.61088615655899" lon="-0.141574652865529">
        <ele>1117.0749215759704</ele>
        <time>2026-06-04T11:41:16.000Z</time>
      </trkpt>
      <trkpt lat="42.61088598892093" lon="-0.14157552458345898">
        <ele>1117.0881242184735</ele>
        <time>2026-06-04T11:41:19.000Z</time>
      </trkpt>
      <trkpt lat="42.610885117203" lon="-0.1415759436786176">
        <ele>1117.094155108698</ele>
        <time>2026-06-04T11:41:23.000Z</time>
      </trkpt>
      <trkpt lat="42.61088394373655" lon="-0.141574300825596">
        <ele>1117.0684024283084</ele>
        <time>2026-06-04T11:41:31.000Z</time>
      </trkpt>
      <trkpt lat="42.6108827535063" lon="-0.141572389751673">
        <ele>1117.0382234410424</ele>
        <time>2026-06-04T11:41:41.000Z</time>
      </trkpt>
      <trkpt lat="42.610880590975285" lon="-0.141570143401623">
        <ele>1117.001727023058</ele>
        <time>2026-06-04T11:41:50.000Z</time>
      </trkpt>
      <trkpt lat="42.610876969993114" lon="-0.14156920462846762">
        <ele>1116.983893389379</ele>
        <time>2026-06-04T11:41:52.000Z</time>
      </trkpt>
      <trkpt lat="42.61087400279939" lon="-0.1415686011314392">
        <ele>1116.9715927165955</ele>
        <time>2026-06-04T11:42:01.000Z</time>
      </trkpt>
      <trkpt lat="42.6108708512038" lon="-0.1415699087083338">
        <ele>1116.9900002767865</ele>
        <time>2026-06-04T11:42:09.000Z</time>
      </trkpt>
      <trkpt lat="42.61086786724627" lon="-0.1415715180337426">
        <ele>1117.0140812103134</ele>
        <time>2026-06-04T11:42:18.000Z</time>
      </trkpt>
      <trkpt lat="42.61086597293615" lon="-0.14157309383153882">
        <ele>1117.0389293290627</ele>
        <time>2026-06-04T11:42:24.000Z</time>
      </trkpt>
      <trkpt lat="42.61086773313582" lon="-0.14157336205244042">
        <ele>1117.0444251368249</ele>
        <time>2026-06-04T11:42:29.000Z</time>
      </trkpt>
      <trkpt lat="42.610869543626904" lon="-0.14157363027334202">
        <ele>1117.049884114307</ele>
        <time>2026-06-04T11:42:31.000Z</time>
      </trkpt>
      <trkpt lat="42.61087184026837" lon="-0.14157235622406">
        <ele>1117.0305240081661</ele>
        <time>2026-06-04T11:42:37.000Z</time>
      </trkpt>
      <trkpt lat="42.61087437160313" lon="-0.1415705792605878">
        <ele>1117.0036745832165</ele>
        <time>2026-06-04T11:42:38.000Z</time>
      </trkpt>
      <trkpt lat="42.61087690293789" lon="-0.1415678132325412">
        <ele>1116.9617510370538</ele>
        <time>2026-06-04T11:42:46.000Z</time>
      </trkpt>
      <trkpt lat="42.61087769083679" lon="-0.1415641084313394">
        <ele>1116.9039192639125</ele>
        <time>2026-06-04T11:42:56.000Z</time>
      </trkpt>
      <trkpt lat="42.61087883077562" lon="-0.1415604036301376">
        <ele>1116.8470157614806</ele>
        <time>2026-06-04T11:43:02.000Z</time>
      </trkpt>
      <trkpt lat="42.61087970249355" lon="-0.14155917987227462">
        <ele>1116.8291265503303</ele>
        <time>2026-06-04T11:43:07.000Z</time>
      </trkpt>
      <trkpt lat="42.610879987478256" lon="-0.1415581908077002">
        <ele>1116.8140880612996</ele>
        <time>2026-06-04T11:43:12.000Z</time>
      </trkpt>
      <trkpt lat="42.610880272462964" lon="-0.14156047068536282">
        <ele>1116.8502079405466</ele>
        <time>2026-06-04T11:43:18.000Z</time>
      </trkpt>
      <trkpt lat="42.61088025569916" lon="-0.1415636893361806">
        <ele>1116.9005196601163</ele>
        <time>2026-06-04T11:43:24.000Z</time>
      </trkpt>
      <trkpt lat="42.610879031941295" lon="-0.1415670756250618">
        <ele>1116.9522245712744</ele>
        <time>2026-06-04T11:43:31.000Z</time>
      </trkpt>
      <trkpt lat="42.61087764054537" lon="-0.1415693555027244">
        <ele>1116.9868680473128</ele>
        <time>2026-06-04T11:43:39.000Z</time>
      </trkpt>
      <trkpt lat="42.610876601189375" lon="-0.1415715012699364">
        <ele>1117.0200693743466</ele>
        <time>2026-06-04T11:43:40.000Z</time>
      </trkpt>
      <trkpt lat="42.610875729471445" lon="-0.14156982488930223">
        <ele>1116.9927009720734</ele>
        <time>2026-06-04T11:43:42.000Z</time>
      </trkpt>
      <trkpt lat="42.61087447218597" lon="-0.1415676288306712">
        <ele>1116.9564280117106</ele>
        <time>2026-06-04T11:43:48.000Z</time>
      </trkpt>
      <trkpt lat="42.61087406985462" lon="-0.1415652651339768">
        <ele>1116.9180515408916</ele>
        <time>2026-06-04T11:43:55.000Z</time>
      </trkpt>
      <trkpt lat="42.610872795805335" lon="-0.1415630690753458">
        <ele>1116.881106467263</ele>
        <time>2026-06-04T11:44:03.000Z</time>
      </trkpt>
      <trkpt lat="42.610871052369475" lon="-0.141561660915613">
        <ele>1116.8559155374626</ele>
        <time>2026-06-04T11:44:04.000Z</time>
      </trkpt>
      <trkpt lat="42.61086860485375" lon="-0.1415618285536764">
        <ele>1116.855246966284</ele>
        <time>2026-06-04T11:44:10.000Z</time>
      </trkpt>
      <trkpt lat="42.610866559669375" lon="-0.14156251586973662">
        <ele>1116.8638098992915</ele>
        <time>2026-06-04T11:44:11.000Z</time>
      </trkpt>
      <trkpt lat="42.610862670466304" lon="-0.141562046483159">
        <ele>1116.8506837459327</ele>
        <time>2026-06-04T11:44:19.000Z</time>
      </trkpt>
      <trkpt lat="42.610859820619226" lon="-0.1415615770965814">
        <ele>1116.838765201519</ele>
        <time>2026-06-04T11:44:20.000Z</time>
      </trkpt>
      <trkpt lat="42.610859183594584" lon="-0.14156042039394362">
        <ele>1116.818089942151</ele>
        <time>2026-06-04T11:44:30.000Z</time>
      </trkpt>
      <trkpt lat="42.610859083011746" lon="-0.1415594480931756">
        <ele>1116.8013071141854</ele>
        <time>2026-06-04T11:44:31.000Z</time>
      </trkpt>
      <trkpt lat="42.61085898242891" lon="-0.1415584757924076">
        <ele>1116.7845107228</ele>
        <time>2026-06-04T11:44:38.000Z</time>
      </trkpt>
      <trkpt lat="42.61086072586477" lon="-0.1415586601942774">
        <ele>1116.7904696308822</ele>
        <time>2026-06-04T11:44:41.000Z</time>
      </trkpt>
      <trkpt lat="42.61086246930063" lon="-0.1415586769580838">
        <ele>1116.793555490296</ele>
        <time>2026-06-04T11:44:49.000Z</time>
      </trkpt>
      <trkpt lat="42.610862066969275" lon="-0.1415586266666648">
        <ele>1116.7920591674583</ele>
        <time>2026-06-04T11:44:56.000Z</time>
      </trkpt>
      <trkpt lat="42.61086148023605" lon="-0.1415575873106716">
        <ele>1116.7735067360902</ele>
        <time>2026-06-04T11:45:04.000Z</time>
      </trkpt>
      <trkpt lat="42.61086089350283" lon="-0.14155643060803402">
        <ele>1116.752876982417</ele>
        <time>2026-06-04T11:45:07.000Z</time>
      </trkpt>
      <trkpt lat="42.61086030676961" lon="-0.1415552236139774">
        <ele>1116.7312970226565</ele>
        <time>2026-06-04T11:45:11.000Z</time>
      </trkpt>
      <trkpt lat="42.61085990443826" lon="-0.14155393280088902">
        <ele>1116.7085455579993</ele>
        <time>2026-06-04T11:45:12.000Z</time>
      </trkpt>
      <trkpt lat="42.61086109466851" lon="-0.14155270904302603">
        <ele>1116.6900849168348</ele>
        <time>2026-06-04T11:45:13.000Z</time>
      </trkpt>
      <trkpt lat="42.61086659319699" lon="-0.1415522899478674">
        <ele>1116.694243038868</ele>
        <time>2026-06-04T11:45:15.000Z</time>
      </trkpt>
      <trkpt lat="42.61087214201689" lon="-0.1415524408221244">
        <ele>1116.7080597522945</ele>
        <time>2026-06-04T11:45:17.000Z</time>
      </trkpt>
      <trkpt lat="42.610878713428974" lon="-0.1415531616657972">
        <ele>1116.7328094870395</ele>
        <time>2026-06-04T11:45:23.000Z</time>
      </trkpt>
      <trkpt lat="42.61088634096086" lon="-0.14155555889010418">
        <ele>1116.784459691486</ele>
        <time>2026-06-04T11:45:33.000Z</time>
      </trkpt>
      <trkpt lat="42.610892778262496" lon="-0.14155795611441122">
        <ele>1116.8316022483332</ele>
        <time>2026-06-04T11:45:38.000Z</time>
      </trkpt>
      <trkpt lat="42.61089598014951" lon="-0.14156100712716563">
        <ele>1116.881294423744</ele>
        <time>2026-06-04T11:45:46.000Z</time>
      </trkpt>
      <trkpt lat="42.61089973524213" lon="-0.141563706099987">
        <ele>1116.9252840525849</ele>
        <time>2026-06-04T11:45:47.000Z</time>
      </trkpt>
      <trkpt lat="42.61090246774256" lon="-0.1415658853948116">
        <ele>1116.959446397864</ele>
        <time>2026-06-04T11:45:52.000Z</time>
      </trkpt>
      <trkpt lat="42.61090395972133" lon="-0.14156715944409382">
        <ele>1116.9789282609636</ele>
        <time>2026-06-04T11:45:54.000Z</time>
      </trkpt>
      <trkpt lat="42.61090578697622" lon="-0.141568433493376">
        <ele>1116.9984583079454</ele>
        <time>2026-06-04T11:45:56.000Z</time>
      </trkpt>
      <trkpt lat="42.61090701073408" lon="-0.1415690537542108">
        <ele>1117.0081459148973</ele>
        <time>2026-06-04T11:45:59.000Z</time>
      </trkpt>
      <trkpt lat="42.61090734601021" lon="-0.1415689364075664">
        <ele>1117.0068285663988</ele>
        <time>2026-06-04T11:46:06.000Z</time>
      </trkpt>
      <trkpt lat="42.610907681286335" lon="-0.1415669247508052">
        <ele>1116.9794941685427</ele>
        <time>2026-06-04T11:46:11.000Z</time>
      </trkpt>
      <trkpt lat="42.61090702749789" lon="-0.1415629014372828">
        <ele>1116.9233662846873</ele>
        <time>2026-06-04T11:46:12.000Z</time>
      </trkpt>
      <trkpt lat="42.61090551875532" lon="-0.1415588781237604">
        <ele>1116.8655119549237</ele>
        <time>2026-06-04T11:46:18.000Z</time>
      </trkpt>
      <trkpt lat="42.61090238392353" lon="-0.14155634678900259">
        <ele>1116.8248159782447</ele>
        <time>2026-06-04T11:46:23.000Z</time>
      </trkpt>
      <trkpt lat="42.61090087518096" lon="-0.1415548715740444">
        <ele>1116.8011866817042</ele>
        <time>2026-06-04T11:46:29.000Z</time>
      </trkpt>
      <trkpt lat="42.61089936643839" lon="-0.141555290669203">
        <ele>1116.8043634544779</ele>
        <time>2026-06-04T11:46:31.000Z</time>
      </trkpt>
      <trkpt lat="42.610897555947304" lon="-0.1415572855621578">
        <ele>1116.829834524589</ele>
        <time>2026-06-04T11:46:35.000Z</time>
      </trkpt>
      <trkpt lat="42.610896265134215" lon="-0.1415593307465316">
        <ele>1116.8573503458813</ele>
        <time>2026-06-04T11:46:38.000Z</time>
      </trkpt>
      <trkpt lat="42.61089847795665" lon="-0.1415598839521408">
        <ele>1116.8687576758675</ele>
        <time>2026-06-04T11:46:43.000Z</time>
      </trkpt>
      <trkpt lat="42.61089934967458" lon="-0.1415604539215564">
        <ele>1116.8782442923145</ele>
        <time>2026-06-04T11:46:52.000Z</time>
      </trkpt>
      <trkpt lat="42.610899517312646" lon="-0.141561023890972">
        <ele>1116.886645419717</ele>
        <time>2026-06-04T11:46:59.000Z</time>
      </trkpt>
      <trkpt lat="42.6109009757638" lon="-0.141561510041356">
        <ele>1116.8956555933796</ele>
        <time>2026-06-04T11:47:05.000Z</time>
      </trkpt>
      <trkpt lat="42.61090243421495" lon="-0.1415596157312392">
        <ele>1116.8710004313978</ele>
        <time>2026-06-04T11:47:12.000Z</time>
      </trkpt>
      <trkpt lat="42.61090037226677" lon="-0.1415577214211224">
        <ele>1116.8408393274763</ele>
        <time>2026-06-04T11:47:14.000Z</time>
      </trkpt>
      <trkpt lat="42.61089831031859" lon="-0.1415546871721742">
        <ele>1116.7937361734557</ele>
        <time>2026-06-04T11:47:17.000Z</time>
      </trkpt>
      <trkpt lat="42.610896952450275" lon="-0.1415523570030924">
        <ele>1116.7574353344069</ele>
        <time>2026-06-04T11:47:22.000Z</time>
      </trkpt>
      <trkpt lat="42.61089559458196" lon="-0.1415513344109054">
        <ele>1116.739754059953</ele>
        <time>2026-06-04T11:47:23.000Z</time>
      </trkpt>
      <trkpt lat="42.61089423671365" lon="-0.14155410043895222">
        <ele>1116.777457413238</ele>
        <time>2026-06-04T11:47:27.000Z</time>
      </trkpt>
      <trkpt lat="42.6108872462064" lon="-0.1415579225867986">
        <ele>1116.8219298809015</ele>
        <time>2026-06-04T11:47:35.000Z</time>
      </trkpt>
      <trkpt lat="42.61088025569916" lon="-0.14156293496489522">
        <ele>1116.8887220271943</ele>
        <time>2026-06-04T11:47:43.000Z</time>
      </trkpt>
      <trkpt lat="42.61087326519191" lon="-0.14156724326312542">
        <ele>1116.9490213234799</ele>
        <time>2026-06-04T11:47:51.000Z</time>
      </trkpt>
      <trkpt lat="42.61086652614176" lon="-0.141570881009102">
        <ele>1117.0025518709242</ele>
        <time>2026-06-04T11:47:58.000Z</time>
      </trkpt>
      <trkpt lat="42.610861295834184" lon="-0.1415730603039266">
        <ele>1117.0355226119848</ele>
        <time>2026-06-04T11:48:01.000Z</time>
      </trkpt>
      <trkpt lat="42.61086369305849" lon="-0.14157347939908502">
        <ele>1117.0440185274733</ele>
        <time>2026-06-04T11:48:08.000Z</time>
      </trkpt>
      <trkpt lat="42.61086630821228" lon="-0.14157341234385962">
        <ele>1117.0444220761779</ele>
        <time>2026-06-04T11:48:11.000Z</time>
      </trkpt>
      <trkpt lat="42.61086989566684" lon="-0.141572691500187">
        <ele>1117.0347287231473</ele>
        <time>2026-06-04T11:48:16.000Z</time>
      </trkpt>
      <trkpt lat="42.61087328195572" lon="-0.1415707468986512">
        <ele>1117.0055260908996</ele>
        <time>2026-06-04T11:48:22.000Z</time>
      </trkpt>
      <trkpt lat="42.610876182094216" lon="-0.14156880229711538">
        <ele>1116.976797035231</ele>
        <time>2026-06-04T11:48:28.000Z</time>
      </trkpt>
      <trkpt lat="42.61087844520807" lon="-0.141567209735513">
        <ele>1116.9537378431658</ele>
        <time>2026-06-04T11:48:36.000Z</time>
      </trkpt>
      <trkpt lat="42.61088049039245" lon="-0.14156561717391059">
        <ele>1116.9309332714804</ele>
        <time>2026-06-04T11:48:43.000Z</time>
      </trkpt>
      <trkpt lat="42.61088156327605" lon="-0.1415646784007554">
        <ele>1116.9175442327064</ele>
        <time>2026-06-04T11:48:52.000Z</time>
      </trkpt>
      <trkpt lat="42.61088258586824" lon="-0.1415643263608222">
        <ele>1116.913312868799</ele>
        <time>2026-06-04T11:48:57.000Z</time>
      </trkpt>
      <trkpt lat="42.61088258586824" lon="-0.14156397432088902">
        <ele>1116.907864191438</ele>
        <time>2026-06-04T11:49:03.000Z</time>
      </trkpt>
      <trkpt lat="42.61088293790817" lon="-0.14156335406005421">
        <ele>1116.8987155461316</ele>
        <time>2026-06-04T11:49:05.000Z</time>
      </trkpt>
      <trkpt lat="42.610883289948106" lon="-0.1415627337992194">
        <ele>1116.889597185092</ele>
        <time>2026-06-04T11:49:11.000Z</time>
      </trkpt>
      <trkpt lat="42.61088364198804" lon="-0.1415621135383846">
        <ele>1116.880509107722</ele>
        <time>2026-06-04T11:49:15.000Z</time>
      </trkpt>
      <trkpt lat="42.61088382638991" lon="-0.1415617112070322">
        <ele>1116.874568971667</ele>
        <time>2026-06-04T11:49:18.000Z</time>
      </trkpt>
      <trkpt lat="42.610883792862296" lon="-0.1415613088756798">
        <ele>1116.868328776217</ele>
        <time>2026-06-04T11:49:27.000Z</time>
      </trkpt>
      <trkpt lat="42.61088293790817" lon="-0.1415615268051622">
        <ele>1116.8704789238525</ele>
        <time>2026-06-04T11:49:39.000Z</time>
      </trkpt>
      <trkpt lat="42.6108816973865" lon="-0.1415615435689686">
        <ele>1116.868991563144</ele>
        <time>2026-06-04T11:49:47.000Z</time>
      </trkpt>
      <trkpt lat="42.61088000424206" lon="-0.1415515188127754">
        <ele>1116.7096557083119</ele>
        <time>2026-06-04T11:49:49.000Z</time>
      </trkpt>
      <trkpt lat="42.61087737232447" lon="-0.1415412761270998">
        <ele>1116.5418872116293</ele>
        <time>2026-06-04T11:49:50.000Z</time>
      </trkpt>
      <trkpt lat="42.610874589532614" lon="-0.14153103344142418">
        <ele>1116.3698483027185</ele>
        <time>2026-06-04T11:49:55.000Z</time>
      </trkpt>
      <trkpt lat="42.610871789976954" lon="-0.14152079075574858">
        <ele>1116.1937852915985</ele>
        <time>2026-06-04T11:50:01.000Z</time>
      </trkpt>
      <trkpt lat="42.610869040712714" lon="-0.1415107157081364">
        <ele>1116.0167460540692</ele>
        <time>2026-06-04T11:50:07.000Z</time>
      </trkpt>
      <trkpt lat="42.61085774190724" lon="-0.1415061559528112">
        <ele>1115.882586093082</ele>
        <time>2026-06-04T11:50:09.000Z</time>
      </trkpt>
      <trkpt lat="42.610835429280996" lon="-0.1414971705526114">
        <ele>1115.6575952651804</ele>
        <time>2026-06-04T11:50:11.000Z</time>
      </trkpt>
      <trkpt lat="42.61080020852387" lon="-0.1414837259799242">
        <ele>1115.465740360348</ele>
        <time>2026-06-04T11:50:17.000Z</time>
      </trkpt>
      <trkpt lat="42.61075560003519" lon="-0.14146381057798862">
        <ele>1115.1347541622476</ele>
        <time>2026-06-04T11:50:22.000Z</time>
      </trkpt>
      <trkpt lat="42.610700614750385" lon="-0.1414360664784908">
        <ele>1114.8374878664695</ele>
        <time>2026-06-04T11:50:28.000Z</time>
      </trkpt>
      <trkpt lat="42.61064365133643" lon="-0.14140332676470263">
        <ele>1114.9151634265015</ele>
        <time>2026-06-04T11:50:33.000Z</time>
      </trkpt>
      <trkpt lat="42.61059134826064" lon="-0.1413647867739198">
        <ele>1114.8532619893872</ele>
        <time>2026-06-04T11:50:38.000Z</time>
      </trkpt>
      <trkpt lat="42.61054583452642" lon="-0.1413192730396984">
        <ele>1113.4281337751315</ele>
        <time>2026-06-04T11:50:43.000Z</time>
      </trkpt>
      <trkpt lat="42.61050830036402" lon="-0.1412740442901848">
        <ele>1112.071649856025</ele>
        <time>2026-06-04T11:50:48.000Z</time>
      </trkpt>
      <trkpt lat="42.61047963425517" lon="-0.14123176597058762">
        <ele>1111.365983261786</ele>
        <time>2026-06-04T11:50:52.000Z</time>
      </trkpt>
      <trkpt lat="42.610457707196474" lon="-0.1411990094929934">
        <ele>1110.7217065412037</ele>
        <time>2026-06-04T11:50:54.000Z</time>
      </trkpt>
      <trkpt lat="42.61043774150312" lon="-0.14117647893726842">
        <ele>1109.805307000522</ele>
        <time>2026-06-04T11:50:56.000Z</time>
      </trkpt>
      <trkpt lat="42.610414288938046" lon="-0.14116943813860441">
        <ele>1108.8146300755075</ele>
        <time>2026-06-04T11:50:58.000Z</time>
      </trkpt>
      <trkpt lat="42.61039226129651" lon="-0.1411713324487212">
        <ele>1107.9091365661134</ele>
        <time>2026-06-04T11:51:00.000Z</time>
      </trkpt>
      <trkpt lat="42.61037145741284" lon="-0.1411817763000728">
        <ele>1107.061233115328</ele>
        <time>2026-06-04T11:51:04.000Z</time>
      </trkpt>
      <trkpt lat="42.61034953035414" lon="-0.1412048432976008">
        <ele>1106.1574549300199</ele>
        <time>2026-06-04T11:51:05.000Z</time>
      </trkpt>
      <trkpt lat="42.61032463610172" lon="-0.14124083518981942">
        <ele>1104.9498884623831</ele>
        <time>2026-06-04T11:51:06.000Z</time>
      </trkpt>
      <trkpt lat="42.61030597798526" lon="-0.1412791907787324">
        <ele>1103.9812634193504</ele>
        <time>2026-06-04T11:51:10.000Z</time>
      </trkpt>
      <trkpt lat="42.61028390005231" lon="-0.1413234472274782">
        <ele>1103.1220085460925</ele>
        <time>2026-06-04T11:51:15.000Z</time>
      </trkpt>
      <trkpt lat="42.61025654152036" lon="-0.14137102290988002">
        <ele>1101.9516654894826</ele>
        <time>2026-06-04T11:51:17.000Z</time>
      </trkpt>
      <trkpt lat="42.610232803970575" lon="-0.14140661247074643">
        <ele>1100.8567187111842</ele>
        <time>2026-06-04T11:51:20.000Z</time>
      </trkpt>
      <trkpt lat="42.610213877633214" lon="-0.1414335351437332">
        <ele>1099.9496959095889</ele>
        <time>2026-06-04T11:51:24.000Z</time>
      </trkpt>
      <trkpt lat="42.61019050888717" lon="-0.14146329089999202">
        <ele>1099.0884861436814</ele>
        <time>2026-06-04T11:51:25.000Z</time>
      </trkpt>
      <trkpt lat="42.61016973853111" lon="-0.1414866931736468">
        <ele>1098.363281186672</ele>
        <time>2026-06-04T11:51:27.000Z</time>
      </trkpt>
      <trkpt lat="42.610150242224336" lon="-0.141510212793946">
        <ele>1097.672487978998</ele>
        <time>2026-06-04T11:51:32.000Z</time>
      </trkpt>
      <trkpt lat="42.61012968979776" lon="-0.1415376383811232">
        <ele>1096.940314256634</ele>
        <time>2026-06-04T11:51:33.000Z</time>
      </trkpt>
      <trkpt lat="42.61010955646634" lon="-0.141563907265663">
        <ele>1096.186084751972</ele>
        <time>2026-06-04T11:51:37.000Z</time>
      </trkpt>
      <trkpt lat="42.610087713226676" lon="-0.1415909975767134">
        <ele>1095.3215232598254</ele>
        <time>2026-06-04T11:51:40.000Z</time>
      </trkpt>
      <trkpt lat="42.61006333865225" lon="-0.1416183561086654">
        <ele>1094.7182423585582</ele>
        <time>2026-06-04T11:51:42.000Z</time>
      </trkpt>
      <trkpt lat="42.61003230884671" lon="-0.1416414733976126">
        <ele>1094.0709699739543</ele>
        <time>2026-06-04T11:51:47.000Z</time>
      </trkpt>
      <trkpt lat="42.61000220105052" lon="-0.1416612882167102">
        <ele>1093.4118382200372</ele>
        <time>2026-06-04T11:51:49.000Z</time>
      </trkpt>
      <trkpt lat="42.60996548831463" lon="-0.14167825318872923">
        <ele>1092.4878524422666</ele>
        <time>2026-06-04T11:51:54.000Z</time>
      </trkpt>
      <trkpt lat="42.60993207804859" lon="-0.1416866853833198">
        <ele>1091.7109711609187</ele>
        <time>2026-06-04T11:51:55.000Z</time>
      </trkpt>
      <trkpt lat="42.6098940577358" lon="-0.14169565401971343">
        <ele>1090.8518250930315</ele>
        <time>2026-06-04T11:51:59.000Z</time>
      </trkpt>
      <trkpt lat="42.609863094985485" lon="-0.14170339889824382">
        <ele>1090.1452520613298</ele>
        <time>2026-06-04T11:52:02.000Z</time>
      </trkpt>
      <trkpt lat="42.60982879623771" lon="-0.1417125184088944">
        <ele>1089.3993208798602</ele>
        <time>2026-06-04T11:52:05.000Z</time>
      </trkpt>
      <trkpt lat="42.60979696176946" lon="-0.1417263485491276">
        <ele>1089.0838607019439</ele>
        <time>2026-06-04T11:52:08.000Z</time>
      </trkpt>
      <trkpt lat="42.60976400412619" lon="-0.1417449060827494">
        <ele>1088.7693844686407</ele>
        <time>2026-06-04T11:52:11.000Z</time>
      </trkpt>
      <trkpt lat="42.609734466299415" lon="-0.1417654249817132">
        <ele>1088.488801365212</ele>
        <time>2026-06-04T11:52:14.000Z</time>
      </trkpt>
      <trkpt lat="42.60970199480653" lon="-0.1417901013046502">
        <ele>1088.1703673867137</ele>
        <time>2026-06-04T11:52:17.000Z</time>
      </trkpt>
      <trkpt lat="42.60966503061354" lon="-0.1418121624737976">
        <ele>1087.886534617571</ele>
        <time>2026-06-04T11:52:20.000Z</time>
      </trkpt>
      <trkpt lat="42.60962952487171" lon="-0.1418292615562674">
        <ele>1087.49338475915</ele>
        <time>2026-06-04T11:52:23.000Z</time>
      </trkpt>
      <trkpt lat="42.60959681868553" lon="-0.14183603413403">
        <ele>1087.0222015077677</ele>
        <time>2026-06-04T11:52:26.000Z</time>
      </trkpt>
      <trkpt lat="42.60956649295986" lon="-0.141831289976835">
        <ele>1086.4332391769922</ele>
        <time>2026-06-04T11:52:28.000Z</time>
      </trkpt>
      <trkpt lat="42.60953578166664" lon="-0.141810620203614">
        <ele>1085.7469521920325</ele>
        <time>2026-06-04T11:52:32.000Z</time>
      </trkpt>
      <trkpt lat="42.609507182613015" lon="-0.1417739577591418">
        <ele>1085.1928955224987</ele>
        <time>2026-06-04T11:52:34.000Z</time>
      </trkpt>
      <trkpt lat="42.60948007553816" lon="-0.1417284943163394">
        <ele>1084.7364131804484</ele>
        <time>2026-06-04T11:52:38.000Z</time>
      </trkpt>
      <trkpt lat="42.609450655058026" lon="-0.14167218469083298">
        <ele>1084.377523250963</ele>
        <time>2026-06-04T11:52:44.000Z</time>
      </trkpt>
      <trkpt lat="42.60941892117262" lon="-0.1416062861680984">
        <ele>1083.5103798937585</ele>
        <time>2026-06-04T11:52:47.000Z</time>
      </trkpt>
      <trkpt lat="42.609390556812286" lon="-0.14154265075922023">
        <ele>1082.6730161810049</ele>
        <time>2026-06-04T11:52:51.000Z</time>
      </trkpt>
      <trkpt lat="42.60936331562698" lon="-0.14148479886353021">
        <ele>1082.137245027103</ele>
        <time>2026-06-04T11:52:55.000Z</time>
      </trkpt>
      <trkpt lat="42.609334951266646" lon="-0.1414282713085414">
        <ele>1081.3414777587595</ele>
        <time>2026-06-04T11:52:58.000Z</time>
      </trkpt>
      <trkpt lat="42.609309419989586" lon="-0.14137553237378622">
        <ele>1079.4779177934663</ele>
        <time>2026-06-04T11:53:01.000Z</time>
      </trkpt>
      <trkpt lat="42.60928864963353" lon="-0.1413381155580284">
        <ele>1078.1425641285177</ele>
        <time>2026-06-04T11:53:04.000Z</time>
      </trkpt>
      <trkpt lat="42.60927126556635" lon="-0.1413054931908848">
        <ele>1077.157445336933</ele>
        <time>2026-06-04T11:53:11.000Z</time>
      </trkpt>
      <trkpt lat="42.60926035232842" lon="-0.141282979398966">
        <ele>1076.5875531952288</ele>
        <time>2026-06-04T11:53:14.000Z</time>
      </trkpt>
      <trkpt lat="42.60925430059433" lon="-0.1412660647183658">
        <ele>1076.2777367245862</ele>
        <time>2026-06-04T11:53:18.000Z</time>
      </trkpt>
      <trkpt lat="42.60925066284835" lon="-0.1412565764039756">
        <ele>1076.1139954677944</ele>
        <time>2026-06-04T11:53:19.000Z</time>
      </trkpt>
      <trkpt lat="42.60924491286278" lon="-0.141247607767582">
        <ele>1075.9126398365959</ele>
        <time>2026-06-04T11:53:21.000Z</time>
      </trkpt>
      <trkpt lat="42.6092399507761" lon="-0.1412417404353618">
        <ele>1075.7588577535435</ele>
        <time>2026-06-04T11:53:24.000Z</time>
      </trkpt>
      <trkpt lat="42.60923498868942" lon="-0.1412359736859798">
        <ele>1075.6099585845077</ele>
        <time>2026-06-04T11:53:26.000Z</time>
      </trkpt>
      <trkpt lat="42.609230713918805" lon="-0.1412322856485844">
        <ele>1075.4937272205343</ele>
        <time>2026-06-04T11:53:27.000Z</time>
      </trkpt>
      <trkpt lat="42.609228333458304" lon="-0.141233341768384">
        <ele>1075.4507392245446</ele>
        <time>2026-06-04T11:53:29.000Z</time>
      </trkpt>
      <trkpt lat="42.60922942310572" lon="-0.1412347164005042">
        <ele>1075.4830096166518</ele>
        <time>2026-06-04T11:53:36.000Z</time>
      </trkpt>
      <trkpt lat="42.60923041217029" lon="-0.1412360910326244">
        <ele>1075.513352565613</ele>
        <time>2026-06-04T11:53:38.000Z</time>
      </trkpt>
      <trkpt lat="42.60923032835126" lon="-0.1412412710487844">
        <ele>1075.5468855873542</ele>
        <time>2026-06-04T11:53:42.000Z</time>
      </trkpt>
      <trkpt lat="42.60923024453223" lon="-0.1412464678287506">
        <ele>1075.5804707131335</ele>
        <time>2026-06-04T11:53:49.000Z</time>
      </trkpt>
      <trkpt lat="42.60923024453223" lon="-0.1412508096545934">
        <ele>1075.61004757942</ele>
        <time>2026-06-04T11:53:57.000Z</time>
      </trkpt>
      <trkpt lat="42.60922840051353" lon="-0.14125483296811558">
        <ele>1075.5957198454435</ele>
        <time>2026-06-04T11:54:06.000Z</time>
      </trkpt>
      <trkpt lat="42.609226271510124" lon="-0.141258956864476">
        <ele>1075.5744558007648</ele>
        <time>2026-06-04T11:54:10.000Z</time>
      </trkpt>
      <trkpt lat="42.609225215390325" lon="-0.141259979456663">
        <ele>1075.5568399263525</ele>
        <time>2026-06-04T11:54:15.000Z</time>
      </trkpt>
      <trkpt lat="42.609224159270525" lon="-0.14126008003950122">
        <ele>1075.5331899927637</ele>
        <time>2026-06-04T11:54:20.000Z</time>
      </trkpt>
      <trkpt lat="42.6092235725373" lon="-0.1412598453462124">
        <ele>1075.518203798784</ele>
        <time>2026-06-04T11:54:24.000Z</time>
      </trkpt>
      <trkpt lat="42.609223924577236" lon="-0.141259040683508">
        <ele>1075.5211797432269</ele>
        <time>2026-06-04T11:54:34.000Z</time>
      </trkpt>
      <trkpt lat="42.60922486335039" lon="-0.14125795103609562">
        <ele>1075.5357055424686</ele>
        <time>2026-06-04T11:54:42.000Z</time>
      </trkpt>
      <trkpt lat="42.60922580212355" lon="-0.1412550676614046">
        <ele>1075.5384358219094</ele>
        <time>2026-06-04T11:54:44.000Z</time>
      </trkpt>
      <trkpt lat="42.6092267408967" lon="-0.14125288836658">
        <ele>1075.5453988569243</ele>
        <time>2026-06-04T11:54:45.000Z</time>
      </trkpt>
      <trkpt lat="42.6092277970165" lon="-0.1412508431822062">
        <ele>1075.5555806675486</ele>
        <time>2026-06-04T11:54:49.000Z</time>
      </trkpt>
      <trkpt lat="42.609229020774364" lon="-0.1412495691329242">
        <ele>1075.5743608784987</ele>
        <time>2026-06-04T11:54:55.000Z</time>
      </trkpt>
      <trkpt lat="42.609230345115066" lon="-0.141248479485512">
        <ele>1075.5964050326816</ele>
        <time>2026-06-04T11:54:59.000Z</time>
      </trkpt>
      <trkpt lat="42.60923166945577" lon="-0.141249166801572">
        <ele>1075.6305286861937</ele>
        <time>2026-06-04T11:55:03.000Z</time>
      </trkpt>
      <trkpt lat="42.60923274233937" lon="-0.1412496697157622">
        <ele>1075.6578918207988</ele>
        <time>2026-06-04T11:55:04.000Z</time>
      </trkpt>
      <trkpt lat="42.60923322848976" lon="-0.14124956913292402">
        <ele>1075.6680085258479</ele>
        <time>2026-06-04T11:55:10.000Z</time>
      </trkpt>
      <trkpt lat="42.60923093184829" lon="-0.1412494685500858">
        <ele>1075.616203950674</ele>
        <time>2026-06-04T11:55:11.000Z</time>
      </trkpt>
      <trkpt lat="42.609228333458304" lon="-0.1412493679672476">
        <ele>1075.5577209856704</ele>
        <time>2026-06-04T11:55:20.000Z</time>
      </trkpt>
      <trkpt lat="42.60922573506832" lon="-0.1412473898380992">
        <ele>1075.4870908139146</ele>
        <time>2026-06-04T11:55:27.000Z</time>
      </trkpt>
      <trkpt lat="42.609224343672395" lon="-0.1412455961108206">
        <ele>1075.4448783169369</ele>
        <time>2026-06-04T11:55:29.000Z</time>
      </trkpt>
      <trkpt lat="42.60922295227647" lon="-0.14124440588057038">
        <ele>1075.4068191301856</ele>
        <time>2026-06-04T11:55:34.000Z</time>
      </trkpt>
      <trkpt lat="42.609224712476134" lon="-0.1412455793470146">
        <ele>1075.452874138345</ele>
        <time>2026-06-04T11:55:38.000Z</time>
      </trkpt>
      <trkpt lat="42.6092264726758" lon="-0.1412468031048778">
        <ele>1075.4995535633532</ele>
        <time>2026-06-04T11:55:40.000Z</time>
      </trkpt>
      <trkpt lat="42.60922930575907" lon="-0.1412493344396356">
        <ele>1075.5791205524727</ele>
        <time>2026-06-04T11:55:44.000Z</time>
      </trkpt>
      <trkpt lat="42.60923156887293" lon="-0.1412519328296188">
        <ele>1075.6473973293737</ele>
        <time>2026-06-04T11:55:47.000Z</time>
      </trkpt>
      <trkpt lat="42.6092341337353" lon="-0.1412551850080492">
        <ele>1075.727973375757</ele>
        <time>2026-06-04T11:55:55.000Z</time>
      </trkpt>
      <trkpt lat="42.609236028045416" lon="-0.1412563584744932">
        <ele>1075.7793731892395</ele>
        <time>2026-06-04T11:55:57.000Z</time>
      </trkpt>
      <trkpt lat="42.609238140285015" lon="-0.1412576325237752">
        <ele>1075.8368072290823</ele>
        <time>2026-06-04T11:56:05.000Z</time>
      </trkpt>
      <trkpt lat="42.60923978313804" lon="-0.1412587892264128">
        <ele>1075.8829865635184</ele>
        <time>2026-06-04T11:56:14.000Z</time>
      </trkpt>
      <trkpt lat="42.60924316942692" lon="-0.14126011356711382">
        <ele>1075.9708303835848</ele>
        <time>2026-06-04T11:56:16.000Z</time>
      </trkpt>
      <trkpt lat="42.60924674011767" lon="-0.1412605494260788">
        <ele>1076.0564757425675</ele>
        <time>2026-06-04T11:56:19.000Z</time>
      </trkpt>
      <trkpt lat="42.60925017669797" lon="-0.14126070030033583">
        <ele>1076.1369019006775</ele>
        <time>2026-06-04T11:56:22.000Z</time>
      </trkpt>
      <trkpt lat="42.60925339534879" lon="-0.14126093499362463">
        <ele>1076.213085861598</ele>
        <time>2026-06-04T11:56:24.000Z</time>
      </trkpt>
      <trkpt lat="42.60925151780248" lon="-0.14126116968691343">
        <ele>1076.1717286939609</ele>
        <time>2026-06-04T11:56:27.000Z</time>
      </trkpt>
      <trkpt lat="42.609246706590056" lon="-0.14126058295369143">
        <ele>1076.0559710809628</ele>
        <time>2026-06-04T11:56:31.000Z</time>
      </trkpt>
      <trkpt lat="42.6092412751168" lon="-0.14126023091375822">
        <ele>1075.9281339445597</ele>
        <time>2026-06-04T11:56:40.000Z</time>
      </trkpt>
      <trkpt lat="42.609235843643546" lon="-0.14125815220177163">
        <ele>1075.7881167434564</ele>
        <time>2026-06-04T11:56:43.000Z</time>
      </trkpt>
      <trkpt lat="42.609230211004615" lon="-0.14125583879649622">
        <ele>1075.643545270804</ele>
        <time>2026-06-04T11:56:46.000Z</time>
      </trkpt>
      <trkpt lat="42.60922871902585" lon="-0.14125352539122082">
        <ele>1075.5941639084856</ele>
        <time>2026-06-04T11:56:52.000Z</time>
      </trkpt>
      <trkpt lat="42.609227595850825" lon="-0.14125287160277342">
        <ele>1075.5645187579812</ele>
        <time>2026-06-04T11:56:54.000Z</time>
      </trkpt>
      <trkpt lat="42.60922643914819" lon="-0.141252217814326">
        <ele>1075.5342260759246</ele>
        <time>2026-06-04T11:57:00.000Z</time>
      </trkpt>
      <trkpt lat="42.60922528244555" lon="-0.14125329069793202">
        <ele>1075.5151911278253</ele>
        <time>2026-06-04T11:57:06.000Z</time>
      </trkpt>
      <trkpt lat="42.60922493040562" lon="-0.14125377684831603">
        <ele>1075.5103893509265</ele>
        <time>2026-06-04T11:57:08.000Z</time>
      </trkpt>
      <trkpt lat="42.609224980697036" lon="-0.1412542629987">
        <ele>1075.5146524901643</ele>
        <time>2026-06-04T11:57:12.000Z</time>
      </trkpt>
      <trkpt lat="42.60922555066645" lon="-0.141253676265478">
        <ele>1075.5237291823796</ele>
        <time>2026-06-04T11:57:16.000Z</time>
      </trkpt>
      <trkpt lat="42.60922734439373" lon="-0.1412531733512878">
        <ele>1075.5608558658248</ele>
        <time>2026-06-04T11:57:23.000Z</time>
      </trkpt>
      <trkpt lat="42.60923143476248" lon="-0.14125317335128781">
        <ele>1075.6529459876026</ele>
        <time>2026-06-04T11:57:24.000Z</time>
      </trkpt>
      <trkpt lat="42.60923508927226" lon="-0.14125453121960163">
        <ele>1075.7449435352967</ele>
        <time>2026-06-04T11:57:28.000Z</time>
      </trkpt>
      <trkpt lat="42.609238693490624" lon="-0.14125588908791542">
        <ele>1075.8365087278858</ele>
        <time>2026-06-04T11:57:34.000Z</time>
      </trkpt>
      <trkpt lat="42.60924221388996" lon="-0.14125759899616241">
        <ele>1075.9295617364146</ele>
        <time>2026-06-04T11:57:35.000Z</time>
      </trkpt>
      <trkpt lat="42.60924457758665" lon="-0.1412610188126564">
        <ele>1076.010326732695</ele>
        <time>2026-06-04T11:57:41.000Z</time>
      </trkpt>
      <trkpt lat="42.60924452729523" lon="-0.14126433804631242">
        <ele>1076.0351670332655</ele>
        <time>2026-06-04T11:57:43.000Z</time>
      </trkpt>
      <trkpt lat="42.609244242310524" lon="-0.1412668861448766">
        <ele>1076.048431667283</ele>
        <time>2026-06-04T11:57:49.000Z</time>
      </trkpt>
      <trkpt lat="42.609243957325816" lon="-0.1412694342434408">
        <ele>1076.0615924524204</ele>
        <time>2026-06-04T11:57:50.000Z</time>
      </trkpt>
      <trkpt lat="42.609243454411626" lon="-0.1412716303020718">
        <ele>1076.06671919567</ele>
        <time>2026-06-04T11:57:51.000Z</time>
      </trkpt>
      <trkpt lat="42.609243052080274" lon="-0.1412706077098848">
        <ele>1076.0492276984082</ele>
        <time>2026-06-04T11:57:52.000Z</time>
      </trkpt>
      <trkpt lat="42.60924298502505" lon="-0.14126894809305682">
        <ele>1076.0348170676477</ele>
        <time>2026-06-04T11:57:55.000Z</time>
      </trkpt>
      <trkpt lat="42.60924264974892" lon="-0.1412668693810702">
        <ele>1076.0108862786044</ele>
        <time>2026-06-04T11:57:59.000Z</time>
      </trkpt>
      <trkpt lat="42.609242314472795" lon="-0.14126479066908362">
        <ele>1075.9870551594486</ele>
        <time>2026-06-04T11:58:06.000Z</time>
      </trkpt>
      <trkpt lat="42.609241208061576" lon="-0.14126271195709703">
        <ele>1075.945436496521</ele>
        <time>2026-06-04T11:58:09.000Z</time>
      </trkpt>
      <trkpt lat="42.6092394143343" lon="-0.14126205816864962">
        <ele>1075.898946947271</ele>
        <time>2026-06-04T11:58:17.000Z</time>
      </trkpt>
      <trkpt lat="42.609237402677536" lon="-0.14126180671155442">
        <ele>1075.8505370469068</ele>
        <time>2026-06-04T11:58:21.000Z</time>
      </trkpt>
      <trkpt lat="42.60923591069877" lon="-0.14126296341419203">
        <ele>1075.8243739547063</ele>
        <time>2026-06-04T11:58:28.000Z</time>
      </trkpt>
      <trkpt lat="42.6092349216342" lon="-0.1412641201168296">
        <ele>1075.8096802719197</ele>
        <time>2026-06-04T11:58:34.000Z</time>
      </trkpt>
      <trkpt lat="42.609237000346184" lon="-0.1412652768194672">
        <ele>1075.8665455990838</ele>
        <time>2026-06-04T11:58:37.000Z</time>
      </trkpt>
      <trkpt lat="42.60923976637423" lon="-0.1412638183683154">
        <ele>1075.9202854562689</ele>
        <time>2026-06-04T11:58:38.000Z</time>
      </trkpt>
      <trkpt lat="42.60924253240228" lon="-0.1412621922791002">
        <ele>1075.97215914156</ele>
        <time>2026-06-04T11:58:47.000Z</time>
      </trkpt>
      <trkpt lat="42.60924509726465" lon="-0.1412589233368634">
        <ele>1076.0058182137373</ele>
        <time>2026-06-04T11:58:53.000Z</time>
      </trkpt>
      <trkpt lat="42.6092470921576" lon="-0.1412549838423728">
        <ele>1076.0199692319227</ele>
        <time>2026-06-04T11:58:57.000Z</time>
      </trkpt>
      <trkpt lat="42.60924595221877" lon="-0.1412492841482162">
        <ele>1075.94892866949</ele>
        <time>2026-06-04T11:58:58.000Z</time>
      </trkpt>
      <trkpt lat="42.60924477875233" lon="-0.141246199607849">
        <ele>1075.8986179105493</ele>
        <time>2026-06-04T11:59:04.000Z</time>
      </trkpt>
      <trkpt lat="42.60924340412021" lon="-0.14124311506748183">
        <ele>1075.844440447011</ele>
        <time>2026-06-04T11:59:06.000Z</time>
      </trkpt>
      <trkpt lat="42.60924204625189" lon="-0.14124217629432662">
        <ele>1075.8076589296497</ele>
        <time>2026-06-04T11:59:14.000Z</time>
      </trkpt>
      <trkpt lat="42.609240839257836" lon="-0.14124683663249002">
        <ele>1075.8167110429852</ele>
        <time>2026-06-04T11:59:18.000Z</time>
      </trkpt>
      <trkpt lat="42.60924068838358" lon="-0.1412547826766966">
        <ele>1075.8734457118153</ele>
        <time>2026-06-04T11:59:23.000Z</time>
      </trkpt>
      <trkpt lat="42.609240571036935" lon="-0.1412635669112204">
        <ele>1075.937115412406</ele>
        <time>2026-06-04T11:59:30.000Z</time>
      </trkpt>
      <trkpt lat="42.60924072191119" lon="-0.14127273671329021">
        <ele>1076.0099595862446</ele>
        <time>2026-06-04T11:59:33.000Z</time>
      </trkpt>
      <trkpt lat="42.60924087278545" lon="-0.1412800289690494">
        <ele>1076.0737726487955</ele>
        <time>2026-06-04T11:59:35.000Z</time>
      </trkpt>
      <trkpt lat="42.609240939840674" lon="-0.1412823088467122">
        <ele>1076.0968907931926</ele>
        <time>2026-06-04T11:59:41.000Z</time>
      </trkpt>
      <trkpt lat="42.6092410068959" lon="-0.1412830632179978">
        <ele>1076.1056685562535</ele>
        <time>2026-06-04T11:59:47.000Z</time>
      </trkpt>
      <trkpt lat="42.60924005135894" lon="-0.1412820238620046">
        <ele>1076.0721455849803</ele>
        <time>2026-06-04T11:59:51.000Z</time>
      </trkpt>
      <trkpt lat="42.60923812352121" lon="-0.1412795428186658">
        <ele>1076.001787987124</ele>
        <time>2026-06-04T11:59:52.000Z</time>
      </trkpt>
      <trkpt lat="42.609235944226384" lon="-0.1412774305790666">
        <ele>1075.9297842971687</ele>
        <time>2026-06-04T11:59:57.000Z</time>
      </trkpt>
      <trkpt lat="42.60923376493156" lon="-0.1412751842290166">
        <ele>1075.8608877232903</ele>
        <time>2026-06-04T12:00:00.000Z</time>
      </trkpt>
      <trkpt lat="42.609231585636735" lon="-0.1412723008543254">
        <ele>1075.7884750782837</ele>
        <time>2026-06-04T12:00:05.000Z</time>
      </trkpt>
      <trkpt lat="42.60923104919493" lon="-0.1412693671882154">
        <ele>1075.755510825815</ele>
        <time>2026-06-04T12:00:07.000Z</time>
      </trkpt>
      <trkpt lat="42.6092320214957" lon="-0.14126705378294002">
        <ele>1075.7624739167256</ele>
        <time>2026-06-04T12:00:08.000Z</time>
      </trkpt>
      <trkpt lat="42.60923347994685" lon="-0.14126475714147102">
        <ele>1075.780580638485</ele>
        <time>2026-06-04T12:00:13.000Z</time>
      </trkpt>
      <trkpt lat="42.60923500545323" lon="-0.1412625946104526">
        <ele>1075.8007217764907</ele>
        <time>2026-06-04T12:00:16.000Z</time>
      </trkpt>
      <trkpt lat="42.60923720151186" lon="-0.1412610691040754">
        <ele>1075.8404922700402</ele>
        <time>2026-06-04T12:00:19.000Z</time>
      </trkpt>
      <trkpt lat="42.60923891142011" lon="-0.14125545322895042">
        <ele>1075.8382182706519</ele>
        <time>2026-06-04T12:00:20.000Z</time>
      </trkpt>
      <trkpt lat="42.60924030281603" lon="-0.14124965295195563">
        <ele>1075.8260872452076</ele>
        <time>2026-06-04T12:00:28.000Z</time>
      </trkpt>
      <trkpt lat="42.60924238152802" lon="-0.1412438526749608">
        <ele>1075.8278181508742</ele>
        <time>2026-06-04T12:00:34.000Z</time>
      </trkpt>
      <trkpt lat="42.60924479551613" lon="-0.14123806916177262">
        <ele>1075.8351422821854</ele>
        <time>2026-06-04T12:00:36.000Z</time>
      </trkpt>
      <trkpt lat="42.60924653895199" lon="-0.141232470050454">
        <ele>1075.8278455968064</ele>
        <time>2026-06-04T12:00:43.000Z</time>
      </trkpt>
      <trkpt lat="42.609248735010624" lon="-0.141231782734394">
        <ele>1075.8684456375063</ele>
        <time>2026-06-04T12:00:46.000Z</time>
      </trkpt>
      <trkpt lat="42.60925064608455" lon="-0.14123171567916878">
        <ele>1075.9079937127212</ele>
        <time>2026-06-04T12:00:49.000Z</time>
      </trkpt>
      <trkpt lat="42.60925163514912" lon="-0.1412296369671824">
        <ele>1075.911404061901</ele>
        <time>2026-06-04T12:00:52.000Z</time>
      </trkpt>
      <trkpt lat="42.60925222188234" lon="-0.14122710563242463">
        <ele>1075.9024046567256</ele>
        <time>2026-06-04T12:00:53.000Z</time>
      </trkpt>
      <trkpt lat="42.60925287567079" lon="-0.14122370257973701">
        <ele>1075.887216545611</ele>
        <time>2026-06-04T12:00:56.000Z</time>
      </trkpt>
      <trkpt lat="42.6092531606555" lon="-0.141220483928919">
        <ele>1075.8658322907709</ele>
        <time>2026-06-04T12:00:57.000Z</time>
      </trkpt>
      <trkpt lat="42.609253445640206" lon="-0.14121726527810102">
        <ele>1075.8443168581798</ele>
        <time>2026-06-04T12:00:58.000Z</time>
      </trkpt>
      <trkpt lat="42.609253730624914" lon="-0.141216091811657">
        <ele>1075.8400368219936</ele>
        <time>2026-06-04T12:01:02.000Z</time>
      </trkpt>
      <trkpt lat="42.60925401560962" lon="-0.1412154380232096">
        <ele>1075.8401323687879</ele>
        <time>2026-06-04T12:01:03.000Z</time>
      </trkpt>
      <trkpt lat="42.609254233539104" lon="-0.1412154715508224">
        <ele>1075.8447366860144</ele>
        <time>2026-06-04T12:01:06.000Z</time>
      </trkpt>
      <trkpt lat="42.609254233539104" lon="-0.1412184387445452">
        <ele>1075.8700391557297</ele>
        <time>2026-06-04T12:01:07.000Z</time>
      </trkpt>
      <trkpt lat="42.609254233539104" lon="-0.141221892088652">
        <ele>1075.8994872279811</ele>
        <time>2026-06-04T12:01:09.000Z</time>
      </trkpt>
      <trkpt lat="42.60925388149917" lon="-0.14122531190514598">
        <ele>1075.9214249468653</ele>
        <time>2026-06-04T12:01:20.000Z</time>
      </trkpt>
      <trkpt lat="42.60925352945924" lon="-0.14122873172164">
        <ele>1075.943190495724</ele>
        <time>2026-06-04T12:01:21.000Z</time>
      </trkpt>
      <trkpt lat="42.609253177419305" lon="-0.1412310451269152">
        <ele>1075.9554326071927</ele>
        <time>2026-06-04T12:01:24.000Z</time>
      </trkpt>
      <trkpt lat="42.60924953967333" lon="-0.1412304248660804">
        <ele>1075.874207626633</ele>
        <time>2026-06-04T12:01:28.000Z</time>
      </trkpt>
      <trkpt lat="42.60924553312361" lon="-0.14122931845486159">
        <ele>1075.7817752243473</ele>
        <time>2026-06-04T12:01:30.000Z</time>
      </trkpt>
      <trkpt lat="42.60924042016268" lon="-0.14123141393065441">
        <ele>1075.6911831466507</ele>
        <time>2026-06-04T12:01:37.000Z</time>
      </trkpt>
      <trkpt lat="42.60923478752375" lon="-0.141235303133726">
        <ele>1075.6008912851273</ele>
        <time>2026-06-04T12:01:38.000Z</time>
      </trkpt>
      <trkpt lat="42.609229154884815" lon="-0.14124219305813301">
        <ele>1075.5276739563099</ele>
        <time>2026-06-04T12:01:48.000Z</time>
      </trkpt>
      <trkpt lat="42.60922680795193" lon="-0.1412494014948606">
        <ele>1075.5240111488451</ele>
        <time>2026-06-04T12:01:51.000Z</time>
      </trkpt>
      <trkpt lat="42.60922739468515" lon="-0.141258504241705">
        <ele>1075.5972162599571</ele>
        <time>2026-06-04T12:01:56.000Z</time>
      </trkpt>
      <trkpt lat="42.60923114977777" lon="-0.1412651594728232">
        <ele>1075.72895614834</ele>
        <time>2026-06-04T12:01:58.000Z</time>
      </trkpt>
      <trkpt lat="42.60923542454839" lon="-0.1412701550871134">
        <ele>1075.8647425107272</ele>
        <time>2026-06-04T12:02:06.000Z</time>
      </trkpt>
      <trkpt lat="42.609239699319005" lon="-0.14127344079315682">
        <ele>1075.990778825431</ele>
        <time>2026-06-04T12:02:11.000Z</time>
      </trkpt>
      <trkpt lat="42.6092439237982" lon="-0.1412764079868796">
        <ele>1076.1151255731168</ele>
        <time>2026-06-04T12:02:16.000Z</time>
      </trkpt>
      <trkpt lat="42.60924558341503" lon="-0.1412772964686158">
        <ele>1076.1622741787644</ele>
        <time>2026-06-04T12:02:20.000Z</time>
      </trkpt>
      <trkpt lat="42.60924546606839" lon="-0.1412769947201016">
        <ele>1076.1570458736746</ele>
        <time>2026-06-04T12:02:22.000Z</time>
      </trkpt>
      <trkpt lat="42.609245331957936" lon="-0.1412745136767628">
        <ele>1076.1342204184025</ele>
        <time>2026-06-04T12:02:28.000Z</time>
      </trkpt>
      <trkpt lat="42.60924449376762" lon="-0.1412705071270468">
        <ele>1076.082695302473</ele>
        <time>2026-06-04T12:02:31.000Z</time>
      </trkpt>
      <trkpt lat="42.60924370586872" lon="-0.1412665005773308">
        <ele>1076.0328306297338</ele>
        <time>2026-06-04T12:02:35.000Z</time>
      </trkpt>
      <trkpt lat="42.60924291796982" lon="-0.14126267842948462">
        <ele>1075.984840670195</ele>
        <time>2026-06-04T12:02:41.000Z</time>
      </trkpt>
      <trkpt lat="42.609242079779506" lon="-0.14125934243202243">
        <ele>1075.9398518005876</ele>
        <time>2026-06-04T12:02:43.000Z</time>
      </trkpt>
      <trkpt lat="42.609241258352995" lon="-0.1412585712969306">
        <ele>1075.9151356087496</ele>
        <time>2026-06-04T12:02:45.000Z</time>
      </trkpt>
      <trkpt lat="42.609240571036935" lon="-0.1412591412663462">
        <ele>1075.903699695817</ele>
        <time>2026-06-04T12:02:48.000Z</time>
      </trkpt>
      <trkpt lat="42.60923812352121" lon="-0.1412597112357618">
        <ele>1075.851755932747</ele>
        <time>2026-06-04T12:02:51.000Z</time>
      </trkpt>
      <trkpt lat="42.6092351898551" lon="-0.14126028120517742">
        <ele>1075.7884204507318</ele>
        <time>2026-06-04T12:02:59.000Z</time>
      </trkpt>
      <trkpt lat="42.60923234000802" lon="-0.141260800883174">
        <ele>1075.7264288303907</ele>
        <time>2026-06-04T12:03:03.000Z</time>
      </trkpt>
      <trkpt lat="42.60922949016094" lon="-0.1412607841193676">
        <ele>1075.6606000673237</ele>
        <time>2026-06-04T12:03:04.000Z</time>
      </trkpt>
      <trkpt lat="42.60922724381089" lon="-0.14125964418053621">
        <ele>1075.6012827453346</ele>
        <time>2026-06-04T12:03:05.000Z</time>
      </trkpt>
      <trkpt lat="42.609228601679206" lon="-0.14125798456370822">
        <ele>1075.6213714390808</ele>
        <time>2026-06-04T12:03:06.000Z</time>
      </trkpt>
      <trkpt lat="42.609230445697904" lon="-0.1412563249468802">
        <ele>1075.6521925490474</ele>
        <time>2026-06-04T12:03:07.000Z</time>
      </trkpt>
      <trkpt lat="42.609232323244214" lon="-0.1412546653300522">
        <ele>1075.683334413797</ele>
        <time>2026-06-04T12:03:13.000Z</time>
      </trkpt>
      <trkpt lat="42.609234519302845" lon="-0.1412550173699854">
        <ele>1075.7355162585943</ele>
        <time>2026-06-04T12:03:14.000Z</time>
      </trkpt>
      <trkpt lat="42.60923629626632" lon="-0.1412566434592008">
        <ele>1075.7875376336726</ele>
        <time>2026-06-04T12:03:17.000Z</time>
      </trkpt>
      <trkpt lat="42.60923622921109" lon="-0.1412590574473142">
        <ele>1075.8034886262271</ele>
        <time>2026-06-04T12:03:27.000Z</time>
      </trkpt>
      <trkpt lat="42.60923654772341" lon="-0.1412614714354276">
        <ele>1075.8283258746706</ele>
        <time>2026-06-04T12:03:30.000Z</time>
      </trkpt>
      <trkpt lat="42.6092375703156" lon="-0.1412636172026396">
        <ele>1075.8676963165908</ele>
        <time>2026-06-04T12:03:35.000Z</time>
      </trkpt>
      <trkpt lat="42.609238274395466" lon="-0.1412642039358616">
        <ele>1075.8884074528607</ele>
        <time>2026-06-04T12:03:36.000Z</time>
      </trkpt>
      <trkpt lat="42.609239649027586" lon="-0.1412635333836078">
        <ele>1075.9154212238013</ele>
        <time>2026-06-04T12:03:45.000Z</time>
      </trkpt>
      <trkpt lat="42.609241023659706" lon="-0.141261588782072">
        <ele>1075.9326422646247</ele>
        <time>2026-06-04T12:03:47.000Z</time>
      </trkpt>
      <trkpt lat="42.60924296826124" lon="-0.14125837013125422">
        <ele>1075.9527389158452</ele>
        <time>2026-06-04T12:03:49.000Z</time>
      </trkpt>
      <trkpt lat="42.60924425907433" lon="-0.1412548832595348">
        <ele>1075.95503274374</ele>
        <time>2026-06-04T12:03:56.000Z</time>
      </trkpt>
      <trkpt lat="42.60924554988742" lon="-0.1412509605288506">
        <ele>1075.9532367881518</ele>
        <time>2026-06-04T12:04:06.000Z</time>
      </trkpt>
      <trkpt lat="42.60924650542438" lon="-0.141248680651188">
        <ele>1075.9564168653212</ele>
        <time>2026-06-04T12:04:13.000Z</time>
      </trkpt>
      <trkpt lat="42.609247360378504" lon="-0.141248680651188">
        <ele>1075.9753905626549</ele>
        <time>2026-06-04T12:04:20.000Z</time>
      </trkpt>
      <trkpt lat="42.609246673062444" lon="-0.1412501726299524">
        <ele>1075.972053330644</ele>
        <time>2026-06-04T12:04:21.000Z</time>
      </trkpt>
      <trkpt lat="42.609245700761676" lon="-0.1412523686885834">
        <ele>1075.967758469298</ele>
        <time>2026-06-04T12:04:27.000Z</time>
      </trkpt>
      <trkpt lat="42.60924452729523" lon="-0.1412543971091508">
        <ele>1075.9572960425248</ele>
        <time>2026-06-04T12:04:30.000Z</time>
      </trkpt>
      <trkpt lat="42.60924340412021" lon="-0.14125567115843282">
        <ele>1075.9417884834395</ele>
        <time>2026-06-04T12:04:32.000Z</time>
      </trkpt>
      <trkpt lat="42.60924228094518" lon="-0.14125536940991862">
        <ele>1075.9139855937653</ele>
        <time>2026-06-04T12:04:34.000Z</time>
      </trkpt>
      <trkpt lat="42.60924184508622" lon="-0.1412546820938586">
        <ele>1075.8988520907315</ele>
        <time>2026-06-04T12:04:35.000Z</time>
      </trkpt>
      <trkpt lat="42.6092417947948" lon="-0.1412523519247768">
        <ele>1075.879916628378</ele>
        <time>2026-06-04T12:04:36.000Z</time>
      </trkpt>
      <trkpt lat="42.609241945669055" lon="-0.141249669715762">
        <ele>1075.862788942673</ele>
        <time>2026-06-04T12:04:40.000Z</time>
      </trkpt>
      <trkpt lat="42.60924164392054" lon="-0.1412472054362296">
        <ele>1075.83727547512</ele>
        <time>2026-06-04T12:04:43.000Z</time>
      </trkpt>
      <trkpt lat="42.60924109071493" lon="-0.1412450429052114">
        <ele>1075.8086482404028</ele>
        <time>2026-06-04T12:04:52.000Z</time>
      </trkpt>
      <trkpt lat="42.609239833429456" lon="-0.1412431318312884">
        <ele>1075.7667440683044</ele>
        <time>2026-06-04T12:04:54.000Z</time>
      </trkpt>
      <trkpt lat="42.609238089993596" lon="-0.1412428300827742">
        <ele>1075.7265195376408</ele>
        <time>2026-06-04T12:05:00.000Z</time>
      </trkpt>
      <trkpt lat="42.609236346557736" lon="-0.1412430480122566">
        <ele>1075.6901370787045</ele>
        <time>2026-06-04T12:05:02.000Z</time>
      </trkpt>
      <trkpt lat="42.60923505574465" lon="-0.141243265941739">
        <ele>1075.663569935459</ele>
        <time>2026-06-04T12:05:03.000Z</time>
      </trkpt>
      <trkpt lat="42.609236765652895" lon="-0.14124165661633">
        <ele>1075.6891420178029</ele>
        <time>2026-06-04T12:05:11.000Z</time>
      </trkpt>
      <trkpt lat="42.609239934012294" lon="-0.1412370968610046">
        <ele>1075.7236443678576</ele>
        <time>2026-06-04T12:05:12.000Z</time>
      </trkpt>
      <trkpt lat="42.609244979918" lon="-0.14123153127729882">
        <ele>1075.787669496567</ele>
        <time>2026-06-04T12:05:16.000Z</time>
      </trkpt>
      <trkpt lat="42.6092521045357" lon="-0.1412256136536598">
        <ele>1075.8874858752924</ele>
        <time>2026-06-04T12:05:18.000Z</time>
      </trkpt>
      <trkpt lat="42.609259229153395" lon="-0.1412194948643446">
        <ele>1075.9794855965692</ele>
        <time>2026-06-04T12:05:23.000Z</time>
      </trkpt>
      <trkpt lat="42.60926370508969" lon="-0.14121520332992082">
        <ele>1076.029975424187</ele>
        <time>2026-06-04T12:05:25.000Z</time>
      </trkpt>
      <trkpt lat="42.60926662199199" lon="-0.1412137784063816">
        <ele>1076.0743136413253</ele>
        <time>2026-06-04T12:05:26.000Z</time>
      </trkpt>
      <trkpt lat="42.60926326923072" lon="-0.14121669530868522">
        <ele>1076.035032580199</ele>
        <time>2026-06-04T12:05:32.000Z</time>
      </trkpt>
      <trkpt lat="42.60925783775747" lon="-0.14122075214982022">
        <ele>1075.9625559751464</ele>
        <time>2026-06-04T12:05:33.000Z</time>
      </trkpt>
      <trkpt lat="42.609251987189054" lon="-0.14122541248798362">
        <ele>1075.88339208379</ele>
        <time>2026-06-04T12:05:39.000Z</time>
      </trkpt>
      <trkpt lat="42.60924583487213" lon="-0.14123124629259098">
        <ele>1075.8033357615354</ele>
        <time>2026-06-04T12:05:40.000Z</time>
      </trkpt>
      <trkpt lat="42.60923929698765" lon="-0.14123708009719838">
        <ele>1075.7099097023636</ele>
        <time>2026-06-04T12:05:41.000Z</time>
      </trkpt>
      <trkpt lat="42.609237268567085" lon="-0.1412394437938928">
        <ele>1075.6838651075338</ele>
        <time>2026-06-04T12:05:45.000Z</time>
      </trkpt>
      <trkpt lat="42.60923463664949" lon="-0.141240868717432">
        <ele>1075.637348419964</ele>
        <time>2026-06-04T12:05:55.000Z</time>
      </trkpt>
      <trkpt lat="42.60923242382705" lon="-0.14124189130961898">
        <ele>1075.596601429383</ele>
        <time>2026-06-04T12:06:02.000Z</time>
      </trkpt>
      <trkpt lat="42.60923051275313" lon="-0.14124174043536197">
        <ele>1075.55408675345</ele>
        <time>2026-06-04T12:06:04.000Z</time>
      </trkpt>
      <trkpt lat="42.60922969132662" lon="-0.141241589561105">
        <ele>1075.5352429680893</ele>
        <time>2026-06-04T12:06:11.000Z</time>
      </trkpt>
      <trkpt lat="42.60923225618899" lon="-0.1412431653589012">
        <ele>1075.6018246695728</ele>
        <time>2026-06-04T12:06:13.000Z</time>
      </trkpt>
      <trkpt lat="42.60923542454839" lon="-0.14124713838100442">
        <ele>1075.6994255753377</ele>
        <time>2026-06-04T12:06:20.000Z</time>
      </trkpt>
      <trkpt lat="42.609238592907786" lon="-0.14125111140310762">
        <ele>1075.798826681772</ele>
        <time>2026-06-04T12:06:25.000Z</time>
      </trkpt>
      <trkpt lat="42.60924104042351" lon="-0.14125508442521081">
        <ele>1075.8837004850693</ele>
        <time>2026-06-04T12:06:31.000Z</time>
      </trkpt>
      <trkpt lat="42.60924310237169" lon="-0.14125833660364123">
        <ele>1075.9555488813214</ele>
        <time>2026-06-04T12:06:33.000Z</time>
      </trkpt>
      <trkpt lat="42.60924191214144" lon="-0.14125768281519382">
        <ele>1075.9233136226953</ele>
        <time>2026-06-04T12:06:40.000Z</time>
      </trkpt>
      <trkpt lat="42.60923899523914" lon="-0.14125478267669642">
        <ele>1075.8351315963498</ele>
        <time>2026-06-04T12:06:51.000Z</time>
      </trkpt>
      <trkpt lat="42.60923555865884" lon="-0.141251882538199">
        <ele>1075.736507339554</ele>
        <time>2026-06-04T12:06:57.000Z</time>
      </trkpt>
      <trkpt lat="42.60923257470131" lon="-0.1412492673844096">
        <ele>1075.6513518839315</ele>
        <time>2026-06-04T12:07:02.000Z</time>
      </trkpt>
      <trkpt lat="42.609228601679206" lon="-0.1412476077675818">
        <ele>1075.5519028504893</ele>
        <time>2026-06-04T12:07:04.000Z</time>
      </trkpt>
      <trkpt lat="42.609221912920475" lon="-0.1412484291940928">
        <ele>1075.4090810204864</ele>
        <time>2026-06-04T12:07:05.000Z</time>
      </trkpt>
      <trkpt lat="42.609216229990125" lon="-0.1412492506206038">
        <ele>1075.287836444816</ele>
        <time>2026-06-04T12:07:10.000Z</time>
      </trkpt>
      <trkpt lat="42.60920952446759" lon="-0.14125023968517822">
        <ele>1075.1440221360353</ele>
        <time>2026-06-04T12:07:13.000Z</time>
      </trkpt>
      <trkpt lat="42.60920102521777" lon="-0.141252771019936">
        <ele>1074.9664088025509</ele>
        <time>2026-06-04T12:07:14.000Z</time>
      </trkpt>
      <trkpt lat="42.609193900600076" lon="-0.141255067661405">
        <ele>1075.4129630472596</ele>
        <time>2026-06-04T12:07:16.000Z</time>
      </trkpt>
      <trkpt lat="42.60918957553804" lon="-0.14125706255435982">
        <ele>1075.695769037548</ele>
        <time>2026-06-04T12:07:18.000Z</time>
      </trkpt>
      <trkpt lat="42.609186289831996" lon="-0.1412575822323564">
        <ele>1075.905937062256</ele>
        <time>2026-06-04T12:07:19.000Z</time>
      </trkpt>
      <trkpt lat="42.60918511636555" lon="-0.1412578336894514">
        <ele>1075.9812985555882</ele>
        <time>2026-06-04T12:07:20.000Z</time>
      </trkpt>
      <trkpt lat="42.609186289831996" lon="-0.141256157308817">
        <ele>1075.899322275186</ele>
        <time>2026-06-04T12:07:27.000Z</time>
      </trkpt>
      <trkpt lat="42.60918746329844" lon="-0.1412543803453446">
        <ele>1075.8168600889167</ele>
        <time>2026-06-04T12:07:28.000Z</time>
      </trkpt>
      <trkpt lat="42.609188636764884" lon="-0.14125223457813263">
        <ele>1075.7326622569074</ele>
        <time>2026-06-04T12:07:30.000Z</time>
      </trkpt>
      <trkpt lat="42.609189910814166" lon="-0.1412502732127904">
        <ele>1075.6429368486447</ele>
        <time>2026-06-04T12:07:34.000Z</time>
      </trkpt>
      <trkpt lat="42.60919061489403" lon="-0.1412463504821062">
        <ele>1075.5801058392037</ele>
        <time>2026-06-04T12:07:40.000Z</time>
      </trkpt>
      <trkpt lat="42.60919205658138" lon="-0.14124252833426001">
        <ele>1075.4710290449875</ele>
        <time>2026-06-04T12:07:47.000Z</time>
      </trkpt>
      <trkpt lat="42.60919435322285" lon="-0.14123880676925182">
        <ele>1075.3082390174716</ele>
        <time>2026-06-04T12:07:55.000Z</time>
      </trkpt>
      <trkpt lat="42.609196649864316" lon="-0.1412366945296526">
        <ele>1075.1529178287851</ele>
        <time>2026-06-04T12:08:03.000Z</time>
      </trkpt>
      <trkpt lat="42.6091976724565" lon="-0.14123609103262422">
        <ele>1075.0853279348703</ele>
        <time>2026-06-04T12:08:10.000Z</time>
      </trkpt>
      <trkpt lat="42.6091979239136" lon="-0.14123860560357562">
        <ele>1075.0812137263497</ele>
        <time>2026-06-04T12:08:17.000Z</time>
      </trkpt>
      <trkpt lat="42.609196063131094" lon="-0.14124112017452703">
        <ele>1075.2108203084786</ele>
        <time>2026-06-04T12:08:22.000Z</time>
      </trkpt>
      <trkpt lat="42.60919260978699" lon="-0.141244003549218">
        <ele>1075.4429040455316</ele>
        <time>2026-06-04T12:08:24.000Z</time>
      </trkpt>
      <trkpt lat="42.60918915644288" lon="-0.14124666899442662">
        <ele>1075.6738799142825</ele>
        <time>2026-06-04T12:08:30.000Z</time>
      </trkpt>
      <trkpt lat="42.6091865580529" lon="-0.14124911651015282">
        <ele>1075.8496678251747</ele>
        <time>2026-06-04T12:08:32.000Z</time>
      </trkpt>
      <trkpt lat="42.60918593779206" lon="-0.14124948531389242">
        <ele>1075.8906215240413</ele>
        <time>2026-06-04T12:08:34.000Z</time>
      </trkpt>
      <trkpt lat="42.609187027439475" lon="-0.1412497200071812">
        <ele>1075.822774634583</ele>
        <time>2026-06-04T12:08:36.000Z</time>
      </trkpt>
      <trkpt lat="42.60918885469437" lon="-0.14124886505305778">
        <ele>1075.7031951255574</ele>
        <time>2026-06-04T12:08:40.000Z</time>
      </trkpt>
      <trkpt lat="42.60919068194926" lon="-0.1412459816783668">
        <ele>1075.5741429178997</ele>
        <time>2026-06-04T12:08:44.000Z</time>
      </trkpt>
      <trkpt lat="42.60919148661196" lon="-0.1412427630275488">
        <ele>1075.5082022797435</ele>
        <time>2026-06-04T12:08:46.000Z</time>
      </trkpt>
      <trkpt lat="42.609190531075" lon="-0.141240332275629">
        <ele>1075.5573526536552</ele>
        <time>2026-06-04T12:08:50.000Z</time>
      </trkpt>
      <trkpt lat="42.609188955277205" lon="-0.1412371471524238">
        <ele>1075.6422882407528</ele>
        <time>2026-06-04T12:08:54.000Z</time>
      </trkpt>
      <trkpt lat="42.60918719507754" lon="-0.1412346828728912">
        <ele>1075.7422998910165</ele>
        <time>2026-06-04T12:08:56.000Z</time>
      </trkpt>
      <trkpt lat="42.60918521694839" lon="-0.1412332244217392">
        <ele>1075.8608214339392</ele>
        <time>2026-06-04T12:08:57.000Z</time>
      </trkpt>
      <trkpt lat="42.60918426141143" lon="-0.14123293943703139">
        <ele>1075.9200265610516</ele>
        <time>2026-06-04T12:09:00.000Z</time>
      </trkpt>
      <trkpt lat="42.60918315500021" lon="-0.1412328891456124">
        <ele>1075.9898773281084</ele>
        <time>2026-06-04T12:09:03.000Z</time>
      </trkpt>
      <trkpt lat="42.60918194800615" lon="-0.14123382791876762">
        <ele>1076.0706712194333</ele>
        <time>2026-06-04T12:09:08.000Z</time>
      </trkpt>
      <trkpt lat="42.6091807577759" lon="-0.1412346661090848">
        <ele>1076.1499284495403</ele>
        <time>2026-06-04T12:09:12.000Z</time>
      </trkpt>
      <trkpt lat="42.609179785475135" lon="-0.14123548753559562">
        <ele>1076.2152973175591</ele>
        <time>2026-06-04T12:09:13.000Z</time>
      </trkpt>
      <trkpt lat="42.609178360551596" lon="-0.1412350013852116">
        <ele>1076.3033005929353</ele>
        <time>2026-06-04T12:09:14.000Z</time>
      </trkpt>
      <trkpt lat="42.609177086502314" lon="-0.1412345152348276">
        <ele>1076.3817546277744</ele>
        <time>2026-06-04T12:09:17.000Z</time>
      </trkpt>
      <trkpt lat="42.60917591303587" lon="-0.1412339285016056">
        <ele>1076.4533817129807</ele>
        <time>2026-06-04T12:09:19.000Z</time>
      </trkpt>
      <trkpt lat="42.60917490720749" lon="-0.1412334423512216">
        <ele>1076.5148584143653</ele>
        <time>2026-06-04T12:09:21.000Z</time>
      </trkpt>
      <trkpt lat="42.609173499047756" lon="-0.141232972964644">
        <ele>1076.6019013835637</ele>
        <time>2026-06-04T12:09:22.000Z</time>
      </trkpt>
      <trkpt lat="42.60917252674699" lon="-0.1412310451269146">
        <ele>1076.654664577555</ele>
        <time>2026-06-04T12:09:23.000Z</time>
      </trkpt>
      <trkpt lat="42.60917244292796" lon="-0.141221238300204">
        <ele>1076.6150852902183</ele>
        <time>2026-06-04T12:09:30.000Z</time>
      </trkpt>
      <trkpt lat="42.609172359108925" lon="-0.1412099059671162">
        <ele>1076.5685315061469</ele>
        <time>2026-06-04T12:09:33.000Z</time>
      </trkpt>
      <trkpt lat="42.60917227528989" lon="-0.141196310520172">
        <ele>1076.511629307919</ele>
        <time>2026-06-04T12:09:38.000Z</time>
      </trkpt>
      <trkpt lat="42.60917411930859" lon="-0.14117783680558202">
        <ele>1076.3098013175688</ele>
        <time>2026-06-04T12:09:39.000Z</time>
      </trkpt>
      <trkpt lat="42.609176617115736" lon="-0.1411596648395062">
        <ele>1076.0674031454778</ele>
        <time>2026-06-04T12:09:40.000Z</time>
      </trkpt>
      <trkpt lat="42.60917919874191" lon="-0.1411469243466854">
        <ele>1075.844268251126</ele>
        <time>2026-06-04T12:09:43.000Z</time>
      </trkpt>
      <trkpt lat="42.609181981533766" lon="-0.14113217219710342">
        <ele>1075.5986918737512</ele>
        <time>2026-06-04T12:09:44.000Z</time>
      </trkpt>
      <trkpt lat="42.60918486490846" lon="-0.14111696742475022">
        <ele>1075.3442072136856</ele>
        <time>2026-06-04T12:09:46.000Z</time>
      </trkpt>
      <trkpt lat="42.609186390414834" lon="-0.1411053333431482">
        <ele>1075.1918164410029</ele>
        <time>2026-06-04T12:09:48.000Z</time>
      </trkpt>
      <trkpt lat="42.60918759740889" lon="-0.1410927940160036">
        <ele>1075.0204466965426</ele>
        <time>2026-06-04T12:09:53.000Z</time>
      </trkpt>
      <trkpt lat="42.60919118486345" lon="-0.14107787422835838">
        <ele>1074.6802051446912</ele>
        <time>2026-06-04T12:09:54.000Z</time>
      </trkpt>
      <trkpt lat="42.60919576138258" lon="-0.14106553606689">
        <ele>1074.297687963535</ele>
        <time>2026-06-04T12:10:03.000Z</time>
      </trkpt>
      <trkpt lat="42.609206825494766" lon="-0.141052192077041">
        <ele>1073.9447925561353</ele>
        <time>2026-06-04T12:10:06.000Z</time>
      </trkpt>
      <trkpt lat="42.60921772196889" lon="-0.141038026660681">
        <ele>1073.962623136996</ele>
        <time>2026-06-04T12:10:08.000Z</time>
      </trkpt>
      <trkpt lat="42.60922829993069" lon="-0.1410085558891298">
        <ele>1073.8569328424924</ele>
        <time>2026-06-04T12:10:40.000Z</time>
      </trkpt>
      <trkpt lat="42.60923569276929" lon="-0.1409743074327708">
        <ele>1073.6740439310054</ele>
        <time>2026-06-04T12:10:41.000Z</time>
      </trkpt>
      <trkpt lat="42.60924124158919" lon="-0.140938449651003">
        <ele>1073.4545307958824</ele>
        <time>2026-06-04T12:10:46.000Z</time>
      </trkpt>
      <trkpt lat="42.609239330515265" lon="-0.14090617932379262">
        <ele>1073.133145850954</ele>
        <time>2026-06-04T12:10:49.000Z</time>
      </trkpt>
      <trkpt lat="42.60923425108194" lon="-0.1408679746091368">
        <ele>1072.7156266375232</ele>
        <time>2026-06-04T12:10:50.000Z</time>
      </trkpt>
      <trkpt lat="42.60922555066645" lon="-0.1408474054187538">
        <ele>1072.4328962176621</ele>
        <time>2026-06-04T12:10:51.000Z</time>
      </trkpt>
      <trkpt lat="42.60921703465283" lon="-0.1408336590975524">
        <ele>1072.2184184581329</ele>
        <time>2026-06-04T12:10:56.000Z</time>
      </trkpt>
      <trkpt lat="42.6092090383172" lon="-0.140817616134882">
        <ele>1071.9882290855746</ele>
        <time>2026-06-04T12:11:02.000Z</time>
      </trkpt>
      <trkpt lat="42.60920191369951" lon="-0.140800517052412">
        <ele>1071.757565644796</ele>
        <time>2026-06-04T12:11:10.000Z</time>
      </trkpt>
      <trkpt lat="42.6091976724565" lon="-0.1407878268510102">
        <ele>1071.827238394674</ele>
        <time>2026-06-04T12:11:17.000Z</time>
      </trkpt>
      <trkpt lat="42.6091966163367" lon="-0.14077382907271382">
        <ele>1071.7617804533904</ele>
        <time>2026-06-04T12:11:18.000Z</time>
      </trkpt>
      <trkpt lat="42.60919235832989" lon="-0.140757568180561">
        <ele>1071.887116114989</ele>
        <time>2026-06-04T12:11:21.000Z</time>
      </trkpt>
      <trkpt lat="42.60918687656522" lon="-0.1407436206936836">
        <ele>1072.12863832589</ele>
        <time>2026-06-04T12:11:22.000Z</time>
      </trkpt>
      <trkpt lat="42.60918132774532" lon="-0.1407308634370566">
        <ele>1072.3795972750927</ele>
        <time>2026-06-04T12:11:25.000Z</time>
      </trkpt>
      <trkpt lat="42.60917594656348" lon="-0.1407217606902124">
        <ele>1072.6447366863167</ele>
        <time>2026-06-04T12:11:27.000Z</time>
      </trkpt>
      <trkpt lat="42.60917090065777" lon="-0.14071364700794242">
        <ele>1072.8944897058905</ele>
        <time>2026-06-04T12:11:28.000Z</time>
      </trkpt>
      <trkpt lat="42.60916925780475" lon="-0.1407105792313818">
        <ele>1072.9720473634027</ele>
        <time>2026-06-04T12:11:29.000Z</time>
      </trkpt>
      <trkpt lat="42.609168972820044" lon="-0.1407100595533852">
        <ele>1072.985574177481</ele>
        <time>2026-06-04T12:11:32.000Z</time>
      </trkpt>
      <trkpt lat="42.60916888900101" lon="-0.14070943929255042">
        <ele>1072.9858934665262</ele>
        <time>2026-06-04T12:11:37.000Z</time>
      </trkpt>
      <trkpt lat="42.60916959308088" lon="-0.1407056171447042">
        <ele>1072.9126029242052</ele>
        <time>2026-06-04T12:11:38.000Z</time>
      </trkpt>
      <trkpt lat="42.60917100124061" lon="-0.140699548646808">
        <ele>1072.778662858771</ele>
        <time>2026-06-04T12:11:39.000Z</time>
      </trkpt>
      <trkpt lat="42.609172409400344" lon="-0.14068959094584021">
        <ele>1072.6150301459472</ele>
        <time>2026-06-04T12:11:43.000Z</time>
      </trkpt>
      <trkpt lat="42.609173499047756" lon="-0.14067262597382102">
        <ele>1072.4174418303564</ele>
        <time>2026-06-04T12:11:44.000Z</time>
      </trkpt>
      <trkpt lat="42.60917416960001" lon="-0.14065314643085042">
        <ele>1072.2267040875702</ele>
        <time>2026-06-04T12:11:46.000Z</time>
      </trkpt>
      <trkpt lat="42.60917321406305" lon="-0.1406351085752252">
        <ele>1072.1450912653063</ele>
        <time>2026-06-04T12:11:50.000Z</time>
      </trkpt>
      <trkpt lat="42.60917064920068" lon="-0.1406155787408354">
        <ele>1072.1467485263443</ele>
        <time>2026-06-04T12:11:52.000Z</time>
      </trkpt>
      <trkpt lat="42.60916793346405" lon="-0.14059222675859942">
        <ele>1072.1248855681397</ele>
        <time>2026-06-04T12:11:53.000Z</time>
      </trkpt>
      <trkpt lat="42.60916536860168" lon="-0.14057217724621301">
        <ele>1072.1899335263258</ele>
        <time>2026-06-04T12:11:55.000Z</time>
      </trkpt>
      <trkpt lat="42.609163055196404" lon="-0.1405504178255796">
        <ele>1072.2280020731218</ele>
        <time>2026-06-04T12:11:59.000Z</time>
      </trkpt>
      <trkpt lat="42.60916072502732" lon="-0.1405260264873504">
        <ele>1072.242622413923</ele>
        <time>2026-06-04T12:12:01.000Z</time>
      </trkpt>
      <trkpt lat="42.60915921628475" lon="-0.140504216775298">
        <ele>1072.2161719083194</ele>
        <time>2026-06-04T12:12:03.000Z</time>
      </trkpt>
      <trkpt lat="42.60915785841644" lon="-0.1404884587973356">
        <ele>1072.2044480901998</ele>
        <time>2026-06-04T12:12:06.000Z</time>
      </trkpt>
      <trkpt lat="42.60915666818619" lon="-0.1404756847769022">
        <ele>1072.1951029055951</ele>
        <time>2026-06-04T12:12:07.000Z</time>
      </trkpt>
      <trkpt lat="42.609156366437674" lon="-0.140465945005417">
        <ele>1072.1590868748137</ele>
        <time>2026-06-04T12:12:08.000Z</time>
      </trkpt>
      <trkpt lat="42.60915784165263" lon="-0.1404587868601084">
        <ele>1072.0597221006685</ele>
        <time>2026-06-04T12:12:11.000Z</time>
      </trkpt>
      <trkpt lat="42.60915950126946" lon="-0.14044768922030942">
        <ele>1071.9367170255866</ele>
        <time>2026-06-04T12:12:18.000Z</time>
      </trkpt>
      <trkpt lat="42.60916104353964" lon="-0.140431059524417">
        <ele>1071.7979552780469</ele>
        <time>2026-06-04T12:12:21.000Z</time>
      </trkpt>
      <trkpt lat="42.60916189849377" lon="-0.1404102891683578">
        <ele>1071.679325600895</ele>
        <time>2026-06-04T12:12:25.000Z</time>
      </trkpt>
      <trkpt lat="42.6091596018523" lon="-0.14038603194057941">
        <ele>1071.6605743315863</ele>
        <time>2026-06-04T12:12:30.000Z</time>
      </trkpt>
      <trkpt lat="42.60915363393724" lon="-0.14036259613931182">
        <ele>1071.713982232505</ele>
        <time>2026-06-04T12:12:32.000Z</time>
      </trkpt>
      <trkpt lat="42.60914543643594" lon="-0.1403436698019504">
        <ele>1071.7833175907722</ele>
        <time>2026-06-04T12:12:36.000Z</time>
      </trkpt>
      <trkpt lat="42.60913707129657" lon="-0.1403307113796472">
        <ele>1071.8414597283486</ele>
        <time>2026-06-04T12:12:43.000Z</time>
      </trkpt>
      <trkpt lat="42.60912915877998" lon="-0.1403226144611836">
        <ele>1071.897676843919</ele>
        <time>2026-06-04T12:12:45.000Z</time>
      </trkpt>
      <trkpt lat="42.60912350937724" lon="-0.14031924493610862">
        <ele>1071.9497836893122</ele>
        <time>2026-06-04T12:12:50.000Z</time>
      </trkpt>
      <trkpt lat="42.60911975428462" lon="-0.140316864475608">
        <ele>1071.9779271924779</ele>
        <time>2026-06-04T12:12:51.000Z</time>
      </trkpt>
      <trkpt lat="42.60911806114018" lon="-0.140315590426326">
        <ele>1071.9866397084566</ele>
        <time>2026-06-04T12:12:52.000Z</time>
      </trkpt>
      <trkpt lat="42.6091162674129" lon="-0.140319747850299">
        <ele>1072.0706222046845</ele>
        <time>2026-06-04T12:12:56.000Z</time>
      </trkpt>
      <trkpt lat="42.609114557504654" lon="-0.140325028449297">
        <ele>1072.1723844189028</ele>
        <time>2026-06-04T12:12:59.000Z</time>
      </trkpt>
      <trkpt lat="42.60911288112402" lon="-0.140330359339714">
        <ele>1072.2782644085783</ele>
        <time>2026-06-04T12:13:03.000Z</time>
      </trkpt>
      <trkpt lat="42.60911217704415" lon="-0.140335690230131">
        <ele>1072.3692669021057</ele>
        <time>2026-06-04T12:13:04.000Z</time>
      </trkpt>
      <trkpt lat="42.60911251232028" lon="-0.14033480174839483">
        <ele>1072.349805901396</ele>
        <time>2026-06-04T12:13:06.000Z</time>
      </trkpt>
      <trkpt lat="42.60911323316395" lon="-0.14032405614852902">
        <ele>1072.180877235954</ele>
        <time>2026-06-04T12:13:07.000Z</time>
      </trkpt>
      <trkpt lat="42.60911410488188" lon="-0.1403094213455916">
        <ele>1071.9578144785544</ele>
        <time>2026-06-04T12:13:14.000Z</time>
      </trkpt>
      <trkpt lat="42.60911497659981" lon="-0.1402918696403504">
        <ele>1071.699421300903</ele>
        <time>2026-06-04T12:13:16.000Z</time>
      </trkpt>
      <trkpt lat="42.60911534540355" lon="-0.14026990905404102">
        <ele>1071.3891325962636</ele>
        <time>2026-06-04T12:13:22.000Z</time>
      </trkpt>
      <trkpt lat="42.60911410488188" lon="-0.140248753130436">
        <ele>1071.0938055920733</ele>
        <time>2026-06-04T12:13:27.000Z</time>
      </trkpt>
      <trkpt lat="42.60911266319454" lon="-0.1402300950139762">
        <ele>1070.9953343540021</ele>
        <time>2026-06-04T12:13:30.000Z</time>
      </trkpt>
      <trkpt lat="42.609108589589596" lon="-0.14020917378366">
        <ele>1070.868457647286</ele>
        <time>2026-06-04T12:13:35.000Z</time>
      </trkpt>
      <trkpt lat="42.60910270549357" lon="-0.1401891075074674">
        <ele>1070.6909182128768</ele>
        <time>2026-06-04T12:13:41.000Z</time>
      </trkpt>
      <trkpt lat="42.60909480974078" lon="-0.14017063379287742">
        <ele>1070.4466098082667</ele>
        <time>2026-06-04T12:13:44.000Z</time>
      </trkpt>
      <trkpt lat="42.609086813405156" lon="-0.14015638455748583">
        <ele>1070.18270452739</ele>
        <time>2026-06-04T12:13:46.000Z</time>
      </trkpt>
      <trkpt lat="42.60907625220716" lon="-0.1401434261351826">
        <ele>1069.8333283966708</ele>
        <time>2026-06-04T12:13:49.000Z</time>
      </trkpt>
      <trkpt lat="42.60906634479761" lon="-0.1401322446763518">
        <ele>1070.1973743114925</ele>
        <time>2026-06-04T12:13:50.000Z</time>
      </trkpt>
      <trkpt lat="42.609057761728764" lon="-0.14012056030333062">
        <ele>1070.5911589390557</ele>
        <time>2026-06-04T12:13:55.000Z</time>
      </trkpt>
      <trkpt lat="42.60905120708048" lon="-0.140109781175852">
        <ele>1070.8434082871129</ele>
        <time>2026-06-04T12:14:01.000Z</time>
      </trkpt>
      <trkpt lat="42.60904316045344" lon="-0.1400994881987574">
        <ele>1071.1743823836189</ele>
        <time>2026-06-04T12:14:03.000Z</time>
      </trkpt>
      <trkpt lat="42.60903747752309" lon="-0.1400906369090082">
        <ele>1071.3658949379328</ele>
        <time>2026-06-04T12:14:04.000Z</time>
      </trkpt>
      <trkpt lat="42.6090332865715" lon="-0.1400832440704108">
        <ele>1071.482073045368</ele>
        <time>2026-06-04T12:14:07.000Z</time>
      </trkpt>
      <trkpt lat="42.609029330313206" lon="-0.1400781143456698">
        <ele>1071.6182005965322</ele>
        <time>2026-06-04T12:14:08.000Z</time>
      </trkpt>
      <trkpt lat="42.60902586020529" lon="-0.14007486216723922">
        <ele>1071.7790563189785</ele>
        <time>2026-06-04T12:14:11.000Z</time>
      </trkpt>
      <trkpt lat="42.60902472026646" lon="-0.1400688607245684">
        <ele>1071.889835027514</ele>
        <time>2026-06-04T12:14:13.000Z</time>
      </trkpt>
      <trkpt lat="42.609024569392204" lon="-0.14006185345351702">
        <ele>1071.950902823551</ele>
        <time>2026-06-04T12:14:15.000Z</time>
      </trkpt>
      <trkpt lat="42.60902490466833" lon="-0.1400566399097444">
        <ele>1071.9724552947187</ele>
        <time>2026-06-04T12:14:20.000Z</time>
      </trkpt>
      <trkpt lat="42.60902549140155" lon="-0.14005172811448602">
        <ele>1071.9797358151905</ele>
        <time>2026-06-04T12:14:22.000Z</time>
      </trkpt>
      <trkpt lat="42.6090250890702" lon="-0.14004736952483682">
        <ele>1072.0337020087436</ele>
        <time>2026-06-04T12:14:28.000Z</time>
      </trkpt>
      <trkpt lat="42.60902448557317" lon="-0.1400464642792942">
        <ele>1072.0707025508812</ele>
        <time>2026-06-04T12:14:29.000Z</time>
      </trkpt>
      <trkpt lat="42.609023094177246" lon="-0.14004698395729082">
        <ele>1072.1363391275574</ele>
        <time>2026-06-04T12:14:30.000Z</time>
      </trkpt>
      <trkpt lat="42.60902170278132" lon="-0.1400473192334176">
        <ele>1072.2036060793926</ele>
        <time>2026-06-04T12:14:31.000Z</time>
      </trkpt>
      <trkpt lat="42.60902031138539" lon="-0.1400464307516814">
        <ele>1072.2789255912935</ele>
        <time>2026-06-04T12:14:32.000Z</time>
      </trkpt>
      <trkpt lat="42.60902061313391" lon="-0.1400447208434344">
        <ele>1072.2749327496142</ele>
        <time>2026-06-04T12:14:36.000Z</time>
      </trkpt>
      <trkpt lat="42.609021535143256" lon="-0.1400411669164896">
        <ele>1072.2532391809254</ele>
        <time>2026-06-04T12:14:37.000Z</time>
      </trkpt>
      <trkpt lat="42.60902265831828" lon="-0.14003491401672363">
        <ele>1072.2426469445772</ele>
        <time>2026-06-04T12:14:41.000Z</time>
      </trkpt>
      <trkpt lat="42.60902336239815" lon="-0.1400287616997958">
        <ele>1072.2539735726682</ele>
        <time>2026-06-04T12:14:45.000Z</time>
      </trkpt>
      <trkpt lat="42.60902228951454" lon="-0.140023548156023">
        <ele>1072.3383660758482</ele>
        <time>2026-06-04T12:14:52.000Z</time>
      </trkpt>
      <trkpt lat="42.609019657596946" lon="-0.14001665823161602">
        <ele>1072.4961537934716</ele>
        <time>2026-06-04T12:14:55.000Z</time>
      </trkpt>
      <trkpt lat="42.609015164896846" lon="-0.1400088295340538">
        <ele>1072.7234578670555</ele>
        <time>2026-06-04T12:14:57.000Z</time>
      </trkpt>
      <trkpt lat="42.60900969989598" lon="-0.14000136964023122">
        <ele>1072.967330889382</ele>
        <time>2026-06-04T12:15:02.000Z</time>
      </trkpt>
      <trkpt lat="42.60900389961898" lon="-0.1399916633963584">
        <ele>1073.20592752554</ele>
        <time>2026-06-04T12:15:04.000Z</time>
      </trkpt>
      <trkpt lat="42.60899987630546" lon="-0.1399807333946228">
        <ele>1073.3576439910355</ele>
        <time>2026-06-04T12:15:06.000Z</time>
      </trkpt>
      <trkpt lat="42.608996506780386" lon="-0.13997090980410581">
        <ele>1073.466657961917</ele>
        <time>2026-06-04T12:15:07.000Z</time>
      </trkpt>
      <trkpt lat="42.6089941598475" lon="-0.1399621926248074">
        <ele>1073.5310154986644</ele>
        <time>2026-06-04T12:15:08.000Z</time>
      </trkpt>
      <trkpt lat="42.60899062268436" lon="-0.1399509273469448">
        <ele>1073.6102756944124</ele>
        <time>2026-06-04T12:15:11.000Z</time>
      </trkpt>
      <trkpt lat="42.60898765549064" lon="-0.13994013145566">
        <ele>1073.6572077915885</ele>
        <time>2026-06-04T12:15:13.000Z</time>
      </trkpt>
      <trkpt lat="42.608984688296914" lon="-0.1399283297359944">
        <ele>1073.6838884533386</ele>
        <time>2026-06-04T12:15:21.000Z</time>
      </trkpt>
      <trkpt lat="42.60898192226887" lon="-0.1399161089211702">
        <ele>1073.6872052137533</ele>
        <time>2026-06-04T12:15:22.000Z</time>
      </trkpt>
      <trkpt lat="42.60897992737591" lon="-0.139904122799635">
        <ele>1073.6644293472189</ele>
        <time>2026-06-04T12:15:26.000Z</time>
      </trkpt>
      <trkpt lat="42.608980095013976" lon="-0.139897719025612">
        <ele>1073.6207349617548</ele>
        <time>2026-06-04T12:15:28.000Z</time>
      </trkpt>
      <trkpt lat="42.60898044705391" lon="-0.139893176034093">
        <ele>1073.5868968336433</ele>
        <time>2026-06-04T12:15:30.000Z</time>
      </trkpt>
      <trkpt lat="42.60898044705391" lon="-0.13989114761352558">
        <ele>1073.5736276289642</ele>
        <time>2026-06-04T12:15:33.000Z</time>
      </trkpt>
      <trkpt lat="42.60898044705391" lon="-0.1398909129202368">
        <ele>1073.5720923489675</ele>
        <time>2026-06-04T12:15:39.000Z</time>
      </trkpt>
      <trkpt lat="42.608980095013976" lon="-0.13989302515983604">
        <ele>1073.5900007922019</ele>
        <time>2026-06-04T12:15:42.000Z</time>
      </trkpt>
      <trkpt lat="42.60897999443114" lon="-0.1398944333195688">
        <ele>1073.600392327549</ele>
        <time>2026-06-04T12:15:44.000Z</time>
      </trkpt>
      <trkpt lat="42.60898076556623" lon="-0.13989584147930162">
        <ele>1073.6006164042842</ele>
        <time>2026-06-04T12:15:47.000Z</time>
      </trkpt>
      <trkpt lat="42.608983581885695" lon="-0.13989419862628">
        <ele>1073.5570939544634</ele>
        <time>2026-06-04T12:15:48.000Z</time>
      </trkpt>
      <trkpt lat="42.60898928157985" lon="-0.1398868728429082">
        <ele>1073.4439406786685</ele>
        <time>2026-06-04T12:15:51.000Z</time>
      </trkpt>
      <trkpt lat="42.609018282964826" lon="-0.13984219729900382">
        <ele>1072.8469871781115</ele>
        <time>2026-06-04T12:15:56.000Z</time>
      </trkpt>
      <trkpt lat="42.609047032892704" lon="-0.1397975217550994">
        <ele>1072.2973460009339</ele>
        <time>2026-06-04T12:16:00.000Z</time>
      </trkpt>
      <trkpt lat="42.60907491110265" lon="-0.139752846211195">
        <ele>1071.8181939939616</ele>
        <time>2026-06-04T12:16:06.000Z</time>
      </trkpt>
      <trkpt lat="42.609087416902184" lon="-0.1397195197641848">
        <ele>1072.2224165704852</ele>
        <time>2026-06-04T12:16:14.000Z</time>
      </trkpt>
      <trkpt lat="42.60909385420382" lon="-0.13969336822628958">
        <ele>1072.5624785450336</ele>
        <time>2026-06-04T12:16:17.000Z</time>
      </trkpt>
      <trkpt lat="42.609074709936976" lon="-0.1397036612033844">
        <ele>1071.745198049371</ele>
        <time>2026-06-04T12:16:18.000Z</time>
      </trkpt>
      <trkpt lat="42.60905492864549" lon="-0.13971395418047922">
        <ele>1071.8304848359162</ele>
        <time>2026-06-04T12:16:20.000Z</time>
      </trkpt>
      <trkpt lat="42.60903471149504" lon="-0.1397240124642852">
        <ele>1072.0026410600994</ele>
        <time>2026-06-04T12:16:23.000Z</time>
      </trkpt>
      <trkpt lat="42.60902815684676" lon="-0.1397243812680248">
        <ele>1072.0531104274387</ele>
        <time>2026-06-04T12:16:25.000Z</time>
      </trkpt>
      <trkpt lat="42.609024334698915" lon="-0.1397227551788094">
        <ele>1072.0678157137727</ele>
        <time>2026-06-04T12:16:26.000Z</time>
      </trkpt>
      <trkpt lat="42.6090216524899" lon="-0.1397211123257876">
        <ele>1072.0723646116057</ele>
        <time>2026-06-04T12:16:27.000Z</time>
      </trkpt>
      <trkpt lat="42.6090179476887" lon="-0.1397194024175406">
        <ele>1072.0812000071091</ele>
        <time>2026-06-04T12:16:28.000Z</time>
      </trkpt>
      <trkpt lat="42.60901432670653" lon="-0.13971735723316658">
        <ele>1072.0837625395723</ele>
        <time>2026-06-04T12:16:29.000Z</time>
      </trkpt>
      <trkpt lat="42.609009481966496" lon="-0.1397148426622152">
        <ele>1072.0852896912502</ele>
        <time>2026-06-04T12:16:30.000Z</time>
      </trkpt>
      <trkpt lat="42.609002877026796" lon="-0.13970991410315042">
        <ele>1072.0616355255142</ele>
        <time>2026-06-04T12:16:33.000Z</time>
      </trkpt>
      <trkpt lat="42.60899585299194" lon="-0.139702219516039">
        <ele>1071.9898081509887</ele>
        <time>2026-06-04T12:16:34.000Z</time>
      </trkpt>
      <trkpt lat="42.60898985154927" lon="-0.139693032950163">
        <ele>1071.874008090385</ele>
        <time>2026-06-04T12:16:36.000Z</time>
      </trkpt>
      <trkpt lat="42.60898369923234" lon="-0.1396833769977094">
        <ele>1071.7300585855025</ele>
        <time>2026-06-04T12:16:37.000Z</time>
      </trkpt>
      <trkpt lat="42.608978636562824" lon="-0.1396746430546046">
        <ele>1071.581660367658</ele>
        <time>2026-06-04T12:16:38.000Z</time>
      </trkpt>
      <trkpt lat="42.60897573642433" lon="-0.1396682225167752">
        <ele>1071.4646093826918</ele>
        <time>2026-06-04T12:16:39.000Z</time>
      </trkpt>
      <trkpt lat="42.608974328264594" lon="-0.13966403156518942">
        <ele>1071.386363353535</ele>
        <time>2026-06-04T12:16:42.000Z</time>
      </trkpt>
      <trkpt lat="42.60897352360189" lon="-0.1396609805524348">
        <ele>1071.3290094390027</ele>
        <time>2026-06-04T12:16:43.000Z</time>
      </trkpt>
      <trkpt lat="42.608972081914544" lon="-0.13965714164078222">
        <ele>1071.2532783745194</ele>
        <time>2026-06-04T12:16:45.000Z</time>
      </trkpt>
      <trkpt lat="42.608970707282424" lon="-0.13965274952352041">
        <ele>1071.16576053647</ele>
        <time>2026-06-04T12:16:46.000Z</time>
      </trkpt>
      <trkpt lat="42.60896261036396" lon="-0.13963145948946462">
        <ele>1070.6950017740535</ele>
        <time>2026-06-04T12:16:50.000Z</time>
      </trkpt>
      <trkpt lat="42.60895458050072" lon="-0.13959699310362322">
        <ele>1069.879843308841</ele>
        <time>2026-06-04T12:16:53.000Z</time>
      </trkpt>
      <trkpt lat="42.608946584165096" lon="-0.1395629458129404">
        <ele>1069.1856544271675</ele>
        <time>2026-06-04T12:16:57.000Z</time>
      </trkpt>
      <trkpt lat="42.60894485749304" lon="-0.1395291499793528">
        <ele>1069.1317496697839</ele>
        <time>2026-06-04T12:16:59.000Z</time>
      </trkpt>
      <trkpt lat="42.608949702233076" lon="-0.139492755755782">
        <ele>1068.6681313157774</ele>
        <time>2026-06-04T12:17:01.000Z</time>
      </trkpt>
      <trkpt lat="42.60896131955087" lon="-0.13947336003184319">
        <ele>1069.103036124528</ele>
        <time>2026-06-04T12:17:20.000Z</time>
      </trkpt>
      <trkpt lat="42.60897293686867" lon="-0.1394676938652994">
        <ele>1069.6368140325699</ele>
        <time>2026-06-04T12:17:22.000Z</time>
      </trkpt>
      <trkpt lat="42.608978217467666" lon="-0.1394510641694072">
        <ele>1069.9245520686652</ele>
        <time>2026-06-04T12:17:25.000Z</time>
      </trkpt>
      <trkpt lat="42.60897742956877" lon="-0.1394346021115784">
        <ele>1069.9210127589174</ele>
        <time>2026-06-04T12:17:31.000Z</time>
      </trkpt>
      <trkpt lat="42.60896948352456" lon="-0.1394196990877394">
        <ele>1069.485612900442</ele>
        <time>2026-06-04T12:17:37.000Z</time>
      </trkpt>
      <trkpt lat="42.60895845293999" lon="-0.13940122537314922">
        <ele>1068.7876752095883</ele>
        <time>2026-06-04T12:17:39.000Z</time>
      </trkpt>
      <trkpt lat="42.60894634947181" lon="-0.139382064342499">
        <ele>1068.5739984406314</ele>
        <time>2026-06-04T12:17:40.000Z</time>
      </trkpt>
      <trkpt lat="42.60893966071308" lon="-0.1393728610128166">
        <ele>1069.4075261905245</ele>
        <time>2026-06-04T12:17:42.000Z</time>
      </trkpt>
      <trkpt lat="42.60893369279802" lon="-0.1393642444163562">
        <ele>1070.104336502649</ele>
        <time>2026-06-04T12:17:44.000Z</time>
      </trkpt>
      <trkpt lat="42.60892804339528" lon="-0.1393578238785268">
        <ele>1070.6232141324708</ele>
        <time>2026-06-04T12:17:46.000Z</time>
      </trkpt>
      <trkpt lat="42.6089251935482" lon="-0.13935470581054699">
        <ele>1070.8619052468628</ele>
        <time>2026-06-04T12:17:47.000Z</time>
      </trkpt>
      <trkpt lat="42.608923114836216" lon="-0.1393514033406974">
        <ele>1071.0727153059474</ele>
        <time>2026-06-04T12:17:49.000Z</time>
      </trkpt>
      <trkpt lat="42.60891932621598" lon="-0.1393394004553558">
        <ele>1071.6752447463698</ele>
        <time>2026-06-04T12:17:53.000Z</time>
      </trkpt>
      <trkpt lat="42.608914045616984" lon="-0.13932662643492238">
        <ele>1072.2714043366357</ele>
        <time>2026-06-04T12:17:55.000Z</time>
      </trkpt>
      <trkpt lat="42.60890819504857" lon="-0.13930947706103342">
        <ele>1072.9296455016995</ele>
        <time>2026-06-04T12:18:01.000Z</time>
      </trkpt>
      <trkpt lat="42.608902025967836" lon="-0.1392917074263098">
        <ele>1073.4745598552963</ele>
        <time>2026-06-04T12:18:06.000Z</time>
      </trkpt>
      <trkpt lat="42.608889201655984" lon="-0.1392718423157932">
        <ele>1073.7988393875048</ele>
        <time>2026-06-04T12:18:10.000Z</time>
      </trkpt>
      <trkpt lat="42.608869068324566" lon="-0.1392599903047086">
        <ele>1073.4928662957598</ele>
        <time>2026-06-04T12:18:16.000Z</time>
      </trkpt>
      <trkpt lat="42.60884278267622" lon="-0.1392408963292838">
        <ele>1072.5979548800262</ele>
        <time>2026-06-04T12:18:24.000Z</time>
      </trkpt>
      <trkpt lat="42.60881741903722" lon="-0.1392265129834414">
        <ele>1071.7075699218797</ele>
        <time>2026-06-04T12:18:28.000Z</time>
      </trkpt>
      <trkpt lat="42.608792658895254" lon="-0.1392130181193352">
        <ele>1072.9751998036063</ele>
        <time>2026-06-04T12:18:31.000Z</time>
      </trkpt>
      <trkpt lat="42.60877840965986" lon="-0.139203529804945">
        <ele>1073.7727838834794</ele>
        <time>2026-06-04T12:18:33.000Z</time>
      </trkpt>
      <trkpt lat="42.608776699751616" lon="-0.1391957346349954">
        <ele>1073.8373844733328</ele>
        <time>2026-06-04T12:18:36.000Z</time>
      </trkpt>
      <trkpt lat="42.60878593660891" lon="-0.1391970589756964">
        <ele>1073.350474188112</ele>
        <time>2026-06-04T12:18:38.000Z</time>
      </trkpt>
      <trkpt lat="42.60880392417312" lon="-0.1391983833163974">
        <ele>1072.3863730144801</ele>
        <time>2026-06-04T12:18:46.000Z</time>
      </trkpt>
      <trkpt lat="42.60882191173732" lon="-0.1391998250037428">
        <ele>1071.4158043054592</ele>
        <time>2026-06-04T12:18:52.000Z</time>
      </trkpt>
      <trkpt lat="42.608838541433215" lon="-0.13920260779559582">
        <ele>1072.3588856289764</ele>
        <time>2026-06-04T12:18:54.000Z</time>
      </trkpt>
      <trkpt lat="42.608852572739124" lon="-0.1392053905874488">
        <ele>1073.1302663302886</ele>
        <time>2026-06-04T12:18:57.000Z</time>
      </trkpt>
      <trkpt lat="42.608863519504666" lon="-0.139207888394594">
        <ele>1073.712910989805</ele>
        <time>2026-06-04T12:19:01.000Z</time>
      </trkpt>
      <trkpt lat="42.60885996557772" lon="-0.1392078716307878">
        <ele>1073.5100811564566</ele>
        <time>2026-06-04T12:19:02.000Z</time>
      </trkpt>
      <trkpt lat="42.608847761526704" lon="-0.13920772075653082">
        <ele>1072.8148636342567</ele>
        <time>2026-06-04T12:19:03.000Z</time>
      </trkpt>
      <trkpt lat="42.608833361417055" lon="-0.1392051223665476">
        <ele>1072.0243118527112</ele>
        <time>2026-06-04T12:19:08.000Z</time>
      </trkpt>
      <trkpt lat="42.608818961307406" lon="-0.1392002273350954">
        <ele>1071.5623938643746</ele>
        <time>2026-06-04T12:19:14.000Z</time>
      </trkpt>
      <trkpt lat="42.60880529880524" lon="-0.13917310349643242">
        <ele>1072.4382316458764</ele>
        <time>2026-06-04T12:19:17.000Z</time>
      </trkpt>
      <trkpt lat="42.60879738628864" lon="-0.1391415540128946">
        <ele>1072.881290177993</ele>
        <time>2026-06-04T12:19:20.000Z</time>
      </trkpt>
      <trkpt lat="42.60879812389612" lon="-0.139108831062913">
        <ele>1072.9449635041938</ele>
        <time>2026-06-04T12:19:27.000Z</time>
      </trkpt>
      <trkpt lat="42.608798157423735" lon="-0.1390756722539664">
        <ele>1073.0359928120074</ele>
        <time>2026-06-04T12:19:36.000Z</time>
      </trkpt>
      <trkpt lat="42.60879725217819" lon="-0.1390439048409462">
        <ele>1073.1646927779136</ele>
        <time>2026-06-04T12:19:37.000Z</time>
      </trkpt>
      <trkpt lat="42.60879520699382" lon="-0.13903403095900999">
        <ele>1073.3801526533387</ele>
        <time>2026-06-04T12:19:38.000Z</time>
      </trkpt>
      <trkpt lat="42.60879262536764" lon="-0.1390310972929">
        <ele>1073.4354298714966</ele>
        <time>2026-06-04T12:19:39.000Z</time>
      </trkpt>
      <trkpt lat="42.608787931501865" lon="-0.1390293538570402">
        <ele>1073.4541564914477</ele>
        <time>2026-06-04T12:19:40.000Z</time>
      </trkpt>
      <trkpt lat="42.60878152772784" lon="-0.1390287168323992">
        <ele>1073.4421813596562</ele>
        <time>2026-06-04T12:19:42.000Z</time>
      </trkpt>
      <trkpt lat="42.608774268999696" lon="-0.1390314996242522">
        <ele>1073.3941945678791</ele>
        <time>2026-06-04T12:19:44.000Z</time>
      </trkpt>
      <trkpt lat="42.60876695998013" lon="-0.13903512060642242">
        <ele>1073.3672189211784</ele>
        <time>2026-06-04T12:19:45.000Z</time>
      </trkpt>
      <trkpt lat="42.60875950008631" lon="-0.13903936184942722">
        <ele>1073.372727460675</ele>
        <time>2026-06-04T12:19:47.000Z</time>
      </trkpt>
      <trkpt lat="42.60875368304551" lon="-0.1390439718961716">
        <ele>1073.4087447326558</ele>
        <time>2026-06-04T12:19:48.000Z</time>
      </trkpt>
      <trkpt lat="42.60874972678721" lon="-0.13904841430485243">
        <ele>1073.4752123764897</ele>
        <time>2026-06-04T12:19:49.000Z</time>
      </trkpt>
      <trkpt lat="42.60874665901065" lon="-0.1390507612377404">
        <ele>1073.5289466678303</ele>
        <time>2026-06-04T12:19:50.000Z</time>
      </trkpt>
      <trkpt lat="42.608743792399764" lon="-0.1390529572963712">
        <ele>1073.5832055456901</ele>
        <time>2026-06-04T12:19:51.000Z</time>
      </trkpt>
      <trkpt lat="42.60874102637172" lon="-0.1390547677874562">
        <ele>1073.6346642254732</ele>
        <time>2026-06-04T12:19:52.000Z</time>
      </trkpt>
      <trkpt lat="42.6087372712791" lon="-0.1390583887696262">
        <ele>1073.7280313371914</ele>
        <time>2026-06-04T12:19:53.000Z</time>
      </trkpt>
      <trkpt lat="42.608734069392085" lon="-0.13906204327940902">
        <ele>1073.8238684461596</ele>
        <time>2026-06-04T12:19:54.000Z</time>
      </trkpt>
      <trkpt lat="42.608731772750616" lon="-0.1390653457492586">
        <ele>1073.9090778158793</ele>
        <time>2026-06-04T12:19:57.000Z</time>
      </trkpt>
      <trkpt lat="42.60872992873192" lon="-0.13906874880194642">
        <ele>1073.9945722079528</ele>
        <time>2026-06-04T12:19:58.000Z</time>
      </trkpt>
      <trkpt lat="42.60872924141586" lon="-0.1390722859650848">
        <ele>1074.0692655727878</ele>
        <time>2026-06-04T12:19:59.000Z</time>
      </trkpt>
      <trkpt lat="42.60873073339462" lon="-0.139074347913265">
        <ele>1074.0841774742435</ele>
        <time>2026-06-04T12:20:04.000Z</time>
      </trkpt>
      <trkpt lat="42.60873267799616" lon="-0.1390759404748676">
        <ele>1074.081736697599</ele>
        <time>2026-06-04T12:20:05.000Z</time>
      </trkpt>
      <trkpt lat="42.608734622597694" lon="-0.13907746598124482">
        <ele>1074.07626388486</ele>
        <time>2026-06-04T12:20:06.000Z</time>
      </trkpt>
      <trkpt lat="42.60873688571155" lon="-0.1390727218240496">
        <ele>1073.962706378459</ele>
        <time>2026-06-04T12:20:08.000Z</time>
      </trkpt>
      <trkpt lat="42.60873857885599" lon="-0.139058221131563">
        <ele>1073.711588391077</ele>
        <time>2026-06-04T12:20:12.000Z</time>
      </trkpt>
      <trkpt lat="42.60874513350427" lon="-0.13903602585196478">
        <ele>1073.3830391870722</ele>
        <time>2026-06-04T12:20:16.000Z</time>
      </trkpt>
      <trkpt lat="42.60875123552978" lon="-0.1390101760625838">
        <ele>1073.23168687034</ele>
        <time>2026-06-04T12:20:19.000Z</time>
      </trkpt>
      <trkpt lat="42.60875733755529" lon="-0.1389811746776104">
        <ele>1073.262799864523</ele>
        <time>2026-06-04T12:20:27.000Z</time>
      </trkpt>
      <trkpt lat="42.60876233316958" lon="-0.1389577556401492">
        <ele>1073.44560383202</ele>
        <time>2026-06-04T12:20:32.000Z</time>
      </trkpt>
      <trkpt lat="42.60876494832337" lon="-0.13893772289156922">
        <ele>1073.6170078399275</ele>
        <time>2026-06-04T12:20:37.000Z</time>
      </trkpt>
      <trkpt lat="42.60876109264791" lon="-0.13892251811921602">
        <ele>1073.3974337281807</ele>
        <time>2026-06-04T12:20:38.000Z</time>
      </trkpt>
      <trkpt lat="42.60875661671162" lon="-0.1389097273349762">
        <ele>1073.0663441734644</ele>
        <time>2026-06-04T12:20:44.000Z</time>
      </trkpt>
      <trkpt lat="42.608749844133854" lon="-0.138897405937314">
        <ele>1072.4806801004222</ele>
        <time>2026-06-04T12:20:45.000Z</time>
      </trkpt>
      <trkpt lat="42.608742820098996" lon="-0.1388816647231578">
        <ele>1071.7361378217424</ele>
        <time>2026-06-04T12:20:46.000Z</time>
      </trkpt>
      <trkpt lat="42.60873794183135" lon="-0.13887172378599622">
        <ele>1071.2170893516159</ele>
        <time>2026-06-04T12:20:51.000Z</time>
      </trkpt>
      <trkpt lat="42.60873395204544" lon="-0.1388636101037262">
        <ele>1070.9278175454974</ele>
        <time>2026-06-04T12:20:53.000Z</time>
      </trkpt>
      <trkpt lat="42.608730582520366" lon="-0.13885673694312559">
        <ele>1070.6678939276746</ele>
        <time>2026-06-04T12:20:55.000Z</time>
      </trkpt>
      <trkpt lat="42.608729761093855" lon="-0.1388528812676666">
        <ele>1070.6254597189782</ele>
        <time>2026-06-04T12:20:56.000Z</time>
      </trkpt>
      <trkpt lat="42.60872977785766" lon="-0.13885268010199042">
        <ele>1070.6293171206107</ele>
        <time>2026-06-04T12:20:58.000Z</time>
      </trkpt>
      <trkpt lat="42.608730029314756" lon="-0.13885234482586362">
        <ele>1070.6587406623792</ele>
        <time>2026-06-04T12:20:59.000Z</time>
      </trkpt>
      <trkpt lat="42.608727782964706" lon="-0.1388492770493028">
        <ele>1070.4583432921502</ele>
        <time>2026-06-04T12:21:01.000Z</time>
      </trkpt>
      <trkpt lat="42.60872350819409" lon="-0.1388461925089356">
        <ele>1070.0412148844894</ele>
        <time>2026-06-04T12:21:02.000Z</time>
      </trkpt>
      <trkpt lat="42.6087177246809" lon="-0.1388424541801212">
        <ele>1069.4607020648252</ele>
        <time>2026-06-04T12:21:06.000Z</time>
      </trkpt>
      <trkpt lat="42.608711052685976" lon="-0.1388387158513068">
        <ele>1068.7714084492459</ele>
        <time>2026-06-04T12:21:11.000Z</time>
      </trkpt>
      <trkpt lat="42.608702989295125" lon="-0.1388349775224924">
        <ele>1067.9157301293144</ele>
        <time>2026-06-04T12:21:13.000Z</time>
      </trkpt>
      <trkpt lat="42.6086968369782" lon="-0.138830803334713">
        <ele>1067.2504593007443</ele>
        <time>2026-06-04T12:21:15.000Z</time>
      </trkpt>
      <trkpt lat="42.60869266279042" lon="-0.138824835419655">
        <ele>1067.3193295438734</ele>
        <time>2026-06-04T12:21:16.000Z</time>
      </trkpt>
      <trkpt lat="42.60868823714554" lon="-0.1388176940381528">
        <ele>1067.6337735967816</ele>
        <time>2026-06-04T12:21:20.000Z</time>
      </trkpt>
      <trkpt lat="42.60868397913873" lon="-0.138810468837619">
        <ele>1067.9046213368983</ele>
        <time>2026-06-04T12:21:22.000Z</time>
      </trkpt>
      <trkpt lat="42.608680257573724" lon="-0.138803578913212">
        <ele>1068.1119056833202</ele>
        <time>2026-06-04T12:21:27.000Z</time>
      </trkpt>
      <trkpt lat="42.60866076126695" lon="-0.1388001926243308">
        <ele>1069.3507865246759</ele>
        <time>2026-06-04T12:21:28.000Z</time>
      </trkpt>
      <trkpt lat="42.60864131525159" lon="-0.1387984659522774">
        <ele>1070.5658447570372</ele>
        <time>2026-06-04T12:21:30.000Z</time>
      </trkpt>
      <trkpt lat="42.6086233779788" lon="-0.13879709132015722">
        <ele>1071.6649241550708</ele>
        <time>2026-06-04T12:21:35.000Z</time>
      </trkpt>
      <trkpt lat="42.608610805124044" lon="-0.1387885250151158">
        <ele>1072.1000420901548</ele>
        <time>2026-06-04T12:21:38.000Z</time>
      </trkpt>
      <trkpt lat="42.608599657192826" lon="-0.1387787852436304">
        <ele>1072.2941384837163</ele>
        <time>2026-06-04T12:21:50.000Z</time>
      </trkpt>
      <trkpt lat="42.60860534012318" lon="-0.1387650221586226">
        <ele>1071.3679355071736</ele>
        <time>2026-06-04T12:21:55.000Z</time>
      </trkpt>
      <trkpt lat="42.608611945062876" lon="-0.1387476045638322">
        <ele>1070.329840378281</ele>
        <time>2026-06-04T12:21:56.000Z</time>
      </trkpt>
      <trkpt lat="42.60861885175109" lon="-0.1387303713709116">
        <ele>1069.4038589611923</ele>
        <time>2026-06-04T12:22:01.000Z</time>
      </trkpt>
      <trkpt lat="42.60862121544778" lon="-0.1387195587158204">
        <ele>1068.9321709874218</ele>
        <time>2026-06-04T12:22:06.000Z</time>
      </trkpt>
      <trkpt lat="42.60862302593887" lon="-0.13870824314653882">
        <ele>1068.4784762560794</ele>
        <time>2026-06-04T12:22:07.000Z</time>
      </trkpt>
      <trkpt lat="42.608624652028084" lon="-0.1387008838355542">
        <ele>1068.258526356141</ele>
        <time>2026-06-04T12:22:08.000Z</time>
      </trkpt>
      <trkpt lat="42.60862537287176" lon="-0.138697061687708">
        <ele>1068.2952450173532</ele>
        <time>2026-06-04T12:22:11.000Z</time>
      </trkpt>
      <trkpt lat="42.60862590931356" lon="-0.138694128021598">
        <ele>1068.3265723623188</ele>
        <time>2026-06-04T12:22:13.000Z</time>
      </trkpt>
      <trkpt lat="42.608626345172524" lon="-0.138691931962967">
        <ele>1068.351390297034</ele>
        <time>2026-06-04T12:22:14.000Z</time>
      </trkpt>
      <trkpt lat="42.60862755216658" lon="-0.1386910602450372">
        <ele>1068.3540941344968</ele>
        <time>2026-06-04T12:22:15.000Z</time>
      </trkpt>
      <trkpt lat="42.60862847417593" lon="-0.1386891994625332">
        <ele>1068.3751375830789</ele>
        <time>2026-06-04T12:22:16.000Z</time>
      </trkpt>
      <trkpt lat="42.60862937942147" lon="-0.138685528188944">
        <ele>1068.4273389753794</ele>
        <time>2026-06-04T12:22:18.000Z</time>
      </trkpt>
      <trkpt lat="42.60862823948264" lon="-0.138679811730981">
        <ele>1068.5149748362</ele>
        <time>2026-06-04T12:22:20.000Z</time>
      </trkpt>
      <trkpt lat="42.60862569138408" lon="-0.1386693678796292">
        <ele>1068.64361315223</ele>
        <time>2026-06-04T12:22:22.000Z</time>
      </trkpt>
      <trkpt lat="42.60862207040191" lon="-0.1386550012975932">
        <ele>1068.7487614190543</ele>
        <time>2026-06-04T12:22:25.000Z</time>
      </trkpt>
      <trkpt lat="42.608618130907416" lon="-0.1386397629976272">
        <ele>1068.7663319936235</ele>
        <time>2026-06-04T12:22:29.000Z</time>
      </trkpt>
      <trkpt lat="42.60861415788531" lon="-0.1386265866458416">
        <ele>1068.6793925245297</ele>
        <time>2026-06-04T12:22:33.000Z</time>
      </trkpt>
      <trkpt lat="42.60861202888191" lon="-0.1386153884232044">
        <ele>1068.6060186093398</ele>
        <time>2026-06-04T12:22:35.000Z</time>
      </trkpt>
      <trkpt lat="42.608611257746816" lon="-0.1386089511215686">
        <ele>1068.5729521637616</ele>
        <time>2026-06-04T12:22:38.000Z</time>
      </trkpt>
      <trkpt lat="42.60861008428037" lon="-0.13860648684203622">
        <ele>1068.5054174927113</ele>
        <time>2026-06-04T12:22:42.000Z</time>
      </trkpt>
      <trkpt lat="42.60860922932625" lon="-0.1386056151241064">
        <ele>1068.45368417879</ele>
        <time>2026-06-04T12:22:43.000Z</time>
      </trkpt>
      <trkpt lat="42.60860840789974" lon="-0.1386046092957258">
        <ele>1068.4026820907784</ele>
        <time>2026-06-04T12:22:46.000Z</time>
      </trkpt>
      <trkpt lat="42.608607770875096" lon="-0.13860360346734518">
        <ele>1068.3618686945065</ele>
        <time>2026-06-04T12:22:49.000Z</time>
      </trkpt>
      <trkpt lat="42.608607184141874" lon="-0.1385962273925544">
        <ele>1068.3102491459194</ele>
        <time>2026-06-04T12:22:52.000Z</time>
      </trkpt>
      <trkpt lat="42.60860728472471" lon="-0.1385820284485818">
        <ele>1068.2893614005902</ele>
        <time>2026-06-04T12:22:59.000Z</time>
      </trkpt>
      <trkpt lat="42.608606949448586" lon="-0.13856487907469278">
        <ele>1068.22456907394</ele>
        <time>2026-06-04T12:23:03.000Z</time>
      </trkpt>
      <trkpt lat="42.608605708926916" lon="-0.138547595590353">
        <ele>1068.0533747806874</ele>
        <time>2026-06-04T12:23:07.000Z</time>
      </trkpt>
      <trkpt lat="42.60860279202461" lon="-0.1385264564305544">
        <ele>1067.9536679423063</ele>
        <time>2026-06-04T12:23:09.000Z</time>
      </trkpt>
      <trkpt lat="42.608598383143544" lon="-0.13850907236337662">
        <ele>1068.6781338969731</ele>
        <time>2026-06-04T12:23:10.000Z</time>
      </trkpt>
      <trkpt lat="42.60858923010528" lon="-0.1384923420846462">
        <ele>1068.8246366599265</ele>
        <time>2026-06-04T12:23:12.000Z</time>
      </trkpt>
      <trkpt lat="42.60857910476625" lon="-0.1384759470820428">
        <ele>1068.8731621240208</ele>
        <time>2026-06-04T12:23:13.000Z</time>
      </trkpt>
      <trkpt lat="42.60856891237199" lon="-0.13845832832157623">
        <ele>1069.072320568412</ele>
        <time>2026-06-04T12:23:17.000Z</time>
      </trkpt>
      <trkpt lat="42.60855737887323" lon="-0.1384420339018108">
        <ele>1070.0389691629407</ele>
        <time>2026-06-04T12:23:19.000Z</time>
      </trkpt>
      <trkpt lat="42.60854733735323" lon="-0.13842843845486663">
        <ele>1070.5220617914922</ele>
        <time>2026-06-04T12:23:20.000Z</time>
      </trkpt>
      <trkpt lat="42.608542039990425" lon="-0.13842131383717082">
        <ele>1070.6569545692817</ele>
        <time>2026-06-04T12:23:22.000Z</time>
      </trkpt>
      <trkpt lat="42.608541034162045" lon="-0.13842552155256282">
        <ele>1070.4198830879657</ele>
        <time>2026-06-04T12:23:25.000Z</time>
      </trkpt>
      <trkpt lat="42.608541084453464" lon="-0.1384335681796076">
        <ele>1070.0545571380828</ele>
        <time>2026-06-04T12:23:26.000Z</time>
      </trkpt>
      <trkpt lat="42.6085440851748" lon="-0.13844483345747002">
        <ele>1069.5995678130118</ele>
        <time>2026-06-04T12:23:30.000Z</time>
      </trkpt>
      <trkpt lat="42.608547085896134" lon="-0.13845940120518202">
        <ele>1068.900241622834</ele>
        <time>2026-06-04T12:23:33.000Z</time>
      </trkpt>
      <trkpt lat="42.60855008661747" lon="-0.13847440481185902">
        <ele>1068.083251182861</ele>
        <time>2026-06-04T12:23:37.000Z</time>
      </trkpt>
      <trkpt lat="42.60854869522154" lon="-0.13848303817212582">
        <ele>1067.6353163476035</ele>
        <time>2026-06-04T12:23:41.000Z</time>
      </trkpt>
      <trkpt lat="42.60854696854949" lon="-0.13848952576518062">
        <ele>1067.3347474015416</ele>
        <time>2026-06-04T12:23:42.000Z</time>
      </trkpt>
      <trkpt lat="42.60854477249086" lon="-0.1384954601526262">
        <ele>1067.10202679893</ele>
        <time>2026-06-04T12:23:46.000Z</time>
      </trkpt>
      <trkpt lat="42.60854257643223" lon="-0.1384980920702222">
        <ele>1067.0532445340193</ele>
        <time>2026-06-04T12:23:47.000Z</time>
      </trkpt>
      <trkpt lat="42.608540162444115" lon="-0.138500237837434">
        <ele>1067.0472763096184</ele>
        <time>2026-06-04T12:23:51.000Z</time>
      </trkpt>
      <trkpt lat="42.60853925719857" lon="-0.13849869556725042">
        <ele>1067.1504535701815</ele>
        <time>2026-06-04T12:23:54.000Z</time>
      </trkpt>
      <trkpt lat="42.608538603410125" lon="-0.13849594630301001">
        <ele>1067.293431993499</ele>
        <time>2026-06-04T12:23:56.000Z</time>
      </trkpt>
      <trkpt lat="42.60853902250528" lon="-0.1384929120540618">
        <ele>1067.4106201338327</ele>
        <time>2026-06-04T12:24:02.000Z</time>
      </trkpt>
      <trkpt lat="42.60853954218328" lon="-0.138489458709955">
        <ele>1067.5461110507786</ele>
        <time>2026-06-04T12:24:05.000Z</time>
      </trkpt>
      <trkpt lat="42.608540346845984" lon="-0.1384854689240454">
        <ele>1067.702586328604</ele>
        <time>2026-06-04T12:24:06.000Z</time>
      </trkpt>
      <trkpt lat="42.60854155384004" lon="-0.1384828202426432">
        <ele>1067.7962067854705</ele>
        <time>2026-06-04T12:24:07.000Z</time>
      </trkpt>
      <trkpt lat="42.608542961999774" lon="-0.1384801380336284">
        <ele>1067.894636499856</ele>
        <time>2026-06-04T12:24:08.000Z</time>
      </trkpt>
      <trkpt lat="42.60854426957667" lon="-0.1384777408093214">
        <ele>1067.9886919689093</ele>
        <time>2026-06-04T12:24:10.000Z</time>
      </trkpt>
      <trkpt lat="42.608545979484916" lon="-0.138475762680173">
        <ele>1068.0629435010214</ele>
        <time>2026-06-04T12:24:11.000Z</time>
      </trkpt>
      <trkpt lat="42.60854800790548" lon="-0.1384748741984368">
        <ele>1068.0830415558708</ele>
        <time>2026-06-04T12:24:13.000Z</time>
      </trkpt>
      <trkpt lat="42.60854976810515" lon="-0.13847432099282742">
        <ele>1068.0916411231328</ele>
        <time>2026-06-04T12:24:14.000Z</time>
      </trkpt>
      <trkpt lat="42.60855206474662" lon="-0.13847869634628301">
        <ele>1067.8133924367835</ele>
        <time>2026-06-04T12:24:18.000Z</time>
      </trkpt>
      <trkpt lat="42.60855422727764" lon="-0.1384838931262494">
        <ele>1067.4674174691586</ele>
        <time>2026-06-04T12:24:19.000Z</time>
      </trkpt>
      <trkpt lat="42.60855630598962" lon="-0.1384890899062158">
        <ele>1067.0997010619767</ele>
        <time>2026-06-04T12:24:26.000Z</time>
      </trkpt>
      <trkpt lat="42.60855815000832" lon="-0.138493783771992">
        <ele>1066.748789719297</ele>
        <time>2026-06-04T12:24:28.000Z</time>
      </trkpt>
      <trkpt lat="42.60855997726321" lon="-0.1384984776377682">
        <ele>1066.3799827397324</ele>
        <time>2026-06-04T12:24:30.000Z</time>
      </trkpt>
      <trkpt lat="42.608561251312494" lon="-0.1384993828833106">
        <ele>1066.2711561519272</ele>
        <time>2026-06-04T12:24:31.000Z</time>
      </trkpt>
      <trkpt lat="42.60856227390468" lon="-0.138499215245247">
        <ele>1066.24312550291</ele>
        <time>2026-06-04T12:24:32.000Z</time>
      </trkpt>
      <trkpt lat="42.60856287740171" lon="-0.1384990476071834">
        <ele>1066.2314940031504</ele>
        <time>2026-06-04T12:24:33.000Z</time>
      </trkpt>
      <trkpt lat="42.608565006405115" lon="-0.13849758915603141">
        <ele>1066.2539730154867</ele>
        <time>2026-06-04T12:24:34.000Z</time>
      </trkpt>
      <trkpt lat="42.6085670851171" lon="-0.13849572837352722">
        <ele>1066.314428439119</ele>
        <time>2026-06-04T12:24:36.000Z</time>
      </trkpt>
      <trkpt lat="42.608569683507085" lon="-0.1384922750294206">
        <ele>1066.566621240967</ele>
        <time>2026-06-04T12:24:40.000Z</time>
      </trkpt>
      <trkpt lat="42.60857246629894" lon="-0.13848905637860282">
        <ele>1067.1310796447228</ele>
        <time>2026-06-04T12:24:51.000Z</time>
      </trkpt>
      <trkpt lat="42.60857524909079" lon="-0.13848318904638282">
        <ele>1067.8918232543886</ele>
        <time>2026-06-04T12:24:58.000Z</time>
      </trkpt>
      <trkpt lat="42.608576422557235" lon="-0.1384784448891878">
        <ele>1068.3811954111397</ele>
        <time>2026-06-04T12:25:00.000Z</time>
      </trkpt>
      <trkpt lat="42.60857786424458" lon="-0.1384730972349644">
        <ele>1068.944673235148</ele>
        <time>2026-06-04T12:25:05.000Z</time>
      </trkpt>
      <trkpt lat="42.60857887007296" lon="-0.1384692583233118">
        <ele>1069.3447216919456</ele>
        <time>2026-06-04T12:25:06.000Z</time>
      </trkpt>
      <trkpt lat="42.60858047939837" lon="-0.1384654361754656">
        <ele>1069.8104568954545</ele>
        <time>2026-06-04T12:25:07.000Z</time>
      </trkpt>
      <trkpt lat="42.60858369804919" lon="-0.1384653858840466">
        <ele>1070.176203648387</ele>
        <time>2026-06-04T12:25:11.000Z</time>
      </trkpt>
      <trkpt lat="42.60858684964478" lon="-0.13846840336918842">
        <ele>1070.3088464502875</ele>
        <time>2026-06-04T12:25:13.000Z</time>
      </trkpt>
      <trkpt lat="42.608589665964246" lon="-0.13848196528852">
        <ele>1069.6343494021949</ele>
        <time>2026-06-04T12:25:18.000Z</time>
      </trkpt>
      <trkpt lat="42.60859068855643" lon="-0.13850112631917022">
        <ele>1068.3518716526255</ele>
        <time>2026-06-04T12:25:20.000Z</time>
      </trkpt>
      <trkpt lat="42.608588894829154" lon="-0.1385213099420072">
        <ele>1066.6635586628422</ele>
        <time>2026-06-04T12:25:25.000Z</time>
      </trkpt>
      <trkpt lat="42.60858468711376" lon="-0.13854037038981923">
        <ele>1065.6588388228554</ele>
        <time>2026-06-04T12:25:31.000Z</time>
      </trkpt>
      <trkpt lat="42.60858047939837" lon="-0.13855653069913382">
        <ele>1065.5611026005326</ele>
        <time>2026-06-04T12:25:32.000Z</time>
      </trkpt>
      <trkpt lat="42.60857627168298" lon="-0.13856238126754744">
        <ele>1065.2967411721163</ele>
        <time>2026-06-04T12:25:33.000Z</time>
      </trkpt>
      <trkpt lat="42.60857358947396" lon="-0.1385616268962618">
        <ele>1065.0195038988036</ele>
        <time>2026-06-04T12:25:43.000Z</time>
      </trkpt>
      <trkpt lat="42.60857278481126" lon="-0.138558944687247">
        <ele>1064.8633601926117</ele>
        <time>2026-06-04T12:25:46.000Z</time>
      </trkpt>
      <trkpt lat="42.60856941528618" lon="-0.138554837554693">
        <ele>1064.4011418108698</ele>
        <time>2026-06-04T12:25:48.000Z</time>
      </trkpt>
      <trkpt lat="42.60856589488685" lon="-0.1385498419404028">
        <ele>1064.4590479479862</ele>
        <time>2026-06-04T12:25:50.000Z</time>
      </trkpt>
      <trkpt lat="42.608561150729656" lon="-0.1385434381663798">
        <ele>1064.6020315284668</ele>
        <time>2026-06-04T12:25:52.000Z</time>
      </trkpt>
      <trkpt lat="42.60855640657246" lon="-0.1385369170457124">
        <ele>1064.7288388426941</ele>
        <time>2026-06-04T12:25:53.000Z</time>
      </trkpt>
      <trkpt lat="42.608551662415266" lon="-0.1385308150202034">
        <ele>1064.8583610400556</ele>
        <time>2026-06-04T12:25:59.000Z</time>
      </trkpt>
      <trkpt lat="42.60855030454695" lon="-0.1385259032249448">
        <ele>1065.221400605857</ele>
        <time>2026-06-04T12:26:01.000Z</time>
      </trkpt>
      <trkpt lat="42.608549097552896" lon="-0.1385218799114224">
        <ele>1065.5204467324334</ele>
        <time>2026-06-04T12:26:02.000Z</time>
      </trkpt>
      <trkpt lat="42.6085491143167" lon="-0.1385200358927246">
        <ele>1065.619429294784</ele>
        <time>2026-06-04T12:26:06.000Z</time>
      </trkpt>
      <trkpt lat="42.608549147844315" lon="-0.13852159492671462">
        <ele>1065.532763914574</ele>
        <time>2026-06-04T12:26:07.000Z</time>
      </trkpt>
      <trkpt lat="42.60854918137193" lon="-0.1385239418596028">
        <ele>1065.4031885302027</ele>
        <time>2026-06-04T12:26:11.000Z</time>
      </trkpt>
      <trkpt lat="42.60854981839657" lon="-0.1385301779955626">
        <ele>1065.0188536806065</ele>
        <time>2026-06-04T12:26:14.000Z</time>
      </trkpt>
      <trkpt lat="42.60855045542121" lon="-0.138540990650654">
        <ele>1065.3125641561105</ele>
        <time>2026-06-04T12:26:15.000Z</time>
      </trkpt>
      <trkpt lat="42.608551260083914" lon="-0.13855247385799901">
        <ele>1065.6652721897035</ele>
        <time>2026-06-04T12:26:24.000Z</time>
      </trkpt>
      <trkpt lat="42.60855204798281" lon="-0.1385617945343256">
        <ele>1065.938298150499</ele>
        <time>2026-06-04T12:26:26.000Z</time>
      </trkpt>
      <trkpt lat="42.60855479724705" lon="-0.1385708637535572">
        <ele>1066.042262180127</ele>
        <time>2026-06-04T12:26:29.000Z</time>
      </trkpt>
      <trkpt lat="42.60855692625046" lon="-0.138576278463006">
        <ele>1066.06000515999</ele>
        <time>2026-06-04T12:26:32.000Z</time>
      </trkpt>
      <trkpt lat="42.608559373766184" lon="-0.1385769490152596">
        <ele>1065.8842201959994</ele>
        <time>2026-06-04T12:26:38.000Z</time>
      </trkpt>
      <trkpt lat="42.60856165364385" lon="-0.1385760270059108">
        <ele>1065.667537627081</ele>
        <time>2026-06-04T12:26:40.000Z</time>
      </trkpt>
      <trkpt lat="42.60856361500919" lon="-0.13857413269579422">
        <ele>1065.4449548033858</ele>
        <time>2026-06-04T12:26:46.000Z</time>
      </trkpt>
      <trkpt lat="42.60856351442635" lon="-0.1385711319744588">
        <ele>1065.3526228962185</ele>
        <time>2026-06-04T12:26:51.000Z</time>
      </trkpt>
      <trkpt lat="42.60856267623603" lon="-0.1385673601180316">
        <ele>1065.2929394762239</ele>
        <time>2026-06-04T12:26:53.000Z</time>
      </trkpt>
      <trkpt lat="42.608561519533396" lon="-0.1385619286447766">
        <ele>1065.200845398546</ele>
        <time>2026-06-04T12:26:54.000Z</time>
      </trkpt>
      <trkpt lat="42.60856036283076" lon="-0.1385574191808704">
        <ele>1065.1376976887618</ele>
        <time>2026-06-04T12:26:58.000Z</time>
      </trkpt>
      <trkpt lat="42.60855985991657" lon="-0.1385537646710876">
        <ele>1065.0516566991164</ele>
        <time>2026-06-04T12:27:04.000Z</time>
      </trkpt>
      <trkpt lat="42.60856042988598" lon="-0.13855260796844981">
        <ele>1064.9684820980667</ele>
        <time>2026-06-04T12:27:05.000Z</time>
      </trkpt>
      <trkpt lat="42.608563682064414" lon="-0.13855304382741462">
        <ele>1064.7342261848723</ele>
        <time>2026-06-04T12:27:07.000Z</time>
      </trkpt>
      <trkpt lat="42.608571058139205" lon="-0.1385599672794342">
        <ele>1064.7256821133578</ele>
        <time>2026-06-04T12:27:08.000Z</time>
      </trkpt>
      <trkpt lat="42.608578434213996" lon="-0.1385668907314538">
        <ele>1065.615264667215</ele>
        <time>2026-06-04T12:27:09.000Z</time>
      </trkpt>
      <trkpt lat="42.60858547501266" lon="-0.1385751217603682">
        <ele>1066.419835508564</ele>
        <time>2026-06-04T12:27:15.000Z</time>
      </trkpt>
      <trkpt lat="42.60859105736017" lon="-0.1385819111019372">
        <ele>1066.9959960870183</ele>
        <time>2026-06-04T12:27:17.000Z</time>
      </trkpt>
      <trkpt lat="42.60859419219196" lon="-0.1385879795998334">
        <ele>1067.321005487752</ele>
        <time>2026-06-04T12:27:20.000Z</time>
      </trkpt>
      <trkpt lat="42.608593203127384" lon="-0.138589521870017">
        <ele>1067.2673004243738</ele>
        <time>2026-06-04T12:27:21.000Z</time>
      </trkpt>
      <trkpt lat="42.608591727912426" lon="-0.1385910641402006">
        <ele>1067.1808339496986</ele>
        <time>2026-06-04T12:27:31.000Z</time>
      </trkpt>
      <trkpt lat="42.60859013535082" lon="-0.1385902259498834">
        <ele>1067.0524478225598</ele>
        <time>2026-06-04T12:27:33.000Z</time>
      </trkpt>
      <trkpt lat="42.608588291332126" lon="-0.13858657144010061">
        <ele>1066.8552469731808</ele>
        <time>2026-06-04T12:27:37.000Z</time>
      </trkpt>
      <trkpt lat="42.60858695022762" lon="-0.1385828163474798">
        <ele>1066.685148100185</ele>
        <time>2026-06-04T12:27:38.000Z</time>
      </trkpt>
      <trkpt lat="42.60858560912311" lon="-0.1385789271444082">
        <ele>1066.5044407139562</ele>
        <time>2026-06-04T12:27:40.000Z</time>
      </trkpt>
      <trkpt lat="42.60858475416899" lon="-0.13857503794133658">
        <ele>1066.356821814407</ele>
        <time>2026-06-04T12:27:42.000Z</time>
      </trkpt>
      <trkpt lat="42.60858570970595" lon="-0.1385770495980978">
        <ele>1066.4767333230102</ele>
        <time>2026-06-04T12:27:43.000Z</time>
      </trkpt>
      <trkpt lat="42.608587604016066" lon="-0.1385863032191992">
        <ele>1066.7982967810956</ele>
        <time>2026-06-04T12:27:46.000Z</time>
      </trkpt>
      <trkpt lat="42.60858949832618" lon="-0.13859572447836402">
        <ele>1067.094617280131</ele>
        <time>2026-06-04T12:27:52.000Z</time>
      </trkpt>
      <trkpt lat="42.6085913926363" lon="-0.1386051457375288">
        <ele>1067.3624839311274</ele>
        <time>2026-06-04T12:27:55.000Z</time>
      </trkpt>
      <trkpt lat="42.60859316959977" lon="-0.1386143993586302">
        <ele>1067.5933863705877</ele>
        <time>2026-06-04T12:27:56.000Z</time>
      </trkpt>
      <trkpt lat="42.6085932534188" lon="-0.1386175006628036">
        <ele>1067.6386463542754</ele>
        <time>2026-06-04T12:27:58.000Z</time>
      </trkpt>
      <trkpt lat="42.60859276726842" lon="-0.1386153381317854">
        <ele>1067.5844443640021</ele>
        <time>2026-06-04T12:28:01.000Z</time>
      </trkpt>
      <trkpt lat="42.608592281118035" lon="-0.13861272297799582">
        <ele>1067.5222678995685</ele>
        <time>2026-06-04T12:28:04.000Z</time>
      </trkpt>
      <trkpt lat="42.6085911244154" lon="-0.13860898464918142">
        <ele>1067.4030366612592</ele>
        <time>2026-06-04T12:28:05.000Z</time>
      </trkpt>
      <trkpt lat="42.608590085059404" lon="-0.13860422372818">
        <ele>1067.268059850484</ele>
        <time>2026-06-04T12:28:06.000Z</time>
      </trkpt>
      <trkpt lat="42.60858904570341" lon="-0.13859793730080142">
        <ele>1067.1000315608626</ele>
        <time>2026-06-04T12:28:13.000Z</time>
      </trkpt>
      <trkpt lat="42.608588710427284" lon="-0.13859213702380663">
        <ele>1066.980375249853</ele>
        <time>2026-06-04T12:28:21.000Z</time>
      </trkpt>
      <trkpt lat="42.60858864337206" lon="-0.1385866217315198">
        <ele>1066.8828383325538</ele>
        <time>2026-06-04T12:28:26.000Z</time>
      </trkpt>
      <trkpt lat="42.60858983360231" lon="-0.13858239725232122">
        <ele>1066.906189935877</ele>
        <time>2026-06-04T12:28:27.000Z</time>
      </trkpt>
      <trkpt lat="42.60859137587249" lon="-0.1385791953653096">
        <ele>1066.981628196859</ele>
        <time>2026-06-04T12:28:28.000Z</time>
      </trkpt>
      <trkpt lat="42.608592918142676" lon="-0.1385788433253764">
        <ele>1067.1031484785292</ele>
        <time>2026-06-04T12:28:30.000Z</time>
      </trkpt>
      <trkpt lat="42.608594158664346" lon="-0.13857865892350663">
        <ele>1067.2027476636122</ele>
        <time>2026-06-04T12:28:31.000Z</time>
      </trkpt>
      <trkpt lat="42.608595214784145" lon="-0.13857815600931642">
        <ele>1067.283824394924</ele>
        <time>2026-06-04T12:28:32.000Z</time>
      </trkpt>
      <trkpt lat="42.60859593562782" lon="-0.1385774854570628">
        <ele>1067.3360478751479</ele>
        <time>2026-06-04T12:28:33.000Z</time>
      </trkpt>
      <trkpt lat="42.608596455305815" lon="-0.13857696577906622">
        <ele>1067.3737915474549</ele>
        <time>2026-06-04T12:28:34.000Z</time>
      </trkpt>
      <trkpt lat="42.60859697498381" lon="-0.13857636228203782">
        <ele>1067.411113077767</ele>
        <time>2026-06-04T12:28:36.000Z</time>
      </trkpt>
      <trkpt lat="42.608597461134195" lon="-0.1385759431868792">
        <ele>1067.4479029513957</ele>
        <time>2026-06-04T12:28:37.000Z</time>
      </trkpt>
      <trkpt lat="42.60859625414014" lon="-0.13857584260404102">
        <ele>1067.3448960194378</ele>
        <time>2026-06-04T12:28:40.000Z</time>
      </trkpt>
      <trkpt lat="42.608594443649054" lon="-0.1385757420212028">
        <ele>1067.1906358204915</ele>
        <time>2026-06-04T12:28:42.000Z</time>
      </trkpt>
      <trkpt lat="42.60859239846468" lon="-0.1385763455182312">
        <ele>1067.0259414430739</ele>
        <time>2026-06-04T12:28:46.000Z</time>
      </trkpt>
      <trkpt lat="42.60858867689967" lon="-0.138580637052655">
        <ele>1066.7849113843886</ele>
        <time>2026-06-04T12:28:47.000Z</time>
      </trkpt>
      <trkpt lat="42.60858473740518" lon="-0.138585079461336">
        <ele>1066.5555093798523</ele>
        <time>2026-06-04T12:28:48.000Z</time>
      </trkpt>
      <trkpt lat="42.60858200490475" lon="-0.138589521870017">
        <ele>1066.4428704065967</ele>
        <time>2026-06-04T12:28:56.000Z</time>
      </trkpt>
      <trkpt lat="42.608579121530056" lon="-0.1385938134044408">
        <ele>1066.3353294864532</ele>
        <time>2026-06-04T12:28:57.000Z</time>
      </trkpt>
      <trkpt lat="42.6085763219744" lon="-0.138595875352621">
        <ele>1066.1937242893628</ele>
        <time>2026-06-04T12:29:01.000Z</time>
      </trkpt>
      <trkpt lat="42.608574813231826" lon="-0.1385942660272122">
        <ele>1066.0454862158074</ele>
        <time>2026-06-04T12:29:04.000Z</time>
      </trkpt>
      <trkpt lat="42.60857332125306" lon="-0.1385923717170954">
        <ele>1065.8862963437412</ele>
        <time>2026-06-04T12:29:05.000Z</time>
      </trkpt>
      <trkpt lat="42.60857223160565" lon="-0.13858886808156962">
        <ele>1065.7037985374977</ele>
        <time>2026-06-04T12:29:07.000Z</time>
      </trkpt>
      <trkpt lat="42.60857152752578" lon="-0.13858521357178702">
        <ele>1065.5402823478228</ele>
        <time>2026-06-04T12:29:08.000Z</time>
      </trkpt>
      <trkpt lat="42.608570823445916" lon="-0.13858283311128622">
        <ele>1065.4121855584344</ele>
        <time>2026-06-04T12:29:12.000Z</time>
      </trkpt>
      <trkpt lat="42.60857062228024" lon="-0.13858051970601082">
        <ele>1065.3241686612523</ele>
        <time>2026-06-04T12:29:17.000Z</time>
      </trkpt>
      <trkpt lat="42.60857115872204" lon="-0.13857834041118622">
        <ele>1065.3004914282765</ele>
        <time>2026-06-04T12:29:21.000Z</time>
      </trkpt>
      <trkpt lat="42.60857181251049" lon="-0.1385776530951262">
        <ele>1065.3336728409404</ele>
        <time>2026-06-04T12:29:24.000Z</time>
      </trkpt>
      <trkpt lat="42.60857265070081" lon="-0.1385772675275802">
        <ele>1065.3919132410533</ele>
        <time>2026-06-04T12:29:29.000Z</time>
      </trkpt>
      <trkpt lat="42.60857352241874" lon="-0.1385771334171294">
        <ele>1065.4607344052808</ele>
        <time>2026-06-04T12:29:30.000Z</time>
      </trkpt>
      <trkpt lat="42.60857434384525" lon="-0.1385764461010694">
        <ele>1065.509929126527</ele>
        <time>2026-06-04T12:29:31.000Z</time>
      </trkpt>
      <trkpt lat="42.60857464559376" lon="-0.1385754235088824">
        <ele>1065.5066839501485</ele>
        <time>2026-06-04T12:29:33.000Z</time>
      </trkpt>
      <trkpt lat="42.60857482999563" lon="-0.1385742500424384">
        <ele>1065.489678674829</ele>
        <time>2026-06-04T12:29:35.000Z</time>
      </trkpt>
      <trkpt lat="42.60857494734228" lon="-0.13857207074761382">
        <ele>1065.439307846483</ele>
        <time>2026-06-04T12:29:36.000Z</time>
      </trkpt>
      <trkpt lat="42.608573304489255" lon="-0.1385689191520214">
        <ele>1065.2039729454266</ele>
        <time>2026-06-04T12:29:39.000Z</time>
      </trkpt>
      <trkpt lat="42.60857154428959" lon="-0.13856544904410842">
        <ele>1064.9398244368176</ele>
        <time>2026-06-04T12:29:42.000Z</time>
      </trkpt>
      <trkpt lat="42.60856562666595" lon="-0.1385497748851778">
        <ele>1064.477206029072</ele>
        <time>2026-06-04T12:29:48.000Z</time>
      </trkpt>
      <trkpt lat="42.60855843499303" lon="-0.13852937333285822">
        <ele>1064.4538358056548</ele>
        <time>2026-06-04T12:29:49.000Z</time>
      </trkpt>
      <trkpt lat="42.60854386724532" lon="-0.13850997760891923">
        <ele>1066.4271673767298</ele>
        <time>2026-06-04T12:29:52.000Z</time>
      </trkpt>
      <trkpt lat="42.60853027179837" lon="-0.1384864412248134">
        <ele>1067.908450938312</ele>
        <time>2026-06-04T12:29:53.000Z</time>
      </trkpt>
      <trkpt lat="42.60849550366402" lon="-0.1384522095322608">
        <ele>1068.6623477432424</ele>
        <time>2026-06-04T12:30:01.000Z</time>
      </trkpt>
      <trkpt lat="42.60846487618983" lon="-0.1384305171668528">
        <ele>1067.5198466016084</ele>
        <time>2026-06-04T12:30:02.000Z</time>
      </trkpt>
      <trkpt lat="42.60843552276492" lon="-0.13841382041573522">
        <ele>1066.2401596743225</ele>
        <time>2026-06-04T12:32:34.000Z</time>
      </trkpt>
      <trkpt lat="42.608420519158244" lon="-0.138393871486187">
        <ele>1066.0339307155855</ele>
        <time>2026-06-04T12:33:27.000Z</time>
      </trkpt>
      <trkpt lat="42.60840734280646" lon="-0.13837571628391762">
        <ele>1065.7848433851584</ele>
        <time>2026-06-04T12:33:29.000Z</time>
      </trkpt>
      <trkpt lat="42.6084172334522" lon="-0.13836897723376762">
        <ele>1064.7316224198053</ele>
        <time>2026-06-04T12:33:32.000Z</time>
      </trkpt>
      <trkpt lat="42.60842712409794" lon="-0.13836223818361762">
        <ele>1063.6861805845235</ele>
        <time>2026-06-04T12:33:34.000Z</time>
      </trkpt>
      <trkpt lat="42.608437014743686" lon="-0.138354443013668">
        <ele>1063.1938269919108</ele>
        <time>2026-06-04T12:33:37.000Z</time>
      </trkpt>
      <trkpt lat="42.6084389090538" lon="-0.138349900022149">
        <ele>1063.4155915586862</ele>
        <time>2026-06-04T12:33:38.000Z</time>
      </trkpt>
      <trkpt lat="42.60842878371477" lon="-0.13834887742996202">
        <ele>1064.0351500164395</ele>
        <time>2026-06-04T12:33:40.000Z</time>
      </trkpt>
      <trkpt lat="42.608416663482785" lon="-0.1383480057120322">
        <ele>1064.7314957015233</ele>
        <time>2026-06-04T12:33:41.000Z</time>
      </trkpt>
      <trkpt lat="42.60840409062803" lon="-0.1383471339941024">
        <ele>1065.4302869146447</ele>
        <time>2026-06-04T12:33:46.000Z</time>
      </trkpt>
      <trkpt lat="42.608390579000115" lon="-0.1383478883653878">
        <ele>1066.1140846080195</ele>
        <time>2026-06-04T12:33:47.000Z</time>
      </trkpt>
      <trkpt lat="42.60837711766362" lon="-0.1383496653288602">
        <ele>1066.8034298971297</ele>
        <time>2026-06-04T12:33:53.000Z</time>
      </trkpt>
      <trkpt lat="42.608373161405325" lon="-0.1383512914180754">
        <ele>1067.0063919350957</ele>
        <time>2026-06-04T12:33:59.000Z</time>
      </trkpt>
      <trkpt lat="42.608369356021285" lon="-0.1383538059890268">
        <ele>1067.209840704797</ele>
        <time>2026-06-04T12:34:03.000Z</time>
      </trkpt>
      <trkpt lat="42.608366003260016" lon="-0.1383565720170734">
        <ele>1067.404513126415</ele>
        <time>2026-06-04T12:34:08.000Z</time>
      </trkpt>
      <trkpt lat="42.608365416526794" lon="-0.138359623029828">
        <ele>1067.4755837911448</ele>
        <time>2026-06-04T12:34:10.000Z</time>
      </trkpt>
      <trkpt lat="42.60836632177234" lon="-0.13836170174181459">
        <ele>1067.5506949072387</ele>
        <time>2026-06-04T12:34:12.000Z</time>
      </trkpt>
      <trkpt lat="42.60836955718696" lon="-0.1383637469261886">
        <ele>1067.473819602666</ele>
        <time>2026-06-04T12:34:14.000Z</time>
      </trkpt>
      <trkpt lat="42.60837301053107" lon="-0.1383650545030834">
        <ele>1067.3352396577895</ele>
        <time>2026-06-04T12:34:15.000Z</time>
      </trkpt>
      <trkpt lat="42.608376782387495" lon="-0.1383664794266226">
        <ele>1067.1830695770232</ele>
        <time>2026-06-04T12:34:16.000Z</time>
      </trkpt>
      <trkpt lat="42.60837899520993" lon="-0.13836704939603822">
        <ele>1067.0766803545298</ele>
        <time>2026-06-04T12:34:17.000Z</time>
      </trkpt>
      <trkpt lat="42.60838092304766" lon="-0.1383675690740348">
        <ele>1066.985332176474</ele>
        <time>2026-06-04T12:34:18.000Z</time>
      </trkpt>
      <trkpt lat="42.60838211327791" lon="-0.1383678037673236">
        <ele>1066.9234426445896</ele>
        <time>2026-06-04T12:34:19.000Z</time>
      </trkpt>
      <trkpt lat="42.608386404812336" lon="-0.1383678875863554">
        <ele>1066.6521272736336</ele>
        <time>2026-06-04T12:34:22.000Z</time>
      </trkpt>
      <trkpt lat="42.60839037783444" lon="-0.1383676026016476">
        <ele>1066.3782178730903</ele>
        <time>2026-06-04T12:34:26.000Z</time>
      </trkpt>
      <trkpt lat="42.60839408263564" lon="-0.1383676026016476">
        <ele>1066.1394942671332</ele>
        <time>2026-06-04T12:34:30.000Z</time>
      </trkpt>
      <trkpt lat="42.608391819521785" lon="-0.1383711732923986">
        <ele>1066.5085023377787</ele>
        <time>2026-06-04T12:34:35.000Z</time>
      </trkpt>
      <trkpt lat="42.60838886909187" lon="-0.13837724179029479">
        <ele>1067.0795803331594</ele>
        <time>2026-06-04T12:34:38.000Z</time>
      </trkpt>
      <trkpt lat="42.60838256590068" lon="-0.13838347792625438">
        <ele>1067.8824292144009</ele>
        <time>2026-06-04T12:34:42.000Z</time>
      </trkpt>
      <trkpt lat="42.6083762627095" lon="-0.1383897978812456">
        <ele>1068.6951807852588</ele>
        <time>2026-06-04T12:34:44.000Z</time>
      </trkpt>
      <trkpt lat="42.608369993045926" lon="-0.138395832851529">
        <ele>1069.492189843502</ele>
        <time>2026-06-04T12:34:49.000Z</time>
      </trkpt>
      <trkpt lat="42.608369775116444" lon="-0.1383982133120298">
        <ele>1069.6584413034645</ele>
        <time>2026-06-04T12:34:50.000Z</time>
      </trkpt>
      <trkpt lat="42.6083723064512" lon="-0.1383976265788078">
        <ele>1069.453468701358</ele>
        <time>2026-06-04T12:34:51.000Z</time>
      </trkpt>
      <trkpt lat="42.60837487131357" lon="-0.13839576579630358">
        <ele>1069.1655585690307</ele>
        <time>2026-06-04T12:34:52.000Z</time>
      </trkpt>
      <trkpt lat="42.60837762057781" lon="-0.1383937541395426">
        <ele>1068.8564850324115</ele>
        <time>2026-06-04T12:34:55.000Z</time>
      </trkpt>
      <trkpt lat="42.60838120803237" lon="-0.138391423970461">
        <ele>1068.4727609171896</ele>
        <time>2026-06-04T12:34:57.000Z</time>
      </trkpt>
      <trkpt lat="42.60838652215898" lon="-0.13838649541139622">
        <ele>1067.8133743662363</ele>
        <time>2026-06-04T12:34:59.000Z</time>
      </trkpt>
      <trkpt lat="42.60839207097888" lon="-0.1383807118982078">
        <ele>1067.088305296158</ele>
        <time>2026-06-04T12:35:01.000Z</time>
      </trkpt>
      <trkpt lat="42.60839991644025" lon="-0.138374073430896">
        <ele>1066.1649789535459</ele>
        <time>2026-06-04T12:35:04.000Z</time>
      </trkpt>
      <trkpt lat="42.608407812193036" lon="-0.138366848230362">
        <ele>1065.2083655617782</ele>
        <time>2026-06-04T12:35:05.000Z</time>
      </trkpt>
      <trkpt lat="42.608414836227894" lon="-0.13835994154214862">
        <ele>1064.333655060515</ele>
        <time>2026-06-04T12:35:07.000Z</time>
      </trkpt>
      <trkpt lat="42.60841958038509" lon="-0.13835571706295002">
        <ele>1064.1588892452332</ele>
        <time>2026-06-04T12:35:09.000Z</time>
      </trkpt>
      <trkpt lat="42.608421206474304" lon="-0.13835791312158102">
        <ele>1063.9376647742179</ele>
        <time>2026-06-04T12:35:10.000Z</time>
      </trkpt>
      <trkpt lat="42.60841832309961" lon="-0.13836421631276602">
        <ele>1064.3711103225444</ele>
        <time>2026-06-04T12:35:17.000Z</time>
      </trkpt>
      <trkpt lat="42.6084151212126" lon="-0.1383711732923984">
        <ele>1065.0021724212968</ele>
        <time>2026-06-04T12:35:24.000Z</time>
      </trkpt>
      <trkpt lat="42.60841191932559" lon="-0.1383781302720308">
        <ele>1065.6358343108814</ele>
        <time>2026-06-04T12:35:31.000Z</time>
      </trkpt>
      <trkpt lat="42.608408968895674" lon="-0.13838367909193042">
        <ele>1066.1690304793308</ele>
        <time>2026-06-04T12:35:32.000Z</time>
      </trkpt>
      <trkpt lat="42.60840675607324" lon="-0.13838176801800722">
        <ele>1066.1959090692087</ele>
        <time>2026-06-04T12:35:33.000Z</time>
      </trkpt>
      <trkpt lat="42.60840774513781" lon="-0.13837688975036141">
        <ele>1065.830983596084</ele>
        <time>2026-06-04T12:35:35.000Z</time>
      </trkpt>
      <trkpt lat="42.60841119848192" lon="-0.1383697148412466">
        <ele>1065.1662467681222</ele>
        <time>2026-06-04T12:35:36.000Z</time>
      </trkpt>
      <trkpt lat="42.608414651826024" lon="-0.13835367187857622">
        <ele>1064.5583966499148</ele>
        <time>2026-06-04T12:35:37.000Z</time>
      </trkpt>
      <trkpt lat="42.608418088406324" lon="-0.1383180823177098">
        <ele>1066.234853599234</ele>
        <time>2026-06-04T12:35:39.000Z</time>
      </trkpt>
      <trkpt lat="42.60841993242502" lon="-0.1382851414382456">
        <ele>1067.9909969141042</ele>
        <time>2026-06-04T12:35:44.000Z</time>
      </trkpt>
      <trkpt lat="42.608420787379146" lon="-0.13825302198529218">
        <ele>1069.7805915711433</ele>
        <time>2026-06-04T12:35:51.000Z</time>
      </trkpt>
      <trkpt lat="42.60841926187277" lon="-0.1382289659231898">
        <ele>1071.0139477687821</ele>
        <time>2026-06-04T12:35:52.000Z</time>
      </trkpt>
      <trkpt lat="42.60841815546155" lon="-0.1382172144949434">
        <ele>1071.5617311756187</ele>
        <time>2026-06-04T12:35:53.000Z</time>
      </trkpt>
      <trkpt lat="42.60842105560005" lon="-0.138232436031103">
        <ele>1070.9389277832474</ele>
        <time>2026-06-04T12:35:57.000Z</time>
      </trkpt>
      <trkpt lat="42.60842548124492" lon="-0.1382501050829886">
        <ele>1070.1529414963916</ele>
        <time>2026-06-04T12:35:59.000Z</time>
      </trkpt>
      <trkpt lat="42.608429906889796" lon="-0.13827070780098422">
        <ele>1069.0213937006597</ele>
        <time>2026-06-04T12:36:03.000Z</time>
      </trkpt>
      <trkpt lat="42.608432203531265" lon="-0.13828571140766138">
        <ele>1068.074148756435</ele>
        <time>2026-06-04T12:36:05.000Z</time>
      </trkpt>
      <trkpt lat="42.6084309797734" lon="-0.1383001953363418">
        <ele>1067.1121544213547</ele>
        <time>2026-06-04T12:36:06.000Z</time>
      </trkpt>
      <trkpt lat="42.608425464481115" lon="-0.1383091807365416">
        <ele>1066.60032142723</ele>
        <time>2026-06-04T12:36:09.000Z</time>
      </trkpt>
      <trkpt lat="42.60841994918883" lon="-0.1383157856762408">
        <ele>1066.3174703690306</ele>
        <time>2026-06-04T12:36:12.000Z</time>
      </trkpt>
      <trkpt lat="42.60841356217861" lon="-0.13831945694983">
        <ele>1066.272695710232</ele>
        <time>2026-06-04T12:36:13.000Z</time>
      </trkpt>
      <trkpt lat="42.60840925388038" lon="-0.138326447457075">
        <ele>1066.07060408132</ele>
        <time>2026-06-04T12:36:15.000Z</time>
      </trkpt>
      <trkpt lat="42.608407409861684" lon="-0.13833151012659062">
        <ele>1065.9153218103877</ele>
        <time>2026-06-04T12:36:16.000Z</time>
      </trkpt>
      <trkpt lat="42.608405850827694" lon="-0.1383387017995118">
        <ele>1065.6805557431794</ele>
        <time>2026-06-04T12:36:22.000Z</time>
      </trkpt>
      <trkpt lat="42.6084024310112" lon="-0.1383458264172076">
        <ele>1065.5651633110651</ele>
        <time>2026-06-04T12:36:29.000Z</time>
      </trkpt>
      <trkpt lat="42.60839944705367" lon="-0.1383532024919986">
        <ele>1065.464637998636</ele>
        <time>2026-06-04T12:36:30.000Z</time>
      </trkpt>
      <trkpt lat="42.60839622840285" lon="-0.138359673321247">
        <ele>1065.5076596066633</ele>
        <time>2026-06-04T12:36:36.000Z</time>
      </trkpt>
      <trkpt lat="42.608393646776676" lon="-0.1383657921105622">
        <ele>1066.0546100362249</ele>
        <time>2026-06-04T12:36:37.000Z</time>
      </trkpt>
      <trkpt lat="42.6083910651505" lon="-0.1383696310222148">
        <ele>1066.4608028974603</ele>
        <time>2026-06-04T12:36:40.000Z</time>
      </trkpt>
      <trkpt lat="42.60839225538075" lon="-0.1383734866976738">
        <ele>1066.6248639669261</ele>
        <time>2026-06-04T12:36:42.000Z</time>
      </trkpt>
      <trkpt lat="42.608393881469965" lon="-0.13837709091603762">
        <ele>1066.7443698239251</ele>
        <time>2026-06-04T12:36:43.000Z</time>
      </trkpt>
      <trkpt lat="42.60839579254389" lon="-0.1383781135082246">
        <ele>1066.6838478906416</ele>
        <time>2026-06-04T12:36:47.000Z</time>
      </trkpt>
      <trkpt lat="42.60839641280472" lon="-0.1383788008242848">
        <ele>1066.6862757126516</ele>
        <time>2026-06-04T12:36:48.000Z</time>
      </trkpt>
      <trkpt lat="42.608396630734205" lon="-0.1383799910545352">
        <ele>1066.7461503727745</ele>
        <time>2026-06-04T12:36:49.000Z</time>
      </trkpt>
      <trkpt lat="42.608394937589765" lon="-0.1383815668523314">
        <ele>1066.9546808306193</ele>
        <time>2026-06-04T12:36:51.000Z</time>
      </trkpt>
      <trkpt lat="42.608393244445324" lon="-0.1383832264691594">
        <ele>1067.1687547094762</ele>
        <time>2026-06-04T12:36:54.000Z</time>
      </trkpt>
      <trkpt lat="42.60839225538075" lon="-0.1383851543068888">
        <ele>1067.3538361057394</ele>
        <time>2026-06-04T12:36:55.000Z</time>
      </trkpt>
      <trkpt lat="42.60839321091771" lon="-0.138386780396104">
        <ele>1067.3927907394175</ele>
        <time>2026-06-04T12:36:56.000Z</time>
      </trkpt>
      <trkpt lat="42.60839468613267" lon="-0.1383871827274562">
        <ele>1067.3211623117045</ele>
        <time>2026-06-04T12:36:57.000Z</time>
      </trkpt>
      <trkpt lat="42.60839632898569" lon="-0.1383860930800438">
        <ele>1067.145605559353</ele>
        <time>2026-06-04T12:36:59.000Z</time>
      </trkpt>
      <trkpt lat="42.608398189768195" lon="-0.13838486932218058">
        <ele>1066.9476613255476</ele>
        <time>2026-06-04T12:37:00.000Z</time>
      </trkpt>
      <trkpt lat="42.608399430289865" lon="-0.1383822206407784">
        <ele>1066.7021006923947</ele>
        <time>2026-06-04T12:37:04.000Z</time>
      </trkpt>
      <trkpt lat="42.60840023495257" lon="-0.1383794210851192">
        <ele>1066.4759570049227</ele>
        <time>2026-06-04T12:37:05.000Z</time>
      </trkpt>
      <trkpt lat="42.608401123434305" lon="-0.13837695680558681">
        <ele>1066.26540510028</ele>
        <time>2026-06-04T12:37:09.000Z</time>
      </trkpt>
      <trkpt lat="42.60840184427798" lon="-0.1383755821734668">
        <ele>1066.1334476716904</ele>
        <time>2026-06-04T12:37:11.000Z</time>
      </trkpt>
      <trkpt lat="42.60840248130262" lon="-0.1383742745965722">
        <ele>1066.011188665204</ele>
        <time>2026-06-04T12:37:13.000Z</time>
      </trkpt>
      <trkpt lat="42.60840303450823" lon="-0.138376705348492">
        <ele>1066.1256669531049</ele>
        <time>2026-06-04T12:37:15.000Z</time>
      </trkpt>
      <trkpt lat="42.608401944860816" lon="-0.13838049396872543">
        <ele>1066.4310228534055</ele>
        <time>2026-06-04T12:37:17.000Z</time>
      </trkpt>
      <trkpt lat="42.60840065404773" lon="-0.1383853387087586">
        <ele>1066.8154856800622</ele>
        <time>2026-06-04T12:37:23.000Z</time>
      </trkpt>
      <trkpt lat="42.60839968174696" lon="-0.1383901834487918">
        <ele>1067.1797349146518</ele>
        <time>2026-06-04T12:37:27.000Z</time>
      </trkpt>
      <trkpt lat="42.60839857533574" lon="-0.1383950114250186">
        <ele>1067.5523489464977</ele>
        <time>2026-06-04T12:37:30.000Z</time>
      </trkpt>
      <trkpt lat="42.60839777067304" lon="-0.138397090137005">
        <ele>1067.734690765048</ele>
        <time>2026-06-04T12:37:31.000Z</time>
      </trkpt>
      <trkpt lat="42.60839844122529" lon="-0.1383979618549348">
        <ele>1067.7444777689873</ele>
        <time>2026-06-04T12:37:32.000Z</time>
      </trkpt>
      <trkpt lat="42.608399195596576" lon="-0.1383977942168712">
        <ele>1067.6841265693847</ele>
        <time>2026-06-04T12:37:33.000Z</time>
      </trkpt>
      <trkpt lat="42.608400117605925" lon="-0.1383976265788076">
        <ele>1067.6126944406988</ele>
        <time>2026-06-04T12:37:36.000Z</time>
      </trkpt>
      <trkpt lat="42.60840103961527" lon="-0.138397458940744">
        <ele>1067.5412803504055</ele>
        <time>2026-06-04T12:37:37.000Z</time>
      </trkpt>
      <trkpt lat="42.608401676639915" lon="-0.13839665427803963">
        <ele>1067.4492914175476</ele>
        <time>2026-06-04T12:37:38.000Z</time>
      </trkpt>
      <trkpt lat="42.60840224660933" lon="-0.1383955646306274">
        <ele>1067.3441544338316</ele>
        <time>2026-06-04T12:37:40.000Z</time>
      </trkpt>
      <trkpt lat="42.60840239748359" lon="-0.13839030079543582">
        <ele>1067.0084265054095</ele>
        <time>2026-06-04T12:37:44.000Z</time>
      </trkpt>
      <trkpt lat="42.6083937138319" lon="-0.13837675563991061">
        <ele>1066.7343456783335</ele>
        <time>2026-06-04T12:37:45.000Z</time>
      </trkpt>
      <trkpt lat="42.6083812918514" lon="-0.1383608803153038">
        <ele>1066.539387065415</ele>
        <time>2026-06-04T12:37:50.000Z</time>
      </trkpt>
      <trkpt lat="42.608368853107095" lon="-0.1383375618606806">
        <ele>1067.2977642770236</ele>
        <time>2026-06-04T12:37:57.000Z</time>
      </trkpt>
      <trkpt lat="42.608356431126595" lon="-0.1383115276694298">
        <ele>1067.595920014201</ele>
        <time>2026-06-04T12:38:00.000Z</time>
      </trkpt>
      <trkpt lat="42.608355140313506" lon="-0.1382896676659584">
        <ele>1067.3964587056387</ele>
        <time>2026-06-04T12:38:16.000Z</time>
      </trkpt>
      <trkpt lat="42.60836310312152" lon="-0.138277279213071">
        <ele>1067.4125723500197</ele>
        <time>2026-06-04T12:38:17.000Z</time>
      </trkpt>
      <trkpt lat="42.608374904841185" lon="-0.13826722092926522">
        <ele>1067.7187902702915</ele>
        <time>2026-06-04T12:38:19.000Z</time>
      </trkpt>
      <trkpt lat="42.60838754475117" lon="-0.138265745714307">
        <ele>1068.1027097371373</ele>
        <time>2026-06-04T12:38:20.000Z</time>
      </trkpt>
      <trkpt lat="42.60840018466115" lon="-0.1382672712206842">
        <ele>1068.4191983871017</ele>
        <time>2026-06-04T12:38:25.000Z</time>
      </trkpt>
      <trkpt lat="42.60840202867985" lon="-0.13826879672706138">
        <ele>1068.4143038547954</ele>
        <time>2026-06-04T12:38:31.000Z</time>
      </trkpt>
      <trkpt lat="42.60840008407831" lon="-0.1382648572325708">
        <ele>1068.5003704481828</ele>
        <time>2026-06-04T12:38:37.000Z</time>
      </trkpt>
      <trkpt lat="42.60839592665434" lon="-0.138256123289466">
        <ele>1068.6426003359732</ele>
        <time>2026-06-04T12:38:38.000Z</time>
      </trkpt>
      <trkpt lat="42.60838742740452" lon="-0.1382458470761776">
        <ele>1068.5398901536796</ele>
        <time>2026-06-04T12:38:42.000Z</time>
      </trkpt>
      <trkpt lat="42.608378123492" lon="-0.13823277130723">
        <ele>1068.2509578755105</ele>
        <time>2026-06-04T12:38:45.000Z</time>
      </trkpt>
      <trkpt lat="42.608367478474975" lon="-0.1382181365042924">
        <ele>1067.6216448578843</ele>
        <time>2026-06-04T12:38:49.000Z</time>
      </trkpt>
      <trkpt lat="42.60835953243077" lon="-0.1382075920701026">
        <ele>1066.9512643107905</ele>
        <time>2026-06-04T12:38:50.000Z</time>
      </trkpt>
      <trkpt lat="42.60835369862616" lon="-0.13820170797407622">
        <ele>1066.373994040689</ele>
        <time>2026-06-04T12:38:51.000Z</time>
      </trkpt>
      <trkpt lat="42.60835054703057" lon="-0.1381968967616558">
        <ele>1066.0096451610943</ele>
        <time>2026-06-04T12:38:57.000Z</time>
      </trkpt>
      <trkpt lat="42.60834902152419" lon="-0.138193879276514">
        <ele>1065.8112479074075</ele>
        <time>2026-06-04T12:38:58.000Z</time>
      </trkpt>
      <trkpt lat="42.60834985971451" lon="-0.1381899230182172">
        <ele>1065.8351068238462</ele>
        <time>2026-06-04T12:38:59.000Z</time>
      </trkpt>
      <trkpt lat="42.608350882306695" lon="-0.13818615116179">
        <ele>1065.93137565108</ele>
        <time>2026-06-04T12:39:00.000Z</time>
      </trkpt>
      <trkpt lat="42.608350463211536" lon="-0.1381825134158136">
        <ele>1065.9581085908276</ele>
        <time>2026-06-04T12:39:06.000Z</time>
      </trkpt>
      <trkpt lat="42.60835086554289" lon="-0.13818242959678204">
        <ele>1066.003602661953</ele>
        <time>2026-06-04T12:39:09.000Z</time>
      </trkpt>
      <trkpt lat="42.60834690928459" lon="-0.13818405568599743">
        <ele>1065.5421133364302</ele>
        <time>2026-06-04T12:39:11.000Z</time>
      </trkpt>
      <trkpt lat="42.60834193043411" lon="-0.13818817958235782">
        <ele>1064.9622506889084</ele>
        <time>2026-06-04T12:39:19.000Z</time>
      </trkpt>
      <trkpt lat="42.608336951583624" lon="-0.13819240406155622">
        <ele>1064.550382302198</ele>
        <time>2026-06-04T12:39:22.000Z</time>
      </trkpt>
      <trkpt lat="42.60833379998803" lon="-0.1381965279579166">
        <ele>1064.3569130647566</ele>
        <time>2026-06-04T12:39:24.000Z</time>
      </trkpt>
      <trkpt lat="42.60833271034062" lon="-0.1381970811635258">
        <ele>1064.2677060511814</ele>
        <time>2026-06-04T12:39:25.000Z</time>
      </trkpt>
      <trkpt lat="42.608335157856345" lon="-0.1381968799978496">
        <ele>1064.5010580344322</ele>
        <time>2026-06-04T12:39:26.000Z</time>
      </trkpt>
      <trkpt lat="42.60833760537207" lon="-0.13819434866309183">
        <ele>1064.6710667423026</ele>
        <time>2026-06-04T12:39:28.000Z</time>
      </trkpt>
      <trkpt lat="42.608337588608265" lon="-0.1381836868822576">
        <ele>1064.5369624155198</ele>
        <time>2026-06-04T12:39:30.000Z</time>
      </trkpt>
      <trkpt lat="42.608332358300686" lon="-0.1381682977080346">
        <ele>1064.1901929471185</ele>
        <time>2026-06-04T12:39:32.000Z</time>
      </trkpt>
      <trkpt lat="42.60832457989454" lon="-0.1381518356502058">
        <ele>1063.5082253209484</ele>
        <time>2026-06-04T12:39:37.000Z</time>
      </trkpt>
      <trkpt lat="42.60831210762262" lon="-0.138132004067302">
        <ele>1063.1334740711272</ele>
        <time>2026-06-04T12:39:43.000Z</time>
      </trkpt>
      <trkpt lat="42.60829762369394" lon="-0.138111334294081">
        <ele>1064.4782876141855</ele>
        <time>2026-06-04T12:39:49.000Z</time>
      </trkpt>
      <trkpt lat="42.60828557051718" lon="-0.1380880158394578">
        <ele>1065.3872938286486</ele>
        <time>2026-06-04T12:39:54.000Z</time>
      </trkpt>
      <trkpt lat="42.608277808874846" lon="-0.1380662061274054">
        <ele>1065.8045949885236</ele>
        <time>2026-06-04T12:40:00.000Z</time>
      </trkpt>
      <trkpt lat="42.60826930962503" lon="-0.1380434911698104">
        <ele>1066.111403566734</ele>
        <time>2026-06-04T12:40:04.000Z</time>
      </trkpt>
      <trkpt lat="42.60826548747718" lon="-0.1380231902003288">
        <ele>1066.0797345234414</ele>
        <time>2026-06-04T12:40:06.000Z</time>
      </trkpt>
      <trkpt lat="42.608262000605464" lon="-0.1380057558417318">
        <ele>1065.9724612593986</ele>
        <time>2026-06-04T12:40:07.000Z</time>
      </trkpt>
      <trkpt lat="42.60825854726136" lon="-0.1379988994449374">
        <ele>1065.9950636250344</ele>
        <time>2026-06-04T12:40:08.000Z</time>
      </trkpt>
      <trkpt lat="42.608255529776216" lon="-0.137995362281799">
        <ele>1066.0528109416853</ele>
        <time>2026-06-04T12:40:11.000Z</time>
      </trkpt>
      <trkpt lat="42.60825371928513" lon="-0.13799395412206622">
        <ele>1066.098818792525</ele>
        <time>2026-06-04T12:40:12.000Z</time>
      </trkpt>
      <trkpt lat="42.60824944451451" lon="-0.13799355179071401">
        <ele>1066.258356825655</ele>
        <time>2026-06-04T12:40:13.000Z</time>
      </trkpt>
      <trkpt lat="42.60824584029615" lon="-0.137993451207876">
        <ele>1066.3970054727165</ele>
        <time>2026-06-04T12:40:14.000Z</time>
      </trkpt>
      <trkpt lat="42.608242236077785" lon="-0.137992965057492">
        <ele>1066.5281393364937</ele>
        <time>2026-06-04T12:40:17.000Z</time>
      </trkpt>
      <trkpt lat="42.60823873244226" lon="-0.13799237832427">
        <ele>1066.6529304944418</ele>
        <time>2026-06-04T12:40:19.000Z</time>
      </trkpt>
      <trkpt lat="42.60823579877615" lon="-0.13799179159104802">
        <ele>1066.7550951446676</ele>
        <time>2026-06-04T12:40:21.000Z</time>
      </trkpt>
      <trkpt lat="42.60823584906757" lon="-0.137991204857826">
        <ele>1066.7413681365629</ele>
        <time>2026-06-04T12:40:24.000Z</time>
      </trkpt>
      <trkpt lat="42.608237290754914" lon="-0.137990668416023">
        <ele>1066.6749226735476</ele>
        <time>2026-06-04T12:40:25.000Z</time>
      </trkpt>
      <trkpt lat="42.60824044235051" lon="-0.1379908528178928">
        <ele>1066.5568010308784</ele>
        <time>2026-06-04T12:40:26.000Z</time>
      </trkpt>
      <trkpt lat="42.608243845403194" lon="-0.1379911378026006">
        <ele>1066.4307208709693</ele>
        <time>2026-06-04T12:40:27.000Z</time>
      </trkpt>
      <trkpt lat="42.60824669525027" lon="-0.13799142278730842">
        <ele>1066.3258084631889</ele>
        <time>2026-06-04T12:40:32.000Z</time>
      </trkpt>
      <trkpt lat="42.608248790726066" lon="-0.1379897966980932">
        <ele>1066.2147584538611</ele>
        <time>2026-06-04T12:40:34.000Z</time>
      </trkpt>
      <trkpt lat="42.60824853926897" lon="-0.1379863265901802">
        <ele>1066.160480736936</ele>
        <time>2026-06-04T12:40:38.000Z</time>
      </trkpt>
      <trkpt lat="42.60824657790363" lon="-0.1379826217889784">
        <ele>1066.165900684109</ele>
        <time>2026-06-04T12:40:40.000Z</time>
      </trkpt>
      <trkpt lat="42.60824436508119" lon="-0.13797891698777662">
        <ele>1066.178770304552</ele>
        <time>2026-06-04T12:40:44.000Z</time>
      </trkpt>
      <trkpt lat="42.60824557207525" lon="-0.13797521218657482">
        <ele>1066.0642828454984</ele>
        <time>2026-06-04T12:40:45.000Z</time>
      </trkpt>
      <trkpt lat="42.6082470305264" lon="-0.13797283172607402">
        <ele>1065.9665322769151</ele>
        <time>2026-06-04T12:40:48.000Z</time>
      </trkpt>
      <trkpt lat="42.608250450342894" lon="-0.1379689089953898">
        <ele>1065.771014479361</ele>
        <time>2026-06-04T12:40:55.000Z</time>
      </trkpt>
      <trkpt lat="42.608253417536616" lon="-0.13796176761388762">
        <ele>1065.5376479611646</ele>
        <time>2026-06-04T12:41:03.000Z</time>
      </trkpt>
      <trkpt lat="42.60825615003705" lon="-0.1379533018916844">
        <ele>1065.2946251915089</ele>
        <time>2026-06-04T12:41:08.000Z</time>
      </trkpt>
      <trkpt lat="42.60825546272099" lon="-0.1379430256783962">
        <ele>1065.1376387229895</ele>
        <time>2026-06-04T12:41:10.000Z</time>
      </trkpt>
      <trkpt lat="42.60825477540493" lon="-0.1379330176860094">
        <ele>1064.9835529997627</ele>
        <time>2026-06-04T12:41:14.000Z</time>
      </trkpt>
      <trkpt lat="42.60825665295124" lon="-0.13792606070637697">
        <ele>1064.804109978448</ele>
        <time>2026-06-04T12:41:15.000Z</time>
      </trkpt>
      <trkpt lat="42.608260843902826" lon="-0.13791486248374002">
        <ele>1064.4886868208987</ele>
        <time>2026-06-04T12:41:17.000Z</time>
      </trkpt>
      <trkpt lat="42.60827086865902" lon="-0.13788740336895">
        <ele>1063.7729763893162</ele>
        <time>2026-06-04T12:41:19.000Z</time>
      </trkpt>
      <trkpt lat="42.608293080702424" lon="-0.1378548312932254">
        <ele>1062.7990287625867</ele>
        <time>2026-06-04T12:41:22.000Z</time>
      </trkpt>
      <trkpt lat="42.60831529274583" lon="-0.1378225777298214">
        <ele>1061.6350962213205</ele>
        <time>2026-06-04T12:41:29.000Z</time>
      </trkpt>
      <trkpt lat="42.60833493992686" lon="-0.13779060915112518">
        <ele>1063.782687796403</ele>
        <time>2026-06-04T12:41:46.000Z</time>
      </trkpt>
      <trkpt lat="42.60833111777902" lon="-0.137768128886819">
        <ele>1062.4886202341845</ele>
        <time>2026-06-04T12:41:47.000Z</time>
      </trkpt>
      <trkpt lat="42.60832144506276" lon="-0.1377632338553668">
        <ele>1060.761676998723</ele>
        <time>2026-06-04T12:41:48.000Z</time>
      </trkpt>
      <trkpt lat="42.60829950124025" lon="-0.1377652622759342">
        <ele>1060.8430787650514</ele>
        <time>2026-06-04T12:41:57.000Z</time>
      </trkpt>
      <trkpt lat="42.60827603191137" lon="-0.1377590093761682">
        <ele>1061.9279549938294</ele>
        <time>2026-06-04T12:42:02.000Z</time>
      </trkpt>
      <trkpt lat="42.60824977979064" lon="-0.1377505101263522">
        <ele>1063.2695034664189</ele>
        <time>2026-06-04T12:42:05.000Z</time>
      </trkpt>
      <trkpt lat="42.608245035633445" lon="-0.13773946277797222">
        <ele>1063.5222482472698</ele>
        <time>2026-06-04T12:42:10.000Z</time>
      </trkpt>
      <trkpt lat="42.60824000649154" lon="-0.1377274598926306">
        <ele>1063.8339291030632</ele>
        <time>2026-06-04T12:42:13.000Z</time>
      </trkpt>
      <trkpt lat="42.60823506116867" lon="-0.13771140016615402">
        <ele>1064.1977316721732</ele>
        <time>2026-06-04T12:42:14.000Z</time>
      </trkpt>
      <trkpt lat="42.608231423422694" lon="-0.13770286738872542">
        <ele>1064.4895508332497</ele>
        <time>2026-06-04T12:42:15.000Z</time>
      </trkpt>
      <trkpt lat="42.60822974704206" lon="-0.137695809826255">
        <ele>1064.6475427684618</ele>
        <time>2026-06-04T12:42:18.000Z</time>
      </trkpt>
      <trkpt lat="42.608228120952845" lon="-0.13768777996301662">
        <ele>1064.8160087309993</ele>
        <time>2026-06-04T12:42:19.000Z</time>
      </trkpt>
      <trkpt lat="42.608226059004664" lon="-0.13768052123487">
        <ele>1065.0252132961296</ele>
        <time>2026-06-04T12:42:21.000Z</time>
      </trkpt>
      <trkpt lat="42.60822332650423" lon="-0.1376773193478584">
        <ele>1065.2723203741</ele>
        <time>2026-06-04T12:42:27.000Z</time>
      </trkpt>
      <trkpt lat="42.608220057561994" lon="-0.137675056234002">
        <ele>1065.5630849853003</ele>
        <time>2026-06-04T12:42:28.000Z</time>
      </trkpt>
      <trkpt lat="42.60821754299104" lon="-0.1376743186265228">
        <ele>1065.780922318099</ele>
        <time>2026-06-04T12:42:32.000Z</time>
      </trkpt>
      <trkpt lat="42.60821507871151" lon="-0.137675357982516">
        <ele>1065.9771729727197</ele>
        <time>2026-06-04T12:42:34.000Z</time>
      </trkpt>
      <trkpt lat="42.608213586732745" lon="-0.1376774366945026">
        <ele>1066.0789307489667</ele>
        <time>2026-06-04T12:42:35.000Z</time>
      </trkpt>
      <trkpt lat="42.60821311734617" lon="-0.13767951540648918">
        <ele>1066.094362709163</ele>
        <time>2026-06-04T12:42:36.000Z</time>
      </trkpt>
      <trkpt lat="42.608214458450675" lon="-0.137681409716606">
        <ele>1065.9638000388024</ele>
        <time>2026-06-04T12:42:38.000Z</time>
      </trkpt>
      <trkpt lat="42.60821590013802" lon="-0.137681845575571">
        <ele>1065.8419862655296</ele>
        <time>2026-06-04T12:42:41.000Z</time>
      </trkpt>
      <trkpt lat="42.60821735858917" lon="-0.1376819964498282">
        <ele>1065.7220511504445</ele>
        <time>2026-06-04T12:42:43.000Z</time>
      </trkpt>
      <trkpt lat="42.608219638466835" lon="-0.1376812923699618">
        <ele>1065.5431931054836</ele>
        <time>2026-06-04T12:42:44.000Z</time>
      </trkpt>
      <trkpt lat="42.608221566304564" lon="-0.1376826334744692">
        <ele>1065.3753351940898</ele>
        <time>2026-06-04T12:42:45.000Z</time>
      </trkpt>
      <trkpt lat="42.60822247155011" lon="-0.137684091925621">
        <ele>1065.2907719746215</ele>
        <time>2026-06-04T12:42:51.000Z</time>
      </trkpt>
      <trkpt lat="42.60822334326804" lon="-0.13768729381263262">
        <ele>1065.196957600006</ele>
        <time>2026-06-04T12:42:54.000Z</time>
      </trkpt>
      <trkpt lat="42.608223762363195" lon="-0.1376904956996442">
        <ele>1065.1405435088056</ele>
        <time>2026-06-04T12:42:55.000Z</time>
      </trkpt>
      <trkpt lat="42.60822332650423" lon="-0.1376936975866558">
        <ele>1065.1507525600061</ele>
        <time>2026-06-04T12:43:00.000Z</time>
      </trkpt>
      <trkpt lat="42.60822268947959" lon="-0.1376935802400114">
        <ele>1065.2005338424729</ele>
        <time>2026-06-04T12:43:01.000Z</time>
      </trkpt>
      <trkpt lat="42.60822176747024" lon="-0.137692876160145">
        <ele>1065.2769676391408</ele>
        <time>2026-06-04T12:43:03.000Z</time>
      </trkpt>
      <trkpt lat="42.60822084546089" lon="-0.1376909315586092">
        <ele>1065.3642699325674</ele>
        <time>2026-06-04T12:43:06.000Z</time>
      </trkpt>
      <trkpt lat="42.60822030901909" lon="-0.13768828287720702">
        <ele>1065.428689656173</ele>
        <time>2026-06-04T12:43:07.000Z</time>
      </trkpt>
      <trkpt lat="42.6082198061049" lon="-0.13768551684916042">
        <ele>1065.4925402413533</ele>
        <time>2026-06-04T12:43:08.000Z</time>
      </trkpt>
      <trkpt lat="42.608219873160124" lon="-0.13768338784575482">
        <ele>1065.5057792629254</ele>
        <time>2026-06-04T12:43:09.000Z</time>
      </trkpt>
      <trkpt lat="42.60822025872767" lon="-0.1376816611737014">
        <ele>1065.4895107721786</ele>
        <time>2026-06-04T12:43:10.000Z</time>
      </trkpt>
      <trkpt lat="42.60822190158069" lon="-0.137675542384386">
        <ele>1065.4046683793877</ele>
        <time>2026-06-04T12:43:12.000Z</time>
      </trkpt>
      <trkpt lat="42.60822929441929" lon="-0.1376596000045536">
        <ele>1064.9152892147763</ele>
        <time>2026-06-04T12:43:17.000Z</time>
      </trkpt>
      <trkpt lat="42.60823941975832" lon="-0.137639936059713">
        <ele>1064.1707078706916</ele>
        <time>2026-06-04T12:43:24.000Z</time>
      </trkpt>
      <trkpt lat="42.60825148969889" lon="-0.13761782459914662">
        <ele>1063.1837563649356</ele>
        <time>2026-06-04T12:43:30.000Z</time>
      </trkpt>
      <trkpt lat="42.60826505161822" lon="-0.13759241066873062">
        <ele>1061.9623958067186</ele>
        <time>2026-06-04T12:43:32.000Z</time>
      </trkpt>
      <trkpt lat="42.60827789269388" lon="-0.1375711876899004">
        <ele>1060.6921258441917</ele>
        <time>2026-06-04T12:43:34.000Z</time>
      </trkpt>
      <trkpt lat="42.60828503407538" lon="-0.137560173869133">
        <ele>1059.9444642538872</ele>
        <time>2026-06-04T12:43:37.000Z</time>
      </trkpt>
      <trkpt lat="42.60828949324787" lon="-0.13755165785551082">
        <ele>1059.46014352556</ele>
        <time>2026-06-04T12:43:41.000Z</time>
      </trkpt>
      <trkpt lat="42.608291840180755" lon="-0.1375458408147096">
        <ele>1059.196607306366</ele>
        <time>2026-06-04T12:43:42.000Z</time>
      </trkpt>
      <trkpt lat="42.608293717727065" lon="-0.1375429909676312">
        <ele>1058.9871680031754</ele>
        <time>2026-06-04T12:43:46.000Z</time>
      </trkpt>
      <trkpt lat="42.60829505883157" lon="-0.137540543451905">
        <ele>1058.8351797222858</ele>
        <time>2026-06-04T12:43:47.000Z</time>
      </trkpt>
      <trkpt lat="42.60829639993608" lon="-0.1375384144484994">
        <ele>1058.6830367846496</ele>
        <time>2026-06-04T12:43:49.000Z</time>
      </trkpt>
      <trkpt lat="42.608287397772074" lon="-0.13753823004662957">
        <ele>1059.6617403624623</ele>
        <time>2026-06-04T12:43:51.000Z</time>
      </trkpt>
      <trkpt lat="42.60827668569982" lon="-0.1375384312123058">
        <ele>1060.8269788022503</ele>
        <time>2026-06-04T12:43:52.000Z</time>
      </trkpt>
      <trkpt lat="42.608263643458486" lon="-0.1375390347093342">
        <ele>1062.2436965068791</ele>
        <time>2026-06-04T12:43:57.000Z</time>
      </trkpt>
      <trkpt lat="42.60825060121715" lon="-0.1375382635742424">
        <ele>1063.664455068784</ele>
        <time>2026-06-04T12:43:58.000Z</time>
      </trkpt>
      <trkpt lat="42.608237558975816" lon="-0.137534089386463">
        <ele>1065.113704323829</ele>
        <time>2026-06-04T12:43:59.000Z</time>
      </trkpt>
      <trkpt lat="42.6082372572273" lon="-0.1375267803668974">
        <ele>1065.2006206809442</ele>
        <time>2026-06-04T12:44:05.000Z</time>
      </trkpt>
      <trkpt lat="42.60823968797922" lon="-0.1375188007950782">
        <ele>1064.9865650896932</ele>
        <time>2026-06-04T12:44:09.000Z</time>
      </trkpt>
      <trkpt lat="42.60824337601662" lon="-0.13751070387661463">
        <ele>1064.6233852692726</ele>
        <time>2026-06-04T12:44:11.000Z</time>
      </trkpt>
      <trkpt lat="42.60824744962156" lon="-0.13750398159027122">
        <ele>1064.1975092527796</ele>
        <time>2026-06-04T12:44:12.000Z</time>
      </trkpt>
      <trkpt lat="42.60825155675411" lon="-0.1375006623566154">
        <ele>1063.7380004309593</ele>
        <time>2026-06-04T12:44:13.000Z</time>
      </trkpt>
      <trkpt lat="42.6082536354661" lon="-0.137500058859587">
        <ele>1063.4799971394116</ele>
        <time>2026-06-04T12:44:15.000Z</time>
      </trkpt>
      <trkpt lat="42.608255160972476" lon="-0.1375006791204216">
        <ele>1063.3224185369206</ele>
        <time>2026-06-04T12:44:18.000Z</time>
      </trkpt>
      <trkpt lat="42.60825848020613" lon="-0.1375029254704714">
        <ele>1062.9338381415423</ele>
        <time>2026-06-04T12:44:20.000Z</time>
      </trkpt>
      <trkpt lat="42.60826141387224" lon="-0.1375051718205212">
        <ele>1062.5893364265414</ele>
        <time>2026-06-04T12:44:24.000Z</time>
      </trkpt>
      <trkpt lat="42.60826431401074" lon="-0.137507418170571">
        <ele>1062.2510214122622</ele>
        <time>2026-06-04T12:44:26.000Z</time>
      </trkpt>
      <trkpt lat="42.608266258612275" lon="-0.1375058423727748">
        <ele>1062.0322227786721</ele>
        <time>2026-06-04T12:44:27.000Z</time>
      </trkpt>
      <trkpt lat="42.60826714709401" lon="-0.13750262372195698">
        <ele>1061.9369614021998</ele>
        <time>2026-06-04T12:44:28.000Z</time>
      </trkpt>
      <trkpt lat="42.608266208320856" lon="-0.1374931186437606">
        <ele>1061.856702953417</ele>
        <time>2026-06-04T12:44:34.000Z</time>
      </trkpt>
      <trkpt lat="42.60826490074396" lon="-0.137481015175581">
        <ele>1061.6933245849518</ele>
        <time>2026-06-04T12:44:35.000Z</time>
      </trkpt>
      <trkpt lat="42.60826344229281" lon="-0.13746302761137502">
        <ele>1061.3794828684602</ele>
        <time>2026-06-04T12:44:38.000Z</time>
      </trkpt>
      <trkpt lat="42.60826252028346" lon="-0.1374482922255994">
        <ele>1061.0816022612235</ele>
        <time>2026-06-04T12:44:39.000Z</time>
      </trkpt>
      <trkpt lat="42.60826198384166" lon="-0.137434646487236">
        <ele>1060.7678810566892</ele>
        <time>2026-06-04T12:44:43.000Z</time>
      </trkpt>
      <trkpt lat="42.60826178267598" lon="-0.137425661087036">
        <ele>1060.5450260023858</ele>
        <time>2026-06-04T12:44:44.000Z</time>
      </trkpt>
      <trkpt lat="42.60826241970062" lon="-0.1374192740768192">
        <ele>1060.3195297713958</ele>
        <time>2026-06-04T12:44:49.000Z</time>
      </trkpt>
      <trkpt lat="42.60826320759952" lon="-0.1374178826808926">
        <ele>1060.216005347309</ele>
        <time>2026-06-04T12:44:50.000Z</time>
      </trkpt>
      <trkpt lat="42.60826399549842" lon="-0.1373692005872724">
        <ele>1058.8835680586094</ele>
        <time>2026-06-04T12:44:51.000Z</time>
      </trkpt>
      <trkpt lat="42.60824991390109" lon="-0.13732051849365218">
        <ele>1058.4200691014685</ele>
        <time>2026-06-04T12:44:52.000Z</time>
      </trkpt>
      <trkpt lat="42.60823551379144" lon="-0.1372719537466764">
        <ele>1058.1351250827124</ele>
        <time>2026-06-04T12:44:56.000Z</time>
      </trkpt>
      <trkpt lat="42.608220644295216" lon="-0.1372631527483464">
        <ele>1058.4521074454922</ele>
        <time>2026-06-04T12:45:07.000Z</time>
      </trkpt>
      <trkpt lat="42.608211390674114" lon="-0.13725524023175262">
        <ele>1058.5482717355271</ele>
        <time>2026-06-04T12:45:08.000Z</time>
      </trkpt>
      <trkpt lat="42.60820220410824" lon="-0.1372950039803984">
        <ele>1060.0020387798447</ele>
        <time>2026-06-04T12:45:25.000Z</time>
      </trkpt>
      <trkpt lat="42.608208037912846" lon="-0.1373323537409308">
        <ele>1060.8568883343348</ele>
        <time>2026-06-04T12:45:31.000Z</time>
      </trkpt>
      <trkpt lat="42.60821387171745" lon="-0.1373685300350192">
        <ele>1062.1712992983753</ele>
        <time>2026-06-04T12:45:32.000Z</time>
      </trkpt>
      <trkpt lat="42.60821988992393" lon="-0.1373632326722148">
        <ele>1061.5491776665508</ele>
        <time>2026-06-04T12:45:33.000Z</time>
      </trkpt>
      <trkpt lat="42.608221432194114" lon="-0.137357482686639">
        <ele>1061.209333956875</ele>
        <time>2026-06-04T12:45:35.000Z</time>
      </trkpt>
      <trkpt lat="42.60822438262403" lon="-0.1373511962592602">
        <ele>1060.77023134409</ele>
        <time>2026-06-04T12:45:36.000Z</time>
      </trkpt>
      <trkpt lat="42.608228892087936" lon="-0.1373450271785258">
        <ele>1060.2606130212266</ele>
        <time>2026-06-04T12:45:39.000Z</time>
      </trkpt>
      <trkpt lat="42.60823372006416" lon="-0.1373400315642354">
        <ele>1059.7982002491683</ele>
        <time>2026-06-04T12:45:41.000Z</time>
      </trkpt>
      <trkpt lat="42.608238564804196" lon="-0.137336745858192">
        <ele>1059.4137178718654</ele>
        <time>2026-06-04T12:45:46.000Z</time>
      </trkpt>
      <trkpt lat="42.6082422696054" lon="-0.13733391277492">
        <ele>1059.1168072663695</ele>
        <time>2026-06-04T12:45:48.000Z</time>
      </trkpt>
      <trkpt lat="42.60824449919164" lon="-0.137331616133451">
        <ele>1058.9222070951732</ele>
        <time>2026-06-04T12:45:49.000Z</time>
      </trkpt>
      <trkpt lat="42.60824446566403" lon="-0.1373304929584262">
        <ele>1058.886529892423</ele>
        <time>2026-06-04T12:45:50.000Z</time>
      </trkpt>
      <trkpt lat="42.60824203491211" lon="-0.137328967452049">
        <ele>1058.962054391155</ele>
        <time>2026-06-04T12:45:51.000Z</time>
      </trkpt>
      <trkpt lat="42.60823863185942" lon="-0.1373267713934182">
        <ele>1059.0932156834665</ele>
        <time>2026-06-04T12:45:55.000Z</time>
      </trkpt>
      <trkpt lat="42.608235228806734" lon="-0.1373235024511814">
        <ele>1059.1984231700644</ele>
        <time>2026-06-04T12:45:58.000Z</time>
      </trkpt>
      <trkpt lat="42.608231825754046" lon="-0.13731969706714162">
        <ele>1059.2861717359492</ele>
        <time>2026-06-04T12:45:59.000Z</time>
      </trkpt>
      <trkpt lat="42.60822865739465" lon="-0.1373170148581266">
        <ele>1059.3806943051861</ele>
        <time>2026-06-04T12:46:02.000Z</time>
      </trkpt>
      <trkpt lat="42.60822771862149" lon="-0.137314734980464">
        <ele>1059.3744676003391</ele>
        <time>2026-06-04T12:46:04.000Z</time>
      </trkpt>
      <trkpt lat="42.60822805389762" lon="-0.1373133771121502">
        <ele>1059.3282414035007</ele>
        <time>2026-06-04T12:46:06.000Z</time>
      </trkpt>
      <trkpt lat="42.608227886259556" lon="-0.13731309212744242">
        <ele>1059.3297205750637</ele>
        <time>2026-06-04T12:46:07.000Z</time>
      </trkpt>
      <trkpt lat="42.608227517455816" lon="-0.13731334358453762">
        <ele>1059.3526585017682</ele>
        <time>2026-06-04T12:46:09.000Z</time>
      </trkpt>
      <trkpt lat="42.60822441615164" lon="-0.137308130040765">
        <ele>1059.3764256280622</ele>
        <time>2026-06-04T12:46:11.000Z</time>
      </trkpt>
      <trkpt lat="42.60821838118136" lon="-0.137298943474889">
        <ele>1059.4215969774277</ele>
        <time>2026-06-04T12:46:12.000Z</time>
      </trkpt>
      <trkpt lat="42.6082105692476" lon="-0.13728754408657562">
        <ele>1059.4489428780248</ele>
        <time>2026-06-04T12:46:16.000Z</time>
      </trkpt>
      <trkpt lat="42.60819266550243" lon="-0.1372605040669442">
        <ele>1059.3010415113076</ele>
        <time>2026-06-04T12:46:18.000Z</time>
      </trkpt>
      <trkpt lat="42.60817496292293" lon="-0.1372323073446752">
        <ele>1059.8611897741482</ele>
        <time>2026-06-04T12:46:19.000Z</time>
      </trkpt>
      <trkpt lat="42.60816031135619" lon="-0.13720731250941762">
        <ele>1060.391488794283</ele>
        <time>2026-06-04T12:46:26.000Z</time>
      </trkpt>
      <trkpt lat="42.60815580189228" lon="-0.13718312233686458">
        <ele>1060.0122521998958</ele>
        <time>2026-06-04T12:46:28.000Z</time>
      </trkpt>
      <trkpt lat="42.60815662331879" lon="-0.1371589656919242">
        <ele>1059.1440002974796</ele>
        <time>2026-06-04T12:46:31.000Z</time>
      </trkpt>
      <trkpt lat="42.60817575082183" lon="-0.137147817760706">
        <ele>1057.0257101572342</ele>
        <time>2026-06-04T12:46:59.000Z</time>
      </trkpt>
      <trkpt lat="42.60819600149989" lon="-0.1371367536485194">
        <ele>1055.4266072774835</ele>
        <time>2026-06-04T12:47:01.000Z</time>
      </trkpt>
      <trkpt lat="42.60821653716266" lon="-0.1371264103800058">
        <ele>1055.40416752328</ele>
        <time>2026-06-04T12:47:06.000Z</time>
      </trkpt>
      <trkpt lat="42.60823085345328" lon="-0.137119235470891">
        <ele>1055.5311082946544</ele>
        <time>2026-06-04T12:47:09.000Z</time>
      </trkpt>
      <trkpt lat="42.60824111290276" lon="-0.1371139883995058">
        <ele>1055.6934282209422</ele>
        <time>2026-06-04T12:47:13.000Z</time>
      </trkpt>
      <trkpt lat="42.608243661001325" lon="-0.1371118593961002">
        <ele>1055.7427885098082</ele>
        <time>2026-06-04T12:47:16.000Z</time>
      </trkpt>
      <trkpt lat="42.608244532719254" lon="-0.1371108032763006">
        <ele>1055.7610860919053</ele>
        <time>2026-06-04T12:47:18.000Z</time>
      </trkpt>
      <trkpt lat="42.608245035633445" lon="-0.1371112894266844">
        <ele>1055.7718023215984</ele>
        <time>2026-06-04T12:47:21.000Z</time>
      </trkpt>
      <trkpt lat="42.60824312455952" lon="-0.1371087748557328">
        <ele>1055.7290770031568</ele>
        <time>2026-06-04T12:47:22.000Z</time>
      </trkpt>
      <trkpt lat="42.60824101231992" lon="-0.137105857953429">
        <ele>1055.6752483144157</ele>
        <time>2026-06-04T12:47:25.000Z</time>
      </trkpt>
      <trkpt lat="42.608238615095615" lon="-0.1371020358055828">
        <ele>1055.6039900672827</ele>
        <time>2026-06-04T12:47:28.000Z</time>
      </trkpt>
      <trkpt lat="42.60823658667505" lon="-0.13709476031363">
        <ele>1055.5174140257682</ele>
        <time>2026-06-04T12:47:29.000Z</time>
      </trkpt>
      <trkpt lat="42.608233854174614" lon="-0.1370864454656838">
        <ele>1055.383346783491</ele>
        <time>2026-06-04T12:47:30.000Z</time>
      </trkpt>
      <trkpt lat="42.6082317084074" lon="-0.1370807290077208">
        <ele>1055.2659322375025</ele>
        <time>2026-06-04T12:47:34.000Z</time>
      </trkpt>
      <trkpt lat="42.6082287915051" lon="-0.13707466050982461">
        <ele>1055.099214582551</ele>
        <time>2026-06-04T12:47:35.000Z</time>
      </trkpt>
      <trkpt lat="42.608224365860224" lon="-0.13706855848431582">
        <ele>1054.8434366696558</ele>
        <time>2026-06-04T12:47:36.000Z</time>
      </trkpt>
      <trkpt lat="42.608218817040324" lon="-0.137065390124917">
        <ele>1054.5447939395187</ele>
        <time>2026-06-04T12:47:38.000Z</time>
      </trkpt>
      <trkpt lat="42.608213452622294" lon="-0.1370551306754352">
        <ele>1054.1105092625735</ele>
        <time>2026-06-04T12:47:41.000Z</time>
      </trkpt>
      <trkpt lat="42.608207451179624" lon="-0.1370419543236496">
        <ele>1053.515118151729</ele>
        <time>2026-06-04T12:47:42.000Z</time>
      </trkpt>
      <trkpt lat="42.6082015670836" lon="-0.13702685013413463">
        <ele>1052.7912534735387</ele>
        <time>2026-06-04T12:47:48.000Z</time>
      </trkpt>
      <trkpt lat="42.60819626972079" lon="-0.137009918689728">
        <ele>1051.962378058471</ele>
        <time>2026-06-04T12:47:52.000Z</time>
      </trkpt>
      <trkpt lat="42.608192045241594" lon="-0.1369899697601796">
        <ele>1051.0369816665493</ele>
        <time>2026-06-04T12:47:53.000Z</time>
      </trkpt>
      <trkpt lat="42.60818726755679" lon="-0.13697600550949582">
        <ele>1051.326296624505</ele>
        <time>2026-06-04T12:47:54.000Z</time>
      </trkpt>
      <trkpt lat="42.60818381421268" lon="-0.1369597278535366">
        <ele>1052.1596677680593</ele>
        <time>2026-06-04T12:47:57.000Z</time>
      </trkpt>
      <trkpt lat="42.60818141698837" lon="-0.13694282993674262">
        <ele>1052.8951346939295</ele>
        <time>2026-06-04T12:48:00.000Z</time>
      </trkpt>
      <trkpt lat="42.60818022675812" lon="-0.1369273737072944">
        <ele>1053.4900196290646</ele>
        <time>2026-06-04T12:48:04.000Z</time>
      </trkpt>
      <trkpt lat="42.60817942209542" lon="-0.1369153540581464">
        <ele>1053.9324017450692</ele>
        <time>2026-06-04T12:48:06.000Z</time>
      </trkpt>
      <trkpt lat="42.608180209994316" lon="-0.1369052287191152">
        <ele>1054.2764869165958</ele>
        <time>2026-06-04T12:48:11.000Z</time>
      </trkpt>
      <trkpt lat="42.608180997893214" lon="-0.1369005516171456">
        <ele>1054.4353986245044</ele>
        <time>2026-06-04T12:48:12.000Z</time>
      </trkpt>
      <trkpt lat="42.608181584626436" lon="-0.1368973329663278">
        <ele>1054.5474681717699</ele>
        <time>2026-06-04T12:48:17.000Z</time>
      </trkpt>
      <trkpt lat="42.60817583464086" lon="-0.1368824634701014">
        <ele>1055.068235748073</ele>
        <time>2026-06-04T12:48:18.000Z</time>
      </trkpt>
      <trkpt lat="42.60816730186343" lon="-0.1368602178990842">
        <ele>1055.6241235716689</ele>
        <time>2026-06-04T12:48:19.000Z</time>
      </trkpt>
      <trkpt lat="42.60815575160086" lon="-0.13683314435184002">
        <ele>1055.895673087943</ele>
        <time>2026-06-04T12:48:25.000Z</time>
      </trkpt>
      <trkpt lat="42.60814388282597" lon="-0.13680575229227543">
        <ele>1056.5061297556351</ele>
        <time>2026-06-04T12:48:28.000Z</time>
      </trkpt>
      <trkpt lat="42.60813109204173" lon="-0.1367802042514086">
        <ele>1058.4745529137588</ele>
        <time>2026-06-04T12:48:32.000Z</time>
      </trkpt>
      <trkpt lat="42.60812445357442" lon="-0.1367671452462674">
        <ele>1059.4471336605925</ele>
        <time>2026-06-04T12:48:33.000Z</time>
      </trkpt>
      <trkpt lat="42.60811918973923" lon="-0.1367612779140474">
        <ele>1059.746429641613</ele>
        <time>2026-06-04T12:48:36.000Z</time>
      </trkpt>
      <trkpt lat="42.60811600461602" lon="-0.13676049001514942">
        <ele>1059.6430851947425</ele>
        <time>2026-06-04T12:48:37.000Z</time>
      </trkpt>
      <trkpt lat="42.60810678452253" lon="-0.1367575563490394">
        <ele>1059.4065895567724</ele>
        <time>2026-06-04T12:48:39.000Z</time>
      </trkpt>
      <trkpt lat="42.608098017051816" lon="-0.1367540527135136">
        <ele>1059.2474096281067</ele>
        <time>2026-06-04T12:48:40.000Z</time>
      </trkpt>
      <trkpt lat="42.60808354988694" lon="-0.13674533553421522">
        <ele>1059.2581847258873</ele>
        <time>2026-06-04T12:48:47.000Z</time>
      </trkpt>
      <trkpt lat="42.608069468289614" lon="-0.1367368698120118">
        <ele>1059.2400797554756</ele>
        <time>2026-06-04T12:48:48.000Z</time>
      </trkpt>
      <trkpt lat="42.608055889606476" lon="-0.1367284040898084">
        <ele>1059.3384916210896</ele>
        <time>2026-06-04T12:48:54.000Z</time>
      </trkpt>
      <trkpt lat="42.60804866440594" lon="-0.13672262057662">
        <ele>1059.4855542339328</ele>
        <time>2026-06-04T12:48:56.000Z</time>
      </trkpt>
      <trkpt lat="42.608041908591986" lon="-0.1367177590727806">
        <ele>1059.5208659466223</ele>
        <time>2026-06-04T12:48:57.000Z</time>
      </trkpt>
      <trkpt lat="42.608041036874056" lon="-0.13671893253922462">
        <ele>1059.3807989984473</ele>
        <time>2026-06-04T12:48:59.000Z</time>
      </trkpt>
      <trkpt lat="42.60803977958858" lon="-0.1367201395332814">
        <ele>1059.2191023444439</ele>
        <time>2026-06-04T12:49:01.000Z</time>
      </trkpt>
      <trkpt lat="42.60803649388254" lon="-0.1367213465273382">
        <ele>1058.9531680599948</ele>
        <time>2026-06-04T12:49:03.000Z</time>
      </trkpt>
      <trkpt lat="42.608032286167145" lon="-0.13672257028520118">
        <ele>1058.6446462532658</ele>
        <time>2026-06-04T12:49:08.000Z</time>
      </trkpt>
      <trkpt lat="42.608027977868915" lon="-0.136723442003131">
        <ele>1058.3630280515029</ele>
        <time>2026-06-04T12:49:10.000Z</time>
      </trkpt>
      <trkpt lat="42.6080226469785" lon="-0.1367244143038988">
        <ele>1058.0294821318141</ele>
        <time>2026-06-04T12:49:11.000Z</time>
      </trkpt>
      <trkpt lat="42.608017567545176" lon="-0.1367265935987234">
        <ele>1057.6441668895166</ele>
        <time>2026-06-04T12:49:12.000Z</time>
      </trkpt>
      <trkpt lat="42.608013896271586" lon="-0.136728974059224">
        <ele>1057.3305190492517</ele>
        <time>2026-06-04T12:49:13.000Z</time>
      </trkpt>
      <trkpt lat="42.60801079496741" lon="-0.1367316730320452">
        <ele>1057.0386377442285</ele>
        <time>2026-06-04T12:49:14.000Z</time>
      </trkpt>
      <trkpt lat="42.608003502711654" lon="-0.1367361657321452">
        <ele>1056.4945134845093</ele>
        <time>2026-06-04T12:49:15.000Z</time>
      </trkpt>
      <trkpt lat="42.60799723304808" lon="-0.1367397364228964">
        <ele>1056.0804796275972</ele>
        <time>2026-06-04T12:49:16.000Z</time>
      </trkpt>
      <trkpt lat="42.60799196921289" lon="-0.13674210011959081">
        <ele>1055.785185497241</ele>
        <time>2026-06-04T12:49:17.000Z</time>
      </trkpt>
      <trkpt lat="42.60798631981015" lon="-0.13674308918416522">
        <ele>1055.5448043797567</ele>
        <time>2026-06-04T12:49:18.000Z</time>
      </trkpt>
      <trkpt lat="42.6079806368798" lon="-0.136743709445">
        <ele>1055.3234355225295</ele>
        <time>2026-06-04T12:49:20.000Z</time>
      </trkpt>
      <trkpt lat="42.607979379594326" lon="-0.136742535978556">
        <ele>1055.3145923753304</ele>
        <time>2026-06-04T12:49:23.000Z</time>
      </trkpt>
      <trkpt lat="42.60797812230885" lon="-0.1367415804415944">
        <ele>1055.297108296024</ele>
        <time>2026-06-04T12:49:25.000Z</time>
      </trkpt>
      <trkpt lat="42.607976865023375" lon="-0.13674074225127722">
        <ele>1055.2744506558572</ele>
        <time>2026-06-04T12:49:28.000Z</time>
      </trkpt>
      <trkpt lat="42.60797728411853" lon="-0.13674107752740403">
        <ele>1055.2805984800866</ele>
        <time>2026-06-04T12:49:29.000Z</time>
      </trkpt>
      <trkpt lat="42.607978558167815" lon="-0.13674149662256263">
        <ele>1055.3155890785051</ele>
        <time>2026-06-04T12:49:30.000Z</time>
      </trkpt>
      <trkpt lat="42.60798165947199" lon="-0.1367419157177212">
        <ele>1055.416409181466</ele>
        <time>2026-06-04T12:49:31.000Z</time>
      </trkpt>
      <trkpt lat="42.60798476077616" lon="-0.13674211688339744">
        <ele>1055.5226633444674</ele>
        <time>2026-06-04T12:49:32.000Z</time>
      </trkpt>
      <trkpt lat="42.607987862080336" lon="-0.1367420833557848">
        <ele>1055.636551020989</ele>
        <time>2026-06-04T12:49:34.000Z</time>
      </trkpt>
      <trkpt lat="42.607990292832255" lon="-0.13674216717481663">
        <ele>1055.7216803992942</ele>
        <time>2026-06-04T12:49:37.000Z</time>
      </trkpt>
      <trkpt lat="42.60799104720354" lon="-0.13674204982817223">
        <ele>1055.7536504204147</ele>
        <time>2026-06-04T12:49:38.000Z</time>
      </trkpt>
      <trkpt lat="42.60798742622137" lon="-0.13674193248152783">
        <ele>1055.6261893219353</ele>
        <time>2026-06-04T12:49:40.000Z</time>
      </trkpt>
      <trkpt lat="42.60798321850598" lon="-0.1367422174662356">
        <ele>1055.4633144901086</ele>
        <time>2026-06-04T12:49:49.000Z</time>
      </trkpt>
      <trkpt lat="42.60797880962491" lon="-0.13674324005842242">
        <ele>1055.2732294765613</ele>
        <time>2026-06-04T12:49:54.000Z</time>
      </trkpt>
      <trkpt lat="42.60797440074384" lon="-0.1367460228502752">
        <ele>1055.0441437418988</ele>
        <time>2026-06-04T12:49:55.000Z</time>
      </trkpt>
      <trkpt lat="42.60797119885683" lon="-0.1367493588477374">
        <ele>1054.8586824897798</ele>
        <time>2026-06-04T12:50:00.000Z</time>
      </trkpt>
      <trkpt lat="42.60797041095793" lon="-0.1367526948451996">
        <ele>1054.7576512071184</ele>
        <time>2026-06-04T12:50:02.000Z</time>
      </trkpt>
      <trkpt lat="42.607970209792256" lon="-0.13675562851130962">
        <ele>1054.6848692428302</ele>
        <time>2026-06-04T12:50:03.000Z</time>
      </trkpt>
      <trkpt lat="42.60797064565122" lon="-0.13675772398710262">
        <ele>1054.6474308613313</ele>
        <time>2026-06-04T12:50:04.000Z</time>
      </trkpt>
      <trkpt lat="42.60796987451613" lon="-0.13675750605762022">
        <ele>1054.6337542982594</ele>
        <time>2026-06-04T12:50:06.000Z</time>
      </trkpt>
      <trkpt lat="42.60796798020601" lon="-0.1367334332317116">
        <ele>1055.096689216467</ele>
        <time>2026-06-04T12:50:10.000Z</time>
      </trkpt>
      <trkpt lat="42.607964074239135" lon="-0.1367070470005276">
        <ele>1055.405628265259</ele>
        <time>2026-06-04T12:50:12.000Z</time>
      </trkpt>
      <trkpt lat="42.60795904509723" lon="-0.1366790011525156">
        <ele>1055.4822367213656</ele>
        <time>2026-06-04T12:51:00.000Z</time>
      </trkpt>
      <trkpt lat="42.60795145109296" lon="-0.1366507876664402">
        <ele>1055.0638731945949</ele>
        <time>2026-06-04T12:51:02.000Z</time>
      </trkpt>
      <trkpt lat="42.60794251598418" lon="-0.136622289195657">
        <ele>1055.4830977404222</ele>
        <time>2026-06-04T12:51:03.000Z</time>
      </trkpt>
      <trkpt lat="42.60793187096715" lon="-0.136612180620432">
        <ele>1055.4911564594063</ele>
        <time>2026-06-04T12:51:04.000Z</time>
      </trkpt>
      <trkpt lat="42.60792030394077" lon="-0.13659890368580818">
        <ele>1056.0171196790875</ele>
        <time>2026-06-04T12:51:06.000Z</time>
      </trkpt>
      <trkpt lat="42.607908787205815" lon="-0.13658413477242">
        <ele>1056.3628577399372</ele>
        <time>2026-06-04T12:51:08.000Z</time>
      </trkpt>
      <trkpt lat="42.60789648257196" lon="-0.1365639343857766">
        <ele>1056.5809682317756</ele>
        <time>2026-06-04T12:51:11.000Z</time>
      </trkpt>
      <trkpt lat="42.607885552570224" lon="-0.1365434657782316">
        <ele>1056.5022798220557</ele>
        <time>2026-06-04T12:51:12.000Z</time>
      </trkpt>
      <trkpt lat="42.60787700302899" lon="-0.1365275401622058">
        <ele>1056.1866869237213</ele>
        <time>2026-06-04T12:51:14.000Z</time>
      </trkpt>
      <trkpt lat="42.607869727537036" lon="-0.13651697896420978">
        <ele>1055.705817521307</ele>
        <time>2026-06-04T12:51:19.000Z</time>
      </trkpt>
      <trkpt lat="42.60786194913089" lon="-0.1365089993923904">
        <ele>1055.0321148266794</ele>
        <time>2026-06-04T12:51:20.000Z</time>
      </trkpt>
      <trkpt lat="42.60785636678338" lon="-0.1365063674747944">
        <ele>1054.4800989169269</ele>
        <time>2026-06-04T12:51:24.000Z</time>
      </trkpt>
      <trkpt lat="42.607850885018706" lon="-0.13650202564895159">
        <ele>1053.9108275806987</ele>
        <time>2026-06-04T12:51:27.000Z</time>
      </trkpt>
      <trkpt lat="42.60784572176635" lon="-0.13649816997349262">
        <ele>1053.340914263051</ele>
        <time>2026-06-04T12:51:30.000Z</time>
      </trkpt>
      <trkpt lat="42.607840625569224" lon="-0.136494431644678">
        <ele>1052.7475143691377</ele>
        <time>2026-06-04T12:51:35.000Z</time>
      </trkpt>
      <trkpt lat="42.60783710516989" lon="-0.13649141415953622">
        <ele>1052.313732375979</ele>
        <time>2026-06-04T12:51:37.000Z</time>
      </trkpt>
      <trkpt lat="42.60783430561423" lon="-0.13648886606097202">
        <ele>1051.9541620986708</ele>
        <time>2026-06-04T12:51:40.000Z</time>
      </trkpt>
      <trkpt lat="42.60783272981644" lon="-0.13648901693522902">
        <ele>1051.7736424505074</ele>
        <time>2026-06-04T12:51:41.000Z</time>
      </trkpt>
      <trkpt lat="42.60783128812909" lon="-0.136489117518067">
        <ele>1051.6081428153934</ele>
        <time>2026-06-04T12:51:42.000Z</time>
      </trkpt>
      <trkpt lat="42.60783143900335" lon="-0.1364889163523908">
        <ele>1051.6220108615828</ele>
        <time>2026-06-04T12:51:44.000Z</time>
      </trkpt>
      <trkpt lat="42.60782806947827" lon="-0.13647791929542982">
        <ele>1051.0021889941722</ele>
        <time>2026-06-04T12:51:45.000Z</time>
      </trkpt>
      <trkpt lat="42.6078220680356" lon="-0.13646360300481303">
        <ele>1050.4551353049983</ele>
        <time>2026-06-04T12:51:46.000Z</time>
      </trkpt>
      <trkpt lat="42.60781551338732" lon="-0.1364492867141962">
        <ele>1050.3606516228995</ele>
        <time>2026-06-04T12:51:52.000Z</time>
      </trkpt>
      <trkpt lat="42.60780872404575" lon="-0.136435003951192">
        <ele>1050.6266967685085</ele>
        <time>2026-06-04T12:51:56.000Z</time>
      </trkpt>
      <trkpt lat="42.607801012694836" lon="-0.13642100617289563">
        <ele>1051.5441833078703</ele>
        <time>2026-06-04T12:51:57.000Z</time>
      </trkpt>
      <trkpt lat="42.607796017080545" lon="-0.13641649670898942">
        <ele>1051.8578065956513</ele>
        <time>2026-06-04T12:51:58.000Z</time>
      </trkpt>
      <trkpt lat="42.60779095441103" lon="-0.136410227045417">
        <ele>1052.2006329265826</ele>
        <time>2026-06-04T12:52:02.000Z</time>
      </trkpt>
      <trkpt lat="42.607786294072866" lon="-0.13640288449823862">
        <ele>1052.522204648618</ele>
        <time>2026-06-04T12:52:04.000Z</time>
      </trkpt>
      <trkpt lat="42.60778173431754" lon="-0.13639525696635238">
        <ele>1052.7957000203298</ele>
        <time>2026-06-04T12:52:07.000Z</time>
      </trkpt>
      <trkpt lat="42.607778096571565" lon="-0.136383069679141">
        <ele>1053.1335923319805</ele>
        <time>2026-06-04T12:52:08.000Z</time>
      </trkpt>
      <trkpt lat="42.60777526348829" lon="-0.136371536180377">
        <ele>1053.3955348350262</ele>
        <time>2026-06-04T12:52:11.000Z</time>
      </trkpt>
      <trkpt lat="42.60777435824275" lon="-0.1363649480044842">
        <ele>1053.5354427955529</ele>
        <time>2026-06-04T12:52:20.000Z</time>
      </trkpt>
      <trkpt lat="42.60777182690799" lon="-0.1363594327121974">
        <ele>1053.601665381456</ele>
        <time>2026-06-04T12:52:21.000Z</time>
      </trkpt>
      <trkpt lat="42.607769429683685" lon="-0.1363542191684248">
        <ele>1053.6431653001587</ele>
        <time>2026-06-04T12:52:26.000Z</time>
      </trkpt>
      <trkpt lat="42.60776703245938" lon="-0.1363535821437838">
        <ele>1053.5852733120898</ele>
        <time>2026-06-04T12:52:28.000Z</time>
      </trkpt>
      <trkpt lat="42.607766026631" lon="-0.13635066524147998">
        <ele>1053.6037835017596</ele>
        <time>2026-06-04T12:52:31.000Z</time>
      </trkpt>
      <trkpt lat="42.60776676423848" lon="-0.1363450326025486">
        <ele>1053.7230808670097</ele>
        <time>2026-06-04T12:52:36.000Z</time>
      </trkpt>
      <trkpt lat="42.607769664376974" lon="-0.1363393999636172">
        <ele>1053.9374885687632</ele>
        <time>2026-06-04T12:52:41.000Z</time>
      </trkpt>
      <trkpt lat="42.6077726483345" lon="-0.1363337673246858">
        <ele>1054.1823964836242</ele>
        <time>2026-06-04T12:52:45.000Z</time>
      </trkpt>
      <trkpt lat="42.60777563229203" lon="-0.13632959313690643">
        <ele>1054.4193536543128</ele>
        <time>2026-06-04T12:52:47.000Z</time>
      </trkpt>
      <trkpt lat="42.60777729190886" lon="-0.1363282352685926">
        <ele>1054.535244339365</ele>
        <time>2026-06-04T12:52:51.000Z</time>
      </trkpt>
      <trkpt lat="42.60777813009918" lon="-0.1363301295787094">
        <ele>1054.5272607064237</ele>
        <time>2026-06-04T12:52:59.000Z</time>
      </trkpt>
      <trkpt lat="42.60777851566672" lon="-0.1363326106220482">
        <ele>1054.4798403415093</ele>
        <time>2026-06-04T12:53:00.000Z</time>
      </trkpt>
      <trkpt lat="42.60777881741524" lon="-0.13633514195680602">
        <ele>1054.4257865641143</ele>
        <time>2026-06-04T12:53:01.000Z</time>
      </trkpt>
      <trkpt lat="42.60777911916375" lon="-0.13633691892027838">
        <ele>1054.3909509434784</ele>
        <time>2026-06-04T12:53:04.000Z</time>
      </trkpt>
      <trkpt lat="42.60778009146452" lon="-0.1363387294113634">
        <ele>1054.3820752953648</ele>
        <time>2026-06-04T12:53:06.000Z</time>
      </trkpt>
      <trkpt lat="42.60778091289103" lon="-0.13634162954986082">
        <ele>1054.3331427778746</ele>
        <time>2026-06-04T12:53:09.000Z</time>
      </trkpt>
      <trkpt lat="42.607792261987925" lon="-0.13635230809450138">
        <ele>1054.371619452672</ele>
        <time>2026-06-04T12:53:11.000Z</time>
      </trkpt>
      <trkpt lat="42.60780361108482" lon="-0.136362936347723">
        <ele>1054.2144462446408</ele>
        <time>2026-06-04T12:53:14.000Z</time>
      </trkpt>
      <trkpt lat="42.60781496018171" lon="-0.13637286052107803">
        <ele>1054.3689276850826</ele>
        <time>2026-06-04T12:53:19.000Z</time>
      </trkpt>
      <trkpt lat="42.60779531300068" lon="-0.13636015355587003">
        <ele>1054.1474106265082</ele>
        <time>2026-06-04T12:53:22.000Z</time>
      </trkpt>
      <trkpt lat="42.60776728391647" lon="-0.13633381761610502">
        <ele>1053.9377399462887</ele>
        <time>2026-06-04T12:53:34.000Z</time>
      </trkpt>
      <trkpt lat="42.60772864334285" lon="-0.13629665225744242">
        <ele>1051.773086505902</ele>
        <time>2026-06-04T12:53:36.000Z</time>
      </trkpt>
      <trkpt lat="42.60769000276923" lon="-0.1362594868987798">
        <ele>1049.4041921425821</ele>
        <time>2026-06-04T12:53:42.000Z</time>
      </trkpt>
      <trkpt lat="42.607652585953474" lon="-0.136221969500184">
        <ele>1052.2490091437357</ele>
        <time>2026-06-04T12:53:48.000Z</time>
      </trkpt>
      <trkpt lat="42.60764608159661" lon="-0.136207016184926">
        <ele>1052.537875528606</ele>
        <time>2026-06-04T12:53:50.000Z</time>
      </trkpt>
      <trkpt lat="42.607648495584726" lon="-0.1362041998654604">
        <ele>1052.3002207072036</ele>
        <time>2026-06-04T12:53:54.000Z</time>
      </trkpt>
      <trkpt lat="42.60765099339187" lon="-0.13620289228856558">
        <ele>1052.09129290242</ele>
        <time>2026-06-04T12:53:56.000Z</time>
      </trkpt>
      <trkpt lat="42.60765349119902" lon="-0.136199975386262">
        <ele>1051.8655758124883</ele>
        <time>2026-06-04T12:54:00.000Z</time>
      </trkpt>
      <trkpt lat="42.60765468142927" lon="-0.1361956167966128">
        <ele>1051.72429025053</ele>
        <time>2026-06-04T12:54:02.000Z</time>
      </trkpt>
      <trkpt lat="42.60765521787107" lon="-0.1361897494643928">
        <ele>1051.615248374147</ele>
        <time>2026-06-04T12:54:05.000Z</time>
      </trkpt>
      <trkpt lat="42.6076553016901" lon="-0.1361824404448272">
        <ele>1051.5202907868143</ele>
        <time>2026-06-04T12:54:06.000Z</time>
      </trkpt>
      <trkpt lat="42.60765575431287" lon="-0.136174460873008">
        <ele>1051.3992742581231</ele>
        <time>2026-06-04T12:54:07.000Z</time>
      </trkpt>
      <trkpt lat="42.60765655897558" lon="-0.13616321235895182">
        <ele>1051.2316606275988</ele>
        <time>2026-06-04T12:54:08.000Z</time>
      </trkpt>
      <trkpt lat="42.607657900080085" lon="-0.1361536234617236">
        <ele>1051.077978398261</ele>
        <time>2026-06-04T12:54:15.000Z</time>
      </trkpt>
      <trkpt lat="42.60765924118459" lon="-0.13614545948803441">
        <ele>1050.958129524765</ele>
        <time>2026-06-04T12:54:20.000Z</time>
      </trkpt>
      <trkpt lat="42.60766086727381" lon="-0.1361387372016908">
        <ele>1050.861278254694</ele>
        <time>2026-06-04T12:54:21.000Z</time>
      </trkpt>
      <trkpt lat="42.60766232572496" lon="-0.13613248430192482">
        <ele>1050.7880809735937</ele>
        <time>2026-06-04T12:54:22.000Z</time>
      </trkpt>
      <trkpt lat="42.607664404436946" lon="-0.136127119883895">
        <ele>1050.7479887449674</ele>
        <time>2026-06-04T12:54:23.000Z</time>
      </trkpt>
      <trkpt lat="42.607666751369834" lon="-0.13611937500536442">
        <ele>1051.1665921495755</ele>
        <time>2026-06-04T12:54:25.000Z</time>
      </trkpt>
      <trkpt lat="42.60766909830272" lon="-0.1361117139458656">
        <ele>1051.612142693275</ele>
        <time>2026-06-04T12:54:28.000Z</time>
      </trkpt>
      <trkpt lat="42.60767107643187" lon="-0.1361040528863668">
        <ele>1052.0865005558426</ele>
        <time>2026-06-04T12:54:29.000Z</time>
      </trkpt>
      <trkpt lat="42.60766452178359" lon="-0.1361005324870348">
        <ele>1052.2332718467603</ele>
        <time>2026-06-04T12:54:30.000Z</time>
      </trkpt>
      <trkpt lat="42.6076550334692" lon="-0.136101521551609">
        <ele>1052.0843323031797</ele>
        <time>2026-06-04T12:54:36.000Z</time>
      </trkpt>
      <trkpt lat="42.60764482431114" lon="-0.1361050251871348">
        <ele>1051.848359172537</ele>
        <time>2026-06-04T12:54:42.000Z</time>
      </trkpt>
      <trkpt lat="42.607634615153074" lon="-0.1361085288226606">
        <ele>1051.6753016921382</ele>
        <time>2026-06-04T12:54:48.000Z</time>
      </trkpt>
      <trkpt lat="42.6076249089092" lon="-0.1361120324581864">
        <ele>1051.5654736838128</ele>
        <time>2026-06-04T12:54:49.000Z</time>
      </trkpt>
      <trkpt lat="42.60762348398566" lon="-0.136112552136183">
        <ele>1051.55428000107</ele>
        <time>2026-06-04T12:54:50.000Z</time>
      </trkpt>
      <trkpt lat="42.60762440599501" lon="-0.13611327297985581">
        <ele>1051.5395561508599</ele>
        <time>2026-06-04T12:54:51.000Z</time>
      </trkpt>
      <trkpt lat="42.60762692056596" lon="-0.136116458103061">
        <ele>1051.4655988799386</ele>
        <time>2026-06-04T12:54:53.000Z</time>
      </trkpt>
      <trkpt lat="42.60762953571975" lon="-0.13611964322626618">
        <ele>1051.376943443293</ele>
        <time>2026-06-04T12:54:56.000Z</time>
      </trkpt>
      <trkpt lat="42.607632737606764" lon="-0.1361228283494714">
        <ele>1051.2684321350375</ele>
        <time>2026-06-04T12:54:58.000Z</time>
      </trkpt>
      <trkpt lat="42.607636006549" lon="-0.13612512499094037">
        <ele>1051.168602188794</ele>
        <time>2026-06-04T12:54:59.000Z</time>
      </trkpt>
      <trkpt lat="42.60763894021511" lon="-0.1361266169697048">
        <ele>1051.0867886788992</ele>
        <time>2026-06-04T12:55:02.000Z</time>
      </trkpt>
      <trkpt lat="42.6076402310282" lon="-0.1361255943775178">
        <ele>1051.1063752258035</ele>
        <time>2026-06-04T12:55:03.000Z</time>
      </trkpt>
      <trkpt lat="42.60764142125845" lon="-0.136123800650239">
        <ele>1051.1567853351098</ele>
        <time>2026-06-04T12:55:04.000Z</time>
      </trkpt>
      <trkpt lat="42.607640666887164" lon="-0.1361210346221924">
        <ele>1051.260768201793</ele>
        <time>2026-06-04T12:55:05.000Z</time>
      </trkpt>
      <trkpt lat="42.607639376074076" lon="-0.1361185200512408">
        <ele>1051.3551876517888</ele>
        <time>2026-06-04T12:55:07.000Z</time>
      </trkpt>
      <trkpt lat="42.60763803496957" lon="-0.1361159551888704">
        <ele>1051.4456830137108</ele>
        <time>2026-06-04T12:55:12.000Z</time>
      </trkpt>
      <trkpt lat="42.60763674415648" lon="-0.1361124850809574">
        <ele>1051.5586060129835</ele>
        <time>2026-06-04T12:55:19.000Z</time>
      </trkpt>
      <trkpt lat="42.60763535276055" lon="-0.1361092999577522">
        <ele>1051.6546950240331</ele>
        <time>2026-06-04T12:55:20.000Z</time>
      </trkpt>
      <trkpt lat="42.60763481631875" lon="-0.13610681891441342">
        <ele>1051.726993797506</ele>
        <time>2026-06-04T12:55:27.000Z</time>
      </trkpt>
      <trkpt lat="42.60763340815902" lon="-0.1361017059534788">
        <ele>1051.865667054312</ele>
        <time>2026-06-04T12:55:28.000Z</time>
      </trkpt>
      <trkpt lat="42.607631396502256" lon="-0.1360942628234624">
        <ele>1052.0455241533762</ele>
        <time>2026-06-04T12:55:32.000Z</time>
      </trkpt>
      <trkpt lat="42.607625495642424" lon="-0.136087356135249">
        <ele>1052.0987933250155</ele>
        <time>2026-06-04T12:55:37.000Z</time>
      </trkpt>
      <trkpt lat="42.60761969536543" lon="-0.136080902069807">
        <ele>1052.075766273169</ele>
        <time>2026-06-04T12:55:38.000Z</time>
      </trkpt>
      <trkpt lat="42.60761382803321" lon="-0.1360746826976536">
        <ele>1051.9819739833197</ele>
        <time>2026-06-04T12:55:43.000Z</time>
      </trkpt>
      <trkpt lat="42.60760925151408" lon="-0.1360664013773202">
        <ele>1051.889338749235</ele>
        <time>2026-06-04T12:55:44.000Z</time>
      </trkpt>
      <trkpt lat="42.607603032141924" lon="-0.13605443201959122">
        <ele>1051.657913737104</ele>
        <time>2026-06-04T12:55:45.000Z</time>
      </trkpt>
      <trkpt lat="42.607598120346665" lon="-0.1360428817570208">
        <ele>1051.3774080670319</ele>
        <time>2026-06-04T12:55:49.000Z</time>
      </trkpt>
      <trkpt lat="42.60759164951742" lon="-0.136031365022063">
        <ele>1050.8857640805759</ele>
        <time>2026-06-04T12:55:52.000Z</time>
      </trkpt>
      <trkpt lat="42.60758497752249" lon="-0.1360206026583908">
        <ele>1050.257193628057</ele>
        <time>2026-06-04T12:55:54.000Z</time>
      </trkpt>
      <trkpt lat="42.60757825523615" lon="-0.13601520471274842">
        <ele>1049.6047818496163</ele>
        <time>2026-06-04T12:55:57.000Z</time>
      </trkpt>
      <trkpt lat="42.607573779299855" lon="-0.13601595908403402">
        <ele>1049.238850674492</ele>
        <time>2026-06-04T12:55:59.000Z</time>
      </trkpt>
      <trkpt lat="42.607571667060256" lon="-0.1360166799277068">
        <ele>1049.0776189011872</ele>
        <time>2026-06-04T12:56:00.000Z</time>
      </trkpt>
      <trkpt lat="42.60757074505091" lon="-0.13601740077137958">
        <ele>1049.0188653953123</ele>
        <time>2026-06-04T12:56:01.000Z</time>
      </trkpt>
      <trkpt lat="42.607569789513946" lon="-0.13601738400757318">
        <ele>1048.9382849452247</ele>
        <time>2026-06-04T12:56:03.000Z</time>
      </trkpt>
      <trkpt lat="42.60756890103221" lon="-0.13601709902286518">
        <ele>1048.855743632495</ele>
        <time>2026-06-04T12:56:06.000Z</time>
      </trkpt>
      <trkpt lat="42.6075675599277" lon="-0.1360168140381572">
        <ele>1048.7345712360034</ele>
        <time>2026-06-04T12:56:08.000Z</time>
      </trkpt>
      <trkpt lat="42.60756641998887" lon="-0.136016562581062">
        <ele>1048.6307662439413</ele>
        <time>2026-06-04T12:56:10.000Z</time>
      </trkpt>
      <trkpt lat="42.60756559856236" lon="-0.1360163111239668">
        <ele>1048.553469368061</ele>
        <time>2026-06-04T12:56:13.000Z</time>
      </trkpt>
      <trkpt lat="42.60756481066346" lon="-0.136016026139259">
        <ele>1048.47759473381</ele>
        <time>2026-06-04T12:56:15.000Z</time>
      </trkpt>
      <trkpt lat="42.60756388865411" lon="-0.13601597584784003">
        <ele>1048.3975314607696</ele>
        <time>2026-06-04T12:56:18.000Z</time>
      </trkpt>
      <trkpt lat="42.6075627990067" lon="-0.136015925556421">
        <ele>1048.303112780022</ele>
        <time>2026-06-04T12:56:21.000Z</time>
      </trkpt>
      <trkpt lat="42.60756134055555" lon="-0.1360158082097766">
        <ele>1048.174843769788</ele>
        <time>2026-06-04T12:56:22.000Z</time>
      </trkpt>
      <trkpt lat="42.607559664174914" lon="-0.13601517118513562">
        <ele>1048.008809055786</ele>
        <time>2026-06-04T12:56:24.000Z</time>
      </trkpt>
      <trkpt lat="42.60755820572376" lon="-0.136013427749276">
        <ele>1047.8607911351614</ele>
        <time>2026-06-04T12:56:25.000Z</time>
      </trkpt>
      <trkpt lat="42.60755688138306" lon="-0.1360116340219974">
        <ele>1047.966592777554</ele>
        <time>2026-06-04T12:56:27.000Z</time>
      </trkpt>
      <trkpt lat="42.607556177303195" lon="-0.1360098402947188">
        <ele>1047.9895138906195</ele>
        <time>2026-06-04T12:56:33.000Z</time>
      </trkpt>
      <trkpt lat="42.60755537264049" lon="-0.13600811362266563">
        <ele>1048.026748048278</ele>
        <time>2026-06-04T12:56:34.000Z</time>
      </trkpt>
      <trkpt lat="42.60755451768637" lon="-0.136006906628609">
        <ele>1048.0894840548253</ele>
        <time>2026-06-04T12:56:39.000Z</time>
      </trkpt>
      <trkpt lat="42.60755285806954" lon="-0.13600685633719">
        <ele>1048.300441025307</ele>
        <time>2026-06-04T12:56:43.000Z</time>
      </trkpt>
      <trkpt lat="42.60755119845271" lon="-0.13600623607635523">
        <ele>1048.4879410303736</ele>
        <time>2026-06-04T12:56:52.000Z</time>
      </trkpt>
      <trkpt lat="42.60754953883588" lon="-0.13600561581552043">
        <ele>1048.6744124236939</ele>
        <time>2026-06-04T12:56:56.000Z</time>
      </trkpt>
      <trkpt lat="42.607548298314214" lon="-0.13600499555468562">
        <ele>1048.8064731256868</ele>
        <time>2026-06-04T12:57:00.000Z</time>
      </trkpt>
      <trkpt lat="42.607547376304865" lon="-0.136006286367774">
        <ele>1048.979312869556</ele>
        <time>2026-06-04T12:57:05.000Z</time>
      </trkpt>
      <trkpt lat="42.60754717513919" lon="-0.13600829802453523">
        <ele>1049.0916045746503</ele>
        <time>2026-06-04T12:57:09.000Z</time>
      </trkpt>
      <trkpt lat="42.60754697397351" lon="-0.13601144962012782">
        <ele>1049.2534537447057</ele>
        <time>2026-06-04T12:57:16.000Z</time>
      </trkpt>
      <trkpt lat="42.60754677280784" lon="-0.1360149700194598">
        <ele>1049.431875964442</ele>
        <time>2026-06-04T12:57:17.000Z</time>
      </trkpt>
      <trkpt lat="42.607546554878354" lon="-0.13601902686059483">
        <ele>1049.636497330754</ele>
        <time>2026-06-04T12:57:18.000Z</time>
      </trkpt>
      <trkpt lat="42.60754601843655" lon="-0.1360211726278066">
        <ele>1049.8021348778936</ele>
        <time>2026-06-04T12:57:20.000Z</time>
      </trkpt>
      <trkpt lat="42.6075400672853" lon="-0.1360225975513456">
        <ele>1050.674618017956</ele>
        <time>2026-06-04T12:57:23.000Z</time>
      </trkpt>
      <trkpt lat="42.60752823203802" lon="-0.1360160093754528">
        <ele>1051.940443458564</ele>
        <time>2026-06-04T12:57:26.000Z</time>
      </trkpt>
      <trkpt lat="42.60750586912036" lon="-0.1360072419047354">
        <ele>1054.3538655224088</ele>
        <time>2026-06-04T12:57:38.000Z</time>
      </trkpt>
      <trkpt lat="42.60748359002173" lon="-0.13599569164216502">
        <ele>1056.3528503185232</ele>
        <time>2026-06-04T12:57:43.000Z</time>
      </trkpt>
      <trkpt lat="42.60746268555522" lon="-0.1359841413795946">
        <ele>1057.9339306294385</ele>
        <time>2026-06-04T12:58:43.000Z</time>
      </trkpt>
      <trkpt lat="42.60744732990861" lon="-0.1359725911170242">
        <ele>1058.6567994826532</ele>
        <time>2026-06-04T12:58:46.000Z</time>
      </trkpt>
      <trkpt lat="42.60744169726968" lon="-0.1359634883701798">
        <ele>1058.4117719350959</ele>
        <time>2026-06-04T12:58:47.000Z</time>
      </trkpt>
      <trkpt lat="42.60744815133512" lon="-0.13594814948737602">
        <ele>1056.6587708122997</ele>
        <time>2026-06-04T12:58:48.000Z</time>
      </trkpt>
      <trkpt lat="42.60745755583048" lon="-0.13593291118741022">
        <ele>1055.2274166684838</ele>
        <time>2026-06-04T12:58:51.000Z</time>
      </trkpt>
      <trkpt lat="42.60746639035642" lon="-0.13591586239635942">
        <ele>1054.103936393595</ele>
        <time>2026-06-04T12:58:54.000Z</time>
      </trkpt>
      <trkpt lat="42.607476465404034" lon="-0.13589670136570942">
        <ele>1053.2378978079298</ele>
        <time>2026-06-04T12:58:58.000Z</time>
      </trkpt>
      <trkpt lat="42.60748419351876" lon="-0.1358775570988656">
        <ele>1052.8395327604733</ele>
        <time>2026-06-04T12:58:59.000Z</time>
      </trkpt>
      <trkpt lat="42.60749036259949" lon="-0.13586599007248878">
        <ele>1052.7556210068617</ele>
        <time>2026-06-04T12:59:00.000Z</time>
      </trkpt>
      <trkpt lat="42.60749358125031" lon="-0.1358558982610702">
        <ele>1052.7934713498344</ele>
        <time>2026-06-04T12:59:04.000Z</time>
      </trkpt>
      <trkpt lat="42.607496313750744" lon="-0.1358475666493176">
        <ele>1052.880829232095</ele>
        <time>2026-06-04T12:59:05.000Z</time>
      </trkpt>
      <trkpt lat="42.60749780572951" lon="-0.1358413975685832">
        <ele>1052.964967928482</ele>
        <time>2026-06-04T12:59:08.000Z</time>
      </trkpt>
      <trkpt lat="42.60749790631235" lon="-0.1358402576297518">
        <ele>1052.9781454695583</ele>
        <time>2026-06-04T12:59:10.000Z</time>
      </trkpt>
      <trkpt lat="42.607498375698924" lon="-0.1358388662338254">
        <ele>1053.0042671728652</ele>
        <time>2026-06-04T12:59:11.000Z</time>
      </trkpt>
      <trkpt lat="42.6074988450855" lon="-0.1358371227979658">
        <ele>1053.0355079564233</ele>
        <time>2026-06-04T12:59:13.000Z</time>
      </trkpt>
      <trkpt lat="42.60749931447208" lon="-0.1358353290706872">
        <ele>1053.0691277891501</ele>
        <time>2026-06-04T12:59:18.000Z</time>
      </trkpt>
      <trkpt lat="42.60749852657318" lon="-0.1358300149440766">
        <ele>1053.0973204451375</ele>
        <time>2026-06-04T12:59:21.000Z</time>
      </trkpt>
      <trkpt lat="42.60749537497759" lon="-0.1358205433934928">
        <ele>1053.0397098803433</ele>
        <time>2026-06-04T12:59:24.000Z</time>
      </trkpt>
      <trkpt lat="42.60749148577452" lon="-0.1358117926865816">
        <ele>1052.8702442194663</ele>
        <time>2026-06-04T12:59:26.000Z</time>
      </trkpt>
      <trkpt lat="42.60748739540577" lon="-0.1358040645718574">
        <ele>1052.613455186338</ele>
        <time>2026-06-04T12:59:29.000Z</time>
      </trkpt>
      <trkpt lat="42.607475040480494" lon="-0.1357974093407392">
        <ele>1051.6793394123047</ele>
        <time>2026-06-04T12:59:30.000Z</time>
      </trkpt>
      <trkpt lat="42.60746191442013" lon="-0.1357944589108228">
        <ele>1050.612788831852</ele>
        <time>2026-06-04T12:59:32.000Z</time>
      </trkpt>
      <trkpt lat="42.60744711197913" lon="-0.1357961520552636">
        <ele>1049.5443454789993</ele>
        <time>2026-06-04T12:59:37.000Z</time>
      </trkpt>
      <trkpt lat="42.60743001289666" lon="-0.1357978451997044">
        <ele>1048.7594528478742</ele>
        <time>2026-06-04T12:59:38.000Z</time>
      </trkpt>
      <trkpt lat="42.60741272941232" lon="-0.13579982332885301">
        <ele>1050.9742606827115</ele>
        <time>2026-06-04T12:59:39.000Z</time>
      </trkpt>
      <trkpt lat="42.607403710484505" lon="-0.1358033269643786">
        <ele>1052.3022473155024</ele>
        <time>2026-06-04T12:59:44.000Z</time>
      </trkpt>
      <trkpt lat="42.60739671997726" lon="-0.1358066461980344">
        <ele>1053.379278987177</ele>
        <time>2026-06-04T12:59:52.000Z</time>
      </trkpt>
      <trkpt lat="42.607393668964505" lon="-0.13581080362200743">
        <ele>1054.039790027677</ele>
        <time>2026-06-04T13:00:00.000Z</time>
      </trkpt>
      <trkpt lat="42.60739319957793" lon="-0.13581363670527918">
        <ele>1054.2944515781753</ele>
        <time>2026-06-04T13:00:02.000Z</time>
      </trkpt>
      <trkpt lat="42.607392746955156" lon="-0.13581618480384322">
        <ele>1054.5275547863785</ele>
        <time>2026-06-04T13:00:03.000Z</time>
      </trkpt>
      <trkpt lat="42.60739212669432" lon="-0.1358128655701874">
        <ele>1054.3722392835969</ele>
        <time>2026-06-04T13:00:06.000Z</time>
      </trkpt>
      <trkpt lat="42.60739150643349" lon="-0.1358094960451126">
        <ele>1054.2128436280923</ele>
        <time>2026-06-04T13:00:07.000Z</time>
      </trkpt>
      <trkpt lat="42.60739061795175" lon="-0.1358048021793366">
        <ele>1053.9928088684148</ele>
        <time>2026-06-04T13:00:10.000Z</time>
      </trkpt>
      <trkpt lat="42.607389813289046" lon="-0.1358036287128926">
        <ele>1054.0082714654618</ele>
        <time>2026-06-04T13:00:12.000Z</time>
      </trkpt>
      <trkpt lat="42.60738937743008" lon="-0.1358034610748292">
        <ele>1054.0493713520818</ele>
        <time>2026-06-04T13:00:13.000Z</time>
      </trkpt>
      <trkpt lat="42.60739056766033" lon="-0.1358066629618406">
        <ele>1054.1291587522735</ele>
        <time>2026-06-04T13:00:14.000Z</time>
      </trkpt>
      <trkpt lat="42.60739199258387" lon="-0.135809864848852">
        <ele>1054.17923240367</ele>
        <time>2026-06-04T13:00:17.000Z</time>
      </trkpt>
      <trkpt lat="42.607393853366375" lon="-0.1358093451708552">
        <ele>1053.9158212356824</ele>
        <time>2026-06-04T13:00:19.000Z</time>
      </trkpt>
      <trkpt lat="42.60739571414888" lon="-0.13579735904932">
        <ele>1052.8582213615994</ele>
        <time>2026-06-04T13:00:20.000Z</time>
      </trkpt>
      <trkpt lat="42.60739754140377" lon="-0.1357785668224094">
        <ele>1051.6863484992607</ele>
        <time>2026-06-04T13:00:22.000Z</time>
      </trkpt>
      <trkpt lat="42.60739791020751" lon="-0.13575663976371283">
        <ele>1051.4932214683174</ele>
        <time>2026-06-04T13:00:26.000Z</time>
      </trkpt>
      <trkpt lat="42.607395965605974" lon="-0.13573389127850521">
        <ele>1051.4961637121608</ele>
        <time>2026-06-04T13:00:30.000Z</time>
      </trkpt>
      <trkpt lat="42.60739358514547" lon="-0.135714378207922">
        <ele>1051.4956761496744</ele>
        <time>2026-06-04T13:00:32.000Z</time>
      </trkpt>
      <trkpt lat="42.60739061795175" lon="-0.13570237532258042">
        <ele>1051.5505564484115</ele>
        <time>2026-06-04T13:00:37.000Z</time>
      </trkpt>
      <trkpt lat="42.60738458298147" lon="-0.13569572009146222">
        <ele>1051.796667015825</ele>
        <time>2026-06-04T13:00:39.000Z</time>
      </trkpt>
      <trkpt lat="42.607377491891384" lon="-0.13569219969213">
        <ele>1052.104617849534</ele>
        <time>2026-06-04T13:00:40.000Z</time>
      </trkpt>
      <trkpt lat="42.60737103782594" lon="-0.13568950071930883">
        <ele>1052.3666675306304</ele>
        <time>2026-06-04T13:00:45.000Z</time>
      </trkpt>
      <trkpt lat="42.607364382594824" lon="-0.1356902886182068">
        <ele>1052.722057945571</ele>
        <time>2026-06-04T13:00:47.000Z</time>
      </trkpt>
      <trkpt lat="42.607356922701" lon="-0.1356945130974052">
        <ele>1053.2521854222925</ele>
        <time>2026-06-04T13:00:49.000Z</time>
      </trkpt>
      <trkpt lat="42.60735092125833" lon="-0.13569925725460041">
        <ele>1053.7672638636495</ele>
        <time>2026-06-04T13:00:53.000Z</time>
      </trkpt>
      <trkpt lat="42.60734557360411" lon="-0.13570400141179562">
        <ele>1054.2844045528223</ele>
        <time>2026-06-04T13:01:00.000Z</time>
      </trkpt>
      <trkpt lat="42.60734074562788" lon="-0.13570874556899082">
        <ele>1054.8053771446062</ele>
        <time>2026-06-04T13:01:02.000Z</time>
      </trkpt>
      <trkpt lat="42.60733638703823" lon="-0.135709634050727">
        <ele>1055.1289530502734</ele>
        <time>2026-06-04T13:01:03.000Z</time>
      </trkpt>
      <trkpt lat="42.60733474418521" lon="-0.1357080079615118">
        <ele>1055.1487108850988</ele>
        <time>2026-06-04T13:01:06.000Z</time>
      </trkpt>
      <trkpt lat="42.607336923480034" lon="-0.13570465520024322">
        <ele>1054.8391200535507</ele>
        <time>2026-06-04T13:01:12.000Z</time>
      </trkpt>
      <trkpt lat="42.60733950510621" lon="-0.1356999445706608">
        <ele>1054.449638325019</ele>
        <time>2026-06-04T13:01:14.000Z</time>
      </trkpt>
      <trkpt lat="42.60734307579696" lon="-0.13569409400224702">
        <ele>1053.971232874404</ele>
        <time>2026-06-04T13:01:17.000Z</time>
      </trkpt>
      <trkpt lat="42.60734698176384" lon="-0.1356881596148016">
        <ele>1053.5032044074972</ele>
        <time>2026-06-04T13:01:19.000Z</time>
      </trkpt>
      <trkpt lat="42.60735112242401" lon="-0.13568306341767322">
        <ele>1053.0928223329443</ele>
        <time>2026-06-04T13:01:20.000Z</time>
      </trkpt>
      <trkpt lat="42.60735356993973" lon="-0.1356796268373728">
        <ele>1052.8480818202484</ele>
        <time>2026-06-04T13:01:22.000Z</time>
      </trkpt>
      <trkpt lat="42.60735660418868" lon="-0.1356775481253862">
        <ele>1052.6422905449194</ele>
        <time>2026-06-04T13:01:25.000Z</time>
      </trkpt>
      <trkpt lat="42.60736081190407" lon="-0.135676609352231">
        <ele>1052.4379837042952</ele>
        <time>2026-06-04T13:01:29.000Z</time>
      </trkpt>
      <trkpt lat="42.60737097077072" lon="-0.1356765422970056">
        <ele>1052.026692392123</ele>
        <time>2026-06-04T13:01:30.000Z</time>
      </trkpt>
      <trkpt lat="42.60737957060337" lon="-0.1356750670820474">
        <ele>1051.6505965529072</ele>
        <time>2026-06-04T13:01:35.000Z</time>
      </trkpt>
      <trkpt lat="42.60738768428564" lon="-0.13567359186708922">
        <ele>1051.3115015147032</ele>
        <time>2026-06-04T13:01:39.000Z</time>
      </trkpt>
      <trkpt lat="42.60739558003843" lon="-0.135672116652131">
        <ele>1050.9979059683967</ele>
        <time>2026-06-04T13:01:41.000Z</time>
      </trkpt>
      <trkpt lat="42.607403291389346" lon="-0.1356711275875568">
        <ele>1050.7093427688046</ele>
        <time>2026-06-04T13:01:44.000Z</time>
      </trkpt>
      <trkpt lat="42.60740198381245" lon="-0.1356708593666554">
        <ele>1050.75578421899</ele>
        <time>2026-06-04T13:01:50.000Z</time>
      </trkpt>
      <trkpt lat="42.60740067623556" lon="-0.1356723178178072">
        <ele>1050.8101197987528</ele>
        <time>2026-06-04T13:01:51.000Z</time>
      </trkpt>
      <trkpt lat="42.60739479213953" lon="-0.13567409478127962">
        <ele>1051.0451923408486</ele>
        <time>2026-06-04T13:01:59.000Z</time>
      </trkpt>
      <trkpt lat="42.60738818719983" lon="-0.13567707873880863">
        <ele>1051.3410084251825</ele>
        <time>2026-06-04T13:02:00.000Z</time>
      </trkpt>
      <trkpt lat="42.60738052614033" lon="-0.1356796268373728">
        <ele>1051.7022334901649</ele>
        <time>2026-06-04T13:02:08.000Z</time>
      </trkpt>
      <trkpt lat="42.60737559758127" lon="-0.1356815211474896">
        <ele>1051.9555410276614</ele>
        <time>2026-06-04T13:02:10.000Z</time>
      </trkpt>
      <trkpt lat="42.607370568439364" lon="-0.1356843877583744">
        <ele>1052.2530388798493</ele>
        <time>2026-06-04T13:02:12.000Z</time>
      </trkpt>
      <trkpt lat="42.60737011581659" lon="-0.135687304660678">
        <ele>1052.352940606441</ele>
        <time>2026-06-04T13:02:13.000Z</time>
      </trkpt>
      <trkpt lat="42.607367215678096" lon="-0.135689014568925">
        <ele>1052.5424040643143</ele>
        <time>2026-06-04T13:02:15.000Z</time>
      </trkpt>
      <trkpt lat="42.60735762678087" lon="-0.13569067418575279">
        <ele>1053.0756296001148</ele>
        <time>2026-06-04T13:02:19.000Z</time>
      </trkpt>
      <trkpt lat="42.607328021898866" lon="-0.1356306765228508">
        <ele>1051.1067269049247</ele>
        <time>2026-06-04T13:02:23.000Z</time>
      </trkpt>
      <trkpt lat="42.60729791410267" lon="-0.13555300980806323">
        <ele>1047.451918259694</ele>
        <time>2026-06-04T13:02:25.000Z</time>
      </trkpt>
      <trkpt lat="42.607267789542675" lon="-0.13547205738723261">
        <ele>1045.7987966344663</ele>
        <time>2026-06-04T13:04:51.000Z</time>
      </trkpt>
      <trkpt lat="42.607240464538336" lon="-0.13538807071745382">
        <ele>1045.0467652981565</ele>
        <time>2026-06-04T13:04:55.000Z</time>
      </trkpt>
      <trkpt lat="42.60721962712705" lon="-0.13529985956847662">
        <ele>1041.453366436062</ele>
        <time>2026-06-04T13:04:56.000Z</time>
      </trkpt>
      <trkpt lat="42.60721880570054" lon="-0.13527201488614082">
        <ele>1040.0052540098652</ele>
        <time>2026-06-04T13:05:01.000Z</time>
      </trkpt>
      <trkpt lat="42.607216810807586" lon="-0.13525872118771082">
        <ele>1039.6238333444896</ele>
        <time>2026-06-04T13:05:04.000Z</time>
      </trkpt>
      <trkpt lat="42.60721277073026" lon="-0.1352468859404326">
        <ele>1039.1392816368589</ele>
        <time>2026-06-04T13:05:07.000Z</time>
      </trkpt>
      <trkpt lat="42.60720873065293" lon="-0.13523686118423942">
        <ele>1038.6233351494693</ele>
        <time>2026-06-04T13:05:11.000Z</time>
      </trkpt>
      <trkpt lat="42.607204891741276" lon="-0.135230289772153">
        <ele>1038.1270002091069</ele>
        <time>2026-06-04T13:05:12.000Z</time>
      </trkpt>
      <trkpt lat="42.60720085166395" lon="-0.13522395305335522">
        <ele>1037.5851577138753</ele>
        <time>2026-06-04T13:05:15.000Z</time>
      </trkpt>
      <trkpt lat="42.60719858855009" lon="-0.13521758280694482">
        <ele>1037.232765027698</ele>
        <time>2026-06-04T13:05:16.000Z</time>
      </trkpt>
      <trkpt lat="42.607198387384415" lon="-0.1352126039564608">
        <ele>1037.140986457658</ele>
        <time>2026-06-04T13:05:17.000Z</time>
      </trkpt>
      <trkpt lat="42.60719713009894" lon="-0.13520842976868142">
        <ele>1036.926717110122</ele>
        <time>2026-06-04T13:05:19.000Z</time>
      </trkpt>
      <trkpt lat="42.60719552077353" lon="-0.1352040711790322">
        <ele>1036.6596768481886</ele>
        <time>2026-06-04T13:05:21.000Z</time>
      </trkpt>
      <trkpt lat="42.6071935929358" lon="-0.1352006010711192">
        <ele>1036.3585798159038</ele>
        <time>2026-06-04T13:05:22.000Z</time>
      </trkpt>
      <trkpt lat="42.60719166509807" lon="-0.13519899174571018">
        <ele>1036.0822627884206</ele>
        <time>2026-06-04T13:05:24.000Z</time>
      </trkpt>
      <trkpt lat="42.60718973726034" lon="-0.1351974494755266">
        <ele>1035.804103518789</ele>
        <time>2026-06-04T13:05:26.000Z</time>
      </trkpt>
      <trkpt lat="42.60718955285847" lon="-0.1352014560252426">
        <ele>1035.851560538742</ele>
        <time>2026-06-04T13:05:29.000Z</time>
      </trkpt>
      <trkpt lat="42.60718987137079" lon="-0.13520685397088503">
        <ele>1035.9882021153794</ele>
        <time>2026-06-04T13:05:31.000Z</time>
      </trkpt>
      <trkpt lat="42.607191095128655" lon="-0.1352139785885808">
        <ele>1036.2645796485745</ele>
        <time>2026-06-04T13:05:36.000Z</time>
      </trkpt>
      <trkpt lat="42.60719236917794" lon="-0.1352211367338894">
        <ele>1036.5389805928485</ele>
        <time>2026-06-04T13:05:37.000Z</time>
      </trkpt>
      <trkpt lat="42.6071970295161" lon="-0.13522829487919802">
        <ele>1037.1963786528524</ele>
        <time>2026-06-04T13:05:38.000Z</time>
      </trkpt>
      <trkpt lat="42.607201002538204" lon="-0.1352306753396988">
        <ele>1037.685402294131</ele>
        <time>2026-06-04T13:05:39.000Z</time>
      </trkpt>
      <trkpt lat="42.60720482468605" lon="-0.13523288816213602">
        <ele>1038.1463231249122</ele>
        <time>2026-06-04T13:05:42.000Z</time>
      </trkpt>
      <trkpt lat="42.607205444946885" lon="-0.13523461483418941">
        <ele>1038.2341469443413</ele>
        <time>2026-06-04T13:05:43.000Z</time>
      </trkpt>
      <trkpt lat="42.607205813750625" lon="-0.13523920811712742">
        <ele>1038.3212308735906</ele>
        <time>2026-06-04T13:05:47.000Z</time>
      </trkpt>
      <trkpt lat="42.607201823964715" lon="-0.13524411991238583">
        <ele>1037.9390399329388</ele>
        <time>2026-06-04T13:05:49.000Z</time>
      </trkpt>
      <trkpt lat="42.607197834178805" lon="-0.135248679667711">
        <ele>1037.5711505910074</ele>
        <time>2026-06-04T13:05:52.000Z</time>
      </trkpt>
      <trkpt lat="42.607194816693664" lon="-0.1352529712021348">
        <ele>1037.3176221259791</ele>
        <time>2026-06-04T13:05:56.000Z</time>
      </trkpt>
      <trkpt lat="42.60719605721533" lon="-0.1352446395903824">
        <ele>1037.3238747075588</ele>
        <time>2026-06-04T13:05:57.000Z</time>
      </trkpt>
      <trkpt lat="42.60719749890268" lon="-0.13521887362003301">
        <ele>1037.1189916717005</ele>
        <time>2026-06-04T13:05:59.000Z</time>
      </trkpt>
      <trkpt lat="42.60719991289079" lon="-0.135178657248616">
        <ele>1036.894733703917</ele>
        <time>2026-06-04T13:06:02.000Z</time>
      </trkpt>
      <trkpt lat="42.60720192454755" lon="-0.13513270765542978">
        <ele>1036.6334330990298</ele>
        <time>2026-06-04T13:06:06.000Z</time>
      </trkpt>
      <trkpt lat="42.607197146862745" lon="-0.1350867580622436">
        <ele>1035.449658013833</ele>
        <time>2026-06-04T13:06:12.000Z</time>
      </trkpt>
      <trkpt lat="42.60718951933086" lon="-0.1350494585931302">
        <ele>1034.3446925289343</ele>
        <time>2026-06-04T13:08:03.000Z</time>
      </trkpt>
      <trkpt lat="42.60718095302582" lon="-0.13502669334411638">
        <ele>1032.8927489121843</ele>
        <time>2026-06-04T13:08:04.000Z</time>
      </trkpt>
      <trkpt lat="42.60717228613794" lon="-0.13501805998384978">
        <ele>1033.106150278251</ele>
        <time>2026-06-04T13:08:10.000Z</time>
      </trkpt>
      <trkpt lat="42.60716402158141" lon="-0.1350133661180736">
        <ele>1033.6623279091277</ele>
        <time>2026-06-04T13:08:17.000Z</time>
      </trkpt>
      <trkpt lat="42.60716105438769" lon="-0.1350083705037832">
        <ele>1033.8703997968723</ele>
        <time>2026-06-04T13:08:22.000Z</time>
      </trkpt>
      <trkpt lat="42.6071594953537" lon="-0.13500558771193022">
        <ele>1033.9784826370362</ele>
        <time>2026-06-04T13:08:25.000Z</time>
      </trkpt>
      <trkpt lat="42.60715649463236" lon="-0.1349986474961042">
        <ele>1034.1872200469659</ele>
        <time>2026-06-04T13:08:30.000Z</time>
      </trkpt>
      <trkpt lat="42.607152722775936" lon="-0.13498620875179762">
        <ele>1034.4489412578073</ele>
        <time>2026-06-04T13:08:32.000Z</time>
      </trkpt>
      <trkpt lat="42.607148146256804" lon="-0.13497316651046282">
        <ele>1034.7450099954692</ele>
        <time>2026-06-04T13:08:37.000Z</time>
      </trkpt>
      <trkpt lat="42.607143921777606" lon="-0.1349604260176422">
        <ele>1035.0033948245232</ele>
        <time>2026-06-04T13:08:42.000Z</time>
      </trkpt>
      <trkpt lat="42.60713969729841" lon="-0.1349483728408816">
        <ele>1035.2458498161636</ele>
        <time>2026-06-04T13:08:46.000Z</time>
      </trkpt>
      <trkpt lat="42.60713785327971" lon="-0.134940527379513">
        <ele>1035.3469416597432</ele>
        <time>2026-06-04T13:08:47.000Z</time>
      </trkpt>
      <trkpt lat="42.60713688097894" lon="-0.134938180446625">
        <ele>1035.3988396143056</ele>
        <time>2026-06-04T13:08:48.000Z</time>
      </trkpt>
      <trkpt lat="42.60713671334088" lon="-0.1349384989589454">
        <ele>1035.4078593217937</ele>
        <time>2026-06-04T13:08:50.000Z</time>
      </trkpt>
      <trkpt lat="42.60713542252779" lon="-0.13493938744068162">
        <ele>1035.477237864957</ele>
        <time>2026-06-04T13:08:51.000Z</time>
      </trkpt>
      <trkpt lat="42.6071341317147" lon="-0.1349402759224178">
        <ele>1035.5469522693488</ele>
        <time>2026-06-04T13:08:52.000Z</time>
      </trkpt>
      <trkpt lat="42.607132606208324" lon="-0.13494111411273502">
        <ele>1035.629606822567</ele>
        <time>2026-06-04T13:08:54.000Z</time>
      </trkpt>
      <trkpt lat="42.60713108070195" lon="-0.13494344428181662">
        <ele>1035.7141538240296</ele>
        <time>2026-06-04T13:08:55.000Z</time>
      </trkpt>
      <trkpt lat="42.60712816379964" lon="-0.1349457912147046">
        <ele>1035.8756674501317</ele>
        <time>2026-06-04T13:08:56.000Z</time>
      </trkpt>
      <trkpt lat="42.60712653771043" lon="-0.13494852371513844">
        <ele>1035.9689733326945</ele>
        <time>2026-06-04T13:08:57.000Z</time>
      </trkpt>
      <trkpt lat="42.60712491162121" lon="-0.13495142385363562">
        <ele>1036.0639024353436</ele>
        <time>2026-06-04T13:09:00.000Z</time>
      </trkpt>
      <trkpt lat="42.60712352022529" lon="-0.1349543239921328">
        <ele>1036.147116143111</ele>
        <time>2026-06-04T13:09:02.000Z</time>
      </trkpt>
      <trkpt lat="42.60712212882936" lon="-0.1349557321518656">
        <ele>1036.2280379194117</ele>
        <time>2026-06-04T13:09:04.000Z</time>
      </trkpt>
      <trkpt lat="42.60712212882936" lon="-0.13495685532689058">
        <ele>1036.2306529241432</ele>
        <time>2026-06-04T13:09:05.000Z</time>
      </trkpt>
      <trkpt lat="42.60712212882936" lon="-0.134957022964954">
        <ele>1036.231043223354</ele>
        <time>2026-06-04T13:09:14.000Z</time>
      </trkpt>
      <trkpt lat="42.60712212882936" lon="-0.134957022964954">
        <ele>1036.231043223354</ele>
        <time>2026-06-04T13:09:16.000Z</time>
      </trkpt>
      <trkpt lat="42.60712212882936" lon="-0.134957022964954">
        <ele>1036.231043223354</ele>
        <time>2026-06-04T13:09:17.000Z</time>
      </trkpt>
      <trkpt lat="42.60712246410549" lon="-0.1349554974585768">
        <ele>1036.208724671054</ele>
        <time>2026-06-04T13:09:18.000Z</time>
      </trkpt>
      <trkpt lat="42.60712298378348" lon="-0.1349539719521996">
        <ele>1036.1762753380751</ele>
        <time>2026-06-04T13:09:20.000Z</time>
      </trkpt>
      <trkpt lat="42.60712387226522" lon="-0.13495244644582238">
        <ele>1036.1235794205809</ele>
        <time>2026-06-04T13:09:22.000Z</time>
      </trkpt>
      <trkpt lat="42.607124760746956" lon="-0.134951055049896">
        <ele>1036.0715409864163</ele>
        <time>2026-06-04T13:09:24.000Z</time>
      </trkpt>
      <trkpt lat="42.60712677240372" lon="-0.1349502503871916">
        <ele>1035.9589222500051</ele>
        <time>2026-06-04T13:09:25.000Z</time>
      </trkpt>
      <trkpt lat="42.607128851115704" lon="-0.1349514741450546">
        <ele>1035.845809609835</ele>
        <time>2026-06-04T13:09:33.000Z</time>
      </trkpt>
      <trkpt lat="42.60713074542582" lon="-0.13495375402271742">
        <ele>1035.7433245369248</ele>
        <time>2026-06-04T13:09:36.000Z</time>
      </trkpt>
      <trkpt lat="42.6071322709322" lon="-0.13495603390038022">
        <ele>1035.6602471750882</ele>
        <time>2026-06-04T13:09:37.000Z</time>
      </trkpt>
      <trkpt lat="42.60713331028819" lon="-0.13495817966759222">
        <ele>1035.6034709985063</ele>
        <time>2026-06-04T13:09:38.000Z</time>
      </trkpt>
      <trkpt lat="42.60713007487357" lon="-0.1349586993455888">
        <ele>1035.7864469017181</ele>
        <time>2026-06-04T13:09:47.000Z</time>
      </trkpt>
      <trkpt lat="42.60712455958128" lon="-0.1349580790847542">
        <ele>1036.0965237245466</ele>
        <time>2026-06-04T13:09:52.000Z</time>
      </trkpt>
      <trkpt lat="42.60711860843003" lon="-0.13495584949851042">
        <ele>1036.4255442988408</ele>
        <time>2026-06-04T13:09:59.000Z</time>
      </trkpt>
      <trkpt lat="42.60710974037647" lon="-0.13495103828608981">
        <ele>1036.9024548753987</ele>
        <time>2026-06-04T13:10:02.000Z</time>
      </trkpt>
      <trkpt lat="42.60709678195417" lon="-0.1349458917975424">
        <ele>1037.5882483637977</ele>
        <time>2026-06-04T13:10:04.000Z</time>
      </trkpt>
      <trkpt lat="42.60708555020392" lon="-0.1349417343735694">
        <ele>1038.1691921830088</ele>
        <time>2026-06-04T13:10:06.000Z</time>
      </trkpt>
      <trkpt lat="42.60707565955818" lon="-0.1349378116428852">
        <ele>1038.6670562781487</ele>
        <time>2026-06-04T13:10:10.000Z</time>
      </trkpt>
      <trkpt lat="42.6070662047714" lon="-0.1349344421178104">
        <ele>1039.1363583680748</ele>
        <time>2026-06-04T13:10:12.000Z</time>
      </trkpt>
      <trkpt lat="42.607059666886926" lon="-0.1349336542189124">
        <ele>1039.4731139103817</ele>
        <time>2026-06-04T13:10:14.000Z</time>
      </trkpt>
      <trkpt lat="42.60706206411123" lon="-0.1349355485290292">
        <ele>1039.3676695290728</ele>
        <time>2026-06-04T13:10:16.000Z</time>
      </trkpt>
      <trkpt lat="42.60706588625908" lon="-0.134938079863787">
        <ele>1039.1916326484584</ele>
        <time>2026-06-04T13:10:18.000Z</time>
      </trkpt>
      <trkpt lat="42.60707024484873" lon="-0.13494101352989699">
        <ele>1038.987898072402</ele>
        <time>2026-06-04T13:10:25.000Z</time>
      </trkpt>
      <trkpt lat="42.60707487165928" lon="-0.134943947196007">
        <ele>1038.7658590538679</ele>
        <time>2026-06-04T13:10:26.000Z</time>
      </trkpt>
      <trkpt lat="42.60707973316312" lon="-0.1349455900490286">
        <ele>1038.5159858346894</ele>
        <time>2026-06-04T13:10:28.000Z</time>
      </trkpt>
      <trkpt lat="42.60708261653781" lon="-0.1349317766726018">
        <ele>1038.2466941497642</ele>
        <time>2026-06-04T13:10:31.000Z</time>
      </trkpt>
      <trkpt lat="42.6070854999125" lon="-0.134917376562953">
        <ele>1038.086957786917</ele>
        <time>2026-06-04T13:10:37.000Z</time>
      </trkpt>
      <trkpt lat="42.60708838328719" lon="-0.1349029764533042">
        <ele>1037.990681671476</ele>
        <time>2026-06-04T13:10:43.000Z</time>
      </trkpt>
      <trkpt lat="42.60709044523537" lon="-0.13489231467247">
        <ele>1037.9147758607826</ele>
        <time>2026-06-04T13:10:44.000Z</time>
      </trkpt>
      <trkpt lat="42.60709188692272" lon="-0.13488391600549202">
        <ele>1037.8605813550405</ele>
        <time>2026-06-04T13:10:45.000Z</time>
      </trkpt>
      <trkpt lat="42.60709076374769" lon="-0.13489023596048338">
        <ele>1037.9039350905937</ele>
        <time>2026-06-04T13:10:52.000Z</time>
      </trkpt>
      <trkpt lat="42.60708964057267" lon="-0.134896958246827">
        <ele>1037.9434583995994</ele>
        <time>2026-06-04T13:10:53.000Z</time>
      </trkpt>
      <trkpt lat="42.60708851739764" lon="-0.13490368053317062">
        <ele>1037.9805013273667</ele>
        <time>2026-06-04T13:10:55.000Z</time>
      </trkpt>
      <trkpt lat="42.60708885267377" lon="-0.1349066644906996">
        <ele>1037.950469882313</ele>
        <time>2026-06-04T13:11:01.000Z</time>
      </trkpt>
      <trkpt lat="42.60708957351744" lon="-0.13490746915340424">
        <ele>1037.9079747678204</ele>
        <time>2026-06-04T13:11:06.000Z</time>
      </trkpt>
      <trkpt lat="42.607090478762984" lon="-0.13490614481270302">
        <ele>1037.8632534645355</ele>
        <time>2026-06-04T13:11:08.000Z</time>
      </trkpt>
      <trkpt lat="42.60707584396005" lon="-0.134896220639348">
        <ele>1038.7256793929585</ele>
        <time>2026-06-04T13:11:15.000Z</time>
      </trkpt>
      <trkpt lat="42.60706120915711" lon="-0.1348787695169448">
        <ele>1039.6990035992899</ele>
        <time>2026-06-04T13:11:16.000Z</time>
      </trkpt>
      <trkpt lat="42.60704566910863" lon="-0.1348613183945416">
        <ele>1041.1431383625857</ele>
        <time>2026-06-04T13:11:24.000Z</time>
      </trkpt>
      <trkpt lat="42.6070307828486" lon="-0.13484507426619502">
        <ele>1042.8286025765667</ele>
        <time>2026-06-04T13:11:30.000Z</time>
      </trkpt>
      <trkpt lat="42.607017857953906" lon="-0.13483060710132103">
        <ele>1044.2188667058367</ele>
        <time>2026-06-04T13:11:33.000Z</time>
      </trkpt>
      <trkpt lat="42.607025703415275" lon="-0.1348243374377486">
        <ele>1043.4521715749204</ele>
        <time>2026-06-04T13:11:35.000Z</time>
      </trkpt>
      <trkpt lat="42.60703802481294" lon="-0.1348255947232244">
        <ele>1042.2090328420004</ele>
        <time>2026-06-04T13:11:36.000Z</time>
      </trkpt>
      <trkpt lat="42.60705103352666" lon="-0.1348267346620558">
        <ele>1040.8919393834794</ele>
        <time>2026-06-04T13:11:39.000Z</time>
      </trkpt>
      <trkpt lat="42.60706456191838" lon="-0.13482787460088722">
        <ele>1039.8991838984718</ele>
        <time>2026-06-04T13:11:42.000Z</time>
      </trkpt>
      <trkpt lat="42.60707825794816" lon="-0.1348277572542428">
        <ele>1038.972293478745</ele>
        <time>2026-06-04T13:11:43.000Z</time>
      </trkpt>
      <trkpt lat="42.60708672367036" lon="-0.1348296348005532">
        <ele>1038.3909069566462</ele>
        <time>2026-06-04T13:11:44.000Z</time>
      </trkpt>
      <trkpt lat="42.60709071345627" lon="-0.13483231700956821">
        <ele>1038.1123397679576</ele>
        <time>2026-06-04T13:11:46.000Z</time>
      </trkpt>
      <trkpt lat="42.60709257423878" lon="-0.134836558252573">
        <ele>1037.9739254250892</ele>
        <time>2026-06-04T13:11:52.000Z</time>
      </trkpt>
      <trkpt lat="42.60709091462195" lon="-0.13484187237918382">
        <ele>1038.065273258484</ele>
        <time>2026-06-04T13:11:53.000Z</time>
      </trkpt>
      <trkpt lat="42.607087126001716" lon="-0.13484814204275622">
        <ele>1038.2872009351702</ele>
        <time>2026-06-04T13:12:00.000Z</time>
      </trkpt>
      <trkpt lat="42.60708333738148" lon="-0.13485241681337382">
        <ele>1038.5108207182695</ele>
        <time>2026-06-04T13:12:05.000Z</time>
      </trkpt>
      <trkpt lat="42.60707928054035" lon="-0.1348558869212868">
        <ele>1038.7503816746491</ele>
        <time>2026-06-04T13:12:13.000Z</time>
      </trkpt>
      <trkpt lat="42.60707666538656" lon="-0.13485779799521">
        <ele>1038.9042660315508</ele>
        <time>2026-06-04T13:12:14.000Z</time>
      </trkpt>
      <trkpt lat="42.607075760141015" lon="-0.1348575968295338">
        <ele>1038.9623311839887</ele>
        <time>2026-06-04T13:12:15.000Z</time>
      </trkpt>
      <trkpt lat="42.60707428492606" lon="-0.13485644012689602">
        <ele>1039.0622618905147</ele>
        <time>2026-06-04T13:12:20.000Z</time>
      </trkpt>
      <trkpt lat="42.60707160271704" lon="-0.1348552834242582">
        <ele>1039.2390613664045</ele>
        <time>2026-06-04T13:12:29.000Z</time>
      </trkpt>
      <trkpt lat="42.60706918872893" lon="-0.1348542440682648">
        <ele>1039.3990404477752</ele>
        <time>2026-06-04T13:12:30.000Z</time>
      </trkpt>
      <trkpt lat="42.607066774740815" lon="-0.13485332205891581">
        <ele>1039.558965961609</ele>
        <time>2026-06-04T13:12:35.000Z</time>
      </trkpt>
      <trkpt lat="42.60706533305347" lon="-0.13485343940556022">
        <ele>1039.6496707374533</ele>
        <time>2026-06-04T13:12:36.000Z</time>
      </trkpt>
      <trkpt lat="42.60706474632025" lon="-0.1348533388227222">
        <ele>1039.6877286275915</ele>
        <time>2026-06-04T13:12:39.000Z</time>
      </trkpt>
      <trkpt lat="42.607066087424755" lon="-0.1348516456782816">
        <ele>1039.6153699313609</ele>
        <time>2026-06-04T13:12:41.000Z</time>
      </trkpt>
      <trkpt lat="42.607073966413736" lon="-0.13484983518719662">
        <ele>1039.1239435759037</ele>
        <time>2026-06-04T13:12:45.000Z</time>
      </trkpt>
      <trkpt lat="42.60708184540272" lon="-0.13484802469611162">
        <ele>1038.6278309549648</ele>
        <time>2026-06-04T13:12:48.000Z</time>
      </trkpt>
      <trkpt lat="42.60708938911557" lon="-0.13484656624495983">
        <ele>1038.147402529456</ele>
        <time>2026-06-04T13:12:55.000Z</time>
      </trkpt>
      <trkpt lat="42.60709493793547" lon="-0.13484537601470942">
        <ele>1037.7920489290284</ele>
        <time>2026-06-04T13:12:56.000Z</time>
      </trkpt>
      <trkpt lat="42.60709943063557" lon="-0.1348458789288996">
        <ele>1037.4996370941535</ele>
        <time>2026-06-04T13:12:57.000Z</time>
      </trkpt>
      <trkpt lat="42.6070973854512" lon="-0.1348463818430898">
        <ele>1037.6308631291604</ele>
        <time>2026-06-04T13:13:04.000Z</time>
      </trkpt>
      <trkpt lat="42.607095340266824" lon="-0.134846784174442">
        <ele>1037.7620317211786</ele>
        <time>2026-06-04T13:13:05.000Z</time>
      </trkpt>
      <trkpt lat="42.607093915343285" lon="-0.134843850508332">
        <ele>1037.86297372753</ele>
        <time>2026-06-04T13:13:07.000Z</time>
      </trkpt>
      <trkpt lat="42.607096849009395" lon="-0.134830707684159">
        <ele>1037.7053823558367</ele>
        <time>2026-06-04T13:13:08.000Z</time>
      </trkpt>
      <trkpt lat="42.60710204578936" lon="-0.134816039353609">
        <ele>1037.3805987639203</ele>
        <time>2026-06-04T13:13:10.000Z</time>
      </trkpt>
      <trkpt lat="42.60710724256933" lon="-0.1348013039678336">
        <ele>1037.0308290111218</ele>
        <time>2026-06-04T13:13:14.000Z</time>
      </trkpt>
      <trkpt lat="42.607112439349294" lon="-0.1347855292260648">
        <ele>1036.6558816127408</ele>
        <time>2026-06-04T13:13:19.000Z</time>
      </trkpt>
      <trkpt lat="42.607116881757975" lon="-0.1347706094384194">
        <ele>1036.3129351513653</ele>
        <time>2026-06-04T13:13:22.000Z</time>
      </trkpt>
      <trkpt lat="42.60711835697293" lon="-0.13476008176803603">
        <ele>1036.188704714481</ele>
        <time>2026-06-04T13:13:23.000Z</time>
      </trkpt>
      <trkpt lat="42.607117334380746" lon="-0.1347469557076692">
        <ele>1036.1725583211444</ele>
        <time>2026-06-04T13:13:25.000Z</time>
      </trkpt>
      <trkpt lat="42.6071151047945" lon="-0.13473158329725263">
        <ele>1036.152045178204</ele>
        <time>2026-06-04T13:13:28.000Z</time>
      </trkpt>
      <trkpt lat="42.607112724334" lon="-0.134716898202896">
        <ele>1036.1481966120446</ele>
        <time>2026-06-04T13:13:36.000Z</time>
      </trkpt>
      <trkpt lat="42.6071084998548" lon="-0.1347034871578216">
        <ele>1036.29880301102</ele>
        <time>2026-06-04T13:13:38.000Z</time>
      </trkpt>
      <trkpt lat="42.60710288397968" lon="-0.1346955746412276">
        <ele>1036.62330150197</ele>
        <time>2026-06-04T13:13:43.000Z</time>
      </trkpt>
      <trkpt lat="42.60709725134075" lon="-0.134691685438156">
        <ele>1036.999792130447</ele>
        <time>2026-06-04T13:13:46.000Z</time>
      </trkpt>
      <trkpt lat="42.60709173604846" lon="-0.134680990129709">
        <ele>1037.2681311197694</ele>
        <time>2026-06-04T13:13:49.000Z</time>
      </trkpt>
      <trkpt lat="42.60708637163043" lon="-0.134669557213783">
        <ele>1037.507609374911</ele>
        <time>2026-06-04T13:13:55.000Z</time>
      </trkpt>
      <trkpt lat="42.60708298534155" lon="-0.1346529275178906">
        <ele>1037.5166140829451</ele>
        <time>2026-06-04T13:14:05.000Z</time>
      </trkpt>
      <trkpt lat="42.607081308960915" lon="-0.1346365660428998">
        <ele>1037.3982504139185</ele>
        <time>2026-06-04T13:14:08.000Z</time>
      </trkpt>
      <trkpt lat="42.6070804707706" lon="-0.13462020456790902">
        <ele>1037.2163065492891</ele>
        <time>2026-06-04T13:14:10.000Z</time>
      </trkpt>
      <trkpt lat="42.60708085633814" lon="-0.13458964414894561">
        <ele>1036.735066402251</ele>
        <time>2026-06-04T13:14:11.000Z</time>
      </trkpt>
      <trkpt lat="42.6071010902524" lon="-0.13455819524824603">
        <ele>1034.7294479245356</ele>
        <time>2026-06-04T13:14:14.000Z</time>
      </trkpt>
      <trkpt lat="42.607121324166656" lon="-0.13453222811222063">
        <ele>1032.9579955446723</ele>
        <time>2026-06-04T13:14:21.000Z</time>
      </trkpt>
      <trkpt lat="42.60714155808091" lon="-0.13450488634407504">
        <ele>1031.3344394071578</ele>
        <time>2026-06-04T13:14:28.000Z</time>
      </trkpt>
      <trkpt lat="42.607160652056336" lon="-0.13446460291743262">
        <ele>1029.810480812254</ele>
        <time>2026-06-04T13:14:33.000Z</time>
      </trkpt>
      <trkpt lat="42.60717865638435" lon="-0.134446498006582">
        <ele>1028.7497132715807</ele>
        <time>2026-06-04T13:14:34.000Z</time>
      </trkpt>
      <trkpt lat="42.60717644356191" lon="-0.13442396745085702">
        <ele>1028.6754577860956</ele>
        <time>2026-06-04T13:14:39.000Z</time>
      </trkpt>
      <trkpt lat="42.60717406310141" lon="-0.13440125249326224">
        <ele>1028.7988402708775</ele>
        <time>2026-06-04T13:14:40.000Z</time>
      </trkpt>
      <trkpt lat="42.60717159882188" lon="-0.13437344133853923">
        <ele>1029.242702982797</ele>
        <time>2026-06-04T13:14:42.000Z</time>
      </trkpt>
      <trkpt lat="42.607170106843114" lon="-0.13435508497059362">
        <ele>1029.5081992605328</ele>
        <time>2026-06-04T13:14:43.000Z</time>
      </trkpt>
      <trkpt lat="42.60716957040131" lon="-0.134336829185486">
        <ele>1029.7369024639486</ele>
        <time>2026-06-04T13:14:48.000Z</time>
      </trkpt>
      <trkpt lat="42.60716958716512" lon="-0.134324960410595">
        <ele>1029.87671199505</ele>
        <time>2026-06-04T13:14:51.000Z</time>
      </trkpt>
      <trkpt lat="42.60717099532485" lon="-0.13431320898234841">
        <ele>1029.999578636512</ele>
        <time>2026-06-04T13:14:52.000Z</time>
      </trkpt>
      <trkpt lat="42.60717332549393" lon="-0.1343077942728994">
        <ele>1030.0437464269091</ele>
        <time>2026-06-04T13:14:56.000Z</time>
      </trkpt>
      <trkpt lat="42.60717602446675" lon="-0.1342964619398114">
        <ele>1030.1752651147835</ele>
        <time>2026-06-04T13:14:58.000Z</time>
      </trkpt>
      <trkpt lat="42.60717887431383" lon="-0.1342845093458888">
        <ele>1030.335285904225</ele>
        <time>2026-06-04T13:15:00.000Z</time>
      </trkpt>
      <trkpt lat="42.60718153975904" lon="-0.1342718861997126">
        <ele>1030.820090010081</ele>
        <time>2026-06-04T13:15:02.000Z</time>
      </trkpt>
      <trkpt lat="42.60718283057213" lon="-0.13425909541547282">
        <ele>1031.211757969356</ele>
        <time>2026-06-04T13:15:03.000Z</time>
      </trkpt>
      <trkpt lat="42.607175504788756" lon="-0.13425354659557343">
        <ele>1030.76663957988</ele>
        <time>2026-06-04T13:16:57.000Z</time>
      </trkpt>
      <trkpt lat="42.60716752521694" lon="-0.1342480145394802">
        <ele>1030.765181219469</ele>
        <time>2026-06-04T13:17:03.000Z</time>
      </trkpt>
      <trkpt lat="42.60715667903423" lon="-0.134241510182619">
        <ele>1030.709917553562</ele>
        <time>2026-06-04T13:17:05.000Z</time>
      </trkpt>
      <trkpt lat="42.60714573226869" lon="-0.1342345364391802">
        <ele>1031.0546533238828</ele>
        <time>2026-06-04T13:17:09.000Z</time>
      </trkpt>
      <trkpt lat="42.60713616013527" lon="-0.1342282332479952">
        <ele>1031.53595329809</ele>
        <time>2026-06-04T13:17:12.000Z</time>
      </trkpt>
      <trkpt lat="42.60712585039437" lon="-0.13421666622161843">
        <ele>1032.4720109735085</ele>
        <time>2026-06-04T13:17:13.000Z</time>
      </trkpt>
      <trkpt lat="42.60711745172739" lon="-0.1342085022479292">
        <ele>1033.0736127758885</ele>
        <time>2026-06-04T13:17:14.000Z</time>
      </trkpt>
      <trkpt lat="42.60711047798395" lon="-0.13420060649514162">
        <ele>1033.6480622317104</ele>
        <time>2026-06-04T13:17:17.000Z</time>
      </trkpt>
      <trkpt lat="42.60710538178682" lon="-0.1341927442699668">
        <ele>1034.2372476069954</ele>
        <time>2026-06-04T13:17:18.000Z</time>
      </trkpt>
      <trkpt lat="42.60710263252258" lon="-0.13418333977460842">
        <ele>1035.0045668312682</ele>
        <time>2026-06-04T13:17:20.000Z</time>
      </trkpt>
      <trkpt lat="42.607100704684854" lon="-0.1341804228723048">
        <ele>1035.2104612591513</ele>
        <time>2026-06-04T13:17:21.000Z</time>
      </trkpt>
      <trkpt lat="42.60709902830422" lon="-0.13417707011103622">
        <ele>1035.4588399806041</ele>
        <time>2026-06-04T13:17:24.000Z</time>
      </trkpt>
      <trkpt lat="42.60709901154041" lon="-0.1341726444661618">
        <ele>1035.8468029958788</ele>
        <time>2026-06-04T13:17:29.000Z</time>
      </trkpt>
      <trkpt lat="42.60709778778255" lon="-0.13416263647377502">
        <ele>1036.6861837187398</ele>
        <time>2026-06-04T13:17:34.000Z</time>
      </trkpt>
      <trkpt lat="42.60709450207651" lon="-0.1341468114405872">
        <ele>1037.9523398290598</ele>
        <time>2026-06-04T13:17:37.000Z</time>
      </trkpt>
      <trkpt lat="42.60709141753614" lon="-0.134130634367466">
        <ele>1039.2304450781248</ele>
        <time>2026-06-04T13:17:43.000Z</time>
      </trkpt>
      <trkpt lat="42.60708965733647" lon="-0.1341150272637606">
        <ele>1040.492993031606</ele>
        <time>2026-06-04T13:17:48.000Z</time>
      </trkpt>
      <trkpt lat="42.60708789713681" lon="-0.1341011971235274">
        <ele>1041.5906786133387</ele>
        <time>2026-06-04T13:17:50.000Z</time>
      </trkpt>
      <trkpt lat="42.607085198163986" lon="-0.1340966038405894">
        <ele>1041.8498058700718</ele>
        <time>2026-06-04T13:17:54.000Z</time>
      </trkpt>
      <trkpt lat="42.60708288475871" lon="-0.13409973867237543">
        <ele>1041.4750645716135</ele>
        <time>2026-06-04T13:17:57.000Z</time>
      </trkpt>
      <trkpt lat="42.60708058811724" lon="-0.1341038793325422">
        <ele>1041.0211836549718</ele>
        <time>2026-06-04T13:18:01.000Z</time>
      </trkpt>
      <trkpt lat="42.6070744022727" lon="-0.1341129485517738">
        <ele>1039.9924995851284</ele>
        <time>2026-06-04T13:18:03.000Z</time>
      </trkpt>
      <trkpt lat="42.607067646458745" lon="-0.13412753306329242">
        <ele>1038.5278315122137</ele>
        <time>2026-06-04T13:18:04.000Z</time>
      </trkpt>
      <trkpt lat="42.6070622485131" lon="-0.1341395527124404">
        <ele>1037.3646028991395</ele>
        <time>2026-06-04T13:18:06.000Z</time>
      </trkpt>
      <trkpt lat="42.607055492699146" lon="-0.13415120355784899">
        <ele>1036.2154089457463</ele>
        <time>2026-06-04T13:18:08.000Z</time>
      </trkpt>
      <trkpt lat="42.607048435136676" lon="-0.1341623011976482">
        <ele>1035.326374893806</ele>
        <time>2026-06-04T13:18:10.000Z</time>
      </trkpt>
      <trkpt lat="42.607045367360115" lon="-0.13416847027838258">
        <ele>1034.883035010228</ele>
        <time>2026-06-04T13:18:11.000Z</time>
      </trkpt>
      <trkpt lat="42.60703837685287" lon="-0.13416665978729758">
        <ele>1035.0840990423062</ele>
        <time>2026-06-04T13:18:17.000Z</time>
      </trkpt>
      <trkpt lat="42.60703192278743" lon="-0.13416394405067">
        <ele>1035.3507606214791</ele>
        <time>2026-06-04T13:18:21.000Z</time>
      </trkpt>
      <trkpt lat="42.60702623985708" lon="-0.1341610271483662">
        <ele>1035.6270587695578</ele>
        <time>2026-06-04T13:18:29.000Z</time>
      </trkpt>
      <trkpt lat="42.607020892202854" lon="-0.13415811024606242">
        <ele>1035.901384273638</ele>
        <time>2026-06-04T13:18:32.000Z</time>
      </trkpt>
      <trkpt lat="42.60701554454863" lon="-0.134154824540019">
        <ele>1036.2053310793112</ele>
        <time>2026-06-04T13:18:36.000Z</time>
      </trkpt>
      <trkpt lat="42.607018042355776" lon="-0.13415314815938462">
        <ele>1036.3115484125244</ele>
        <time>2026-06-04T13:18:37.000Z</time>
      </trkpt>
      <trkpt lat="42.607021529227495" lon="-0.1341516394168136">
        <ele>1036.3951437603741</ele>
        <time>2026-06-04T13:18:38.000Z</time>
      </trkpt>
      <trkpt lat="42.607027128338814" lon="-0.1341502647846936">
        <ele>1036.4478972449472</ele>
        <time>2026-06-04T13:18:47.000Z</time>
      </trkpt>
      <trkpt lat="42.60703356564045" lon="-0.1341483704745768">
        <ele>1036.5320059617081</ele>
        <time>2026-06-04T13:18:48.000Z</time>
      </trkpt>
      <trkpt lat="42.6070408411324" lon="-0.134146375581622">
        <ele>1036.6148788388737</ele>
        <time>2026-06-04T13:18:49.000Z</time>
      </trkpt>
      <trkpt lat="42.6070453338325" lon="-0.1341452356427906">
        <ele>1036.6585339174194</ele>
        <time>2026-06-04T13:18:50.000Z</time>
      </trkpt>
      <trkpt lat="42.60704908892512" lon="-0.13414417952299101">
        <ele>1036.7026346788991</ele>
        <time>2026-06-04T13:18:51.000Z</time>
      </trkpt>
      <trkpt lat="42.60705133527517" lon="-0.1341435760259626">
        <ele>1036.7267310801312</ele>
        <time>2026-06-04T13:18:52.000Z</time>
      </trkpt>
      <trkpt lat="42.607052743434906" lon="-0.134143492206931">
        <ele>1036.7193634791154</ele>
        <time>2026-06-04T13:18:54.000Z</time>
      </trkpt>
      <trkpt lat="42.607051603496075" lon="-0.134143877774477">
        <ele>1036.7011221524033</ele>
        <time>2026-06-04T13:18:57.000Z</time>
      </trkpt>
      <trkpt lat="42.60704984329641" lon="-0.1341437436640264">
        <ele>1036.728517731284</ele>
        <time>2026-06-04T13:18:58.000Z</time>
      </trkpt>
      <trkpt lat="42.607044260948896" lon="-0.1341406591236594">
        <ele>1037.0187781156642</ele>
        <time>2026-06-04T13:19:03.000Z</time>
      </trkpt>
      <trkpt lat="42.60703559406102" lon="-0.1341343056410554">
        <ele>1037.5918174498108</ele>
        <time>2026-06-04T13:19:07.000Z</time>
      </trkpt>
      <trkpt lat="42.60702645778656" lon="-0.1341279521584514">
        <ele>1038.1734598534233</ele>
        <time>2026-06-04T13:19:13.000Z</time>
      </trkpt>
      <trkpt lat="42.60701650008559" lon="-0.13412159867584741">
        <ele>1038.7677138372328</ele>
        <time>2026-06-04T13:19:17.000Z</time>
      </trkpt>
      <trkpt lat="42.607003374025226" lon="-0.13411576487124002">
        <ele>1039.3598565440607</ele>
        <time>2026-06-04T13:19:18.000Z</time>
      </trkpt>
      <trkpt lat="42.606990180909634" lon="-0.134112881496549">
        <ele>1039.7269813106143</ele>
        <time>2026-06-04T13:19:20.000Z</time>
      </trkpt>
      <trkpt lat="42.60697832889855" lon="-0.1341146249324086">
        <ele>1039.7179610324552</ele>
        <time>2026-06-04T13:19:22.000Z</time>
      </trkpt>
      <trkpt lat="42.60696651041508" lon="-0.1341181285679342">
        <ele>1039.5679351965514</ele>
        <time>2026-06-04T13:19:24.000Z</time>
      </trkpt>
      <trkpt lat="42.60695722326636" lon="-0.13412210159003743">
        <ele>1039.3511787263703</ele>
        <time>2026-06-04T13:19:36.000Z</time>
      </trkpt>
      <trkpt lat="42.60695115476847" lon="-0.1341264098882676">
        <ele>1039.0718431696223</ele>
        <time>2026-06-04T13:19:39.000Z</time>
      </trkpt>
      <trkpt lat="42.60694897547364" lon="-0.13413143903017039">
        <ele>1038.693578146631</ele>
        <time>2026-06-04T13:19:45.000Z</time>
      </trkpt>
      <trkpt lat="42.606948187574744" lon="-0.1341347247362136">
        <ele>1038.4396377741286</ele>
        <time>2026-06-04T13:19:46.000Z</time>
      </trkpt>
      <trkpt lat="42.606947131454945" lon="-0.1341368202120066">
        <ele>1038.2831275716221</ele>
        <time>2026-06-04T13:19:50.000Z</time>
      </trkpt>
      <trkpt lat="42.60694590769708" lon="-0.134139133617282">
        <ele>1038.1107376028122</ele>
        <time>2026-06-04T13:19:51.000Z</time>
      </trkpt>
      <trkpt lat="42.60694392956793" lon="-0.13414220139384259">
        <ele>1037.8853210161774</ele>
        <time>2026-06-04T13:19:53.000Z</time>
      </trkpt>
      <trkpt lat="42.60694149881601" lon="-0.1341460570693016">
        <ele>1037.6008850511625</ele>
        <time>2026-06-04T13:19:54.000Z</time>
      </trkpt>
      <trkpt lat="42.60693942010403" lon="-0.1341508682817222">
        <ele>1037.235977097941</ele>
        <time>2026-06-04T13:19:57.000Z</time>
      </trkpt>
      <trkpt lat="42.60693804547191" lon="-0.13415611535310762">
        <ele>1036.828899866369</ele>
        <time>2026-06-04T13:20:01.000Z</time>
      </trkpt>
      <trkpt lat="42.60693730786443" lon="-0.134160976856947">
        <ele>1036.4463802144878</ele>
        <time>2026-06-04T13:20:03.000Z</time>
      </trkpt>
      <trkpt lat="42.606938414275646" lon="-0.1341650504618884">
        <ele>1036.1100942761773</ele>
        <time>2026-06-04T13:20:05.000Z</time>
      </trkpt>
      <trkpt lat="42.60694012418389" lon="-0.13416893966496002">
        <ele>1035.7835041940707</ele>
        <time>2026-06-04T13:20:12.000Z</time>
      </trkpt>
      <trkpt lat="42.606942772865295" lon="-0.13417187333107">
        <ele>1035.5255017548313</ele>
        <time>2026-06-04T13:20:13.000Z</time>
      </trkpt>
      <trkpt lat="42.60694560594857" lon="-0.1341739352792502">
        <ele>1035.336004489642</ele>
        <time>2026-06-04T13:20:22.000Z</time>
      </trkpt>
      <trkpt lat="42.60694796964526" lon="-0.1341759972274304">
        <ele>1035.1509697210295</ele>
        <time>2026-06-04T13:20:27.000Z</time>
      </trkpt>
      <trkpt lat="42.606949243694544" lon="-0.1341788973659278">
        <ele>1034.9088263158503</ele>
        <time>2026-06-04T13:20:29.000Z</time>
      </trkpt>
      <trkpt lat="42.60695036686957" lon="-0.134180473163724">
        <ele>1034.7736993743729</ele>
        <time>2026-06-04T13:20:35.000Z</time>
      </trkpt>
      <trkpt lat="42.60694915987551" lon="-0.13418204896152022">
        <ele>1034.658379365943</ele>
        <time>2026-06-04T13:20:39.000Z</time>
      </trkpt>
      <trkpt lat="42.606945840641856" lon="-0.1341809090226888">
        <ele>1034.7773970808794</ele>
        <time>2026-06-04T13:20:40.000Z</time>
      </trkpt>
      <trkpt lat="42.60694059357047" lon="-0.1341770868748426">
        <ele>1035.1276539209387</ele>
        <time>2026-06-04T13:20:42.000Z</time>
      </trkpt>
      <trkpt lat="42.6069340724498" lon="-0.134169777855277">
        <ele>1035.770113713293</ele>
        <time>2026-06-04T13:20:46.000Z</time>
      </trkpt>
      <trkpt lat="42.606926679611206" lon="-0.1341612618416548">
        <ele>1036.5209031411398</ele>
        <time>2026-06-04T13:20:48.000Z</time>
      </trkpt>
      <trkpt lat="42.606920493766665" lon="-0.1341527458280326">
        <ele>1036.7295093851424</ele>
        <time>2026-06-04T13:20:49.000Z</time>
      </trkpt>
      <trkpt lat="42.60690673068166" lon="-0.1341468114405872">
        <ele>1036.0638328923862</ele>
        <time>2026-06-04T13:20:51.000Z</time>
      </trkpt>
      <trkpt lat="42.60689100623131" lon="-0.13415589742362521">
        <ele>1034.2807827089296</ele>
        <time>2026-06-04T13:20:56.000Z</time>
      </trkpt>
      <trkpt lat="42.60687605291605" lon="-0.1341673303395512">
        <ele>1032.6426704930593</ele>
        <time>2026-06-04T13:20:59.000Z</time>
      </trkpt>
      <trkpt lat="42.6068592723459" lon="-0.1341799702495338">
        <ele>1031.0934686695286</ele>
        <time>2026-06-04T13:21:01.000Z</time>
      </trkpt>
      <trkpt lat="42.60684267617762" lon="-0.1341926101595164">
        <ele>1029.8479108258634</ele>
        <time>2026-06-04T13:21:05.000Z</time>
      </trkpt>
      <trkpt lat="42.60683558508754" lon="-0.13420509919524198">
        <ele>1029.2824921946108</ele>
        <time>2026-06-04T13:21:09.000Z</time>
      </trkpt>
      <trkpt lat="42.60683219879866" lon="-0.1342042777687312">
        <ele>1029.1567451336055</ele>
        <time>2026-06-04T13:21:11.000Z</time>
      </trkpt>
      <trkpt lat="42.606829315423965" lon="-0.1342027857899666">
        <ele>1029.056824717571</ele>
        <time>2026-06-04T13:21:13.000Z</time>
      </trkpt>
      <trkpt lat="42.606829131022096" lon="-0.1341986451297998">
        <ele>1029.1017548716113</ele>
        <time>2026-06-04T13:21:15.000Z</time>
      </trkpt>
      <trkpt lat="42.606824956834316" lon="-0.1341894250363112">
        <ele>1029.0037050153499</ele>
        <time>2026-06-04T13:21:16.000Z</time>
      </trkpt>
      <trkpt lat="42.60682078264654" lon="-0.1341802384704352">
        <ele>1028.8519796983173</ele>
        <time>2026-06-04T13:21:18.000Z</time>
      </trkpt>
      <trkpt lat="42.60681679286063" lon="-0.13417160511016862">
        <ele>1028.6565706349884</ele>
        <time>2026-06-04T13:21:22.000Z</time>
      </trkpt>
      <trkpt lat="42.606813037768006" lon="-0.1341622509062292">
        <ele>1028.430883371251</ele>
        <time>2026-06-04T13:21:23.000Z</time>
      </trkpt>
      <trkpt lat="42.60680971853435" lon="-0.1341550257056954">
        <ele>1028.1915528132213</ele>
        <time>2026-06-04T13:21:24.000Z</time>
      </trkpt>
      <trkpt lat="42.606810389086604" lon="-0.1341524440795184">
        <ele>1028.2414720621243</ele>
        <time>2026-06-04T13:21:27.000Z</time>
      </trkpt>
      <trkpt lat="42.606811210513115" lon="-0.134148957207799">
        <ele>1028.305994673848</ele>
        <time>2026-06-04T13:21:28.000Z</time>
      </trkpt>
      <trkpt lat="42.606812031939626" lon="-0.1341448836028576">
        <ele>1028.3750019941713</ele>
        <time>2026-06-04T13:21:31.000Z</time>
      </trkpt>
      <trkpt lat="42.60681261867285" lon="-0.1341400723904372">
        <ele>1028.4295568491325</ele>
        <time>2026-06-04T13:21:37.000Z</time>
      </trkpt>
      <trkpt lat="42.606812769547105" lon="-0.13413571380078798">
        <ele>1028.448516895162</ele>
        <time>2026-06-04T13:21:43.000Z</time>
      </trkpt>
      <trkpt lat="42.60681449621916" lon="-0.13413179107010378">
        <ele>1028.6121485442552</ele>
        <time>2026-06-04T13:21:48.000Z</time>
      </trkpt>
      <trkpt lat="42.60681669227779" lon="-0.1341289579868318">
        <ele>1028.8250099658894</ele>
        <time>2026-06-04T13:21:50.000Z</time>
      </trkpt>
      <trkpt lat="42.60681893862784" lon="-0.1341268625110388">
        <ele>1029.0471423150543</ele>
        <time>2026-06-04T13:21:52.000Z</time>
      </trkpt>
      <trkpt lat="42.60682158730924" lon="-0.13412763364613062">
        <ele>1029.2931451316929</ele>
        <time>2026-06-04T13:21:53.000Z</time>
      </trkpt>
      <trkpt lat="42.60682423599064" lon="-0.134128823876381">
        <ele>1029.53239813225</ele>
        <time>2026-06-04T13:21:54.000Z</time>
      </trkpt>
      <trkpt lat="42.60682530887425" lon="-0.1341306176036598">
        <ele>1029.614839906292</ele>
        <time>2026-06-04T13:21:57.000Z</time>
      </trkpt>
      <trkpt lat="42.606824085116386" lon="-0.1341335009783508">
        <ele>1029.4750756265587</ele>
        <time>2026-06-04T13:21:58.000Z</time>
      </trkpt>
      <trkpt lat="42.60682145319879" lon="-0.13413655199110522">
        <ele>1029.214418307237</ele>
        <time>2026-06-04T13:21:59.000Z</time>
      </trkpt>
      <trkpt lat="42.60681841894984" lon="-0.1341393012553454">
        <ele>1028.9318236909796</ele>
        <time>2026-06-04T13:22:04.000Z</time>
      </trkpt>
      <trkpt lat="42.606815334409475" lon="-0.1341424528509378">
        <ele>1028.6552919670976</ele>
        <time>2026-06-04T13:22:07.000Z</time>
      </trkpt>
      <trkpt lat="42.60681167989969" lon="-0.1341450009495018">
        <ele>1028.3458687921193</ele>
        <time>2026-06-04T13:22:09.000Z</time>
      </trkpt>
      <trkpt lat="42.606809701770544" lon="-0.1341463923454282">
        <ele>1028.1837859393281</ele>
        <time>2026-06-04T13:22:11.000Z</time>
      </trkpt>
      <trkpt lat="42.60680844448507" lon="-0.13414407894015298">
        <ele>1028.0775543354655</ele>
        <time>2026-06-04T13:22:13.000Z</time>
      </trkpt>
      <trkpt lat="42.60680715367198" lon="-0.1341413296759128">
        <ele>1027.9633442395805</ele>
        <time>2026-06-04T13:22:15.000Z</time>
      </trkpt>
      <trkpt lat="42.60680504143238" lon="-0.1341378260403872">
        <ele>1027.7697948273747</ele>
        <time>2026-06-04T13:22:23.000Z</time>
      </trkpt>
      <trkpt lat="42.606802962720394" lon="-0.13413440622389322">
        <ele>1027.5694377687714</ele>
        <time>2026-06-04T13:22:24.000Z</time>
      </trkpt>
      <trkpt lat="42.60680036433041" lon="-0.1341309864073992">
        <ele>1027.311296306903</ele>
        <time>2026-06-04T13:22:25.000Z</time>
      </trkpt>
      <trkpt lat="42.60679830238223" lon="-0.1341310702264308">
        <ele>1027.4087473725538</ele>
        <time>2026-06-04T13:22:30.000Z</time>
      </trkpt>
      <trkpt lat="42.60679627396166" lon="-0.13413107022643078">
        <ele>1027.508614614342</ele>
        <time>2026-06-04T13:22:33.000Z</time>
      </trkpt>
      <trkpt lat="42.606795117259026" lon="-0.1341310702264308">
        <ele>1027.5655637015511</ele>
        <time>2026-06-04T13:22:34.000Z</time>
      </trkpt>
      <trkpt lat="42.60679449699819" lon="-0.1341309864073992">
        <ele>1027.595223925341</ele>
        <time>2026-06-04T13:22:38.000Z</time>
      </trkpt>
      <trkpt lat="42.60679439641535" lon="-0.1341309025883676">
        <ele>1027.5992890449322</ele>
        <time>2026-06-04T13:22:39.000Z</time>
      </trkpt>
      <trkpt lat="42.60679439641535" lon="-0.134130818769336">
        <ele>1027.5984067111199</ele>
        <time>2026-06-04T13:22:43.000Z</time>
      </trkpt>
      <trkpt lat="42.60679431259632" lon="-0.134130818769336">
        <ele>1027.6025218516113</ele>
        <time>2026-06-04T13:22:44.000Z</time>
      </trkpt>
      <trkpt lat="42.60679385997355" lon="-0.134130818769336">
        <ele>1027.6247436118545</ele>
        <time>2026-06-04T13:22:46.000Z</time>
      </trkpt>
      <trkpt lat="42.60679325647652" lon="-0.134130818769336">
        <ele>1027.654372625271</ele>
        <time>2026-06-04T13:22:47.000Z</time>
      </trkpt>
      <trkpt lat="42.60679265297949" lon="-0.134130818769336">
        <ele>1027.6840016379654</ele>
        <time>2026-06-04T13:22:48.000Z</time>
      </trkpt>
      <trkpt lat="42.60679220035672" lon="-0.1341334842145444">
        <ele>1027.7375044340413</ele>
        <time>2026-06-04T13:22:50.000Z</time>
      </trkpt>
      <trkpt lat="42.606791630387306" lon="-0.134136836975813">
        <ele>1027.8067232114115</ele>
        <time>2026-06-04T13:22:51.000Z</time>
      </trkpt>
      <trkpt lat="42.60679142922163" lon="-0.1341415978968144">
        <ele>1027.875160523153</ele>
        <time>2026-06-04T13:22:56.000Z</time>
      </trkpt>
      <trkpt lat="42.60679137893021" lon="-0.1341484040021896">
        <ele>1027.9608810768927</ele>
        <time>2026-06-04T13:23:05.000Z</time>
      </trkpt>
      <trkpt lat="42.606790859252214" lon="-0.13415557891130442">
        <ele>1028.0809274497012</ele>
        <time>2026-06-04T13:23:06.000Z</time>
      </trkpt>
      <trkpt lat="42.60678899846971" lon="-0.1341614294797182">
        <ele>1028.2766255750491</ele>
        <time>2026-06-04T13:23:13.000Z</time>
      </trkpt>
      <trkpt lat="42.60678733885288" lon="-0.13416659273207182">
        <ele>1028.4604910622747</ele>
        <time>2026-06-04T13:23:14.000Z</time>
      </trkpt>
      <trkpt lat="42.606785679236054" lon="-0.13417034782469262">
        <ele>1028.6322107433919</ele>
        <time>2026-06-04T13:23:18.000Z</time>
      </trkpt>
      <trkpt lat="42.606784254312515" lon="-0.13417190685868263">
        <ele>1028.7582973360754</ele>
        <time>2026-06-04T13:23:19.000Z</time>
      </trkpt>
      <trkpt lat="42.606783332303166" lon="-0.13417264446616162">
        <ele>1028.836679756365</ele>
        <time>2026-06-04T13:23:23.000Z</time>
      </trkpt>
      <trkpt lat="42.60678360052407" lon="-0.1341704316437244">
        <ele>1028.78088788594</ele>
        <time>2026-06-04T13:23:28.000Z</time>
      </trkpt>
      <trkpt lat="42.60678386874497" lon="-0.13416647538542742">
        <ele>1028.6972914729959</ele>
        <time>2026-06-04T13:23:31.000Z</time>
      </trkpt>
      <trkpt lat="42.60678138770163" lon="-0.1341602392494678">
        <ele>1028.7574960816469</ele>
        <time>2026-06-04T13:23:38.000Z</time>
      </trkpt>
      <trkpt lat="42.60677741467953" lon="-0.1341537348926066">
        <ele>1028.8876264676082</ele>
        <time>2026-06-04T13:23:41.000Z</time>
      </trkpt>
      <trkpt lat="42.60677253641188" lon="-0.1341437269002198">
        <ele>1028.9628735219683</ele>
        <time>2026-06-04T13:23:46.000Z</time>
      </trkpt>
      <trkpt lat="42.606767658144236" lon="-0.1341342888772486">
        <ele>1028.9987505928084</ele>
        <time>2026-06-04T13:23:49.000Z</time>
      </trkpt>
      <trkpt lat="42.60676277987659" lon="-0.13412590697407722">
        <ele>1029.0134305147371</ele>
        <time>2026-06-04T13:23:52.000Z</time>
      </trkpt>
      <trkpt lat="42.60676153935492" lon="-0.1341187320649624">
        <ele>1028.8656541252708</ele>
        <time>2026-06-04T13:23:53.000Z</time>
      </trkpt>
      <trkpt lat="42.60676232725382" lon="-0.1341119259595872">
        <ele>1028.640396065895</ele>
        <time>2026-06-04T13:23:57.000Z</time>
      </trkpt>
      <trkpt lat="42.60676648467779" lon="-0.1341065112501384">
        <ele>1028.339320427544</ele>
        <time>2026-06-04T13:23:59.000Z</time>
      </trkpt>
      <trkpt lat="42.60677134618163" lon="-0.134101951494813">
        <ele>1028.0598382177084</ele>
        <time>2026-06-04T13:24:00.000Z</time>
      </trkpt>
      <trkpt lat="42.60677704587579" lon="-0.134095899760723">
        <ele>1027.7490824837048</ele>
        <time>2026-06-04T13:24:03.000Z</time>
      </trkpt>
      <trkpt lat="42.606782829388976" lon="-0.13409060239791862">
        <ele>1027.486830184138</ele>
        <time>2026-06-04T13:24:05.000Z</time>
      </trkpt>
      <trkpt lat="42.60678827762604" lon="-0.1340848188847302">
        <ele>1027.259618198163</ele>
        <time>2026-06-04T13:24:07.000Z</time>
      </trkpt>
      <trkpt lat="42.6067913454026" lon="-0.1340791024267672">
        <ele>1027.1169229593634</ele>
        <time>2026-06-04T13:24:09.000Z</time>
      </trkpt>
      <trkpt lat="42.60679359175265" lon="-0.13407357037067402">
        <ele>1027.0099151183124</ele>
        <time>2026-06-04T13:24:12.000Z</time>
      </trkpt>
      <trkpt lat="42.60679499991238" lon="-0.1340702176094054">
        <ele>1026.9509866023743</ele>
        <time>2026-06-04T13:24:13.000Z</time>
      </trkpt>
      <trkpt lat="42.606794983148575" lon="-0.134067468345165">
        <ele>1026.928903321864</ele>
        <time>2026-06-04T13:24:15.000Z</time>
      </trkpt>
      <trkpt lat="42.60679444670677" lon="-0.1340676024556158">
        <ele>1026.9322318986406</ele>
        <time>2026-06-04T13:24:16.000Z</time>
      </trkpt>
      <trkpt lat="42.606792099773884" lon="-0.13407147489488122">
        <ele>1027.0114294314062</ele>
        <time>2026-06-04T13:24:19.000Z</time>
      </trkpt>
      <trkpt lat="42.60678909905255" lon="-0.1340753473341466">
        <ele>1027.112765088099</ele>
        <time>2026-06-04T13:24:26.000Z</time>
      </trkpt>
      <trkpt lat="42.60678608156741" lon="-0.134079219773412">
        <ele>1027.2272431823374</ele>
        <time>2026-06-04T13:24:31.000Z</time>
      </trkpt>
      <trkpt lat="42.60678276233375" lon="-0.1340816840529446">
        <ele>1027.3376305451927</ele>
        <time>2026-06-04T13:24:33.000Z</time>
      </trkpt>
      <trkpt lat="42.60677952691913" lon="-0.134081315249205">
        <ele>1027.4020465616709</ele>
        <time>2026-06-04T13:24:34.000Z</time>
      </trkpt>
      <trkpt lat="42.6067778673023" lon="-0.1340767052024606">
        <ele>1027.3478094409602</ele>
        <time>2026-06-04T13:24:40.000Z</time>
      </trkpt>
      <trkpt lat="42.60677161440253" lon="-0.1340357512235644">
        <ele>1029.06727420565</ele>
        <time>2026-06-04T13:24:42.000Z</time>
      </trkpt>
      <trkpt lat="42.60676455684006" lon="-0.1339947972446682">
        <ele>1031.1066895980177</ele>
        <time>2026-06-04T13:24:45.000Z</time>
      </trkpt>
      <trkpt lat="42.60675825364888" lon="-0.133954966440797">
        <ele>1032.7052601858738</ele>
        <time>2026-06-04T13:25:28.000Z</time>
      </trkpt>
      <trkpt lat="42.60673894174397" lon="-0.1339161247015">
        <ele>1032.5517998517223</ele>
        <time>2026-06-04T13:25:32.000Z</time>
      </trkpt>
      <trkpt lat="42.606718339025974" lon="-0.1338807195425034">
        <ele>1032.0977942002662</ele>
        <time>2026-06-04T13:25:34.000Z</time>
      </trkpt>
      <trkpt lat="42.60670102201402" lon="-0.1338816583156586">
        <ele>1030.0196665123472</ele>
        <time>2026-06-04T13:25:37.000Z</time>
      </trkpt>
      <trkpt lat="42.60668370500207" lon="-0.1338821612298488">
        <ele>1027.9768657670916</ele>
        <time>2026-06-04T13:25:38.000Z</time>
      </trkpt>
      <trkpt lat="42.60666620358825" lon="-0.13388310000300402">
        <ele>1026.9079625285008</ele>
        <time>2026-06-04T13:25:41.000Z</time>
      </trkpt>
      <trkpt lat="42.60666171088815" lon="-0.133883586153388">
        <ele>1026.9503019901163</ele>
        <time>2026-06-04T13:25:43.000Z</time>
      </trkpt>
      <trkpt lat="42.60665862634778" lon="-0.133883049711585">
        <ele>1027.0484335198792</ele>
        <time>2026-06-04T13:25:45.000Z</time>
      </trkpt>
      <trkpt lat="42.60665751993656" lon="-0.133882513269782">
        <ele>1027.108412268371</ele>
        <time>2026-06-04T13:25:50.000Z</time>
      </trkpt>
      <trkpt lat="42.606657234951854" lon="-0.1338773164898158">
        <ele>1027.5000206584796</ele>
        <time>2026-06-04T13:25:52.000Z</time>
      </trkpt>
      <trkpt lat="42.606653882190585" lon="-0.1338606532663108">
        <ele>1028.7134673147777</ele>
        <time>2026-06-04T13:25:57.000Z</time>
      </trkpt>
      <trkpt lat="42.606636648997664" lon="-0.1338235884904862">
        <ele>1030.455388861994</ele>
        <time>2026-06-04T13:26:02.000Z</time>
      </trkpt>
      <trkpt lat="42.60659971833229" lon="-0.1337816622108222">
        <ele>1028.9229412846157</ele>
        <time>2026-06-04T13:26:07.000Z</time>
      </trkpt>
      <trkpt lat="42.60656263679266" lon="-0.13372748158872141">
        <ele>1023.3696992471936</ele>
        <time>2026-06-04T13:26:11.000Z</time>
      </trkpt>
      <trkpt lat="42.60652555525303" lon="-0.1336783971637488">
        <ele>1022.5286296667853</ele>
        <time>2026-06-04T13:27:09.000Z</time>
      </trkpt>
      <trkpt lat="42.606491977348924" lon="-0.13363883458077902">
        <ele>1022.928113624201</ele>
        <time>2026-06-04T13:27:10.000Z</time>
      </trkpt>
      <trkpt lat="42.60647241398692" lon="-0.133618164807558">
        <ele>1022.5986403150309</ele>
        <time>2026-06-04T13:27:13.000Z</time>
      </trkpt>
      <trkpt lat="42.6064726151526" lon="-0.13360222242772563">
        <ele>1022.7661522879414</ele>
        <time>2026-06-04T13:27:14.000Z</time>
      </trkpt>
      <trkpt lat="42.60647306777537" lon="-0.1335981823503968">
        <ele>1022.8272192303867</ele>
        <time>2026-06-04T13:27:17.000Z</time>
      </trkpt>
      <trkpt lat="42.60647352039814" lon="-0.133594142273068">
        <ele>1022.8898940355448</ele>
        <time>2026-06-04T13:27:19.000Z</time>
      </trkpt>
      <trkpt lat="42.60647174343467" lon="-0.1335914097726342">
        <ele>1022.832763011611</ele>
        <time>2026-06-04T13:27:21.000Z</time>
      </trkpt>
      <trkpt lat="42.606469832360744" lon="-0.1335896998643872">
        <ele>1022.7557123177785</ele>
        <time>2026-06-04T13:27:23.000Z</time>
      </trkpt>
      <trkpt lat="42.606465741992" lon="-0.1335871350020168">
        <ele>1022.5734478740669</ele>
        <time>2026-06-04T13:27:25.000Z</time>
      </trkpt>
      <trkpt lat="42.60646160133183" lon="-0.13358213938772662">
        <ele>1022.3920357388276</ele>
        <time>2026-06-04T13:27:27.000Z</time>
      </trkpt>
      <trkpt lat="42.606451258063316" lon="-0.13356740400195122">
        <ele>1021.8608962190336</ele>
        <time>2026-06-04T13:27:30.000Z</time>
      </trkpt>
      <trkpt lat="42.606437930837274" lon="-0.1335450243204832">
        <ele>1021.083593577135</ele>
        <time>2026-06-04T13:27:35.000Z</time>
      </trkpt>
      <trkpt lat="42.6064245197922" lon="-0.1335230804979802">
        <ele>1020.2711326914886</ele>
        <time>2026-06-04T13:27:40.000Z</time>
      </trkpt>
      <trkpt lat="42.60641260072589" lon="-0.133501421660185">
        <ele>1021.0183809442177</ele>
        <time>2026-06-04T13:27:45.000Z</time>
      </trkpt>
      <trkpt lat="42.60640036314726" lon="-0.1334820929914714">
        <ele>1022.1863774335432</ele>
        <time>2026-06-04T13:27:46.000Z</time>
      </trkpt>
      <trkpt lat="42.60639407671988" lon="-0.133472504094243">
        <ele>1022.697886276177</ele>
        <time>2026-06-04T13:27:50.000Z</time>
      </trkpt>
      <trkpt lat="42.606391528621316" lon="-0.1334695033729076">
        <ele>1022.8981315402877</ele>
        <time>2026-06-04T13:27:51.000Z</time>
      </trkpt>
      <trkpt lat="42.606388008221984" lon="-0.13346556387841702">
        <ele>1023.1649204185176</ele>
        <time>2026-06-04T13:27:52.000Z</time>
      </trkpt>
      <trkpt lat="42.6063835490495" lon="-0.133459512144327">
        <ele>1023.4666446205694</ele>
        <time>2026-06-04T13:27:54.000Z</time>
      </trkpt>
      <trkpt lat="42.60637940838933" lon="-0.1334494706243276">
        <ele>1023.6455910150614</ele>
        <time>2026-06-04T13:27:55.000Z</time>
      </trkpt>
      <trkpt lat="42.6063745804131" lon="-0.13343518786132338">
        <ele>1023.7506768400813</ele>
        <time>2026-06-04T13:27:58.000Z</time>
      </trkpt>
      <trkpt lat="42.60637018829584" lon="-0.1334194634109736">
        <ele>1023.7262147487637</ele>
        <time>2026-06-04T13:28:01.000Z</time>
      </trkpt>
      <trkpt lat="42.60636646673083" lon="-0.1334039736539126">
        <ele>1023.5996963418104</ele>
        <time>2026-06-04T13:28:03.000Z</time>
      </trkpt>
      <trkpt lat="42.60635900683701" lon="-0.13338028639555">
        <ele>1023.395987362569</ele>
        <time>2026-06-04T13:28:05.000Z</time>
      </trkpt>
      <trkpt lat="42.60634730570018" lon="-0.13335282728076">
        <ele>1023.8986522417919</ele>
        <time>2026-06-04T13:28:06.000Z</time>
      </trkpt>
      <trkpt lat="42.606332805007696" lon="-0.13332360796630402">
        <ele>1024.0502587764533</ele>
        <time>2026-06-04T13:28:11.000Z</time>
      </trkpt>
      <trkpt lat="42.60631788522005" lon="-0.1332949921488764">
        <ele>1023.7191754102261</ele>
        <time>2026-06-04T13:28:15.000Z</time>
      </trkpt>
      <trkpt lat="42.606295086443424" lon="-0.1332632414996626">
        <ele>1022.6334107882591</ele>
        <time>2026-06-04T13:28:19.000Z</time>
      </trkpt>
      <trkpt lat="42.60627533867955" lon="-0.1332384981215002">
        <ele>1026.4196463064513</ele>
        <time>2026-06-04T13:28:21.000Z</time>
      </trkpt>
      <trkpt lat="42.606259463354945" lon="-0.1332201920449736">
        <ele>1029.2693202530043</ele>
        <time>2026-06-04T13:28:27.000Z</time>
      </trkpt>
      <trkpt lat="42.6062466558069" lon="-0.1332040149718526">
        <ele>1031.5485886987037</ele>
        <time>2026-06-04T13:28:32.000Z</time>
      </trkpt>
      <trkpt lat="42.60623426735401" lon="-0.1331821884959938">
        <ele>1033.9706181907113</ele>
        <time>2026-06-04T13:28:34.000Z</time>
      </trkpt>
      <trkpt lat="42.60623014345765" lon="-0.1331638991832734">
        <ele>1034.5588274868883</ele>
        <time>2026-06-04T13:28:36.000Z</time>
      </trkpt>
      <trkpt lat="42.60622826591134" lon="-0.1331473365426064">
        <ele>1034.6745426872233</ele>
        <time>2026-06-04T13:28:41.000Z</time>
      </trkpt>
      <trkpt lat="42.606229204684496" lon="-0.1331325508654118">
        <ele>1034.2664074475558</ele>
        <time>2026-06-04T13:28:43.000Z</time>
      </trkpt>
      <trkpt lat="42.60623103193939" lon="-0.1331214867532252">
        <ele>1033.7647838696794</ele>
        <time>2026-06-04T13:28:47.000Z</time>
      </trkpt>
      <trkpt lat="42.606243873015046" lon="-0.1331086792051792">
        <ele>1031.3195546209745</ele>
        <time>2026-06-04T13:28:49.000Z</time>
      </trkpt>
      <trkpt lat="42.60626135766506" lon="-0.13302638567984099">
        <ele>1027.9819107810663</ele>
        <time>2026-06-04T13:28:50.000Z</time>
      </trkpt>
      <trkpt lat="42.60627884231508" lon="-0.13293111696839321">
        <ele>1023.8482957685751</ele>
        <time>2026-06-04T13:28:58.000Z</time>
      </trkpt>
      <trkpt lat="42.60629392974079" lon="-0.1328303832560776">
        <ele>1020.1590302148606</ele>
        <time>2026-06-04T13:30:52.000Z</time>
      </trkpt>
      <trkpt lat="42.606307642534375" lon="-0.1327298004180192">
        <ele>1019.4775812361138</ele>
        <time>2026-06-04T13:30:56.000Z</time>
      </trkpt>
      <trkpt lat="42.60631109587848" lon="-0.1326372642070054">
        <ele>1020.3097495730015</ele>
        <time>2026-06-04T13:31:01.000Z</time>
      </trkpt>
      <trkpt lat="42.60630866512656" lon="-0.1326144654303788">
        <ele>1020.6935377983859</ele>
        <time>2026-06-04T13:31:05.000Z</time>
      </trkpt>
      <trkpt lat="42.60630623437464" lon="-0.132607391104102">
        <ele>1020.8099384695211</ele>
        <time>2026-06-04T13:31:06.000Z</time>
      </trkpt>
      <trkpt lat="42.60630380362272" lon="-0.13260251283645622">
        <ele>1020.8970102443532</ele>
        <time>2026-06-04T13:31:08.000Z</time>
      </trkpt>
      <trkpt lat="42.606303753331304" lon="-0.13259166665375222">
        <ele>1021.1421325242843</ele>
        <time>2026-06-04T13:31:10.000Z</time>
      </trkpt>
      <trkpt lat="42.60631111264229" lon="-0.13257627747952921">
        <ele>1021.425404325354</ele>
        <time>2026-06-04T13:31:11.000Z</time>
      </trkpt>
      <trkpt lat="42.6063206512481" lon="-0.13255916163325301">
        <ele>1021.5577533250635</ele>
        <time>2026-06-04T13:31:14.000Z</time>
      </trkpt>
      <trkpt lat="42.60633072629571" lon="-0.13254003413021562">
        <ele>1021.4952411875474</ele>
        <time>2026-06-04T13:31:17.000Z</time>
      </trkpt>
      <trkpt lat="42.60634177364409" lon="-0.132523102685809">
        <ele>1021.1644072192133</ele>
        <time>2026-06-04T13:31:18.000Z</time>
      </trkpt>
      <trkpt lat="42.606356240808964" lon="-0.1325050480663776">
        <ele>1020.6595989650655</ele>
        <time>2026-06-04T13:31:19.000Z</time>
      </trkpt>
      <trkpt lat="42.60636410303414" lon="-0.13249021209776402">
        <ele>1020.3337288847258</ele>
        <time>2026-06-04T13:31:20.000Z</time>
      </trkpt>
      <trkpt lat="42.60637121088803" lon="-0.1324724424630404">
        <ele>1019.9797937215244</ele>
        <time>2026-06-04T13:31:25.000Z</time>
      </trkpt>
      <trkpt lat="42.60638395138085" lon="-0.13244486600160602">
        <ele>1019.1718312371999</ele>
        <time>2026-06-04T13:31:26.000Z</time>
      </trkpt>
      <trkpt lat="42.60639788210392" lon="-0.132411438971758">
        <ele>1018.0222322789924</ele>
        <time>2026-06-04T13:31:31.000Z</time>
      </trkpt>
      <trkpt lat="42.606407538056374" lon="-0.1323704682290554">
        <ele>1016.8714588815794</ele>
        <time>2026-06-04T13:31:36.000Z</time>
      </trkpt>
      <trkpt lat="42.60641912184656" lon="-0.1323255077004432">
        <ele>1015.5643205678737</ele>
        <time>2026-06-04T13:31:42.000Z</time>
      </trkpt>
      <trkpt lat="42.60643105767667" lon="-0.1322848387062548">
        <ele>1015.9517175058261</ele>
        <time>2026-06-04T13:32:50.000Z</time>
      </trkpt>
      <trkpt lat="42.60644101537764" lon="-0.1322560049593448">
        <ele>1016.4568004325326</ele>
        <time>2026-06-04T13:32:55.000Z</time>
      </trkpt>
      <trkpt lat="42.60644933022559" lon="-0.132233876734972">
        <ele>1016.8010680390146</ele>
        <time>2026-06-04T13:32:58.000Z</time>
      </trkpt>
      <trkpt lat="42.60645883530378" lon="-0.1322211530059576">
        <ele>1017.2185013853259</ele>
        <time>2026-06-04T13:33:03.000Z</time>
      </trkpt>
      <trkpt lat="42.60647100582719" lon="-0.1322022937238216">
        <ele>1017.6485764138167</ele>
        <time>2026-06-04T13:33:04.000Z</time>
      </trkpt>
      <trkpt lat="42.60648263990879" lon="-0.13217029161751262">
        <ele>1017.9043016631181</ele>
        <time>2026-06-04T13:33:11.000Z</time>
      </trkpt>
      <trkpt lat="42.60649008303881" lon="-0.1321237217634916">
        <ele>1018.296537986947</ele>
        <time>2026-06-04T13:33:18.000Z</time>
      </trkpt>
      <trkpt lat="42.6064961347729" lon="-0.1320725921541452">
        <ele>1018.6658248992901</ele>
        <time>2026-06-04T13:33:21.000Z</time>
      </trkpt>
      <trkpt lat="42.60649937018752" lon="-0.132024010643363">
        <ele>1018.914290752052</ele>
        <time>2026-06-04T13:33:24.000Z</time>
      </trkpt>
      <trkpt lat="42.60649392195046" lon="-0.1319818161427976">
        <ele>1019.5336721466438</ele>
        <time>2026-06-04T13:33:26.000Z</time>
      </trkpt>
      <trkpt lat="42.60648217052221" lon="-0.13194389641284962">
        <ele>1020.0791567469968</ele>
        <time>2026-06-04T13:33:27.000Z</time>
      </trkpt>
      <trkpt lat="42.60646874271333" lon="-0.1319204773753882">
        <ele>1019.9198855798189</ele>
        <time>2026-06-04T13:33:29.000Z</time>
      </trkpt>
      <trkpt lat="42.60645489580929" lon="-0.131901316344738">
        <ele>1019.5097740564688</ele>
        <time>2026-06-04T13:33:33.000Z</time>
      </trkpt>
      <trkpt lat="42.60643808171153" lon="-0.131883328780532">
        <ele>1018.7629959769569</ele>
        <time>2026-06-04T13:33:34.000Z</time>
      </trkpt>
      <trkpt lat="42.60642406716943" lon="-0.1318688616156578">
        <ele>1018.0553754498275</ele>
        <time>2026-06-04T13:33:35.000Z</time>
      </trkpt>
      <trkpt lat="42.606416104361415" lon="-0.131862910464406">
        <ele>1017.8730491961455</ele>
        <time>2026-06-04T13:33:39.000Z</time>
      </trkpt>
      <trkpt lat="42.6064097173512" lon="-0.13185662403702741">
        <ele>1017.8539262810338</ele>
        <time>2026-06-04T13:33:43.000Z</time>
      </trkpt>
      <trkpt lat="42.60640339739621" lon="-0.1318461131304502">
        <ele>1017.8615367638195</ele>
        <time>2026-06-04T13:33:44.000Z</time>
      </trkpt>
      <trkpt lat="42.60640098340809" lon="-0.1318361554294824">
        <ele>1017.9293588094645</ele>
        <time>2026-06-04T13:33:45.000Z</time>
      </trkpt>
      <trkpt lat="42.606398871168494" lon="-0.1318291146308184">
        <ele>1018.4393975946585</ele>
        <time>2026-06-04T13:33:47.000Z</time>
      </trkpt>
      <trkpt lat="42.606396943330765" lon="-0.1318228282034398">
        <ele>1018.9035205778392</ele>
        <time>2026-06-04T13:33:49.000Z</time>
      </trkpt>
      <trkpt lat="42.60639389231801" lon="-0.1318168099969626">
        <ele>1019.301237608057</ele>
        <time>2026-06-04T13:33:50.000Z</time>
      </trkpt>
      <trkpt lat="42.6063914950937" lon="-0.1318140272051098">
        <ele>1019.4475002918377</ele>
        <time>2026-06-04T13:33:51.000Z</time>
      </trkpt>
      <trkpt lat="42.60638893023133" lon="-0.13181196525692962">
        <ele>1019.5257404604351</ele>
        <time>2026-06-04T13:33:53.000Z</time>
      </trkpt>
      <trkpt lat="42.60638613067567" lon="-0.13180743902921702">
        <ele>1019.7976362343009</ele>
        <time>2026-06-04T13:33:56.000Z</time>
      </trkpt>
      <trkpt lat="42.606380397453904" lon="-0.1318026445806028">
        <ele>1019.9765019536414</ele>
        <time>2026-06-04T13:33:57.000Z</time>
      </trkpt>
      <trkpt lat="42.60637179762125" lon="-0.13179451413452642">
        <ele>1020.3055237458918</ele>
        <time>2026-06-04T13:34:01.000Z</time>
      </trkpt>
      <trkpt lat="42.60636339895427" lon="-0.13178789243102082">
        <ele>1020.502509480167</ele>
        <time>2026-06-04T13:34:05.000Z</time>
      </trkpt>
      <trkpt lat="42.60635305568576" lon="-0.13178150542080402">
        <ele>1020.585141421275</ele>
        <time>2026-06-04T13:34:11.000Z</time>
      </trkpt>
      <trkpt lat="42.60633788444102" lon="-0.13177796825766563">
        <ele>1020.2301067290819</ele>
        <time>2026-06-04T13:34:15.000Z</time>
      </trkpt>
      <trkpt lat="42.60631265491247" lon="-0.1317780520766974">
        <ele>1019.175315683105</ele>
        <time>2026-06-04T13:34:20.000Z</time>
      </trkpt>
      <trkpt lat="42.60629012435675" lon="-0.1317817065864802">
        <ele>1018.0947649661856</ele>
        <time>2026-06-04T13:34:26.000Z</time>
      </trkpt>
      <trkpt lat="42.60626737587154" lon="-0.131785361096263">
        <ele>1017.449997017097</ele>
        <time>2026-06-04T13:34:42.000Z</time>
      </trkpt>
      <trkpt lat="42.60624705813825" lon="-0.13178088515996939">
        <ele>1017.3265992602364</ele>
        <time>2026-06-04T13:34:44.000Z</time>
      </trkpt>
      <trkpt lat="42.60622635483742" lon="-0.1317691337317228">
        <ele>1017.4483719348742</ele>
        <time>2026-06-04T13:34:45.000Z</time>
      </trkpt>
      <trkpt lat="42.6062146872282" lon="-0.13175062648952002">
        <ele>1017.9098532253408</ele>
        <time>2026-06-04T13:34:47.000Z</time>
      </trkpt>
      <trkpt lat="42.60619737021625" lon="-0.1317250616848468">
        <ele>1018.2363927192914</ele>
        <time>2026-06-04T13:34:50.000Z</time>
      </trkpt>
      <trkpt lat="42.60617698542774" lon="-0.1316941659897566">
        <ele>1018.2211137877189</ele>
        <time>2026-06-04T13:34:52.000Z</time>
      </trkpt>
      <trkpt lat="42.606149945408106" lon="-0.1316652987152338">
        <ele>1017.7825840903242</ele>
        <time>2026-06-04T13:34:57.000Z</time>
      </trkpt>
      <trkpt lat="42.60612315684557" lon="-0.131643371656537">
        <ele>1018.1186537496283</ele>
        <time>2026-06-04T13:35:01.000Z</time>
      </trkpt>
      <trkpt lat="42.606099620461464" lon="-0.13162442855536943">
        <ele>1018.2474796134719</ele>
        <time>2026-06-04T13:35:06.000Z</time>
      </trkpt>
      <trkpt lat="42.60607993975282" lon="-0.1316119395196438">
        <ele>1018.0405016321413</ele>
        <time>2026-06-04T13:35:08.000Z</time>
      </trkpt>
      <trkpt lat="42.60605098865926" lon="-0.1316020656377076">
        <ele>1017.1571335379192</ele>
        <time>2026-06-04T13:35:09.000Z</time>
      </trkpt>
      <trkpt lat="42.6060280892998" lon="-0.131598277017474">
        <ele>1016.7059357828163</ele>
        <time>2026-06-04T13:35:11.000Z</time>
      </trkpt>
      <trkpt lat="42.606006648391485" lon="-0.1315944045782088">
        <ele>1016.5159237956657</ele>
        <time>2026-06-04T13:35:16.000Z</time>
      </trkpt>
      <trkpt lat="42.60598103329539" lon="-0.13159086741507042">
        <ele>1016.1691976906978</ele>
        <time>2026-06-04T13:35:17.000Z</time>
      </trkpt>
      <trkpt lat="42.60595285333693" lon="-0.1315858047455548">
        <ele>1015.6940814043967</ele>
        <time>2026-06-04T13:35:20.000Z</time>
      </trkpt>
      <trkpt lat="42.6059355866164" lon="-0.13158191554248322">
        <ele>1015.3335283098711</ele>
        <time>2026-06-04T13:35:23.000Z</time>
      </trkpt>
      <trkpt lat="42.605910021811724" lon="-0.1315704490989446">
        <ele>1015.2015811125418</ele>
        <time>2026-06-04T13:35:25.000Z</time>
      </trkpt>
      <trkpt lat="42.60588712245226" lon="-0.131557172164321">
        <ele>1016.5460119149377</ele>
        <time>2026-06-04T13:35:26.000Z</time>
      </trkpt>
      <trkpt lat="42.60586745850742" lon="-0.13154087774455542">
        <ele>1017.1915996351087</ele>
        <time>2026-06-04T13:35:30.000Z</time>
      </trkpt>
      <trkpt lat="42.605850376188755" lon="-0.131520677357912">
        <ele>1017.1091330478454</ele>
        <time>2026-06-04T13:35:32.000Z</time>
      </trkpt>
      <trkpt lat="42.60583238862455" lon="-0.1314966715872288">
        <ele>1016.3891509570988</ele>
        <time>2026-06-04T13:35:34.000Z</time>
      </trkpt>
      <trkpt lat="42.60582202859223" lon="-0.131477326154709">
        <ele>1016.2244980855181</ele>
        <time>2026-06-04T13:35:37.000Z</time>
      </trkpt>
      <trkpt lat="42.605812372639775" lon="-0.131453538313508">
        <ele>1016.0207598737154</ele>
        <time>2026-06-04T13:35:40.000Z</time>
      </trkpt>
      <trkpt lat="42.60580442659557" lon="-0.13143286854028702">
        <ele>1015.6772514723057</ele>
        <time>2026-06-04T13:35:41.000Z</time>
      </trkpt>
      <trkpt lat="42.60579933039844" lon="-0.1314182337373494">
        <ele>1015.3479802232903</ele>
        <time>2026-06-04T13:35:45.000Z</time>
      </trkpt>
      <trkpt lat="42.605797151103616" lon="-0.131409080699086">
        <ele>1015.1161823621626</ele>
        <time>2026-06-04T13:35:46.000Z</time>
      </trkpt>
      <trkpt lat="42.60579624585807" lon="-0.1314028613269326">
        <ele>1014.9545885597375</ele>
        <time>2026-06-04T13:35:47.000Z</time>
      </trkpt>
      <trkpt lat="42.60579443536699" lon="-0.1314029954373834">
        <ele>1014.9391850487716</ele>
        <time>2026-06-04T13:35:48.000Z</time>
      </trkpt>
      <trkpt lat="42.6057915519923" lon="-0.1314029451459644">
        <ele>1014.907986917601</ele>
        <time>2026-06-04T13:35:50.000Z</time>
      </trkpt>
      <trkpt lat="42.60578571818769" lon="-0.1314005814492702">
        <ele>1015.175923249529</ele>
        <time>2026-06-04T13:35:51.000Z</time>
      </trkpt>
      <trkpt lat="42.60577686689794" lon="-0.1313949655741452">
        <ele>1015.7935863709291</ele>
        <time>2026-06-04T13:35:52.000Z</time>
      </trkpt>
      <trkpt lat="42.60576801560819" lon="-0.1313885618001222">
        <ele>1016.3190788129161</ele>
        <time>2026-06-04T13:35:54.000Z</time>
      </trkpt>
      <trkpt lat="42.60576065629721" lon="-0.1313820239156484">
        <ele>1016.6489629999936</ele>
        <time>2026-06-04T13:35:56.000Z</time>
      </trkpt>
      <trkpt lat="42.605753967538476" lon="-0.131375603377819">
        <ele>1016.8748217310931</ele>
        <time>2026-06-04T13:35:57.000Z</time>
      </trkpt>
      <trkpt lat="42.60575017891824" lon="-0.1313709430396556">
        <ele>1016.926939573896</ele>
        <time>2026-06-04T13:35:59.000Z</time>
      </trkpt>
      <trkpt lat="42.60574991069734" lon="-0.1313694007694722">
        <ele>1016.8670734129906</ele>
        <time>2026-06-04T13:36:01.000Z</time>
      </trkpt>
      <trkpt lat="42.60574917308986" lon="-0.13136816024780282">
        <ele>1016.8565142151125</ele>
        <time>2026-06-04T13:36:05.000Z</time>
      </trkpt>
      <trkpt lat="42.60574840195477" lon="-0.1313670538365842">
        <ele>1016.8543273949633</ele>
        <time>2026-06-04T13:36:08.000Z</time>
      </trkpt>
      <trkpt lat="42.605747949332" lon="-0.1313654948025944">
        <ele>1016.804407340363</ele>
        <time>2026-06-04T13:36:10.000Z</time>
      </trkpt>
      <trkpt lat="42.60574513301253" lon="-0.13136205822229402">
        <ele>1016.8169339659034</ele>
        <time>2026-06-04T13:36:13.000Z</time>
      </trkpt>
      <trkpt lat="42.60573735460639" lon="-0.131356928497553">
        <ele>1017.0496515803945</ele>
        <time>2026-06-04T13:36:15.000Z</time>
      </trkpt>
      <trkpt lat="42.60572090931237" lon="-0.13133837096393122">
        <ele>1016.8489620692652</ele>
        <time>2026-06-04T13:36:18.000Z</time>
      </trkpt>
      <trkpt lat="42.605703089386225" lon="-0.13131288997828983">
        <ele>1016.2678024063357</ele>
        <time>2026-06-04T13:36:20.000Z</time>
      </trkpt>
      <trkpt lat="42.60568436421454" lon="-0.13128601759672182">
        <ele>1016.2617491600588</ele>
        <time>2026-06-04T13:36:26.000Z</time>
      </trkpt>
      <trkpt lat="42.60566567257047" lon="-0.1312555074691774">
        <ele>1015.6738908853915</ele>
        <time>2026-06-04T13:36:30.000Z</time>
      </trkpt>
      <trkpt lat="42.60564907640219" lon="-0.13122568465769302">
        <ele>1016.8135465632977</ele>
        <time>2026-06-04T13:36:31.000Z</time>
      </trkpt>
      <trkpt lat="42.605635883286595" lon="-0.1312027517706156">
        <ele>1017.753976651627</ele>
        <time>2026-06-04T13:36:36.000Z</time>
      </trkpt>
      <trkpt lat="42.605624098330736" lon="-0.1311839427798986">
        <ele>1018.4620852649979</ele>
        <time>2026-06-04T13:36:37.000Z</time>
      </trkpt>
      <trkpt lat="42.60561330243945" lon="-0.1311645973473786">
        <ele>1018.8136556986478</ele>
        <time>2026-06-04T13:36:42.000Z</time>
      </trkpt>
      <trkpt lat="42.60560651309788" lon="-0.1311495769768952">
        <ele>1018.7616818433414</ele>
        <time>2026-06-04T13:36:46.000Z</time>
      </trkpt>
      <trkpt lat="42.60560208745301" lon="-0.1311355624347924">
        <ele>1018.958553272691</ele>
        <time>2026-06-04T13:36:49.000Z</time>
      </trkpt>
      <trkpt lat="42.6056033950299" lon="-0.1311285719275474">
        <ele>1018.6382112378933</ele>
        <time>2026-06-04T13:36:53.000Z</time>
      </trkpt>
      <trkpt lat="42.605603428557515" lon="-0.1311248503625392">
        <ele>1018.5457172065015</ele>
        <time>2026-06-04T13:36:55.000Z</time>
      </trkpt>
      <trkpt lat="42.60560346208513" lon="-0.13112381100654602">
        <ele>1018.5172154428471</ele>
        <time>2026-06-04T13:36:56.000Z</time>
      </trkpt>
      <trkpt lat="42.60560193657875" lon="-0.1311266273260116">
        <ele>1018.7565065459669</ele>
        <time>2026-06-04T13:36:57.000Z</time>
      </trkpt>
      <trkpt lat="42.605600042268634" lon="-0.13112967833876601">
        <ele>1019.0484067194445</ele>
        <time>2026-06-04T13:36:58.000Z</time>
      </trkpt>
      <trkpt lat="42.60559714213014" lon="-0.1311327293515204">
        <ele>1019.462996192959</ele>
        <time>2026-06-04T13:37:01.000Z</time>
      </trkpt>
      <trkpt lat="42.605592381209135" lon="-0.1311353109776972">
        <ele>1020.0917281462137</ele>
        <time>2026-06-04T13:37:04.000Z</time>
      </trkpt>
      <trkpt lat="42.605581702664495" lon="-0.1311314217746256">
        <ele>1021.2089454378561</ele>
        <time>2026-06-04T13:37:07.000Z</time>
      </trkpt>
      <trkpt lat="42.605570286512375" lon="-0.13112109526991841">
        <ele>1022.1035106355579</ele>
        <time>2026-06-04T13:37:10.000Z</time>
      </trkpt>
      <trkpt lat="42.605559239163995" lon="-0.13110941089689743">
        <ele>1022.7745313872964</ele>
        <time>2026-06-04T13:37:16.000Z</time>
      </trkpt>
      <trkpt lat="42.605549197643995" lon="-0.131095027551055">
        <ele>1023.0740140886151</ele>
        <time>2026-06-04T13:37:19.000Z</time>
      </trkpt>
      <trkpt lat="42.605543330311775" lon="-0.1310748606920244">
        <ele>1022.5351350742048</ele>
        <time>2026-06-04T13:37:25.000Z</time>
      </trkpt>
      <trkpt lat="42.60554411821067" lon="-0.13105447590351121">
        <ele>1021.3578699607364</ele>
        <time>2026-06-04T13:37:27.000Z</time>
      </trkpt>
      <trkpt lat="42.60554592870176" lon="-0.1310381647199392">
        <ele>1020.3484126277385</ele>
        <time>2026-06-04T13:37:29.000Z</time>
      </trkpt>
      <trkpt lat="42.60554773919284" lon="-0.1310212835669516">
        <ele>1019.3394670612522</ele>
        <time>2026-06-04T13:37:36.000Z</time>
      </trkpt>
      <trkpt lat="42.605549516156316" lon="-0.1309929024428128">
        <ele>1017.7699100128848</ele>
        <time>2026-06-04T13:37:37.000Z</time>
      </trkpt>
      <trkpt lat="42.60554817505181" lon="-0.1309386380016802">
        <ele>1016.7151107977554</ele>
        <time>2026-06-04T13:37:43.000Z</time>
      </trkpt>
      <trkpt lat="42.605541955679655" lon="-0.1308908276259898">
        <ele>1016.5487456048007</ele>
        <time>2026-06-04T13:37:47.000Z</time>
      </trkpt>
      <trkpt lat="42.605534898117185" lon="-0.1308432687073946">
        <ele>1016.8033487190171</ele>
        <time>2026-06-04T13:37:51.000Z</time>
      </trkpt>
      <trkpt lat="42.60552748851478" lon="-0.130812892690301">
        <ele>1018.2610405079018</ele>
        <time>2026-06-04T13:38:23.000Z</time>
      </trkpt>
      <trkpt lat="42.60552011243999" lon="-0.13079671561718">
        <ele>1019.9447411215513</ele>
        <time>2026-06-04T13:38:24.000Z</time>
      </trkpt>
      <trkpt lat="42.605514815077186" lon="-0.13081220537424101">
        <ele>1021.1861889289149</ele>
        <time>2026-06-04T13:38:28.000Z</time>
      </trkpt>
      <trkpt lat="42.60551409423351" lon="-0.1308265887200834">
        <ele>1021.5197485479969</ele>
        <time>2026-06-04T13:38:29.000Z</time>
      </trkpt>
      <trkpt lat="42.605514178052545" lon="-0.13084097206592582">
        <ele>1021.6668033491335</ele>
        <time>2026-06-04T13:38:31.000Z</time>
      </trkpt>
      <trkpt lat="42.60551496595144" lon="-0.1308398656547072">
        <ele>1021.4684407931028</ele>
        <time>2026-06-04T13:38:35.000Z</time>
      </trkpt>
      <trkpt lat="42.60551613941789" lon="-0.13083879277110122">
        <ele>1021.1799847763491</ele>
        <time>2026-06-04T13:38:36.000Z</time>
      </trkpt>
      <trkpt lat="42.60551778227091" lon="-0.13083946332335503">
        <ele>1020.8007729615066</ele>
        <time>2026-06-04T13:38:38.000Z</time>
      </trkpt>
      <trkpt lat="42.60552079975605" lon="-0.1308419778943064">
        <ele>1020.1169806084935</ele>
        <time>2026-06-04T13:38:40.000Z</time>
      </trkpt>
      <trkpt lat="42.605523850768805" lon="-0.130844743922353">
        <ele>1019.4255312659643</ele>
        <time>2026-06-04T13:38:44.000Z</time>
      </trkpt>
      <trkpt lat="42.60552737116814" lon="-0.130849974229932">
        <ele>1018.6441155064178</ele>
        <time>2026-06-04T13:38:52.000Z</time>
      </trkpt>
      <trkpt lat="42.60553050599992" lon="-0.1308551710098984">
        <ele>1017.9485382617464</ele>
        <time>2026-06-04T13:38:54.000Z</time>
      </trkpt>
      <trkpt lat="42.60553317144513" lon="-0.13085862435400503">
        <ele>1017.3448304618161</ele>
        <time>2026-06-04T13:38:58.000Z</time>
      </trkpt>
      <trkpt lat="42.60553275234997" lon="-0.13085993193089981">
        <ele>1017.4561994277392</ele>
        <time>2026-06-04T13:38:59.000Z</time>
      </trkpt>
      <trkpt lat="42.6055320315063" lon="-0.1308609042316676">
        <ele>1017.6367815551499</ele>
        <time>2026-06-04T13:39:02.000Z</time>
      </trkpt>
      <trkpt lat="42.6055299192667" lon="-0.130859412252903">
        <ele>1018.1271435810094</ele>
        <time>2026-06-04T13:39:05.000Z</time>
      </trkpt>
      <trkpt lat="42.605527739971876" lon="-0.1308580040931702">
        <ele>1018.6333298288938</ele>
        <time>2026-06-04T13:39:06.000Z</time>
      </trkpt>
      <trkpt lat="42.60552556067705" lon="-0.1308566629886628">
        <ele>1019.1392538423482</ele>
        <time>2026-06-04T13:39:07.000Z</time>
      </trkpt>
      <trkpt lat="42.60552465543151" lon="-0.1308568473905326">
        <ele>1019.3565682133304</ele>
        <time>2026-06-04T13:39:08.000Z</time>
      </trkpt>
      <trkpt lat="42.60552933253348" lon="-0.13085775263607521">
        <ele>1018.251603049155</ele>
        <time>2026-06-04T13:39:11.000Z</time>
      </trkpt>
      <trkpt lat="42.605535266920924" lon="-0.1308587081730368">
        <ele>1016.8461455141645</ele>
        <time>2026-06-04T13:39:13.000Z</time>
      </trkpt>
      <trkpt lat="42.605542140081525" lon="-0.130859596654773">
        <ele>1016.288593263326</ele>
        <time>2026-06-04T13:39:19.000Z</time>
      </trkpt>
      <trkpt lat="42.60555156134069" lon="-0.1308609377592804">
        <ele>1015.9697613707585</ele>
        <time>2026-06-04T13:39:20.000Z</time>
      </trkpt>
      <trkpt lat="42.605551075190306" lon="-0.1308525558561086">
        <ele>1015.919374592432</ele>
        <time>2026-06-04T13:40:16.000Z</time>
      </trkpt>
      <trkpt lat="42.60554998554289" lon="-0.1308565624058246">
        <ele>1015.9896846758663</ele>
        <time>2026-06-04T13:40:18.000Z</time>
      </trkpt>
      <trkpt lat="42.60555040463805" lon="-0.1308607533574104">
        <ele>1016.0087595607667</ele>
        <time>2026-06-04T13:40:22.000Z</time>
      </trkpt>
      <trkpt lat="42.605551997199655" lon="-0.13086573220789421">
        <ele>1015.9930208035008</ele>
        <time>2026-06-04T13:40:30.000Z</time>
      </trkpt>
      <trkpt lat="42.60555228218436" lon="-0.1308790929615496">
        <ele>1016.0903266247667</ele>
        <time>2026-06-04T13:41:20.000Z</time>
      </trkpt>
      <trkpt lat="42.605551309883595" lon="-0.1308820266276596">
        <ele>1016.1480981912006</ele>
        <time>2026-06-04T13:41:31.000Z</time>
      </trkpt>
      <trkpt lat="42.60555913858116" lon="-0.1308411229401828">
        <ele>1015.5466769026173</ele>
        <time>2026-06-04T13:42:26.000Z</time>
      </trkpt>
      <trkpt lat="42.60555618815124" lon="-0.130828080698848">
        <ele>1015.5451337475142</ele>
        <time>2026-06-04T13:42:31.000Z</time>
      </trkpt>
      <trkpt lat="42.60555251687765" lon="-0.1308159939944746">
        <ele>1015.5754989089274</ele>
        <time>2026-06-04T13:42:38.000Z</time>
      </trkpt>
      <trkpt lat="42.60554859414697" lon="-0.13080585189163701">
        <ele>1015.6302433185934</ele>
        <time>2026-06-04T13:42:39.000Z</time>
      </trkpt>
      <trkpt lat="42.605545023456216" lon="-0.130803069099784">
        <ele>1015.7534539823256</ele>
        <time>2026-06-04T13:42:40.000Z</time>
      </trkpt>
      <trkpt lat="42.60554267652333" lon="-0.1308005210012198">
        <ele>1015.8378515221096</ele>
        <time>2026-06-04T13:42:43.000Z</time>
      </trkpt>
      <trkpt lat="42.605560110881925" lon="-0.13075509108603">
        <ele>1015.0199999102808</ele>
        <time>2026-06-04T13:42:45.000Z</time>
      </trkpt>
      <trkpt lat="42.60557811520994" lon="-0.1307056713849306">
        <ele>1013.695279751985</ele>
        <time>2026-06-04T13:42:51.000Z</time>
      </trkpt>
      <trkpt lat="42.6055965218693" lon="-0.130642170086503">
        <ele>1011.6507505881007</ele>
        <time>2026-06-04T13:44:16.000Z</time>
      </trkpt>
      <trkpt lat="42.60561492852867" lon="-0.1305777300149202">
        <ele>1009.5884345059422</ele>
        <time>2026-06-04T13:44:18.000Z</time>
      </trkpt>
      <trkpt lat="42.60563333518803" lon="-0.1305133737623692">
        <ele>1007.6549385481271</ele>
        <time>2026-06-04T13:44:23.000Z</time>
      </trkpt>
      <trkpt lat="42.605633502826095" lon="-0.1304833833128214">
        <ele>1007.4248798516979</ele>
        <time>2026-06-04T13:44:24.000Z</time>
      </trkpt>
      <trkpt lat="42.60563434101641" lon="-0.1304549854248762">
        <ele>1007.3992283383732</ele>
        <time>2026-06-04T13:44:25.000Z</time>
      </trkpt>
      <trkpt lat="42.60563517920673" lon="-0.1304376181215048">
        <ele>1007.7583140653646</ele>
        <time>2026-06-04T13:44:29.000Z</time>
      </trkpt>
      <trkpt lat="42.605636017397046" lon="-0.13041235506534582">
        <ele>1008.3042155444026</ele>
        <time>2026-06-04T13:44:32.000Z</time>
      </trkpt>
      <trkpt lat="42.60563737526536" lon="-0.13038382306694982">
        <ele>1008.8762711732923</ele>
        <time>2026-06-04T13:44:33.000Z</time>
      </trkpt>
      <trkpt lat="42.605638045817614" lon="-0.1303643099963666">
        <ele>1009.2839395011449</ele>
        <time>2026-06-04T13:44:35.000Z</time>
      </trkpt>
      <trkpt lat="42.60563806258142" lon="-0.1303439922630788">
        <ele>1009.7684841206853</ele>
        <time>2026-06-04T13:44:36.000Z</time>
      </trkpt>
      <trkpt lat="42.605638079345226" lon="-0.1303261891007424">
        <ele>1010.1927680977681</ele>
        <time>2026-06-04T13:44:37.000Z</time>
      </trkpt>
      <trkpt lat="42.60563806258142" lon="-0.13031311333179482">
        <ele>1010.5072254940826</ele>
        <time>2026-06-04T13:44:38.000Z</time>
      </trkpt>
      <trkpt lat="42.605637174099684" lon="-0.13030384294688702">
        <ele>1010.8188660630944</ele>
        <time>2026-06-04T13:44:42.000Z</time>
      </trkpt>
      <trkpt lat="42.605636805295944" lon="-0.13029360026121123">
        <ele>1011.1032760084609</ele>
        <time>2026-06-04T13:44:46.000Z</time>
      </trkpt>
      <trkpt lat="42.6056364197284" lon="-0.13028681091964223">
        <ele>1011.3018509064627</ele>
        <time>2026-06-04T13:44:47.000Z</time>
      </trkpt>
      <trkpt lat="42.60563672147691" lon="-0.1302804742008446">
        <ele>1011.4152554609713</ele>
        <time>2026-06-04T13:44:52.000Z</time>
      </trkpt>
      <trkpt lat="42.60563734173775" lon="-0.13027782551944242">
        <ele>1011.40992197101</ele>
        <time>2026-06-04T13:44:53.000Z</time>
      </trkpt>
      <trkpt lat="42.605638448148966" lon="-0.1302752271294594">
        <ele>1011.350786818532</ele>
        <time>2026-06-04T13:45:00.000Z</time>
      </trkpt>
      <trkpt lat="42.605639554560184" lon="-0.13027227669954322">
        <ele>1011.2981594821193</ele>
        <time>2026-06-04T13:45:01.000Z</time>
      </trkpt>
      <trkpt lat="42.60564059391618" lon="-0.130268454551697">
        <ele>1011.270449040339</ele>
        <time>2026-06-04T13:45:03.000Z</time>
      </trkpt>
      <trkpt lat="42.605640878900886" lon="-0.1302601229399444">
        <ele>1011.4221042664452</ele>
        <time>2026-06-04T13:45:05.000Z</time>
      </trkpt>
      <trkpt lat="42.60564052686095" lon="-0.13024999760091321">
        <ele>1011.6835513015371</ele>
        <time>2026-06-04T13:45:08.000Z</time>
      </trkpt>
      <trkpt lat="42.605639554560184" lon="-0.13023742474615582">
        <ele>1012.072222553379</ele>
        <time>2026-06-04T13:45:11.000Z</time>
      </trkpt>
      <trkpt lat="42.6056390684098" lon="-0.13022508658468718">
        <ele>1012.4037287041265</ele>
        <time>2026-06-04T13:45:13.000Z</time>
      </trkpt>
      <trkpt lat="42.60563816316426" lon="-0.1302138548344374">
        <ele>1012.7637722713545</ele>
        <time>2026-06-04T13:45:15.000Z</time>
      </trkpt>
      <trkpt lat="42.60563732497394" lon="-0.130207434296608">
        <ele>1013.0108782929817</ele>
        <time>2026-06-04T13:45:16.000Z</time>
      </trkpt>
      <trkpt lat="42.60563740879297" lon="-0.1302097477018834">
        <ele>1012.9481187638103</ele>
        <time>2026-06-04T13:45:21.000Z</time>
      </trkpt>
      <trkpt lat="42.605638045817614" lon="-0.13021631911397">
        <ele>1012.7223666417148</ele>
        <time>2026-06-04T13:45:22.000Z</time>
      </trkpt>
      <trkpt lat="42.60563819669187" lon="-0.13022587448358558">
        <ele>1012.4890444224235</ele>
        <time>2026-06-04T13:45:28.000Z</time>
      </trkpt>
      <trkpt lat="42.60563883371651" lon="-0.1302358992397788">
        <ele>1012.189548741673</ele>
        <time>2026-06-04T13:45:34.000Z</time>
      </trkpt>
      <trkpt lat="42.60563821345568" lon="-0.1302468962967398">
        <ele>1012.0137422047933</ele>
        <time>2026-06-04T13:45:41.000Z</time>
      </trkpt>
      <trkpt lat="42.60563702322543" lon="-0.1302516236901284">
        <ele>1012.0408143915101</ele>
        <time>2026-06-04T13:45:46.000Z</time>
      </trkpt>
      <trkpt lat="42.60563576593995" lon="-0.13025487586855883">
        <ele>1012.1068092295741</ele>
        <time>2026-06-04T13:45:49.000Z</time>
      </trkpt>
      <trkpt lat="42.605660140514374" lon="-0.1302102673798798">
        <ele>1010.1720538932852</ele>
        <time>2026-06-04T13:45:54.000Z</time>
      </trkpt>
      <trkpt lat="42.605685168877244" lon="-0.1301641333848236">
        <ele>1009.5840131398398</ele>
        <time>2026-06-04T13:46:02.000Z</time>
      </trkpt>
      <trkpt lat="42.60571190714836" lon="-0.1301159542053936">
        <ele>1008.4037161268583</ele>
        <time>2026-06-04T13:47:07.000Z</time>
      </trkpt>
      <trkpt lat="42.60573864541948" lon="-0.1300660651177166">
        <ele>1006.3455765582404</ele>
        <time>2026-06-04T13:47:09.000Z</time>
      </trkpt>
      <trkpt lat="42.605765383690596" lon="-0.1300144493579864">
        <ele>1004.8976465985224</ele>
        <time>2026-06-04T13:47:11.000Z</time>
      </trkpt>
      <trkpt lat="42.605768183246255" lon="-0.13000521250069141">
        <ele>1004.7704696085963</ele>
        <time>2026-06-04T13:47:12.000Z</time>
      </trkpt>
      <trkpt lat="42.6057704128325" lon="-0.1299949530512094">
        <ele>1004.6697757448089</ele>
        <time>2026-06-04T13:47:13.000Z</time>
      </trkpt>
      <trkpt lat="42.605773631483316" lon="-0.12997711636126041">
        <ele>1004.537023914989</ele>
        <time>2026-06-04T13:47:14.000Z</time>
      </trkpt>
      <trkpt lat="42.605776850134134" lon="-0.12995307706296438">
        <ele>1004.4230415312495</ele>
        <time>2026-06-04T13:47:15.000Z</time>
      </trkpt>
      <trkpt lat="42.60578323714435" lon="-0.129910597577691">
        <ele>1004.7491304931641</ele>
        <time>2026-06-04T13:47:19.000Z</time>
      </trkpt>
      <trkpt lat="42.60578965768218" lon="-0.1298717893660068">
        <ele>1005.2794095789167</ele>
        <time>2026-06-04T13:47:21.000Z</time>
      </trkpt>
      <trkpt lat="42.605796195566654" lon="-0.1298350598663092">
        <ele>1007.0059004833907</ele>
        <time>2026-06-04T13:47:27.000Z</time>
      </trkpt>
      <trkpt lat="42.60580249875784" lon="-0.129807583987713">
        <ele>1008.5763209440208</ele>
        <time>2026-06-04T13:47:28.000Z</time>
      </trkpt>
      <trkpt lat="42.605808801949024" lon="-0.12978802062571082">
        <ele>1010.0440696038245</ele>
        <time>2026-06-04T13:47:33.000Z</time>
      </trkpt>
      <trkpt lat="42.60581193678081" lon="-0.12978862412273923">
        <ele>1010.6178100866341</ele>
        <time>2026-06-04T13:47:38.000Z</time>
      </trkpt>
      <trkpt lat="42.605812976136804" lon="-0.1297829914838078">
        <ele>1010.8994378540458</ele>
        <time>2026-06-04T13:47:39.000Z</time>
      </trkpt>
      <trkpt lat="42.60581368021667" lon="-0.1297739557921888">
        <ele>1011.2631888843722</ele>
        <time>2026-06-04T13:47:40.000Z</time>
      </trkpt>
      <trkpt lat="42.605811920017004" lon="-0.129750469699502">
        <ele>1012.3466178799754</ele>
        <time>2026-06-04T13:47:43.000Z</time>
      </trkpt>
      <trkpt lat="42.60580984130502" lon="-0.1297224406152962">
        <ele>1013.6511612127982</ele>
        <time>2026-06-04T13:47:45.000Z</time>
      </trkpt>
      <trkpt lat="42.60580414161086" lon="-0.1296981163322926">
        <ele>1014.0835757233824</ele>
        <time>2026-06-04T13:48:12.000Z</time>
      </trkpt>
      <trkpt lat="42.60574087500572" lon="-0.1296392921358348">
        <ele>1009.5072694536682</ele>
        <time>2026-06-04T13:48:24.000Z</time>
      </trkpt>
      <trkpt lat="42.60571356676519" lon="-0.129613358527422">
        <ele>1006.8721757927543</ele>
        <time>2026-06-04T13:48:34.000Z</time>
      </trkpt>
      <trkpt lat="42.60568285547197" lon="-0.129587458446622">
        <ele>1003.9899878872131</ele>
        <time>2026-06-04T13:48:37.000Z</time>
      </trkpt>
      <trkpt lat="42.60565214417875" lon="-0.12957548908889302">
        <ele>1001.5761978418761</ele>
        <time>2026-06-04T13:48:49.000Z</time>
      </trkpt>
      <trkpt lat="42.60562696494162" lon="-0.12956844829022882">
        <ele>1001.3016729233045</ele>
        <time>2026-06-04T13:48:56.000Z</time>
      </trkpt>
      <trkpt lat="42.6056308709085" lon="-0.12956586666405182">
        <ele>1001.4632859715113</ele>
        <time>2026-06-04T13:49:03.000Z</time>
      </trkpt>
      <trkpt lat="42.605596320703626" lon="-0.1294642277061938">
        <ele>1000.8721349345435</ele>
        <time>2026-06-04T14:02:16.000Z</time>
      </trkpt>
      <trkpt lat="42.60558653064072" lon="-0.1294657867401838">
        <ele>999.9111327421967</ele>
        <time>2026-06-04T14:02:23.000Z</time>
      </trkpt>
      <trkpt lat="42.60557823255658" lon="-0.1294684186577798">
        <ele>999.1277775720387</ele>
        <time>2026-06-04T14:02:25.000Z</time>
      </trkpt>
      <trkpt lat="42.60557556711137" lon="-0.1294718720018864">
        <ele>998.9154101130497</ele>
        <time>2026-06-04T14:02:34.000Z</time>
      </trkpt>
      <trkpt lat="42.605573454871774" lon="-0.1294748559594154">
        <ele>998.7601004585887</ele>
        <time>2026-06-04T14:02:44.000Z</time>
      </trkpt>
      <trkpt lat="42.6055724658072" lon="-0.129477135837078">
        <ele>998.7035253936292</ele>
        <time>2026-06-04T14:02:50.000Z</time>
      </trkpt>
      <trkpt lat="42.605579137802124" lon="-0.12947443686425683">
        <ele>999.2738963552101</ele>
        <time>2026-06-04T14:02:53.000Z</time>
      </trkpt>
      <trkpt lat="42.60558896139264" lon="-0.12946908921003322">
        <ele>1000.1576792344692</ele>
        <time>2026-06-04T14:02:55.000Z</time>
      </trkpt>
      <trkpt lat="42.605527790263295" lon="-0.1294054035097362">
        <ele>995.5039871587204</ele>
        <time>2026-06-04T14:06:55.000Z</time>
      </trkpt>
      <trkpt lat="42.60552432015538" lon="-0.1294131483882668">
        <ele>995.3709495929736</ele>
        <time>2026-06-04T14:06:57.000Z</time>
      </trkpt>
      <trkpt lat="42.605520498007536" lon="-0.1294189989566806">
        <ele>995.3783021523351</ele>
        <time>2026-06-04T14:06:58.000Z</time>
      </trkpt>
      <trkpt lat="42.60551659204066" lon="-0.12941588088870082">
        <ele>995.7047354210492</ele>
        <time>2026-06-04T14:07:01.000Z</time>
      </trkpt>
      <trkpt lat="42.60551181435585" lon="-0.1294102650135758">
        <ele>996.1155645102035</ele>
        <time>2026-06-04T14:07:05.000Z</time>
      </trkpt>
      <trkpt lat="42.605507254600525" lon="-0.12940458208322542">
        <ele>996.4634757952425</ele>
        <time>2026-06-04T14:07:08.000Z</time>
      </trkpt>
      <trkpt lat="42.60550324805081" lon="-0.129398899152875">
        <ele>996.7370557505268</ele>
        <time>2026-06-04T14:07:10.000Z</time>
      </trkpt>
      <trkpt lat="42.60550043173134" lon="-0.12939276359975338">
        <ele>996.9306222187942</ele>
        <time>2026-06-04T14:07:11.000Z</time>
      </trkpt>
      <trkpt lat="42.605498822405934" lon="-0.1293902155011892">
        <ele>997.0141133810688</ele>
        <time>2026-06-04T14:07:15.000Z</time>
      </trkpt>
      <trkpt lat="42.60549885593355" lon="-0.12938962876796722">
        <ele>997.0200773860158</ele>
        <time>2026-06-04T14:07:17.000Z</time>
      </trkpt>
      <trkpt lat="42.60549907386303" lon="-0.1293888408690692">
        <ele>997.0231174324172</ele>
        <time>2026-06-04T14:07:19.000Z</time>
      </trkpt>
      <trkpt lat="42.60549962706864" lon="-0.12938805297017122">
        <ele>997.0170174990454</ele>
        <time>2026-06-04T14:07:20.000Z</time>
      </trkpt>
      <trkpt lat="42.60549957677722" lon="-0.1293868627399208">
        <ele>997.0334837894815</ele>
        <time>2026-06-04T14:07:24.000Z</time>
      </trkpt>
      <trkpt lat="42.60545790195465" lon="-0.1293600741773842">
        <ele>997.3683265862237</ele>
        <time>2026-06-04T14:09:32.000Z</time>
      </trkpt>
      <trkpt lat="42.60545039176941" lon="-0.12936724908649921">
        <ele>997.635055466048</ele>
        <time>2026-06-04T14:09:35.000Z</time>
      </trkpt>
      <trkpt lat="42.60544616729021" lon="-0.12937422282993802">
        <ele>997.9552301720452</ele>
        <time>2026-06-04T14:09:39.000Z</time>
      </trkpt>
      <trkpt lat="42.605446100234985" lon="-0.1293776091188194">
        <ele>998.0971361512625</ele>
        <time>2026-06-04T14:09:46.000Z</time>
      </trkpt>
      <trkpt lat="42.60544732399285" lon="-0.129378363490105">
        <ele>998.1059347732078</ele>
        <time>2026-06-04T14:09:52.000Z</time>
      </trkpt>
      <trkpt lat="42.60544854775071" lon="-0.129378363490105">
        <ele>998.0833337982725</ele>
        <time>2026-06-04T14:09:53.000Z</time>
      </trkpt>
      <trkpt lat="42.605449771508574" lon="-0.129378363490105">
        <ele>998.0607328222507</ele>
        <time>2026-06-04T14:09:55.000Z</time>
      </trkpt>
      <trkpt lat="42.605449771508574" lon="-0.129378363490105">
        <ele>998.0607328222507</ele>
        <time>2026-06-04T14:09:56.000Z</time>
      </trkpt>
      <trkpt lat="42.605449771508574" lon="-0.129378363490105">
        <ele>998.0607328222507</ele>
        <time>2026-06-04T14:09:58.000Z</time>
      </trkpt>
      <trkpt lat="42.605449771508574" lon="-0.129378363490105">
        <ele>998.0607328222507</ele>
        <time>2026-06-04T14:10:00.000Z</time>
      </trkpt>
      <trkpt lat="42.605449771508574" lon="-0.129378363490105">
        <ele>998.0607328222507</ele>
        <time>2026-06-04T14:10:03.000Z</time>
      </trkpt>
      <trkpt lat="42.605449771508574" lon="-0.129378363490105">
        <ele>998.0607328222507</ele>
        <time>2026-06-04T14:10:07.000Z</time>
      </trkpt>
      <trkpt lat="42.605449771508574" lon="-0.129378363490105">
        <ele>998.0607328222507</ele>
        <time>2026-06-04T14:10:10.000Z</time>
      </trkpt>
      <trkpt lat="42.60544950328767" lon="-0.129378363490105">
        <ele>998.0656864607638</ele>
        <time>2026-06-04T14:10:12.000Z</time>
      </trkpt>
      <trkpt lat="42.60544923506677" lon="-0.12937957048416163">
        <ele>998.1170401378366</ele>
        <time>2026-06-04T14:10:20.000Z</time>
      </trkpt>
      <trkpt lat="42.60544896684587" lon="-0.12938077747821822">
        <ele>998.1690508095352</ele>
        <time>2026-06-04T14:10:21.000Z</time>
      </trkpt>
      <trkpt lat="42.60544869862497" lon="-0.1293819844722748">
        <ele>998.2217184774013</ele>
        <time>2026-06-04T14:10:24.000Z</time>
      </trkpt>
      <trkpt lat="42.60544690489769" lon="-0.12938391231000418">
        <ele>998.3401057820071</ele>
        <time>2026-06-04T14:10:29.000Z</time>
      </trkpt>
      <trkpt lat="42.60544537939131" lon="-0.129384733736515">
        <ele>998.4116602222192</ele>
        <time>2026-06-04T14:10:31.000Z</time>
      </trkpt>
      <trkpt lat="42.605443853884935" lon="-0.1293841302394866">
        <ele>998.42319941079</ele>
        <time>2026-06-04T14:10:36.000Z</time>
      </trkpt>
      <trkpt lat="42.60544288158417" lon="-0.129381414502859">
        <ele>998.3249377602691</ele>
        <time>2026-06-04T14:10:38.000Z</time>
      </trkpt>
      <trkpt lat="42.605442428961396" lon="-0.12937834672629822">
        <ele>998.1955784516408</ele>
        <time>2026-06-04T14:10:39.000Z</time>
      </trkpt>
      <trkpt lat="42.605443719774485" lon="-0.1293738037347792">
        <ele>997.9716923703766</ele>
        <time>2026-06-04T14:10:45.000Z</time>
      </trkpt>
      <trkpt lat="42.605445228517056" lon="-0.1293693277984856">
        <ele>997.7605453759002</ele>
        <time>2026-06-04T14:10:49.000Z</time>
      </trkpt>
      <trkpt lat="42.60544750839472" lon="-0.1293637789785862">
        <ele>997.5163093457475</ele>
        <time>2026-06-04T14:10:52.000Z</time>
      </trkpt>
      <trkpt lat="42.60544973798096" lon="-0.1293597389012576">
        <ele>997.3548778500742</ele>
        <time>2026-06-04T14:10:54.000Z</time>
      </trkpt>
      <trkpt lat="42.60545231960714" lon="-0.129355899989605">
        <ele>997.2204246214218</ele>
        <time>2026-06-04T14:10:59.000Z</time>
      </trkpt>
      <trkpt lat="42.605455270037055" lon="-0.1293528154492378">
        <ele>997.133496120374</ele>
        <time>2026-06-04T14:11:07.000Z</time>
      </trkpt>
      <trkpt lat="42.60545892454684" lon="-0.12936954572796822">
        <ele>997.6394067204627</ele>
        <time>2026-06-04T14:12:43.000Z</time>
      </trkpt>
      <trkpt lat="42.605458572506905" lon="-0.1293703839182854">
        <ele>997.6670392599741</ele>
        <time>2026-06-04T14:12:44.000Z</time>
      </trkpt>
      <trkpt lat="42.60545822046697" lon="-0.12937122210860258">
        <ele>997.6952706233387</ele>
        <time>2026-06-04T14:12:45.000Z</time>
      </trkpt>
      <trkpt lat="42.60545822046697" lon="-0.1293706856667996">
        <ele>997.6795393505299</ele>
        <time>2026-06-04T14:12:51.000Z</time>
      </trkpt>
      <trkpt lat="42.60545822046697" lon="-0.1293701324611902">
        <ele>997.6633164747315</ele>
        <time>2026-06-04T14:12:52.000Z</time>
      </trkpt>
      <trkpt lat="42.605458203703165" lon="-0.129368120804429">
        <ele>997.6044595735539</ele>
        <time>2026-06-04T14:12:59.000Z</time>
      </trkpt>
      <trkpt lat="42.60545716434717" lon="-0.12936791963875283">
        <ele>997.6067379068836</ele>
        <time>2026-06-04T14:13:25.000Z</time>
      </trkpt>
      <trkpt lat="42.60545535385609" lon="-0.12936996482312663">
        <ele>997.6869130170221</ele>
        <time>2026-06-04T14:13:28.000Z</time>
      </trkpt>
      <trkpt lat="42.605453342199326" lon="-0.12937201000750043">
        <ele>997.7770208605377</ele>
        <time>2026-06-04T14:13:31.000Z</time>
      </trkpt>
      <trkpt lat="42.605451330542564" lon="-0.12937402166426162">
        <ele>997.8742604183747</ele>
        <time>2026-06-04T14:13:32.000Z</time>
      </trkpt>
      <trkpt lat="42.6054493188858" lon="-0.12937569804489601">
        <ele>997.9668520339709</ele>
        <time>2026-06-04T14:13:38.000Z</time>
      </trkpt>
      <trkpt lat="42.60544910095632" lon="-0.1293752118945122">
        <ele>997.9515323916357</ele>
        <time>2026-06-04T14:13:39.000Z</time>
      </trkpt>
      <trkpt lat="42.605448950082064" lon="-0.12937465868890302">
        <ele>997.9324096759113</ele>
        <time>2026-06-04T14:13:40.000Z</time>
      </trkpt>
      <trkpt lat="42.60544900037348" lon="-0.1293738540261986">
        <ele>997.9005449436983</ele>
        <time>2026-06-04T14:13:41.000Z</time>
      </trkpt>
      <trkpt lat="42.60544891655445" lon="-0.12937286496162442">
        <ele>997.8633675120595</ele>
        <time>2026-06-04T14:13:42.000Z</time>
      </trkpt>
      <trkpt lat="42.60544645227492" lon="-0.129372211173177">
        <ele>997.8681506243661</ele>
        <time>2026-06-04T14:13:47.000Z</time>
      </trkpt>
      <trkpt lat="42.60544361919165" lon="-0.129371674731374">
        <ele>997.8791082143912</ele>
        <time>2026-06-04T14:13:50.000Z</time>
      </trkpt>
      <trkpt lat="42.60544063523412" lon="-0.1293712053447964">
        <ele>997.8918247982863</ele>
        <time>2026-06-04T14:13:56.000Z</time>
      </trkpt>
      <trkpt lat="42.605437617748976" lon="-0.129370987415314">
        <ele>997.9146895317314</ele>
        <time>2026-06-04T14:13:58.000Z</time>
      </trkpt>
      <trkpt lat="42.605434734374285" lon="-0.1293706353753808">
        <ele>997.9276474942346</ele>
        <time>2026-06-04T14:14:01.000Z</time>
      </trkpt>
      <trkpt lat="42.60543426498771" lon="-0.1293701324611904">
        <ele>997.9056629584952</ele>
        <time>2026-06-04T14:14:08.000Z</time>
      </trkpt>
      <trkpt lat="42.60543480142951" lon="-0.12936904281377798">
        <ele>997.8423884471863</ele>
        <time>2026-06-04T14:14:10.000Z</time>
      </trkpt>
      <trkpt lat="42.60543607547879" lon="-0.12936795316636562">
        <ele>997.7744692273457</ele>
        <time>2026-06-04T14:14:11.000Z</time>
      </trkpt>
      <trkpt lat="42.60543763451278" lon="-0.1293668635189532">
        <ele>997.707429559021</ele>
        <time>2026-06-04T14:14:19.000Z</time>
      </trkpt>
      <trkpt lat="42.60543894208968" lon="-0.1293661091476678">
        <ele>997.6616597713635</ele>
        <time>2026-06-04T14:14:20.000Z</time>
      </trkpt>
      <trkpt lat="42.60543962940574" lon="-0.1293648853898048">
        <ele>997.5985402322699</ele>
        <time>2026-06-04T14:14:28.000Z</time>
      </trkpt>
      <trkpt lat="42.60543838888407" lon="-0.129360157996416">
        <ele>997.3707242593684</ele>
        <time>2026-06-04T14:14:31.000Z</time>
      </trkpt>
      <trkpt lat="42.60543466731906" lon="-0.1293528489768504">
        <ele>996.9816892047897</ele>
        <time>2026-06-04T14:14:40.000Z</time>
      </trkpt>
      <trkpt lat="42.605430291965604" lon="-0.12934124842286102">
        <ele>996.2802850897617</ele>
        <time>2026-06-04T14:14:56.000Z</time>
      </trkpt>
      <trkpt lat="42.60542616806924" lon="-0.12932842411100842">
        <ele>995.4079746355859</ele>
        <time>2026-06-04T14:15:00.000Z</time>
      </trkpt>
      <trkpt lat="42.60541994869709" lon="-0.12931618653237803">
        <ele>994.3735773539294</ele>
        <time>2026-06-04T14:15:04.000Z</time>
      </trkpt>
      <trkpt lat="42.605414651334286" lon="-0.1293080393224954">
        <ele>993.5380975424998</ele>
        <time>2026-06-04T14:15:07.000Z</time>
      </trkpt>
      <trkpt lat="42.605409890413284" lon="-0.12930247373878961">
        <ele>992.9841865902725</ele>
        <time>2026-06-04T14:15:12.000Z</time>
      </trkpt>
      <trkpt lat="42.6054035872221" lon="-0.1293014846742154">
        <ele>993.8918739104713</ele>
        <time>2026-06-04T14:15:14.000Z</time>
      </trkpt>
      <trkpt lat="42.605397284030914" lon="-0.1293017864227296">
        <ele>994.9013058683614</ele>
        <time>2026-06-04T14:15:18.000Z</time>
      </trkpt>
      <trkpt lat="42.60534716024995" lon="-0.129268744960427">
        <ele>999.5297831468947</ele>
        <time>2026-06-04T14:17:51.000Z</time>
      </trkpt>
      <trkpt lat="42.60529827699065" lon="-0.12911961413919898">
        <ele>999.6873117090614</ele>
        <time>2026-06-04T14:19:10.000Z</time>
      </trkpt>
      <trkpt lat="42.60530322231352" lon="-0.1290754247456788">
        <ele>998.5297679018792</ele>
        <time>2026-06-04T14:19:37.000Z</time>
      </trkpt>
      <trkpt lat="42.605306608602405" lon="-0.1290320567786694">
        <ele>998.624928418505</ele>
        <time>2026-06-04T14:19:41.000Z</time>
      </trkpt>
      <trkpt lat="42.605308720842004" lon="-0.12898937612772">
        <ele>998.5688809253636</ele>
        <time>2026-06-04T14:19:49.000Z</time>
      </trkpt>
      <trkpt lat="42.60530199855566" lon="-0.12898510135710262">
        <ele>998.9731559940874</ele>
        <time>2026-06-04T14:19:56.000Z</time>
      </trkpt>
      <trkpt lat="42.60529354959726" lon="-0.12897864729166061">
        <ele>999.5559958795519</ele>
        <time>2026-06-04T14:20:16.000Z</time>
      </trkpt>
      <trkpt lat="42.605292711406946" lon="-0.12887642160058022">
        <ele>995.0274076746878</ele>
        <time>2026-06-04T14:36:50.000Z</time>
      </trkpt>
      <trkpt lat="42.60529182292521" lon="-0.1288772597908974">
        <ele>995.2612718015725</ele>
        <time>2026-06-04T14:39:36.000Z</time>
      </trkpt>
      <trkpt lat="42.605291621759534" lon="-0.128878802061081">
        <ele>995.4873957281798</ele>
        <time>2026-06-04T14:39:38.000Z</time>
      </trkpt>
      <trkpt lat="42.6052912697196" lon="-0.12888019345700738">
        <ele>995.7147805390958</ele>
        <time>2026-06-04T14:39:45.000Z</time>
      </trkpt>
      <trkpt lat="42.60529150441289" lon="-0.128882272168994">
        <ele>995.9482789310662</ele>
        <time>2026-06-04T14:39:48.000Z</time>
      </trkpt>
      <trkpt lat="42.605293130502105" lon="-0.1288884580135346">
        <ele>996.5237228730571</ele>
        <time>2026-06-04T14:39:57.000Z</time>
      </trkpt>
      <trkpt lat="42.60529254376888" lon="-0.1288951970636846">
        <ele>997.4701485801639</ele>
        <time>2026-06-04T14:40:07.000Z</time>
      </trkpt>
      <trkpt lat="42.6052965503186" lon="-0.1289019361138346">
        <ele>997.8441291248546</ele>
        <time>2026-06-04T14:40:16.000Z</time>
      </trkpt>
      <trkpt lat="42.60530141182244" lon="-0.1289086751639846">
        <ele>998.1567317450018</ele>
        <time>2026-06-04T14:40:20.000Z</time>
      </trkpt>
      <trkpt lat="42.60530753061175" lon="-0.1289143748581412">
        <ele>998.2296827750167</ele>
        <time>2026-06-04T14:40:23.000Z</time>
      </trkpt>
      <trkpt lat="42.6053131967783" lon="-0.1289148777723314">
        <ele>997.6551710210587</ele>
        <time>2026-06-04T14:40:25.000Z</time>
      </trkpt>
      <trkpt lat="42.60531943291426" lon="-0.1289147771894932">
        <ele>996.9304854283348</ele>
        <time>2026-06-04T14:40:31.000Z</time>
      </trkpt>
      <trkpt lat="42.605323892086744" lon="-0.128912966698408">
        <ele>996.1475377927884</ele>
        <time>2026-06-04T14:40:34.000Z</time>
      </trkpt>
      <trkpt lat="42.60533059760928" lon="-0.1289120782166718">
        <ele>995.2355239161589</ele>
        <time>2026-06-04T14:42:04.000Z</time>
      </trkpt>
      <trkpt lat="42.605333061888814" lon="-0.12891501188278182">
        <ele>995.4156173806887</ele>
        <time>2026-06-04T14:42:08.000Z</time>
      </trkpt>
      <trkpt lat="42.605335442349315" lon="-0.1289166044443844">
        <ele>995.4005069988343</ele>
        <time>2026-06-04T14:42:12.000Z</time>
      </trkpt>
      <trkpt lat="42.60533574409783" lon="-0.12891588360071182">
        <ele>995.2507084225477</ele>
        <time>2026-06-04T14:42:13.000Z</time>
      </trkpt>
      <trkpt lat="42.60533569380641" lon="-0.128912815824151">
        <ele>994.7635106139103</ele>
        <time>2026-06-04T14:42:15.000Z</time>
      </trkpt>
      <trkpt lat="42.60532997734845" lon="-0.12891487777233124">
        <ele>995.7453812414604</ele>
        <time>2026-06-04T14:43:41.000Z</time>
      </trkpt>
      <trkpt lat="42.60532779805362" lon="-0.12892134860157983">
        <ele>996.483175190765</ele>
        <time>2026-06-04T14:43:50.000Z</time>
      </trkpt>
      <trkpt lat="42.60532580316067" lon="-0.1289278194308284">
        <ele>996.7856945386792</ele>
        <time>2026-06-04T14:43:51.000Z</time>
      </trkpt>
      <trkpt lat="42.60532442852855" lon="-0.1289327479898932">
        <ele>996.9883598078316</ele>
        <time>2026-06-04T14:43:55.000Z</time>
      </trkpt>
      <trkpt lat="42.605323020368814" lon="-0.1289324630051854">
        <ele>997.1263473207995</ele>
        <time>2026-06-04T14:44:00.000Z</time>
      </trkpt>
      <trkpt lat="42.605321913957596" lon="-0.1289249863475562">
        <ele>997.1612633725485</ele>
        <time>2026-06-04T14:44:01.000Z</time>
      </trkpt>
      <trkpt lat="42.6053216625005" lon="-0.12891155853867522">
        <ele>996.1927630516702</ele>
        <time>2026-06-04T14:44:02.000Z</time>
      </trkpt>
      <trkpt lat="42.60529802553356" lon="-0.1288948114961386">
        <ele>996.7154521168269</ele>
        <time>2026-06-04T14:45:07.000Z</time>
      </trkpt>
      <trkpt lat="42.60529494099319" lon="-0.128910418599844">
        <ele>999.150477870151</ele>
        <time>2026-06-04T14:45:09.000Z</time>
      </trkpt>
      <trkpt lat="42.60529691912234" lon="-0.1289233099669218">
        <ele>999.8296069938855</ele>
        <time>2026-06-04T14:45:19.000Z</time>
      </trkpt>
      <trkpt lat="42.60530273616314" lon="-0.1289308033883572">
        <ele>999.1711710795216</ele>
        <time>2026-06-04T14:45:27.000Z</time>
      </trkpt>
      <trkpt lat="42.60530855320394" lon="-0.12893700599670418">
        <ele>998.5793942632467</ele>
        <time>2026-06-04T14:45:36.000Z</time>
      </trkpt>
      <trkpt lat="42.60531437024474" lon="-0.1289398893713952">
        <ele>998.0280773136055</ele>
        <time>2026-06-04T14:45:46.000Z</time>
      </trkpt>
      <trkpt lat="42.6053182259202" lon="-0.1289390847086908">
        <ele>997.6567521057184</ele>
        <time>2026-06-04T14:45:53.000Z</time>
      </trkpt>
      <trkpt lat="42.60531856119633" lon="-0.1289403419941666">
        <ele>997.6343672771865</ele>
        <time>2026-06-04T14:45:54.000Z</time>
      </trkpt>
      <trkpt lat="42.60533430241048" lon="-0.12893457524478438">
        <ele>996.0346735339631</ele>
        <time>2026-06-04T14:47:12.000Z</time>
      </trkpt>
      <trkpt lat="42.60533723607659" lon="-0.12892034277319922">
        <ele>995.4329763058688</ele>
        <time>2026-06-04T14:47:13.000Z</time>
      </trkpt>
      <trkpt lat="42.605328971520066" lon="-0.1289204433560372">
        <ele>996.3412280905734</ele>
        <time>2026-06-04T14:47:52.000Z</time>
      </trkpt>
      <trkpt lat="42.60532922297716" lon="-0.128928104415536">
        <ele>996.4345557395977</ele>
        <time>2026-06-04T14:48:00.000Z</time>
      </trkpt>
      <trkpt lat="42.60532910563052" lon="-0.1289357990026474">
        <ele>996.5674673419176</ele>
        <time>2026-06-04T14:48:05.000Z</time>
      </trkpt>
      <trkpt lat="42.605326909571886" lon="-0.1289403922855854">
        <ele>996.8468093082132</ele>
        <time>2026-06-04T14:48:08.000Z</time>
      </trkpt>
      <trkpt lat="42.60533453710377" lon="-0.1289422698318958">
        <ele>996.164157459023</ele>
        <time>2026-06-04T14:48:31.000Z</time>
      </trkpt>
      <trkpt lat="42.60533840954304" lon="-0.1289417166262864">
        <ele>995.7916093620469</ele>
        <time>2026-06-04T14:48:33.000Z</time>
      </trkpt>
      <trkpt lat="42.605340991169214" lon="-0.128941113129258">
        <ele>995.535609943242</ele>
        <time>2026-06-04T14:48:34.000Z</time>
      </trkpt>
      <trkpt lat="42.605342868715525" lon="-0.1289419345557688">
        <ele>995.3809666568543</ele>
        <time>2026-06-04T14:48:35.000Z</time>
      </trkpt>
      <trkpt lat="42.60534705966711" lon="-0.12894302420318118">
        <ele>995.0224046871907</ele>
        <time>2026-06-04T14:48:37.000Z</time>
      </trkpt>
      <trkpt lat="42.60535220615566" lon="-0.1289446838200092">
        <ele>994.6023628424898</ele>
        <time>2026-06-04T14:48:39.000Z</time>
      </trkpt>
      <trkpt lat="42.60535815730691" lon="-0.1289386823773384">
        <ele>993.8327651524686</ele>
        <time>2026-06-04T14:48:41.000Z</time>
      </trkpt>
      <trkpt lat="42.60536590218544" lon="-0.1289169732481242">
        <ele>992.0401548915252</ele>
        <time>2026-06-04T14:48:44.000Z</time>
      </trkpt>
      <trkpt lat="42.60537347942591" lon="-0.1288913246244192">
        <ele>986.3537333024137</ele>
        <time>2026-06-04T14:48:47.000Z</time>
      </trkpt>
      <trkpt lat="42.605380369350314" lon="-0.1288512088358402">
        <ele>977.682585869341</ele>
        <time>2026-06-04T14:48:51.000Z</time>
      </trkpt>
      <trkpt lat="42.60538680665195" lon="-0.12880551069974902">
        <ele>967.582440368908</ele>
        <time>2026-06-04T14:48:53.000Z</time>
      </trkpt>
      <trkpt lat="42.60539227165282" lon="-0.12876621633768082">
        <ele>958.5662922671389</ele>
        <time>2026-06-04T14:48:57.000Z</time>
      </trkpt>
      <trkpt lat="42.60539651289582" lon="-0.1287327390164136">
        <ele>951.0886702911992</ele>
        <time>2026-06-04T14:49:00.000Z</time>
      </trkpt>
      <trkpt lat="42.60540025122464" lon="-0.1287021115422248">
        <ele>944.7478811388988</ele>
        <time>2026-06-04T14:49:02.000Z</time>
      </trkpt>
      <trkpt lat="42.60540194436908" lon="-0.128685900941491">
        <ele>941.4768457010616</ele>
        <time>2026-06-04T14:49:06.000Z</time>
      </trkpt>
      <trkpt lat="42.605403520166874" lon="-0.1286748368293046">
        <ele>939.1579490178837</ele>
        <time>2026-06-04T14:49:08.000Z</time>
      </trkpt>
      <trkpt lat="42.60540563240647" lon="-0.12866489589214322">
        <ele>936.9278554907266</ele>
        <time>2026-06-04T14:49:11.000Z</time>
      </trkpt>
      <trkpt lat="42.60541118122637" lon="-0.1286644097417594">
        <ele>935.7777882593011</ele>
        <time>2026-06-04T14:49:15.000Z</time>
      </trkpt>
      <trkpt lat="42.605416947975755" lon="-0.1286632865667344">
        <ele>935.6675176485564</ele>
        <time>2026-06-04T14:49:18.000Z</time>
      </trkpt>
      <trkpt lat="42.60542271472514" lon="-0.1286249645054342">
        <ele>929.1194378254311</ele>
        <time>2026-06-04T14:49:23.000Z</time>
      </trkpt>
      <trkpt lat="42.60543245449662" lon="-0.1285487562417986">
        <ele>918.2741783356412</ele>
        <time>2026-06-04T14:49:55.000Z</time>
      </trkpt>
      <trkpt lat="42.60539976507425" lon="-0.1285435594618322">
        <ele>919.0449178483891</ele>
        <time>2026-06-04T14:50:09.000Z</time>
      </trkpt>
      <trkpt lat="42.605381559580564" lon="-0.12853842973709081">
        <ele>921.711247402245</ele>
        <time>2026-06-04T15:00:36.000Z</time>
      </trkpt>
      <trkpt lat="42.60538326948881" lon="-0.128513853996992">
        <ele>918.7123747605864</ele>
        <time>2026-06-04T15:00:40.000Z</time>
      </trkpt>
      <trkpt lat="42.60538601875305" lon="-0.1284892782568932">
        <ele>915.628938169961</ele>
        <time>2026-06-04T15:00:41.000Z</time>
      </trkpt>
      <trkpt lat="42.605389723554254" lon="-0.128466932103038">
        <ele>912.7605804191707</ele>
        <time>2026-06-04T15:00:43.000Z</time>
      </trkpt>
      <trkpt lat="42.605394031852484" lon="-0.12846413254737882">
        <ele>911.943993103478</ele>
        <time>2026-06-04T15:00:48.000Z</time>
      </trkpt>
      <trkpt lat="42.605400083586574" lon="-0.1284612324088814">
        <ele>910.9271018720083</ele>
        <time>2026-06-04T15:00:56.000Z</time>
      </trkpt>
      <trkpt lat="42.60540010035038" lon="-0.1284588351845742">
        <ele>910.690406665956</ele>
        <time>2026-06-04T15:00:59.000Z</time>
      </trkpt>
      <trkpt lat="42.60539720021188" lon="-0.1284456923604012">
        <ele>909.7167435321218</ele>
        <time>2026-06-04T15:01:02.000Z</time>
      </trkpt>
      <trkpt lat="42.60538382269442" lon="-0.12840943224728102">
        <ele>907.189804294701</ele>
        <time>2026-06-04T15:01:06.000Z</time>
      </trkpt>
      <trkpt lat="42.60537713393569" lon="-0.1283902879804372">
        <ele>906.8722636623766</ele>
        <time>2026-06-04T15:01:07.000Z</time>
      </trkpt>
      <trkpt lat="42.6053724065423" lon="-0.12837233394384379">
        <ele>907.0616914958141</ele>
        <time>2026-06-04T15:01:09.000Z</time>
      </trkpt>
      <trkpt lat="42.605370378121734" lon="-0.12836998701095578">
        <ele>907.1816308355084</ele>
        <time>2026-06-04T15:01:10.000Z</time>
      </trkpt>
      <trkpt lat="42.60537369735539" lon="-0.1283740773797036">
        <ele>906.986378447435</ele>
        <time>2026-06-04T15:01:14.000Z</time>
      </trkpt>
      <trkpt lat="42.60537745244801" lon="-0.1283814031630756">
        <ele>906.7789232037018</ele>
        <time>2026-06-04T15:01:16.000Z</time>
      </trkpt>
      <trkpt lat="42.60538120754063" lon="-0.1283887289464476">
        <ele>906.5584972982405</ele>
        <time>2026-06-04T15:01:17.000Z</time>
      </trkpt>
      <trkpt lat="42.605384543538094" lon="-0.1283956691622736">
        <ele>906.3544573335246</ele>
        <time>2026-06-04T15:01:19.000Z</time>
      </trkpt>
      <trkpt lat="42.60538645461202" lon="-0.128396088257432">
        <ele>906.2123165354362</ele>
        <time>2026-06-04T15:01:21.000Z</time>
      </trkpt>
      <trkpt lat="42.60538620315492" lon="-0.128393841907382">
        <ele>906.2183827345348</ele>
        <time>2026-06-04T15:01:23.000Z</time>
      </trkpt>
      <trkpt lat="42.60538548231125" lon="-0.1283914279192686">
        <ele>906.2582352308382</ele>
        <time>2026-06-04T15:01:25.000Z</time>
      </trkpt>
      <trkpt lat="42.60538326948881" lon="-0.12838773988187302">
        <ele>906.399525563866</ele>
        <time>2026-06-04T15:01:26.000Z</time>
      </trkpt>
      <trkpt lat="42.60538053698838" lon="-0.12838064879179">
        <ele>906.5506440227945</ele>
        <time>2026-06-04T15:01:27.000Z</time>
      </trkpt>
      <trkpt lat="42.60537810623646" lon="-0.12837469764053822">
        <ele>906.680138901481</ele>
        <time>2026-06-04T15:01:29.000Z</time>
      </trkpt>
      <trkpt lat="42.605375139042735" lon="-0.12836802564561361">
        <ele>906.8339356092331</ele>
        <time>2026-06-04T15:01:31.000Z</time>
      </trkpt>
      <trkpt lat="42.605371333658695" lon="-0.1283604148775338">
        <ele>907.0262963380296</ele>
        <time>2026-06-04T15:01:33.000Z</time>
      </trkpt>
      <trkpt lat="42.605368768796325" lon="-0.1283540613949298">
        <ele>907.1361460503487</ele>
        <time>2026-06-04T15:01:35.000Z</time>
      </trkpt>
      <trkpt lat="42.60536672361195" lon="-0.1283509097993372">
        <ele>907.2380850896611</ele>
        <time>2026-06-04T15:01:37.000Z</time>
      </trkpt>
      <trkpt lat="42.60536506399512" lon="-0.1283482778817414">
        <ele>907.3177710118993</ele>
        <time>2026-06-04T15:01:38.000Z</time>
      </trkpt>
      <trkpt lat="42.605364460498095" lon="-0.128345863893628">
        <ele>907.3303526866515</ele>
        <time>2026-06-04T15:01:44.000Z</time>
      </trkpt>
      <trkpt lat="42.60536506399512" lon="-0.12834455631673322">
        <ele>907.2777255015368</ele>
        <time>2026-06-04T15:01:45.000Z</time>
      </trkpt>
      <trkpt lat="42.60536809824407" lon="-0.12834004685282702">
        <ele>907.0395062654692</ele>
        <time>2026-06-04T15:01:47.000Z</time>
      </trkpt>
      <trkpt lat="42.605371283367276" lon="-0.1283361241221428">
        <ele>906.8039197629047</ele>
        <time>2026-06-04T15:01:48.000Z</time>
      </trkpt>
      <trkpt lat="42.6053750384599" lon="-0.1283322013914586">
        <ele>906.539645194875</ele>
        <time>2026-06-04T15:01:57.000Z</time>
      </trkpt>
      <trkpt lat="42.605379397049546" lon="-0.1283312626183034">
        <ele>906.2682863998452</ele>
        <time>2026-06-04T15:01:58.000Z</time>
      </trkpt>
      <trkpt lat="42.60538342036307" lon="-0.128330457955599">
        <ele>906.019911887023</ele>
        <time>2026-06-04T15:01:59.000Z</time>
      </trkpt>
      <trkpt lat="42.605385264381766" lon="-0.1283332575112582">
        <ele>905.9255878356961</ele>
        <time>2026-06-04T15:02:04.000Z</time>
      </trkpt>
      <trkpt lat="42.60538695752621" lon="-0.1283383201807738">
        <ele>905.8507911594556</ele>
        <time>2026-06-04T15:02:06.000Z</time>
      </trkpt>
      <trkpt lat="42.605387007817626" lon="-0.1283471211791038">
        <ele>905.8968393640921</ele>
        <time>2026-06-04T15:02:08.000Z</time>
      </trkpt>
      <trkpt lat="42.60538539849222" lon="-0.1283536422997712">
        <ele>906.0390435980376</ele>
        <time>2026-06-04T15:02:12.000Z</time>
      </trkpt>
      <trkpt lat="42.60538011789322" lon="-0.1283608842641114">
        <ele>906.4383268199667</ele>
        <time>2026-06-04T15:02:17.000Z</time>
      </trkpt>
      <trkpt lat="42.60537391528487" lon="-0.12836713716387743">
        <ele>906.9108082909721</ele>
        <time>2026-06-04T15:02:22.000Z</time>
      </trkpt>
      <trkpt lat="42.60536704212427" lon="-0.1283708754926918">
        <ele>907.4228843506212</ele>
        <time>2026-06-04T15:02:28.000Z</time>
      </trkpt>
      <trkpt lat="42.60536095686257" lon="-0.1283706240355968">
        <ele>907.8446016648907</ele>
        <time>2026-06-04T15:02:31.000Z</time>
      </trkpt>
      <trkpt lat="42.60535569302738" lon="-0.128370875492692">
        <ele>908.2148933192631</ele>
        <time>2026-06-04T15:02:32.000Z</time>
      </trkpt>
      <trkpt lat="42.60535477101803" lon="-0.12836705334484583">
        <ele>908.2288340948418</ele>
        <time>2026-06-04T15:02:35.000Z</time>
      </trkpt>
      <trkpt lat="42.6053554918617" lon="-0.128363247960806">
        <ele>908.1296439023865</ele>
        <time>2026-06-04T15:02:41.000Z</time>
      </trkpt>
      <trkpt lat="42.605358090251684" lon="-0.12835875526070623">
        <ele>907.8972553390523</ele>
        <time>2026-06-04T15:02:46.000Z</time>
      </trkpt>
      <trkpt lat="42.6053628847003" lon="-0.1283529885113242">
        <ele>907.511353815038</ele>
        <time>2026-06-04T15:02:53.000Z</time>
      </trkpt>
      <trkpt lat="42.605367394164205" lon="-0.128346718847752">
        <ele>907.1516521173837</ele>
        <time>2026-06-04T15:02:59.000Z</time>
      </trkpt>
      <trkpt lat="42.60536970756948" lon="-0.12834366783499762">
        <ele>906.9738934000496</ele>
        <time>2026-06-04T15:03:04.000Z</time>
      </trkpt>
      <trkpt lat="42.60537130013108" lon="-0.12834953516721762">
        <ele>906.9274786353292</ele>
        <time>2026-06-04T15:03:06.000Z</time>
      </trkpt>
      <trkpt lat="42.60537168569863" lon="-0.1283621918410066">
        <ele>907.0189438586441</ele>
        <time>2026-06-04T15:03:08.000Z</time>
      </trkpt>
      <trkpt lat="42.60537016019225" lon="-0.1283763740211728">
        <ele>907.2578467613873</ele>
        <time>2026-06-04T15:03:13.000Z</time>
      </trkpt>
      <trkpt lat="42.605369590222836" lon="-0.12839055620133902">
        <ele>907.4358340215265</ele>
        <time>2026-06-04T15:03:17.000Z</time>
      </trkpt>
      <trkpt lat="42.60537094809115" lon="-0.1283976640552284">
        <ele>907.401396848212</ele>
        <time>2026-06-04T15:03:21.000Z</time>
      </trkpt>
      <trkpt lat="42.60537470318377" lon="-0.1283964402973654">
        <ele>907.1052412341877</ele>
        <time>2026-06-04T15:03:24.000Z</time>
      </trkpt>
      <trkpt lat="42.60537938028574" lon="-0.1283893659710886">
        <ele>906.6984098221187</ele>
        <time>2026-06-04T15:03:30.000Z</time>
      </trkpt>
      <trkpt lat="42.60538927093148" lon="-0.1283835992217066">
        <ele>905.9359225441862</ele>
        <time>2026-06-04T15:03:34.000Z</time>
      </trkpt>
      <trkpt lat="42.605398423969746" lon="-0.1283813193440438">
        <ele>905.2631097872961</ele>
        <time>2026-06-04T15:03:38.000Z</time>
      </trkpt>
      <trkpt lat="42.60541349463165" lon="-0.128317365422845">
        <ele>904.3924246225833</ele>
        <time>2026-06-04T15:05:40.000Z</time>
      </trkpt>
      <trkpt lat="42.60541289113462" lon="-0.12832101993262782">
        <ele>904.3912587568789</ele>
        <time>2026-06-04T15:05:42.000Z</time>
      </trkpt>
      <trkpt lat="42.60540958866477" lon="-0.1282850112766026">
        <ele>904.4310949713633</ele>
        <time>2026-06-04T15:06:28.000Z</time>
      </trkpt>
      <trkpt lat="42.605406856164336" lon="-0.1282877940684556">
        <ele>904.5689984497014</ele>
        <time>2026-06-04T15:06:32.000Z</time>
      </trkpt>
      <trkpt lat="42.60540749318898" lon="-0.128291381523013">
        <ele>904.5397379957279</ele>
        <time>2026-06-04T15:06:34.000Z</time>
      </trkpt>
      <trkpt lat="42.60541104711592" lon="-0.12829505279660222">
        <ele>904.3869912352858</ele>
        <time>2026-06-04T15:06:36.000Z</time>
      </trkpt>
      <trkpt lat="42.60540631972253" lon="-0.12835531868040562">
        <ele>904.6657641961932</ele>
        <time>2026-06-04T15:07:48.000Z</time>
      </trkpt>
      <trkpt lat="42.60540444217622" lon="-0.12834591418504698">
        <ele>904.776015577303</ele>
        <time>2026-06-04T15:07:49.000Z</time>
      </trkpt>
      <trkpt lat="42.60540311783552" lon="-0.12833763286471342">
        <ele>904.8458267714336</ele>
        <time>2026-06-04T15:07:51.000Z</time>
      </trkpt>
      <trkpt lat="42.60540050268173" lon="-0.1283293515443798">
        <ele>904.9879113892554</ele>
        <time>2026-06-04T15:07:56.000Z</time>
      </trkpt>
      <trkpt lat="42.60539813898504" lon="-0.1283230818808076">
        <ele>905.111149246565</ele>
        <time>2026-06-04T15:07:57.000Z</time>
      </trkpt>
      <trkpt lat="42.60539414919913" lon="-0.128319779410958">
        <ele>905.3317349623251</ele>
        <time>2026-06-04T15:07:59.000Z</time>
      </trkpt>
      <trkpt lat="42.60539051145315" lon="-0.1283230315893886">
        <ele>905.5572625529096</ele>
        <time>2026-06-04T15:08:00.000Z</time>
      </trkpt>
      <trkpt lat="42.605387192219496" lon="-0.12832683697342862">
        <ele>905.7725557445007</ele>
        <time>2026-06-04T15:08:01.000Z</time>
      </trkpt>
      <trkpt lat="42.60538541525602" lon="-0.1283340454101562">
        <ele>905.9210948139861</ele>
        <time>2026-06-04T15:08:02.000Z</time>
      </trkpt>
      <trkpt lat="42.60538886860013" lon="-0.12834004685282702">
        <ele>905.7409818400678</ele>
        <time>2026-06-04T15:08:03.000Z</time>
      </trkpt>
      <trkpt lat="42.60539394803345" lon="-0.1283457297831774">
        <ele>905.4458776529355</ele>
        <time>2026-06-04T15:08:06.000Z</time>
      </trkpt>
      <trkpt lat="42.60539907775819" lon="-0.1283445227891208">
        <ele>905.1149949364809</ele>
        <time>2026-06-04T15:08:13.000Z</time>
      </trkpt>
      <trkpt lat="42.60540613532066" lon="-0.1283153370022774">
        <ele>904.6348677898767</ele>
        <time>2026-06-04T15:08:17.000Z</time>
      </trkpt>
      <trkpt lat="42.605413142591715" lon="-0.1282740645110608">
        <ele>904.3921609616275</ele>
        <time>2026-06-04T15:08:18.000Z</time>
      </trkpt>
      <trkpt lat="42.605416076257825" lon="-0.128221107646823">
        <ele>904.3525192928325</ele>
        <time>2026-06-04T15:08:23.000Z</time>
      </trkpt>
      <trkpt lat="42.60542026720941" lon="-0.1281653679907322">
        <ele>904.0654427800104</ele>
        <time>2026-06-04T15:08:26.000Z</time>
      </trkpt>
      <trkpt lat="42.60542935319245" lon="-0.12810624204576002">
        <ele>903.7106233798056</ele>
        <time>2026-06-04T15:08:31.000Z</time>
      </trkpt>
      <trkpt lat="42.60543910972774" lon="-0.12806624360382543">
        <ele>903.4093754252041</ele>
        <time>2026-06-04T15:08:32.000Z</time>
      </trkpt>
      <trkpt lat="42.60545071028173" lon="-0.12803021818399402">
        <ele>903.1793441501961</ele>
        <time>2026-06-04T15:08:35.000Z</time>
      </trkpt>
      <trkpt lat="42.605465764179826" lon="-0.12800327874720063">
        <ele>902.9736025312684</ele>
        <time>2026-06-04T15:08:37.000Z</time>
      </trkpt>
      <trkpt lat="42.60548586398363" lon="-0.1279750149697062">
        <ele>902.7210311370661</ele>
        <time>2026-06-04T15:08:40.000Z</time>
      </trkpt>
      <trkpt lat="42.60550140403211" lon="-0.12795074097812162">
        <ele>902.5120228321007</ele>
        <time>2026-06-04T15:08:42.000Z</time>
      </trkpt>
      <trkpt lat="42.60551434569061" lon="-0.1279303729534148">
        <ele>902.3341442257713</ele>
        <time>2026-06-04T15:08:47.000Z</time>
      </trkpt>
      <trkpt lat="42.60552510805428" lon="-0.127909418195486">
        <ele>902.1678806653072</ele>
        <time>2026-06-04T15:08:48.000Z</time>
      </trkpt>
      <trkpt lat="42.60552717000246" lon="-0.1278773322701454">
        <ele>902.1001878816029</ele>
        <time>2026-06-04T15:08:50.000Z</time>
      </trkpt>
      <trkpt lat="42.6055196095258" lon="-0.1278398651629686">
        <ele>902.2606457560158</ele>
        <time>2026-06-04T15:08:52.000Z</time>
      </trkpt>
      <trkpt lat="42.60551166348159" lon="-0.12780370563268642">
        <ele>902.3762852825015</ele>
        <time>2026-06-04T15:08:56.000Z</time>
      </trkpt>
      <trkpt lat="42.60550319775939" lon="-0.1277697589248416">
        <ele>902.4447051290019</ele>
        <time>2026-06-04T15:09:00.000Z</time>
      </trkpt>
      <trkpt lat="42.60549421235919" lon="-0.1277341693639752">
        <ele>902.4697985561722</ele>
        <time>2026-06-04T15:09:01.000Z</time>
      </trkpt>
      <trkpt lat="42.605489233508706" lon="-0.1277122590690848">
        <ele>902.48201230929</ele>
        <time>2026-06-04T15:09:02.000Z</time>
      </trkpt>
      <trkpt lat="42.60548755712807" lon="-0.127699803560972">
        <ele>902.5347683981408</ele>
        <time>2026-06-04T15:09:05.000Z</time>
      </trkpt>
      <trkpt lat="42.60548588074744" lon="-0.127690566703677">
        <ele>902.5662584397187</ele>
        <time>2026-06-04T15:09:09.000Z</time>
      </trkpt>
      <trkpt lat="42.605484472587705" lon="-0.127677759155631">
        <ele>902.6121564324278</ele>
        <time>2026-06-04T15:09:10.000Z</time>
      </trkpt>
      <trkpt lat="42.60548319853842" lon="-0.127671791240573">
        <ele>902.6247513350983</ele>
        <time>2026-06-04T15:09:11.000Z</time>
      </trkpt>
      <trkpt lat="42.605481622740626" lon="-0.1276587489992382">
        <ele>902.6606452248321</ele>
        <time>2026-06-04T15:09:13.000Z</time>
      </trkpt>
      <trkpt lat="42.60547957755625" lon="-0.1276456899940968">
        <ele>902.6835863281511</ele>
        <time>2026-06-04T15:09:14.000Z</time>
      </trkpt>
      <trkpt lat="42.60547696240246" lon="-0.1276323292404414">
        <ele>902.6901842519214</ele>
        <time>2026-06-04T15:09:19.000Z</time>
      </trkpt>
      <trkpt lat="42.60547433048487" lon="-0.1276232600212098">
        <ele>902.6732053498931</ele>
        <time>2026-06-04T15:09:24.000Z</time>
      </trkpt>
      <trkpt lat="42.605469066649675" lon="-0.12761429138481623">
        <ele>902.5973832382047</ele>
        <time>2026-06-04T15:09:25.000Z</time>
      </trkpt>
      <trkpt lat="42.60546405427158" lon="-0.1276124473661184">
        <ele>902.5018717569973</ele>
        <time>2026-06-04T15:09:28.000Z</time>
      </trkpt>
      <trkpt lat="42.6054590921849" lon="-0.1276107542216778">
        <ele>902.4045788544465</ele>
        <time>2026-06-04T15:09:33.000Z</time>
      </trkpt>
      <trkpt lat="42.60545475035906" lon="-0.12760939635336402">
        <ele>902.3174303784742</ele>
        <time>2026-06-04T15:09:39.000Z</time>
      </trkpt>
      <trkpt lat="42.60545067675412" lon="-0.12760949693620202">
        <ele>902.2345806645169</ele>
        <time>2026-06-04T15:09:43.000Z</time>
      </trkpt>
      <trkpt lat="42.605449955910444" lon="-0.12760959751904002">
        <ele>902.2199685996113</ele>
        <time>2026-06-04T15:09:44.000Z</time>
      </trkpt>
      <trkpt lat="42.60544952005148" lon="-0.127609698101878">
        <ele>902.2111634622696</ele>
        <time>2026-06-04T15:09:46.000Z</time>
      </trkpt>
      <trkpt lat="42.60544952005148" lon="-0.127609698101878">
        <ele>902.2111634622696</ele>
        <time>2026-06-04T15:09:48.000Z</time>
      </trkpt>
      <trkpt lat="42.60544952005148" lon="-0.127609698101878">
        <ele>902.2111634622696</ele>
        <time>2026-06-04T15:09:50.000Z</time>
      </trkpt>
      <trkpt lat="42.60545047558844" lon="-0.1276061944663524">
        <ele>902.2292902068363</ele>
        <time>2026-06-04T15:09:51.000Z</time>
      </trkpt>
      <trkpt lat="42.60545243695378" lon="-0.1276016179472208">
        <ele>902.2697317020343</ele>
        <time>2026-06-04T15:09:52.000Z</time>
      </trkpt>
      <trkpt lat="42.60545446537435" lon="-0.1275970414280892">
        <ele>902.3142435130446</ele>
        <time>2026-06-04T15:09:56.000Z</time>
      </trkpt>
      <trkpt lat="42.60545656085014" lon="-0.1275924649089576">
        <ele>902.3629582871599</ele>
        <time>2026-06-04T15:09:58.000Z</time>
      </trkpt>
      <trkpt lat="42.60545868985355" lon="-0.1275882069021464">
        <ele>902.4149614095544</ele>
        <time>2026-06-04T15:09:59.000Z</time>
      </trkpt>
      <trkpt lat="42.60545986331999" lon="-0.12758798897266382">
        <ele>902.4426354340928</ele>
        <time>2026-06-04T15:10:02.000Z</time>
      </trkpt>
      <trkpt lat="42.60546004772186" lon="-0.1275891792029142">
        <ele>902.4457472213488</ele>
        <time>2026-06-04T15:10:06.000Z</time>
      </trkpt>
      <trkpt lat="42.605461003258824" lon="-0.1275903694331646">
        <ele>902.4665996263556</ele>
        <time>2026-06-04T15:10:14.000Z</time>
      </trkpt>
      <trkpt lat="42.60546239465475" lon="-0.12759191170334822">
        <ele>902.4966360048179</ele>
        <time>2026-06-04T15:10:21.000Z</time>
      </trkpt>
      <trkpt lat="42.6054638531059" lon="-0.12759313546121143">
        <ele>902.5280705197621</ele>
        <time>2026-06-04T15:10:26.000Z</time>
      </trkpt>
      <trkpt lat="42.605465311557055" lon="-0.127593604847789">
        <ele>902.5603290636307</ele>
        <time>2026-06-04T15:10:27.000Z</time>
      </trkpt>
      <trkpt lat="42.6054667532444" lon="-0.1275937389582396">
        <ele>902.5926767066492</ele>
        <time>2026-06-04T15:10:32.000Z</time>
      </trkpt>
      <trkpt lat="42.60546708852053" lon="-0.1275947950780392">
        <ele>902.5981106772967</ele>
        <time>2026-06-04T15:10:36.000Z</time>
      </trkpt>
      <trkpt lat="42.605466049164534" lon="-0.127595817670226">
        <ele>902.5728540421344</ele>
        <time>2026-06-04T15:10:43.000Z</time>
      </trkpt>
      <trkpt lat="42.6054649092257" lon="-0.127597242593765">
        <ele>902.5449847522204</ele>
        <time>2026-06-04T15:10:47.000Z</time>
      </trkpt>
      <trkpt lat="42.60546376928687" lon="-0.1275995559990404">
        <ele>902.5162046998132</ele>
        <time>2026-06-04T15:10:50.000Z</time>
      </trkpt>
      <trkpt lat="42.605463936924934" lon="-0.1276021879166364">
        <ele>902.5157051790693</ele>
        <time>2026-06-04T15:10:56.000Z</time>
      </trkpt>
      <trkpt lat="42.60546521097422" lon="-0.1276038978248834">
        <ele>902.5399419943939</ele>
        <time>2026-06-04T15:11:04.000Z</time>
      </trkpt>
      <trkpt lat="42.60546735674143" lon="-0.12760528922081">
        <ele>902.5824221832203</ele>
        <time>2026-06-04T15:11:09.000Z</time>
      </trkpt>
      <trkpt lat="42.60546950250864" lon="-0.12760755233466642">
        <ele>902.6219691312217</ele>
        <time>2026-06-04T15:11:12.000Z</time>
      </trkpt>
      <trkpt lat="42.605470994487405" lon="-0.1276093460619452">
        <ele>902.6480710155018</ele>
        <time>2026-06-04T15:11:13.000Z</time>
      </trkpt>
      <trkpt lat="42.60546536184847" lon="-0.1276122462004424">
        <ele>902.5282598415425</ele>
        <time>2026-06-04T15:11:16.000Z</time>
      </trkpt>
      <trkpt lat="42.605458891019225" lon="-0.12761590071022522">
        <ele>902.3961556777731</ele>
        <time>2026-06-04T15:11:19.000Z</time>
      </trkpt>
      <trkpt lat="42.60545242018998" lon="-0.127619555220008">
        <ele>902.2708659148043</ele>
        <time>2026-06-04T15:11:25.000Z</time>
      </trkpt>
      <trkpt lat="42.60544616729021" lon="-0.1276219356805088">
        <ele>902.1551369606428</ele>
        <time>2026-06-04T15:11:31.000Z</time>
      </trkpt>
      <trkpt lat="42.60544135607779" lon="-0.1276221703737976">
        <ele>902.066331946166</ele>
        <time>2026-06-04T15:11:33.000Z</time>
      </trkpt>
      <trkpt lat="42.60544382035732" lon="-0.12761908583343062">
        <ele>902.1078568476426</ele>
        <time>2026-06-04T15:11:34.000Z</time>
      </trkpt>
      <trkpt lat="42.60544675402343" lon="-0.12761496193707023">
        <ele>902.1597406868377</ele>
        <time>2026-06-04T15:11:36.000Z</time>
      </trkpt>
      <trkpt lat="42.605450727045536" lon="-0.1276106704026464">
        <ele>902.2359871986714</ele>
        <time>2026-06-04T15:11:40.000Z</time>
      </trkpt>
      <trkpt lat="42.60545448213816" lon="-0.1276062447577718">
        <ele>902.312646827748</ele>
        <time>2026-06-04T15:11:42.000Z</time>
      </trkpt>
      <trkpt lat="42.60545744933188" lon="-0.12760089710354822">
        <ele>902.3777955287828</ele>
        <time>2026-06-04T15:11:47.000Z</time>
      </trkpt>
      <trkpt lat="42.60545895807445" lon="-0.1275974437594414">
        <ele>902.4133060128152</ele>
        <time>2026-06-04T15:11:51.000Z</time>
      </trkpt>
      <trkpt lat="42.605459997430444" lon="-0.12759427540004242">
        <ele>902.4394382451794</ele>
        <time>2026-06-04T15:11:59.000Z</time>
      </trkpt>
      <trkpt lat="42.605459997430444" lon="-0.12759127467870682">
        <ele>902.442464304852</ele>
        <time>2026-06-04T15:12:00.000Z</time>
      </trkpt>
      <trkpt lat="42.605459997430444" lon="-0.127588408067822">
        <ele>902.445355121642</ele>
        <time>2026-06-04T15:12:00.381Z</time>
      </trkpt>
      <trkpt lat="42.605475" lon="-0.127586">
        <ele>902.8036058201141</ele>
        <time>2026-06-04T15:12:03.109Z</time>
        <extensions>
          <gpxtpx:TrackPointExtension>
            <gpxtpx:Extensions>
              <highway>footway</highway>
              <surface>concrete</surface>
            </gpxtpx:Extensions>
          </gpxtpx:TrackPointExtension>
        </extensions>
      </trkpt>
      <trkpt lat="42.605469" lon="-0.127525">
        <ele>903.1202233892557</ele>
        <time>2026-06-04T15:12:11.289Z</time>
        <extensions>
          <gpxtpx:TrackPointExtension>
            <gpxtpx:Extensions>
              <highway>footway</highway>
              <surface>concrete</surface>
            </gpxtpx:Extensions>
          </gpxtpx:TrackPointExtension>
        </extensions>
      </trkpt>
      <trkpt lat="42.605412" lon="-0.127268">
        <ele>904.3360316640265</ele>
        <time>2026-06-04T15:12:46.967Z</time>
        <extensions>
          <gpxtpx:TrackPointExtension>
            <gpxtpx:Extensions>
              <highway>footway</highway>
              <surface>concrete</surface>
            </gpxtpx:Extensions>
          </gpxtpx:TrackPointExtension>
        </extensions>
      </trkpt>
      <trkpt lat="42.605372" lon="-0.127158">
        <ele>904.9921026525748</ele>
        <time>2026-06-04T15:13:03.275Z</time>
        <extensions>
          <gpxtpx:TrackPointExtension>
            <gpxtpx:Extensions>
              <highway>footway</highway>
              <surface>concrete</surface>
            </gpxtpx:Extensions>
          </gpxtpx:TrackPointExtension>
        </extensions>
      </trkpt>
      <trkpt lat="42.605308" lon="-0.127033">
        <ele>901.8203615476658</ele>
        <time>2026-06-04T15:13:23.515Z</time>
        <extensions>
          <gpxtpx:TrackPointExtension>
            <gpxtpx:Extensions>
              <highway>footway</highway>
              <surface>concrete</surface>
            </gpxtpx:Extensions>
          </gpxtpx:TrackPointExtension>
        </extensions>
      </trkpt>
      <trkpt lat="42.605255" lon="-0.126845">
        <ele>901.0322222812789</ele>
        <time>2026-06-04T15:13:50.274Z</time>
        <extensions>
          <gpxtpx:TrackPointExtension>
            <gpxtpx:Extensions>
              <highway>footway</highway>
              <surface>concrete</surface>
            </gpxtpx:Extensions>
          </gpxtpx:TrackPointExtension>
        </extensions>
      </trkpt>
      <trkpt lat="42.605176" lon="-0.126652">
        <ele>899.6881971575419</ele>
        <time>2026-06-04T15:14:19.628Z</time>
        <extensions>
          <gpxtpx:TrackPointExtension>
            <gpxtpx:Extensions>
              <highway>footway</highway>
              <surface>concrete</surface>
            </gpxtpx:Extensions>
          </gpxtpx:TrackPointExtension>
        </extensions>
      </trkpt>
      <trkpt lat="42.605135" lon="-0.126506">
        <ele>899.2052696249001</ele>
        <time>2026-06-04T15:14:40.399Z</time>
        <extensions>
          <gpxtpx:TrackPointExtension>
            <gpxtpx:Extensions>
              <highway>footway</highway>
              <surface>concrete</surface>
            </gpxtpx:Extensions>
          </gpxtpx:TrackPointExtension>
        </extensions>
      </trkpt>
      <trkpt lat="42.605031" lon="-0.125998">
        <ele>895.6954352955305</ele>
        <time>2026-06-04T15:15:50.487Z</time>
        <extensions>
          <gpxtpx:TrackPointExtension>
            <gpxtpx:Extensions>
              <highway>footway</highway>
              <surface>concrete</surface>
            </gpxtpx:Extensions>
          </gpxtpx:TrackPointExtension>
        </extensions>
      </trkpt>
      <trkpt lat="42.60499" lon="-0.12575">
        <ele>896.0002125931877</ele>
        <time>2026-06-04T15:16:24.273Z</time>
        <extensions>
          <gpxtpx:TrackPointExtension>
            <gpxtpx:Extensions>
              <highway>footway</highway>
              <surface>concrete</surface>
            </gpxtpx:Extensions>
          </gpxtpx:TrackPointExtension>
        </extensions>
      </trkpt>
      <trkpt lat="42.604917" lon="-0.125479">
        <ele>895.1937471650502</ele>
        <time>2026-06-04T15:17:02.631Z</time>
        <extensions>
          <gpxtpx:TrackPointExtension>
            <gpxtpx:Extensions>
              <highway>footway</highway>
              <surface>concrete</surface>
            </gpxtpx:Extensions>
          </gpxtpx:TrackPointExtension>
        </extensions>
      </trkpt>
      <trkpt lat="42.604832" lon="-0.125287">
        <ele>894.6276007134367</ele>
        <time>2026-06-04T15:17:32.413Z</time>
        <extensions>
          <gpxtpx:TrackPointExtension>
            <gpxtpx:Extensions>
              <highway>footway</highway>
              <surface>concrete</surface>
            </gpxtpx:Extensions>
          </gpxtpx:TrackPointExtension>
        </extensions>
      </trkpt>
      <trkpt lat="42.604706" lon="-0.125036">
        <ele>893.9401324769458</ele>
        <time>2026-06-04T15:18:12.797Z</time>
        <extensions>
          <gpxtpx:TrackPointExtension>
            <gpxtpx:Extensions>
              <highway>footway</highway>
              <surface>concrete</surface>
            </gpxtpx:Extensions>
          </gpxtpx:TrackPointExtension>
        </extensions>
      </trkpt>
      <trkpt lat="42.60462" lon="-0.124841">
        <ele>893.720810486808</ele>
        <time>2026-06-04T15:18:43.014Z</time>
        <extensions>
          <gpxtpx:TrackPointExtension>
            <gpxtpx:Extensions>
              <highway>footway</highway>
              <surface>concrete</surface>
            </gpxtpx:Extensions>
          </gpxtpx:TrackPointExtension>
        </extensions>
      </trkpt>
      <trkpt lat="42.604608" lon="-0.124811">
        <ele>893.7257430439172</ele>
        <time>2026-06-04T15:18:47.552Z</time>
        <extensions>
          <gpxtpx:TrackPointExtension>
            <gpxtpx:Extensions>
              <highway>service</highway>
            </gpxtpx:Extensions>
          </gpxtpx:TrackPointExtension>
        </extensions>
      </trkpt>
      <trkpt lat="42.60447" lon="-0.124576">
        <ele>893.4361116994227</ele>
        <time>2026-06-04T15:19:27.512Z</time>
        <extensions>
          <gpxtpx:TrackPointExtension>
            <gpxtpx:Extensions>
              <highway>service</highway>
            </gpxtpx:Extensions>
          </gpxtpx:TrackPointExtension>
        </extensions>
      </trkpt>
    </trkseg>
  </trk>
</gpx>
