<?xml version="1.0" encoding="UTF-8"?>
<gpx creator="Garmin Desktop App" version="1.1" schemaLocation="http://www.topografix.com/GPX/1/1 http://www.topografix.com/GPX/1/1/gpx.xsd http://www.garmin.com/xmlschemas/WaypointExtension/v1 http://www8.garmin.com/xmlschemas/WaypointExtensionv1.xsd http://www.garmin.com/xmlschemas/TrackPointExtension/v1 http://www.garmin.com/xmlschemas/TrackPointExtensionv1.xsd http://www.garmin.com/xmlschemas/GpxExtensions/v3 http://www8.garmin.com/xmlschemas/GpxExtensionsv3.xsd http://www.garmin.com/xmlschemas/ActivityExtension/v1 http://www8.garmin.com/xmlschemas/ActivityExtensionv1.xsd http://www.garmin.com/xmlschemas/AdventuresExtensions/v1 http://www8.garmin.com/xmlschemas/AdventuresExtensionv1.xsd http://www.garmin.com/xmlschemas/PressureExtension/v1 http://www.garmin.com/xmlschemas/PressureExtensionv1.xsd http://www.garmin.com/xmlschemas/TripExtensions/v1 http://www.garmin.com/xmlschemas/TripExtensionsv1.xsd http://www.garmin.com/xmlschemas/TripMetaDataExtensions/v1 http://www.garmin.com/xmlschemas/TripMetaDataExtensionsv1.xsd http://www.garmin.com/xmlschemas/ViaPointTransportationModeExtensions/v1 http://www.garmin.com/xmlschemas/ViaPointTransportationModeExtensionsv1.xsd http://www.garmin.com/xmlschemas/CreationTimeExtension/v1 http://www.garmin.com/xmlschemas/CreationTimeExtensionsv1.xsd http://www.garmin.com/xmlschemas/AccelerationExtension/v1 http://www.garmin.com/xmlschemas/AccelerationExtensionv1.xsd http://www.garmin.com/xmlschemas/PowerExtension/v1 http://www.garmin.com/xmlschemas/PowerExtensionv1.xsd http://www.garmin.com/xmlschemas/VideoExtension/v1 http://www.garmin.com/xmlschemas/VideoExtensionv1.xsd" xmlns="http://www.topografix.com/GPX/1/1" xmlns:xsi="http://www.w3.org/2001/XMLSchema-instance" xsi:schemaLocation="http://www.topografix.com/GPX/1/1 http://www.topografix.com/GPX/1/1/gpx.xsd http://www.garmin.com/xmlschemas/GpxExtensions/v3 http://www.garmin.com/xmlschemas/GpxExtensionsv3.xsd http://www.garmin.com/xmlschemas/TrackPointExtension/v1 http://www.garmin.com/xmlschemas/TrackPointExtensionv1.xsd http://www.garmin.com/xmlschemas/PowerExtension/v1 http://www.garmin.com/xmlschemas/PowerExtensionv1.xsd http://www.topografix.com/GPX/gpx_style/0/2 http://www.topografix.com/GPX/gpx_style/0/2/gpx_style.xsd" xmlns:gpxtpx="http://www.garmin.com/xmlschemas/TrackPointExtension/v1" xmlns:gpxx="http://www.garmin.com/xmlschemas/GpxExtensions/v3" xmlns:gpxpx="http://www.garmin.com/xmlschemas/PowerExtension/v1" xmlns:gpx_style="http://www.topografix.com/GPX/gpx_style/0/2">
  <metadata>
    <name>2026-06-05 Cueva de La Leze</name>
    <author>
      <name>gpx.studio</name>
      <link href="https://gpx.studio"/>
    </author>
    <link href="http://www.garmin.com">
      <text>Garmin International</text>
    </link>
    <time>2026-07-17T05:58:04.000Z</time>
  </metadata>
  <wpt lat="42.878092" lon="-2.276108">
    <ele>601.4972637291507</ele>
    <name>Inicio</name>
    <sym>Information</sym>
  </wpt>
  <wpt lat="42.880482" lon="-2.281571">
    <ele>612.6631945360723</ele>
    <name>Desvio a la derecha</name>
    <sym>Crossing</sym>
  </wpt>
  <wpt lat="42.881814" lon="-2.279526">
    <ele>701.5605531930917</ele>
    <name>Desvio a la izquierda</name>
    <sym>Crossing</sym>
  </wpt>
  <wpt lat="42.88773593701734" lon="-2.2786445981165">
    <ele>876.2377071137862</ele>
    <name>Desvio a la derecha</name>
    <sym>Crossing</sym>
  </wpt>
  <wpt lat="42.887338" lon="-2.27614">
    <ele>949.2217860863474</ele>
    <name>Cota más alta</name>
    <sym>Information</sym>
  </wpt>
  <wpt lat="42.885408" lon="-2.272383">
    <ele>812.2125438071758</ele>
    <name>Cuerdas instaladas para rapelar</name>
    <sym>Information</sym>
  </wpt>
  <wpt lat="42.884785" lon="-2.271516">
    <ele>750.6571513991207</ele>
    <name>Rápel 23m</name>
    <cmt>- Desde un árbol</cmt>
    <desc>- Desde un árbol</desc>
    <sym>Alert</sym>
  </wpt>
  <wpt lat="42.881113" lon="-2.273999">
    <ele>640.2873794456767</ele>
    <name>Salida</name>
    <sym>Information</sym>
  </wpt>
  <trk>
    <name>5/6/26, 19:03:41</name>
    <trkseg>
      <trkpt lat="42.87815390154719" lon="-2.276079235598445">
        <ele>600.4000244140625</ele>
        <time>2026-06-05T17:03:41.000Z</time>
      </trkpt>
      <trkpt lat="42.87813764065504" lon="-2.276098933070898">
        <ele>600.4000244140625</ele>
        <time>2026-06-05T17:03:42.000Z</time>
      </trkpt>
      <trkpt lat="42.87811182439327" lon="-2.2760936524719">
        <ele>600.2000122070312</ele>
        <time>2026-06-05T17:03:49.000Z</time>
      </trkpt>
      <trkpt lat="42.87812490016222" lon="-2.27607998996973">
        <ele>600.2000122070312</ele>
        <time>2026-06-05T17:03:50.000Z</time>
      </trkpt>
      <trkpt lat="42.87814795039594" lon="-2.276061968877912">
        <ele>599.7999877929688</ele>
        <time>2026-06-05T17:03:56.000Z</time>
      </trkpt>
      <trkpt lat="42.87817091681063" lon="-2.276072949171066">
        <ele>599.4000244140625</ele>
        <time>2026-06-05T17:04:05.000Z</time>
      </trkpt>
      <trkpt lat="42.87815675139427" lon="-2.276081582531333">
        <ele>599.4000244140625</ele>
        <time>2026-06-05T17:04:07.000Z</time>
      </trkpt>
      <trkpt lat="42.87814551964402" lon="-2.276090970262885">
        <ele>599.7999877929688</ele>
        <time>2026-06-05T17:04:12.000Z</time>
      </trkpt>
      <trkpt lat="42.878149123862386" lon="-2.276081079617143">
        <ele>599.2000122070312</ele>
        <time>2026-06-05T17:04:20.000Z</time>
      </trkpt>
      <trkpt lat="42.878167228773236" lon="-2.276111673563719">
        <ele>599.5999755859375</ele>
        <time>2026-06-05T17:04:29.000Z</time>
      </trkpt>
      <trkpt lat="42.87816655822098" lon="-2.276114858686924">
        <ele>599.5999755859375</ele>
        <time>2026-06-05T17:04:32.000Z</time>
      </trkpt>
      <trkpt lat="42.87814484909177" lon="-2.276099268347025">
        <ele>599.5999755859375</ele>
        <time>2026-06-05T17:04:36.000Z</time>
      </trkpt>
      <trkpt lat="42.87813286297023" lon="-2.276099268347025">
        <ele>599</ele>
        <time>2026-06-05T17:04:44.000Z</time>
      </trkpt>
      <trkpt lat="42.87806672975421" lon="-2.276096334680915">
        <ele>599.7999877929688</ele>
        <time>2026-06-05T17:04:52.000Z</time>
      </trkpt>
      <trkpt lat="42.87809615023434" lon="-2.276074038818479">
        <ele>600</ele>
        <time>2026-06-05T17:04:56.000Z</time>
      </trkpt>
      <trkpt lat="42.87814116105437" lon="-2.276093568652868">
        <ele>600</ele>
        <time>2026-06-05T17:05:01.000Z</time>
      </trkpt>
      <trkpt lat="42.8781502135098" lon="-2.276088539510965">
        <ele>600.4000244140625</ele>
        <time>2026-06-05T17:05:10.000Z</time>
      </trkpt>
      <trkpt lat="42.8781502135098" lon="-2.276088539510965">
        <ele>600.5999755859375</ele>
        <time>2026-06-05T17:05:13.000Z</time>
      </trkpt>
      <trkpt lat="42.8781502135098" lon="-2.276088539510965">
        <ele>601</ele>
        <time>2026-06-05T17:05:17.000Z</time>
      </trkpt>
      <trkpt lat="42.8781502135098" lon="-2.276088539510965">
        <ele>601.2000122070312</ele>
        <time>2026-06-05T17:05:26.000Z</time>
      </trkpt>
      <trkpt lat="42.8781502135098" lon="-2.276088539510965">
        <ele>601.4000244140625</ele>
        <time>2026-06-05T17:05:30.000Z</time>
      </trkpt>
      <trkpt lat="42.8781502135098" lon="-2.276088539510965">
        <ele>601.5999755859375</ele>
        <time>2026-06-05T17:05:32.000Z</time>
      </trkpt>
      <trkpt lat="42.8781502135098" lon="-2.276088539510965">
        <ele>601.5999755859375</ele>
        <time>2026-06-05T17:05:39.000Z</time>
      </trkpt>
      <trkpt lat="42.8781502135098" lon="-2.276088539510965">
        <ele>601.5999755859375</ele>
        <time>2026-06-05T17:05:44.000Z</time>
      </trkpt>
      <trkpt lat="42.87816639058292" lon="-2.276096418499947">
        <ele>601.4000244140625</ele>
        <time>2026-06-05T17:05:51.000Z</time>
      </trkpt>
      <trkpt lat="42.87816639058292" lon="-2.276096418499947">
        <ele>601.2000122070312</ele>
        <time>2026-06-05T17:05:58.000Z</time>
      </trkpt>
      <trkpt lat="42.87816639058292" lon="-2.276096418499947">
        <ele>601.2000122070312</ele>
        <time>2026-06-05T17:06:06.000Z</time>
      </trkpt>
      <trkpt lat="42.87816639058292" lon="-2.276096418499947">
        <ele>601</ele>
        <time>2026-06-05T17:06:13.000Z</time>
      </trkpt>
      <trkpt lat="42.87819120101631" lon="-2.276121061295271">
        <ele>600.5999755859375</ele>
        <time>2026-06-05T17:06:17.000Z</time>
      </trkpt>
      <trkpt lat="42.87820008583367" lon="-2.276130365207791">
        <ele>600.4000244140625</ele>
        <time>2026-06-05T17:06:18.000Z</time>
      </trkpt>
      <trkpt lat="42.87826320156455" lon="-2.276187278330326">
        <ele>599.7999877929688</ele>
        <time>2026-06-05T17:06:24.000Z</time>
      </trkpt>
      <trkpt lat="42.87830670364201" lon="-2.276235055178404">
        <ele>599.5999755859375</ele>
        <time>2026-06-05T17:06:28.000Z</time>
      </trkpt>
      <trkpt lat="42.87831793539226" lon="-2.276243939995766">
        <ele>599.4000244140625</ele>
        <time>2026-06-05T17:06:29.000Z</time>
      </trkpt>
      <trkpt lat="42.87836722098291" lon="-2.276297667995095">
        <ele>599.2000122070312</ele>
        <time>2026-06-05T17:06:34.000Z</time>
      </trkpt>
      <trkpt lat="42.87844492122531" lon="-2.276344858109951">
        <ele>598.4000244140625</ele>
        <time>2026-06-05T17:06:39.000Z</time>
      </trkpt>
      <trkpt lat="42.878504851832986" lon="-2.276379894465208">
        <ele>597.7999877929688</ele>
        <time>2026-06-05T17:06:45.000Z</time>
      </trkpt>
      <trkpt lat="42.878544917330146" lon="-2.276403782889247">
        <ele>597.4000244140625</ele>
        <time>2026-06-05T17:06:48.000Z</time>
      </trkpt>
      <trkpt lat="42.878563441336155" lon="-2.276418870314956">
        <ele>596.7999877929688</ele>
        <time>2026-06-05T17:06:50.000Z</time>
      </trkpt>
      <trkpt lat="42.87863560952246" lon="-2.276507383212447">
        <ele>596.5999755859375</ele>
        <time>2026-06-05T17:06:59.000Z</time>
      </trkpt>
      <trkpt lat="42.87865061312914" lon="-2.276546275243163">
        <ele>596.7999877929688</ele>
        <time>2026-06-05T17:07:05.000Z</time>
      </trkpt>
      <trkpt lat="42.8787131421268" lon="-2.27658080868423">
        <ele>596.5999755859375</ele>
        <time>2026-06-05T17:07:11.000Z</time>
      </trkpt>
      <trkpt lat="42.878771647810936" lon="-2.276633195579052">
        <ele>597.4000244140625</ele>
        <time>2026-06-05T17:07:16.000Z</time>
      </trkpt>
      <trkpt lat="42.878775084391236" lon="-2.276631351560354">
        <ele>597.7999877929688</ele>
        <time>2026-06-05T17:07:19.000Z</time>
      </trkpt>
      <trkpt lat="42.878780951723456" lon="-2.276644092053175">
        <ele>597.7999877929688</ele>
        <time>2026-06-05T17:07:21.000Z</time>
      </trkpt>
      <trkpt lat="42.878788160160184" lon="-2.276699915528297">
        <ele>598.5999755859375</ele>
        <time>2026-06-05T17:07:25.000Z</time>
      </trkpt>
      <trkpt lat="42.878800397738814" lon="-2.276730509474874">
        <ele>599.2000122070312</ele>
        <time>2026-06-05T17:07:27.000Z</time>
      </trkpt>
      <trkpt lat="42.87881204858422" lon="-2.276761941611767">
        <ele>599.7999877929688</ele>
        <time>2026-06-05T17:07:29.000Z</time>
      </trkpt>
      <trkpt lat="42.878835098817945" lon="-2.27681047283113">
        <ele>600.7999877929688</ele>
        <time>2026-06-05T17:07:33.000Z</time>
      </trkpt>
      <trkpt lat="42.878845324739814" lon="-2.276825308799744">
        <ele>601</ele>
        <time>2026-06-05T17:07:34.000Z</time>
      </trkpt>
      <trkpt lat="42.87886460311711" lon="-2.276860931888223">
        <ele>601.7999877929688</ele>
        <time>2026-06-05T17:07:37.000Z</time>
      </trkpt>
      <trkpt lat="42.87889025174081" lon="-2.276918767020106">
        <ele>602.5999755859375</ele>
        <time>2026-06-05T17:07:41.000Z</time>
      </trkpt>
      <trkpt lat="42.878901567310095" lon="-2.276951791718602">
        <ele>603</ele>
        <time>2026-06-05T17:07:43.000Z</time>
      </trkpt>
      <trkpt lat="42.878931323066354" lon="-2.277034018188715">
        <ele>603.7999877929688</ele>
        <time>2026-06-05T17:07:48.000Z</time>
      </trkpt>
      <trkpt lat="42.87896141409874" lon="-2.277054637670517">
        <ele>604</ele>
        <time>2026-06-05T17:07:51.000Z</time>
      </trkpt>
      <trkpt lat="42.879021344706416" lon="-2.27705773897469">
        <ele>605</ele>
        <time>2026-06-05T17:07:55.000Z</time>
      </trkpt>
      <trkpt lat="42.87910021841526" lon="-2.277113562449813">
        <ele>605</ele>
        <time>2026-06-05T17:08:02.000Z</time>
      </trkpt>
      <trkpt lat="42.879127878695726" lon="-2.277146503329277">
        <ele>605.2000122070312</ele>
        <time>2026-06-05T17:08:05.000Z</time>
      </trkpt>
      <trkpt lat="42.87916417233646" lon="-2.27720090188086">
        <ele>605.5999755859375</ele>
        <time>2026-06-05T17:08:09.000Z</time>
      </trkpt>
      <trkpt lat="42.87919552065432" lon="-2.277242057025433">
        <ele>605.5999755859375</ele>
        <time>2026-06-05T17:08:12.000Z</time>
      </trkpt>
      <trkpt lat="42.87924245931208" lon="-2.277290336787701">
        <ele>605.4000244140625</ele>
        <time>2026-06-05T17:08:16.000Z</time>
      </trkpt>
      <trkpt lat="42.879292415454984" lon="-2.277355464175344">
        <ele>605.7999877929688</ele>
        <time>2026-06-05T17:08:21.000Z</time>
      </trkpt>
      <trkpt lat="42.87930984981358" lon="-2.277391757816076">
        <ele>606.2000122070312</ele>
        <time>2026-06-05T17:08:24.000Z</time>
      </trkpt>
      <trkpt lat="42.87935276515782" lon="-2.277477420866489">
        <ele>607.4000244140625</ele>
        <time>2026-06-05T17:08:32.000Z</time>
      </trkpt>
      <trkpt lat="42.87937388755381" lon="-2.277553528547287">
        <ele>607.7999877929688</ele>
        <time>2026-06-05T17:08:35.000Z</time>
      </trkpt>
      <trkpt lat="42.879391238093376" lon="-2.277621254324913">
        <ele>608.4000244140625</ele>
        <time>2026-06-05T17:08:39.000Z</time>
      </trkpt>
      <trkpt lat="42.8793952614069" lon="-2.277668863534927">
        <ele>608.7999877929688</ele>
        <time>2026-06-05T17:08:43.000Z</time>
      </trkpt>
      <trkpt lat="42.87941135466099" lon="-2.27775352075696">
        <ele>609.5999755859375</ele>
        <time>2026-06-05T17:08:50.000Z</time>
      </trkpt>
      <trkpt lat="42.87942510098219" lon="-2.277859803289175">
        <ele>610.5999755859375</ele>
        <time>2026-06-05T17:08:57.000Z</time>
      </trkpt>
      <trkpt lat="42.87945041432977" lon="-2.277998188510537">
        <ele>611.5999755859375</ele>
        <time>2026-06-05T17:09:05.000Z</time>
      </trkpt>
      <trkpt lat="42.87946818396449" lon="-2.278044791892171">
        <ele>611.7999877929688</ele>
        <time>2026-06-05T17:09:08.000Z</time>
      </trkpt>
      <trkpt lat="42.87948410958052" lon="-2.27812685072422">
        <ele>612.4000244140625</ele>
        <time>2026-06-05T17:09:14.000Z</time>
      </trkpt>
      <trkpt lat="42.879493329674006" lon="-2.278172699734569">
        <ele>612.7999877929688</ele>
        <time>2026-06-05T17:09:17.000Z</time>
      </trkpt>
      <trkpt lat="42.87951461970806" lon="-2.278284095227718">
        <ele>613.4000244140625</ele>
        <time>2026-06-05T17:09:23.000Z</time>
      </trkpt>
      <trkpt lat="42.87953867577016" lon="-2.27836431004107">
        <ele>613.7999877929688</ele>
        <time>2026-06-05T17:09:28.000Z</time>
      </trkpt>
      <trkpt lat="42.87956432439387" lon="-2.278423234820366">
        <ele>614.4000244140625</ele>
        <time>2026-06-05T17:09:32.000Z</time>
      </trkpt>
      <trkpt lat="42.87958486005664" lon="-2.278471682220697">
        <ele>614.7999877929688</ele>
        <time>2026-06-05T17:09:36.000Z</time>
      </trkpt>
      <trkpt lat="42.879603719338775" lon="-2.278497330844402">
        <ele>615.4000244140625</ele>
        <time>2026-06-05T17:09:38.000Z</time>
      </trkpt>
      <trkpt lat="42.87964252755046" lon="-2.27856757119298">
        <ele>616</ele>
        <time>2026-06-05T17:09:43.000Z</time>
      </trkpt>
      <trkpt lat="42.879655519500375" lon="-2.278595231473446">
        <ele>616.4000244140625</ele>
        <time>2026-06-05T17:09:45.000Z</time>
      </trkpt>
      <trkpt lat="42.879679910838604" lon="-2.278649378567934">
        <ele>617.2000122070312</ele>
        <time>2026-06-05T17:09:49.000Z</time>
      </trkpt>
      <trkpt lat="42.879723245278" lon="-2.278719116002321">
        <ele>617.7999877929688</ele>
        <time>2026-06-05T17:09:54.000Z</time>
      </trkpt>
      <trkpt lat="42.879749899730086" lon="-2.278779717162251">
        <ele>618.2000122070312</ele>
        <time>2026-06-05T17:09:58.000Z</time>
      </trkpt>
      <trkpt lat="42.87977982312441" lon="-2.278847862035036">
        <ele>618.4000244140625</ele>
        <time>2026-06-05T17:10:02.000Z</time>
      </trkpt>
      <trkpt lat="42.879792898893356" lon="-2.278870660811663">
        <ele>618.4000244140625</ele>
        <time>2026-06-05T17:10:04.000Z</time>
      </trkpt>
      <trkpt lat="42.8798149432987" lon="-2.278948528692126">
        <ele>618.7999877929688</ele>
        <time>2026-06-05T17:10:09.000Z</time>
      </trkpt>
      <trkpt lat="42.87982768379152" lon="-2.279067132622004">
        <ele>619</ele>
        <time>2026-06-05T17:10:16.000Z</time>
      </trkpt>
      <trkpt lat="42.87983623333275" lon="-2.279138881713152">
        <ele>619.2000122070312</ele>
        <time>2026-06-05T17:10:20.000Z</time>
      </trkpt>
      <trkpt lat="42.87984235212207" lon="-2.279218845069408">
        <ele>619.2000122070312</ele>
        <time>2026-06-05T17:10:24.000Z</time>
      </trkpt>
      <trkpt lat="42.8798374067992" lon="-2.279332084581256">
        <ele>619.5999755859375</ele>
        <time>2026-06-05T17:10:29.000Z</time>
      </trkpt>
      <trkpt lat="42.879848470911384" lon="-2.279430404305458">
        <ele>619.5999755859375</ele>
        <time>2026-06-05T17:10:36.000Z</time>
      </trkpt>
      <trkpt lat="42.87990387529135" lon="-2.279592677950859">
        <ele>620</ele>
        <time>2026-06-05T17:10:44.000Z</time>
      </trkpt>
      <trkpt lat="42.87994117476046" lon="-2.279720334336162">
        <ele>619.7999877929688</ele>
        <time>2026-06-05T17:10:52.000Z</time>
      </trkpt>
      <trkpt lat="42.87996204569936" lon="-2.279868442565203">
        <ele>619.7999877929688</ele>
        <time>2026-06-05T17:11:00.000Z</time>
      </trkpt>
      <trkpt lat="42.879984928295016" lon="-2.279965337365866">
        <ele>619.5999755859375</ele>
        <time>2026-06-05T17:11:05.000Z</time>
      </trkpt>
      <trkpt lat="42.880018623545766" lon="-2.28008721023798">
        <ele>619.2000122070312</ele>
        <time>2026-06-05T17:11:11.000Z</time>
      </trkpt>
      <trkpt lat="42.88003639318049" lon="-2.280146218836308">
        <ele>619</ele>
        <time>2026-06-05T17:11:14.000Z</time>
      </trkpt>
      <trkpt lat="42.880040584132075" lon="-2.280230792239308">
        <ele>618.7999877929688</ele>
        <time>2026-06-05T17:11:18.000Z</time>
      </trkpt>
      <trkpt lat="42.88003781810403" lon="-2.280348725616932">
        <ele>618.5999755859375</ele>
        <time>2026-06-05T17:11:24.000Z</time>
      </trkpt>
      <trkpt lat="42.88003681227565" lon="-2.280488116666675">
        <ele>618</ele>
        <time>2026-06-05T17:11:31.000Z</time>
      </trkpt>
      <trkpt lat="42.880037734285" lon="-2.280508987605572">
        <ele>618</ele>
        <time>2026-06-05T17:11:32.000Z</time>
      </trkpt>
      <trkpt lat="42.88003287278116" lon="-2.280610073357821">
        <ele>618</ele>
        <time>2026-06-05T17:11:38.000Z</time>
      </trkpt>
      <trkpt lat="42.880037147551775" lon="-2.280671512708068">
        <ele>617.7999877929688</ele>
        <time>2026-06-05T17:11:41.000Z</time>
      </trkpt>
      <trkpt lat="42.880047960206866" lon="-2.280735550448298">
        <ele>617.5999755859375</ele>
        <time>2026-06-05T17:11:44.000Z</time>
      </trkpt>
      <trkpt lat="42.88005198352039" lon="-2.280770000070333">
        <ele>617</ele>
        <time>2026-06-05T17:11:46.000Z</time>
      </trkpt>
      <trkpt lat="42.88005508482456" lon="-2.280791541561484">
        <ele>616.7999877929688</ele>
        <time>2026-06-05T17:11:47.000Z</time>
      </trkpt>
      <trkpt lat="42.88006975315511" lon="-2.280866224318743">
        <ele>617</ele>
        <time>2026-06-05T17:11:51.000Z</time>
      </trkpt>
      <trkpt lat="42.880113925784826" lon="-2.28095356374979">
        <ele>616.7999877929688</ele>
        <time>2026-06-05T17:11:56.000Z</time>
      </trkpt>
      <trkpt lat="42.880155332386494" lon="-2.281049704179168">
        <ele>616.5999755859375</ele>
        <time>2026-06-05T17:12:02.000Z</time>
      </trkpt>
      <trkpt lat="42.88022800348699" lon="-2.281180713325739">
        <ele>616.2000122070312</ele>
        <time>2026-06-05T17:12:09.000Z</time>
      </trkpt>
      <trkpt lat="42.880250131711364" lon="-2.281214240938425">
        <ele>615.7999877929688</ele>
        <time>2026-06-05T17:12:12.000Z</time>
      </trkpt>
      <trkpt lat="42.880268236622214" lon="-2.281252965331078">
        <ele>615.7999877929688</ele>
        <time>2026-06-05T17:12:15.000Z</time>
      </trkpt>
      <trkpt lat="42.880331100896" lon="-2.281376514583826">
        <ele>616.2000122070312</ele>
        <time>2026-06-05T17:12:23.000Z</time>
      </trkpt>
      <trkpt lat="42.88040519692004" lon="-2.281480366364121">
        <ele>616.5999755859375</ele>
        <time>2026-06-05T17:12:29.000Z</time>
      </trkpt>
      <trkpt lat="42.88041760213673" lon="-2.281496711075306">
        <ele>616.5999755859375</ele>
        <time>2026-06-05T17:12:30.000Z</time>
      </trkpt>
      <trkpt lat="42.88048021495342" lon="-2.281561084091663">
        <ele>617</ele>
        <time>2026-06-05T17:12:37.000Z</time>
      </trkpt>
      <trkpt lat="42.88054768927395" lon="-2.281602071598172">
        <ele>617.5999755859375</ele>
        <time>2026-06-05T17:12:42.000Z</time>
      </trkpt>
      <trkpt lat="42.88058171980083" lon="-2.281651189550757">
        <ele>618</ele>
        <time>2026-06-05T17:12:46.000Z</time>
      </trkpt>
      <trkpt lat="42.88060166873038" lon="-2.281674575060606">
        <ele>617.7999877929688</ele>
        <time>2026-06-05T17:12:48.000Z</time>
      </trkpt>
      <trkpt lat="42.880655815824866" lon="-2.281763087958097">
        <ele>618.2000122070312</ele>
        <time>2026-06-05T17:12:54.000Z</time>
      </trkpt>
      <trkpt lat="42.8807214461267" lon="-2.281842464581132">
        <ele>618.5999755859375</ele>
        <time>2026-06-05T17:13:01.000Z</time>
      </trkpt>
      <trkpt lat="42.88074399344623" lon="-2.28186434134841">
        <ele>619</ele>
        <time>2026-06-05T17:13:03.000Z</time>
      </trkpt>
      <trkpt lat="42.880803337320685" lon="-2.281910944730043">
        <ele>619.4000244140625</ele>
        <time>2026-06-05T17:13:07.000Z</time>
      </trkpt>
      <trkpt lat="42.880847258493304" lon="-2.281974060460925">
        <ele>619.5999755859375</ele>
        <time>2026-06-05T17:13:12.000Z</time>
      </trkpt>
      <trkpt lat="42.88089143112302" lon="-2.282072547823191">
        <ele>619.7999877929688</ele>
        <time>2026-06-05T17:13:17.000Z</time>
      </trkpt>
      <trkpt lat="42.880940632894635" lon="-2.282154941931367">
        <ele>619.5999755859375</ele>
        <time>2026-06-05T17:13:23.000Z</time>
      </trkpt>
      <trkpt lat="42.88100383244455" lon="-2.282204395160079">
        <ele>618.5999755859375</ele>
        <time>2026-06-05T17:13:28.000Z</time>
      </trkpt>
      <trkpt lat="42.881068456918" lon="-2.282264577224851">
        <ele>619.2000122070312</ele>
        <time>2026-06-05T17:13:35.000Z</time>
      </trkpt>
      <trkpt lat="42.88114858791232" lon="-2.282278575003147">
        <ele>619.5999755859375</ele>
        <time>2026-06-05T17:13:42.000Z</time>
      </trkpt>
      <trkpt lat="42.88118974305689" lon="-2.282286202535033">
        <ele>620.2000122070312</ele>
        <time>2026-06-05T17:13:45.000Z</time>
      </trkpt>
      <trkpt lat="42.88125587627292" lon="-2.282314533367753">
        <ele>620.7999877929688</ele>
        <time>2026-06-05T17:13:51.000Z</time>
      </trkpt>
      <trkpt lat="42.88125931285322" lon="-2.282292824238539">
        <ele>621.4000244140625</ele>
        <time>2026-06-05T17:13:53.000Z</time>
      </trkpt>
      <trkpt lat="42.88126233033836" lon="-2.282245550304651">
        <ele>621.7999877929688</ele>
        <time>2026-06-05T17:13:56.000Z</time>
      </trkpt>
      <trkpt lat="42.88128244690597" lon="-2.282229708507657">
        <ele>622</ele>
        <time>2026-06-05T17:13:59.000Z</time>
      </trkpt>
      <trkpt lat="42.88131044246256" lon="-2.282209675759077">
        <ele>622.4000244140625</ele>
        <time>2026-06-05T17:14:02.000Z</time>
      </trkpt>
      <trkpt lat="42.8813155554235" lon="-2.282204562798142">
        <ele>622.4000244140625</ele>
        <time>2026-06-05T17:14:03.000Z</time>
      </trkpt>
      <trkpt lat="42.88137280382216" lon="-2.282198863103986">
        <ele>623.5999755859375</ele>
        <time>2026-06-05T17:14:08.000Z</time>
      </trkpt>
      <trkpt lat="42.88138437084854" lon="-2.282198276370764">
        <ele>624</ele>
        <time>2026-06-05T17:14:09.000Z</time>
      </trkpt>
      <trkpt lat="42.88140163756907" lon="-2.28218880482018">
        <ele>624.7999877929688</ele>
        <time>2026-06-05T17:14:11.000Z</time>
      </trkpt>
      <trkpt lat="42.8814500849694" lon="-2.282149409875274">
        <ele>625.5999755859375</ele>
        <time>2026-06-05T17:14:16.000Z</time>
      </trkpt>
      <trkpt lat="42.88146316073835" lon="-2.282135998830199">
        <ele>625.7999877929688</ele>
        <time>2026-06-05T17:14:18.000Z</time>
      </trkpt>
      <trkpt lat="42.881494760513306" lon="-2.282140525057912">
        <ele>626.4000244140625</ele>
        <time>2026-06-05T17:14:22.000Z</time>
      </trkpt>
      <trkpt lat="42.88151848129928" lon="-2.282144129276276">
        <ele>626.7999877929688</ele>
        <time>2026-06-05T17:14:25.000Z</time>
      </trkpt>
      <trkpt lat="42.88154203444719" lon="-2.282137675210834">
        <ele>627</ele>
        <time>2026-06-05T17:14:27.000Z</time>
      </trkpt>
      <trkpt lat="42.881569024175406" lon="-2.282098783180118">
        <ele>627.5999755859375</ele>
        <time>2026-06-05T17:14:31.000Z</time>
      </trkpt>
      <trkpt lat="42.88158134557307" lon="-2.282074224203825">
        <ele>628</ele>
        <time>2026-06-05T17:14:33.000Z</time>
      </trkpt>
      <trkpt lat="42.88161026313901" lon="-2.282026866450906">
        <ele>629.2000122070312</ele>
        <time>2026-06-05T17:14:37.000Z</time>
      </trkpt>
      <trkpt lat="42.88162359036505" lon="-2.282001553103328">
        <ele>629.7999877929688</ele>
        <time>2026-06-05T17:14:39.000Z</time>
      </trkpt>
      <trkpt lat="42.881632056087255" lon="-2.28198554366827">
        <ele>630.4000244140625</ele>
        <time>2026-06-05T17:14:41.000Z</time>
      </trkpt>
      <trkpt lat="42.88164806552231" lon="-2.281955536454916">
        <ele>631.5999755859375</ele>
        <time>2026-06-05T17:14:46.000Z</time>
      </trkpt>
      <trkpt lat="42.88165535777807" lon="-2.281952183693647">
        <ele>631.7999877929688</ele>
        <time>2026-06-05T17:14:47.000Z</time>
      </trkpt>
      <trkpt lat="42.88167094811797" lon="-2.281943215057254">
        <ele>632.4000244140625</ele>
        <time>2026-06-05T17:14:49.000Z</time>
      </trkpt>
      <trkpt lat="42.881713192909956" lon="-2.281916895881295">
        <ele>633.5999755859375</ele>
        <time>2026-06-05T17:14:55.000Z</time>
      </trkpt>
      <trkpt lat="42.881738590076566" lon="-2.281860820949078">
        <ele>634.7999877929688</ele>
        <time>2026-06-05T17:15:00.000Z</time>
      </trkpt>
      <trkpt lat="42.88175845518708" lon="-2.281839782372117">
        <ele>635.4000244140625</ele>
        <time>2026-06-05T17:15:03.000Z</time>
      </trkpt>
      <trkpt lat="42.88176717236638" lon="-2.281833831220865">
        <ele>635.5999755859375</ele>
        <time>2026-06-05T17:15:04.000Z</time>
      </trkpt>
      <trkpt lat="42.8817764762789" lon="-2.281828466802835">
        <ele>636</ele>
        <time>2026-06-05T17:15:05.000Z</time>
      </trkpt>
      <trkpt lat="42.881811847910285" lon="-2.281784880906343">
        <ele>637.2000122070312</ele>
        <time>2026-06-05T17:15:11.000Z</time>
      </trkpt>
      <trkpt lat="42.88182492367923" lon="-2.281765351071954">
        <ele>637.7999877929688</ele>
        <time>2026-06-05T17:15:13.000Z</time>
      </trkpt>
      <trkpt lat="42.881833389401436" lon="-2.281750682741404">
        <ele>638.4000244140625</ele>
        <time>2026-06-05T17:15:15.000Z</time>
      </trkpt>
      <trkpt lat="42.881850404664874" lon="-2.28171874769032">
        <ele>639.4000244140625</ele>
        <time>2026-06-05T17:15:19.000Z</time>
      </trkpt>
      <trkpt lat="42.881856774911284" lon="-2.281711120158434">
        <ele>639.5999755859375</ele>
        <time>2026-06-05T17:15:20.000Z</time>
      </trkpt>
      <trkpt lat="42.88188158534467" lon="-2.281670635566115">
        <ele>640.4000244140625</ele>
        <time>2026-06-05T17:15:24.000Z</time>
      </trkpt>
      <trkpt lat="42.881888626143336" lon="-2.28165278211236">
        <ele>640.5999755859375</ele>
        <time>2026-06-05T17:15:26.000Z</time>
      </trkpt>
      <trkpt lat="42.88190061226487" lon="-2.281609615311027">
        <ele>641.4000244140625</ele>
        <time>2026-06-05T17:15:30.000Z</time>
      </trkpt>
      <trkpt lat="42.881907066330314" lon="-2.281595952808857">
        <ele>642</ele>
        <time>2026-06-05T17:15:33.000Z</time>
      </trkpt>
      <trkpt lat="42.881922237575054" lon="-2.281543649733067">
        <ele>642.2000122070312</ele>
        <time>2026-06-05T17:15:40.000Z</time>
      </trkpt>
      <trkpt lat="42.88192676380277" lon="-2.281525963917375">
        <ele>642.5999755859375</ele>
        <time>2026-06-05T17:15:42.000Z</time>
      </trkpt>
      <trkpt lat="42.88193623535335" lon="-2.281466536223888">
        <ele>643.4000244140625</ele>
        <time>2026-06-05T17:15:48.000Z</time>
      </trkpt>
      <trkpt lat="42.881939923390746" lon="-2.281453041359782">
        <ele>643.5999755859375</ele>
        <time>2026-06-05T17:15:50.000Z</time>
      </trkpt>
      <trkpt lat="42.88196842186153" lon="-2.281425129622221">
        <ele>644.5999755859375</ele>
        <time>2026-06-05T17:15:55.000Z</time>
      </trkpt>
      <trkpt lat="42.88197420537472" lon="-2.281421441584826">
        <ele>644.7999877929688</ele>
        <time>2026-06-05T17:15:56.000Z</time>
      </trkpt>
      <trkpt lat="42.881997507065535" lon="-2.281406102702022">
        <ele>645.7999877929688</ele>
        <time>2026-06-05T17:16:01.000Z</time>
      </trkpt>
      <trkpt lat="42.88202022202313" lon="-2.281386572867632">
        <ele>646.4000244140625</ele>
        <time>2026-06-05T17:16:05.000Z</time>
      </trkpt>
      <trkpt lat="42.88204712793231" lon="-2.281361510977149">
        <ele>646.7999877929688</ele>
        <time>2026-06-05T17:16:08.000Z</time>
      </trkpt>
      <trkpt lat="42.88206757977605" lon="-2.281344579532743">
        <ele>647.4000244140625</ele>
        <time>2026-06-05T17:16:12.000Z</time>
      </trkpt>
      <trkpt lat="42.88207847625017" lon="-2.281334772706032">
        <ele>648</ele>
        <time>2026-06-05T17:16:14.000Z</time>
      </trkpt>
      <trkpt lat="42.8821010235697" lon="-2.281303340569139">
        <ele>649</ele>
        <time>2026-06-05T17:16:21.000Z</time>
      </trkpt>
      <trkpt lat="42.88210446015" lon="-2.281306022778153">
        <ele>649.2000122070312</ele>
        <time>2026-06-05T17:16:22.000Z</time>
      </trkpt>
      <trkpt lat="42.88213647902012" lon="-2.281314572319388">
        <ele>649.5999755859375</ele>
        <time>2026-06-05T17:16:26.000Z</time>
      </trkpt>
      <trkpt lat="42.88216145709157" lon="-2.281314404681325">
        <ele>650.2000122070312</ele>
        <time>2026-06-05T17:16:30.000Z</time>
      </trkpt>
      <trkpt lat="42.88219238631427" lon="-2.281315913423896">
        <ele>651</ele>
        <time>2026-06-05T17:16:35.000Z</time>
      </trkpt>
      <trkpt lat="42.8822133410722" lon="-2.281303508207202">
        <ele>651.4000244140625</ele>
        <time>2026-06-05T17:16:37.000Z</time>
      </trkpt>
      <trkpt lat="42.88224100135267" lon="-2.281272914260626">
        <ele>652</ele>
        <time>2026-06-05T17:16:41.000Z</time>
      </trkpt>
      <trkpt lat="42.8822513949126" lon="-2.281267214566469">
        <ele>652.4000244140625</ele>
        <time>2026-06-05T17:16:43.000Z</time>
      </trkpt>
      <trkpt lat="42.882284419611096" lon="-2.28125405497849">
        <ele>653.5999755859375</ele>
        <time>2026-06-05T17:16:49.000Z</time>
      </trkpt>
      <trkpt lat="42.88233018480241" lon="-2.28123351931572">
        <ele>654.5999755859375</ele>
        <time>2026-06-05T17:16:55.000Z</time>
      </trkpt>
      <trkpt lat="42.88233730942011" lon="-2.281229328364134">
        <ele>654.7999877929688</ele>
        <time>2026-06-05T17:16:56.000Z</time>
      </trkpt>
      <trkpt lat="42.882387014105916" lon="-2.281219437718391">
        <ele>655.5999755859375</ele>
        <time>2026-06-05T17:17:02.000Z</time>
      </trkpt>
      <trkpt lat="42.88240268826485" lon="-2.281221700832248">
        <ele>655.7999877929688</ele>
        <time>2026-06-05T17:17:04.000Z</time>
      </trkpt>
      <trkpt lat="42.882433868944645" lon="-2.281183730810881">
        <ele>656.5999755859375</ele>
        <time>2026-06-05T17:17:11.000Z</time>
      </trkpt>
      <trkpt lat="42.88244040682912" lon="-2.281177863478661">
        <ele>656.7999877929688</ele>
        <time>2026-06-05T17:17:12.000Z</time>
      </trkpt>
      <trkpt lat="42.88247225806117" lon="-2.281157998368144">
        <ele>657.5999755859375</ele>
        <time>2026-06-05T17:17:19.000Z</time>
      </trkpt>
      <trkpt lat="42.88248575292528" lon="-2.281156154349446">
        <ele>657.7999877929688</ele>
        <time>2026-06-05T17:17:21.000Z</time>
      </trkpt>
      <trkpt lat="42.88252799771726" lon="-2.281132098287344">
        <ele>658.7999877929688</ele>
        <time>2026-06-05T17:17:28.000Z</time>
      </trkpt>
      <trkpt lat="42.88257007487118" lon="-2.281111143529415">
        <ele>659.7999877929688</ele>
        <time>2026-06-05T17:17:35.000Z</time>
      </trkpt>
      <trkpt lat="42.88259941153228" lon="-2.281090524047613">
        <ele>660.7999877929688</ele>
        <time>2026-06-05T17:17:41.000Z</time>
      </trkpt>
      <trkpt lat="42.88260796107352" lon="-2.281084321439266">
        <ele>661.4000244140625</ele>
        <time>2026-06-05T17:17:43.000Z</time>
      </trkpt>
      <trkpt lat="42.88262036629021" lon="-2.281074933707714">
        <ele>661.7999877929688</ele>
        <time>2026-06-05T17:17:45.000Z</time>
      </trkpt>
      <trkpt lat="42.88265464827418" lon="-2.281047441065311">
        <ele>663</ele>
        <time>2026-06-05T17:17:51.000Z</time>
      </trkpt>
      <trkpt lat="42.882671831175685" lon="-2.280980469658971">
        <ele>664</ele>
        <time>2026-06-05T17:17:58.000Z</time>
      </trkpt>
      <trkpt lat="42.88267493247986" lon="-2.280946858227253">
        <ele>665.2000122070312</ele>
        <time>2026-06-05T17:18:02.000Z</time>
      </trkpt>
      <trkpt lat="42.8826745133847" lon="-2.280957000330091">
        <ele>665.4000244140625</ele>
        <time>2026-06-05T17:18:05.000Z</time>
      </trkpt>
      <trkpt lat="42.882666969671845" lon="-2.280968399718404">
        <ele>666.2000122070312</ele>
        <time>2026-06-05T17:18:15.000Z</time>
      </trkpt>
      <trkpt lat="42.882667388767004" lon="-2.280965549871325">
        <ele>666.2000122070312</ele>
        <time>2026-06-05T17:18:16.000Z</time>
      </trkpt>
      <trkpt lat="42.882671831175685" lon="-2.280941996723413">
        <ele>667</ele>
        <time>2026-06-05T17:18:21.000Z</time>
      </trkpt>
      <trkpt lat="42.882671831175685" lon="-2.280923221260309">
        <ele>667.4000244140625</ele>
        <time>2026-06-05T17:18:23.000Z</time>
      </trkpt>
      <trkpt lat="42.882670909166336" lon="-2.280914084985852">
        <ele>667.4000244140625</ele>
        <time>2026-06-05T17:18:24.000Z</time>
      </trkpt>
      <trkpt lat="42.882666466757655" lon="-2.280897824093699">
        <ele>667.5999755859375</ele>
        <time>2026-06-05T17:18:26.000Z</time>
      </trkpt>
      <trkpt lat="42.882664958015084" lon="-2.280839905142784">
        <ele>668</ele>
        <time>2026-06-05T17:18:33.000Z</time>
      </trkpt>
      <trkpt lat="42.88267074152827" lon="-2.280815849080682">
        <ele>668.4000244140625</ele>
        <time>2026-06-05T17:18:36.000Z</time>
      </trkpt>
      <trkpt lat="42.882677279412746" lon="-2.280794559046626">
        <ele>669.2000122070312</ele>
        <time>2026-06-05T17:18:40.000Z</time>
      </trkpt>
      <trkpt lat="42.88267644122243" lon="-2.280771341174841">
        <ele>669.4000244140625</ele>
        <time>2026-06-05T17:18:43.000Z</time>
      </trkpt>
      <trkpt lat="42.882670406252146" lon="-2.280732952058315">
        <ele>670.2000122070312</ele>
        <time>2026-06-05T17:18:48.000Z</time>
      </trkpt>
      <trkpt lat="42.88266026414931" lon="-2.280713338404894">
        <ele>670.5999755859375</ele>
        <time>2026-06-05T17:18:51.000Z</time>
      </trkpt>
      <trkpt lat="42.882624976336956" lon="-2.280670003965497">
        <ele>671.2000122070312</ele>
        <time>2026-06-05T17:18:58.000Z</time>
      </trkpt>
      <trkpt lat="42.88261868990958" lon="-2.280636895447969">
        <ele>671.7999877929688</ele>
        <time>2026-06-05T17:19:01.000Z</time>
      </trkpt>
      <trkpt lat="42.88259974680841" lon="-2.280625244602561">
        <ele>673</ele>
        <time>2026-06-05T17:19:05.000Z</time>
      </trkpt>
      <trkpt lat="42.882586838677526" lon="-2.280607642605901">
        <ele>673.2000122070312</ele>
        <time>2026-06-05T17:19:07.000Z</time>
      </trkpt>
      <trkpt lat="42.88256211206317" lon="-2.280561625957489">
        <ele>674</ele>
        <time>2026-06-05T17:19:12.000Z</time>
      </trkpt>
      <trkpt lat="42.882559429854155" lon="-2.280547795817256">
        <ele>674.4000244140625</ele>
        <time>2026-06-05T17:19:14.000Z</time>
      </trkpt>
      <trkpt lat="42.88255196996033" lon="-2.280524829402566">
        <ele>675</ele>
        <time>2026-06-05T17:19:18.000Z</time>
      </trkpt>
      <trkpt lat="42.88253269158304" lon="-2.280488954856992">
        <ele>676.4000244140625</ele>
        <time>2026-06-05T17:19:22.000Z</time>
      </trkpt>
      <trkpt lat="42.882528165355325" lon="-2.280482081696391">
        <ele>676.7999877929688</ele>
        <time>2026-06-05T17:19:23.000Z</time>
      </trkpt>
      <trkpt lat="42.88252062164247" lon="-2.280470849946141">
        <ele>677.4000244140625</ele>
        <time>2026-06-05T17:19:25.000Z</time>
      </trkpt>
      <trkpt lat="42.882499331608415" lon="-2.280444446951151">
        <ele>678.5999755859375</ele>
        <time>2026-06-05T17:19:29.000Z</time>
      </trkpt>
      <trkpt lat="42.882481729611754" lon="-2.280432460829616">
        <ele>679.4000244140625</ele>
        <time>2026-06-05T17:19:31.000Z</time>
      </trkpt>
      <trkpt lat="42.88247309625149" lon="-2.280425587669015">
        <ele>680</ele>
        <time>2026-06-05T17:19:32.000Z</time>
      </trkpt>
      <trkpt lat="42.88244727998972" lon="-2.280404297634959">
        <ele>681</ele>
        <time>2026-06-05T17:19:35.000Z</time>
      </trkpt>
      <trkpt lat="42.88243546150625" lon="-2.280390132218599">
        <ele>681.5999755859375</ele>
        <time>2026-06-05T17:19:37.000Z</time>
      </trkpt>
      <trkpt lat="42.88241609930992" lon="-2.280375715345144">
        <ele>682.2000122070312</ele>
        <time>2026-06-05T17:19:40.000Z</time>
      </trkpt>
      <trkpt lat="42.8823880199343" lon="-2.280355179682374">
        <ele>682.5999755859375</ele>
        <time>2026-06-05T17:19:43.000Z</time>
      </trkpt>
      <trkpt lat="42.882362958043814" lon="-2.280342606827617">
        <ele>683.2000122070312</ele>
        <time>2026-06-05T17:19:47.000Z</time>
      </trkpt>
      <trkpt lat="42.88234233856201" lon="-2.280338080599904">
        <ele>683.4000244140625</ele>
        <time>2026-06-05T17:19:49.000Z</time>
      </trkpt>
      <trkpt lat="42.88229959085584" lon="-2.280333722010255">
        <ele>684.2000122070312</ele>
        <time>2026-06-05T17:19:54.000Z</time>
      </trkpt>
      <trkpt lat="42.88228123448789" lon="-2.280341265723109">
        <ele>684.5999755859375</ele>
        <time>2026-06-05T17:19:56.000Z</time>
      </trkpt>
      <trkpt lat="42.882246784865856" lon="-2.280364399775863">
        <ele>685.2000122070312</ele>
        <time>2026-06-05T17:19:59.000Z</time>
      </trkpt>
      <trkpt lat="42.882215436547995" lon="-2.280380325391889">
        <ele>686</ele>
        <time>2026-06-05T17:20:02.000Z</time>
      </trkpt>
      <trkpt lat="42.882198421284556" lon="-2.280385186895728">
        <ele>686.4000244140625</ele>
        <time>2026-06-05T17:20:04.000Z</time>
      </trkpt>
      <trkpt lat="42.88217989727855" lon="-2.280393065884709">
        <ele>686.5999755859375</ele>
        <time>2026-06-05T17:20:06.000Z</time>
      </trkpt>
      <trkpt lat="42.882132874801755" lon="-2.280381582677364">
        <ele>686.2000122070312</ele>
        <time>2026-06-05T17:20:11.000Z</time>
      </trkpt>
      <trkpt lat="42.882087947800756" lon="-2.280353084206581">
        <ele>686.2000122070312</ele>
        <time>2026-06-05T17:20:15.000Z</time>
      </trkpt>
      <trkpt lat="42.882059030234814" lon="-2.280334224924445">
        <ele>686.4000244140625</ele>
        <time>2026-06-05T17:20:18.000Z</time>
      </trkpt>
      <trkpt lat="42.882036566734314" lon="-2.280294494703412">
        <ele>685.7999877929688</ele>
        <time>2026-06-05T17:20:22.000Z</time>
      </trkpt>
      <trkpt lat="42.8820217307657" lon="-2.280273959040642">
        <ele>685.4000244140625</ele>
        <time>2026-06-05T17:20:24.000Z</time>
      </trkpt>
      <trkpt lat="42.88201200775802" lon="-2.280249483883381">
        <ele>685.2000122070312</ele>
        <time>2026-06-05T17:20:25.000Z</time>
      </trkpt>
      <trkpt lat="42.8820008598268" lon="-2.280205311253667">
        <ele>685</ele>
        <time>2026-06-05T17:20:28.000Z</time>
      </trkpt>
      <trkpt lat="42.881988789886236" lon="-2.280161892995238">
        <ele>685.2000122070312</ele>
        <time>2026-06-05T17:20:31.000Z</time>
      </trkpt>
      <trkpt lat="42.88195920176804" lon="-2.28006768040359">
        <ele>686.2000122070312</ele>
        <time>2026-06-05T17:20:38.000Z</time>
      </trkpt>
      <trkpt lat="42.88194051012397" lon="-2.28001780807972">
        <ele>686.4000244140625</ele>
        <time>2026-06-05T17:20:43.000Z</time>
      </trkpt>
      <trkpt lat="42.8819337207824" lon="-2.27998461574316">
        <ele>687.2000122070312</ele>
        <time>2026-06-05T17:20:46.000Z</time>
      </trkpt>
      <trkpt lat="42.88192701525986" lon="-2.279948070645332">
        <ele>688.2000122070312</ele>
        <time>2026-06-05T17:20:49.000Z</time>
      </trkpt>
      <trkpt lat="42.881922237575054" lon="-2.279928708449006">
        <ele>688.4000244140625</ele>
        <time>2026-06-05T17:20:51.000Z</time>
      </trkpt>
      <trkpt lat="42.881911005824804" lon="-2.279871292412281">
        <ele>689.2000122070312</ele>
        <time>2026-06-05T17:20:57.000Z</time>
      </trkpt>
      <trkpt lat="42.88190656341612" lon="-2.279858468100429">
        <ele>689.4000244140625</ele>
        <time>2026-06-05T17:20:58.000Z</time>
      </trkpt>
      <trkpt lat="42.88188971579075" lon="-2.279800800606608">
        <ele>690.4000244140625</ele>
        <time>2026-06-05T17:21:04.000Z</time>
      </trkpt>
      <trkpt lat="42.88188493810594" lon="-2.279757214710116">
        <ele>691.5999755859375</ele>
        <time>2026-06-05T17:21:09.000Z</time>
      </trkpt>
      <trkpt lat="42.88188301026821" lon="-2.279750844463706">
        <ele>692</ele>
        <time>2026-06-05T17:21:10.000Z</time>
      </trkpt>
      <trkpt lat="42.88187010213733" lon="-2.279728464782238">
        <ele>692.7999877929688</ele>
        <time>2026-06-05T17:21:13.000Z</time>
      </trkpt>
      <trkpt lat="42.88185962475836" lon="-2.279694434255362">
        <ele>693.4000244140625</ele>
        <time>2026-06-05T17:21:16.000Z</time>
      </trkpt>
      <trkpt lat="42.88185551762581" lon="-2.279683956876397">
        <ele>693.5999755859375</ele>
        <time>2026-06-05T17:21:17.000Z</time>
      </trkpt>
      <trkpt lat="42.881850991398096" lon="-2.279673647135496">
        <ele>693.7999877929688</ele>
        <time>2026-06-05T17:21:18.000Z</time>
      </trkpt>
      <trkpt lat="42.881830455735326" lon="-2.279616566374898">
        <ele>695</ele>
        <time>2026-06-05T17:21:24.000Z</time>
      </trkpt>
      <trkpt lat="42.88182240910828" lon="-2.27957759052515">
        <ele>696</ele>
        <time>2026-06-05T17:21:27.000Z</time>
      </trkpt>
      <trkpt lat="42.88182349875569" lon="-2.279568538069725">
        <ele>696.2000122070312</ele>
        <time>2026-06-05T17:21:28.000Z</time>
      </trkpt>
      <trkpt lat="42.88182148709893" lon="-2.27954582311213">
        <ele>696.7999877929688</ele>
        <time>2026-06-05T17:21:30.000Z</time>
      </trkpt>
      <trkpt lat="42.881828527897596" lon="-2.27952285669744">
        <ele>697.2000122070312</ele>
        <time>2026-06-05T17:21:33.000Z</time>
      </trkpt>
      <trkpt lat="42.88183908909559" lon="-2.279508775100112">
        <ele>697.5999755859375</ele>
        <time>2026-06-05T17:21:35.000Z</time>
      </trkpt>
      <trkpt lat="42.88186054676771" lon="-2.279501985758543">
        <ele>698.4000244140625</ele>
        <time>2026-06-05T17:21:38.000Z</time>
      </trkpt>
      <trkpt lat="42.88187856785953" lon="-2.279503494501114">
        <ele>699.2000122070312</ele>
        <time>2026-06-05T17:21:41.000Z</time>
      </trkpt>
      <trkpt lat="42.88189600221813" lon="-2.279509697109461">
        <ele>699.5999755859375</ele>
        <time>2026-06-05T17:21:43.000Z</time>
      </trkpt>
      <trkpt lat="42.881935480982065" lon="-2.279518498107791">
        <ele>700.7999877929688</ele>
        <time>2026-06-05T17:21:48.000Z</time>
      </trkpt>
      <trkpt lat="42.88194453343749" lon="-2.279521683230996">
        <ele>701</ele>
        <time>2026-06-05T17:21:49.000Z</time>
      </trkpt>
      <trkpt lat="42.88198443129659" lon="-2.27954481728375">
        <ele>701.7999877929688</ele>
        <time>2026-06-05T17:21:54.000Z</time>
      </trkpt>
      <trkpt lat="42.881996585056186" lon="-2.27955412119627">
        <ele>702.2000122070312</ele>
        <time>2026-06-05T17:21:56.000Z</time>
      </trkpt>
      <trkpt lat="42.882030196487904" lon="-2.279571974650025">
        <ele>703</ele>
        <time>2026-06-05T17:22:00.000Z</time>
      </trkpt>
      <trkpt lat="42.882051737979054" lon="-2.279582200571895">
        <ele>704</ele>
        <time>2026-06-05T17:22:04.000Z</time>
      </trkpt>
      <trkpt lat="42.882056180387735" lon="-2.279583793133497">
        <ele>704.2000122070312</ele>
        <time>2026-06-05T17:22:05.000Z</time>
      </trkpt>
      <trkpt lat="42.88209456950426" lon="-2.279596701264381">
        <ele>705.4000244140625</ele>
        <time>2026-06-05T17:22:11.000Z</time>
      </trkpt>
      <trkpt lat="42.88210420869291" lon="-2.279602317139506">
        <ele>705.7999877929688</ele>
        <time>2026-06-05T17:22:13.000Z</time>
      </trkpt>
      <trkpt lat="42.88214041851461" lon="-2.279618075117469">
        <ele>706.5999755859375</ele>
        <time>2026-06-05T17:22:16.000Z</time>
      </trkpt>
      <trkpt lat="42.88217503577471" lon="-2.279615476727486">
        <ele>707.4000244140625</ele>
        <time>2026-06-05T17:22:20.000Z</time>
      </trkpt>
      <trkpt lat="42.88218283094466" lon="-2.279618158936501">
        <ele>707.5999755859375</ele>
        <time>2026-06-05T17:22:21.000Z</time>
      </trkpt>
      <trkpt lat="42.88220428861678" lon="-2.279625283554196">
        <ele>708.7999877929688</ele>
        <time>2026-06-05T17:22:25.000Z</time>
      </trkpt>
      <trkpt lat="42.88223245181143" lon="-2.279636934399605">
        <ele>709.4000244140625</ele>
        <time>2026-06-05T17:22:28.000Z</time>
      </trkpt>
      <trkpt lat="42.88225231692195" lon="-2.27965135127306">
        <ele>709.7999877929688</ele>
        <time>2026-06-05T17:22:30.000Z</time>
      </trkpt>
      <trkpt lat="42.882288275286555" lon="-2.279680352658033">
        <ele>711</ele>
        <time>2026-06-05T17:22:35.000Z</time>
      </trkpt>
      <trkpt lat="42.8823240660131" lon="-2.279697619378567">
        <ele>712.2000122070312</ele>
        <time>2026-06-05T17:22:40.000Z</time>
      </trkpt>
      <trkpt lat="42.88233487866819" lon="-2.279711198061705">
        <ele>712.5999755859375</ele>
        <time>2026-06-05T17:22:42.000Z</time>
      </trkpt>
      <trkpt lat="42.88234761916101" lon="-2.279723603278399">
        <ele>713.2000122070312</ele>
        <time>2026-06-05T17:22:44.000Z</time>
      </trkpt>
      <trkpt lat="42.882375279441476" lon="-2.279785210266709">
        <ele>714</ele>
        <time>2026-06-05T17:22:49.000Z</time>
      </trkpt>
      <trkpt lat="42.88240511901677" lon="-2.279806584119797">
        <ele>714.4000244140625</ele>
        <time>2026-06-05T17:22:53.000Z</time>
      </trkpt>
      <trkpt lat="42.8824223857373" lon="-2.27981748059392">
        <ele>715.2000122070312</ele>
        <time>2026-06-05T17:22:56.000Z</time>
      </trkpt>
      <trkpt lat="42.882435377687216" lon="-2.279816474765539">
        <ele>715.5999755859375</ele>
        <time>2026-06-05T17:22:58.000Z</time>
      </trkpt>
      <trkpt lat="42.88247896358371" lon="-2.279824018478394">
        <ele>716.7999877929688</ele>
        <time>2026-06-05T17:23:03.000Z</time>
      </trkpt>
      <trkpt lat="42.88251617923379" lon="-2.279836339876056">
        <ele>718</ele>
        <time>2026-06-05T17:23:08.000Z</time>
      </trkpt>
      <trkpt lat="42.882542414590716" lon="-2.279831562191248">
        <ele>718.4000244140625</ele>
        <time>2026-06-05T17:23:11.000Z</time>
      </trkpt>
      <trkpt lat="42.8825709130615" lon="-2.279838100075722">
        <ele>719</ele>
        <time>2026-06-05T17:23:16.000Z</time>
      </trkpt>
      <trkpt lat="42.882598573341966" lon="-2.279853438958526">
        <ele>719.4000244140625</ele>
        <time>2026-06-05T17:23:19.000Z</time>
      </trkpt>
      <trkpt lat="42.882631262764335" lon="-2.279881937429309">
        <ele>720</ele>
        <time>2026-06-05T17:23:24.000Z</time>
      </trkpt>
      <trkpt lat="42.88264819420874" lon="-2.279894342646003">
        <ele>720.4000244140625</ele>
        <time>2026-06-05T17:23:26.000Z</time>
      </trkpt>
      <trkpt lat="42.882673759013414" lon="-2.279900629073381">
        <ele>721</ele>
        <time>2026-06-05T17:23:29.000Z</time>
      </trkpt>
      <trkpt lat="42.88271273486316" lon="-2.279880344867706">
        <ele>722.2000122070312</ele>
        <time>2026-06-05T17:23:34.000Z</time>
      </trkpt>
      <trkpt lat="42.88276839070022" lon="-2.279854444786906">
        <ele>723.4000244140625</ele>
        <time>2026-06-05T17:23:40.000Z</time>
      </trkpt>
      <trkpt lat="42.88278884254396" lon="-2.279844637960196">
        <ele>724.2000122070312</ele>
        <time>2026-06-05T17:23:43.000Z</time>
      </trkpt>
      <trkpt lat="42.88280049338937" lon="-2.2798443865031">
        <ele>724.5999755859375</ele>
        <time>2026-06-05T17:23:45.000Z</time>
      </trkpt>
      <trkpt lat="42.88285296410322" lon="-2.279842123389244">
        <ele>725.7999877929688</ele>
        <time>2026-06-05T17:23:50.000Z</time>
      </trkpt>
      <trkpt lat="42.882903926074505" lon="-2.279834831133485">
        <ele>726.5999755859375</ele>
        <time>2026-06-05T17:23:56.000Z</time>
      </trkpt>
      <trkpt lat="42.882922952994704" lon="-2.279831394553185">
        <ele>726.7999877929688</ele>
        <time>2026-06-05T17:23:58.000Z</time>
      </trkpt>
      <trkpt lat="42.882969891652465" lon="-2.279848577454686">
        <ele>727.5999755859375</ele>
        <time>2026-06-05T17:24:04.000Z</time>
      </trkpt>
      <trkpt lat="42.882982632145286" lon="-2.27984732016921">
        <ele>727.7999877929688</ele>
        <time>2026-06-05T17:24:06.000Z</time>
      </trkpt>
      <trkpt lat="42.8829940315336" lon="-2.279849164187908">
        <ele>728.5999755859375</ele>
        <time>2026-06-05T17:24:11.000Z</time>
      </trkpt>
      <trkpt lat="42.88302160799503" lon="-2.279842039570212">
        <ele>729</ele>
        <time>2026-06-05T17:24:16.000Z</time>
      </trkpt>
      <trkpt lat="42.883049100637436" lon="-2.279837932437658">
        <ele>729.7999877929688</ele>
        <time>2026-06-05T17:24:19.000Z</time>
      </trkpt>
      <trkpt lat="42.88306293077767" lon="-2.279842626303434">
        <ele>730.2000122070312</ele>
        <time>2026-06-05T17:24:21.000Z</time>
      </trkpt>
      <trkpt lat="42.88311716169119" lon="-2.27984631434083">
        <ele>731</ele>
        <time>2026-06-05T17:24:28.000Z</time>
      </trkpt>
      <trkpt lat="42.883135098963976" lon="-2.279844135046005">
        <ele>731.4000244140625</ele>
        <time>2026-06-05T17:24:30.000Z</time>
      </trkpt>
      <trkpt lat="42.88315370678902" lon="-2.279838770627975">
        <ele>731.7999877929688</ele>
        <time>2026-06-05T17:24:33.000Z</time>
      </trkpt>
      <trkpt lat="42.883174661546946" lon="-2.279838770627975">
        <ele>732.4000244140625</ele>
        <time>2026-06-05T17:24:36.000Z</time>
      </trkpt>
      <trkpt lat="42.88321849890053" lon="-2.279845643788576">
        <ele>733.5999755859375</ele>
        <time>2026-06-05T17:24:41.000Z</time>
      </trkpt>
      <trkpt lat="42.883234675973654" lon="-2.279849415645003">
        <ele>734.2000122070312</ele>
        <time>2026-06-05T17:24:44.000Z</time>
      </trkpt>
      <trkpt lat="42.88324708119035" lon="-2.279856707900763">
        <ele>734.7999877929688</ele>
        <time>2026-06-05T17:24:46.000Z</time>
      </trkpt>
      <trkpt lat="42.88329469040036" lon="-2.279878165572882">
        <ele>735.7999877929688</ele>
        <time>2026-06-05T17:24:52.000Z</time>
      </trkpt>
      <trkpt lat="42.88335923105478" lon="-2.279916051775217">
        <ele>736.7999877929688</ele>
        <time>2026-06-05T17:24:58.000Z</time>
      </trkpt>
      <trkpt lat="42.88336685858667" lon="-2.279920242726803">
        <ele>737</ele>
        <time>2026-06-05T17:24:59.000Z</time>
      </trkpt>
      <trkpt lat="42.88341865874827" lon="-2.279939772561193">
        <ele>737.7999877929688</ele>
        <time>2026-06-05T17:25:05.000Z</time>
      </trkpt>
      <trkpt lat="42.88344657048583" lon="-2.279957458376884">
        <ele>738.2000122070312</ele>
        <time>2026-06-05T17:25:08.000Z</time>
      </trkpt>
      <trkpt lat="42.8834686987102" lon="-2.279980005696416">
        <ele>738.5999755859375</ele>
        <time>2026-06-05T17:25:14.000Z</time>
      </trkpt>
      <trkpt lat="42.883513709530234" lon="-2.28003591299057">
        <ele>738.7999877929688</ele>
        <time>2026-06-05T17:25:20.000Z</time>
      </trkpt>
      <trkpt lat="42.883536675944924" lon="-2.280047312378883">
        <ele>739</ele>
        <time>2026-06-05T17:25:23.000Z</time>
      </trkpt>
      <trkpt lat="42.883572382852435" lon="-2.280061980709434">
        <ele>739.7999877929688</ele>
        <time>2026-06-05T17:25:27.000Z</time>
      </trkpt>
      <trkpt lat="42.88358378224075" lon="-2.280065752565861">
        <ele>740</ele>
        <time>2026-06-05T17:25:28.000Z</time>
      </trkpt>
      <trkpt lat="42.88364061154425" lon="-2.280094921588898">
        <ele>741</ele>
        <time>2026-06-05T17:25:35.000Z</time>
      </trkpt>
      <trkpt lat="42.88364790380001" lon="-2.280098861083388">
        <ele>741.2000122070312</ele>
        <time>2026-06-05T17:25:36.000Z</time>
      </trkpt>
      <trkpt lat="42.8837070800364" lon="-2.280120151117444">
        <ele>742</ele>
        <time>2026-06-05T17:25:44.000Z</time>
      </trkpt>
      <trkpt lat="42.88371437229216" lon="-2.280126269906759">
        <ele>742.2000122070312</ele>
        <time>2026-06-05T17:25:45.000Z</time>
      </trkpt>
      <trkpt lat="42.883763406425714" lon="-2.280144793912768">
        <ele>743.2000122070312</ele>
        <time>2026-06-05T17:25:52.000Z</time>
      </trkpt>
      <trkpt lat="42.8837726265192" lon="-2.280120486393571">
        <ele>743</ele>
        <time>2026-06-05T17:26:00.000Z</time>
      </trkpt>
      <trkpt lat="42.88380120880902" lon="-2.280142866075039">
        <ele>743.5999755859375</ele>
        <time>2026-06-05T17:26:07.000Z</time>
      </trkpt>
      <trkpt lat="42.8838141169399" lon="-2.280152002349496">
        <ele>744.4000244140625</ele>
        <time>2026-06-05T17:26:09.000Z</time>
      </trkpt>
      <trkpt lat="42.88384462706745" lon="-2.28017270565033">
        <ele>745.4000244140625</ele>
        <time>2026-06-05T17:26:13.000Z</time>
      </trkpt>
      <trkpt lat="42.88386784493923" lon="-2.280175890773535">
        <ele>745.7999877929688</ele>
        <time>2026-06-05T17:26:17.000Z</time>
      </trkpt>
      <trkpt lat="42.88388427346945" lon="-2.28016834706068">
        <ele>746.5999755859375</ele>
        <time>2026-06-05T17:26:21.000Z</time>
      </trkpt>
      <trkpt lat="42.88391562178731" lon="-2.2801898047328">
        <ele>747.4000244140625</ele>
        <time>2026-06-05T17:26:25.000Z</time>
      </trkpt>
      <trkpt lat="42.88392744027078" lon="-2.280189469456673">
        <ele>747.5999755859375</ele>
        <time>2026-06-05T17:26:27.000Z</time>
      </trkpt>
      <trkpt lat="42.88395878858864" lon="-2.280185697600245">
        <ele>748.5999755859375</ele>
        <time>2026-06-05T17:26:33.000Z</time>
      </trkpt>
      <trkpt lat="42.88396934978664" lon="-2.280186954885721">
        <ele>748.7999877929688</ele>
        <time>2026-06-05T17:26:34.000Z</time>
      </trkpt>
      <trkpt lat="42.88399491459131" lon="-2.280197599902749">
        <ele>749.7999877929688</ele>
        <time>2026-06-05T17:26:40.000Z</time>
      </trkpt>
      <trkpt lat="42.883995585143566" lon="-2.280194917693734">
        <ele>749.7999877929688</ele>
        <time>2026-06-05T17:26:41.000Z</time>
      </trkpt>
      <trkpt lat="42.884035063907504" lon="-2.280211513862014">
        <ele>749.5999755859375</ele>
        <time>2026-06-05T17:26:48.000Z</time>
      </trkpt>
      <trkpt lat="42.88406381383538" lon="-2.280214196071029">
        <ele>751</ele>
        <time>2026-06-05T17:26:53.000Z</time>
      </trkpt>
      <trkpt lat="42.88408862426877" lon="-2.280207993462682">
        <ele>752.2000122070312</ele>
        <time>2026-06-05T17:26:57.000Z</time>
      </trkpt>
      <trkpt lat="42.88411611691117" lon="-2.280193995684385">
        <ele>753.4000244140625</ele>
        <time>2026-06-05T17:27:01.000Z</time>
      </trkpt>
      <trkpt lat="42.8841320425272" lon="-2.280183434486389">
        <ele>754.5999755859375</ele>
        <time>2026-06-05T17:27:04.000Z</time>
      </trkpt>
      <trkpt lat="42.88414863869548" lon="-2.280175136402249">
        <ele>755.2000122070312</ele>
        <time>2026-06-05T17:27:06.000Z</time>
      </trkpt>
      <trkpt lat="42.88416540250182" lon="-2.280172538012266">
        <ele>755.7999877929688</ele>
        <time>2026-06-05T17:27:08.000Z</time>
      </trkpt>
      <trkpt lat="42.884194822981954" lon="-2.280163317918777">
        <ele>757</ele>
        <time>2026-06-05T17:27:12.000Z</time>
      </trkpt>
      <trkpt lat="42.884214939549565" lon="-2.280160048976541">
        <ele>757.7999877929688</ele>
        <time>2026-06-05T17:27:16.000Z</time>
      </trkpt>
      <trkpt lat="42.88422357290983" lon="-2.280157366767526">
        <ele>758</ele>
        <time>2026-06-05T17:27:17.000Z</time>
      </trkpt>
      <trkpt lat="42.88425475358963" lon="-2.280148230493069">
        <ele>759.2000122070312</ele>
        <time>2026-06-05T17:27:21.000Z</time>
      </trkpt>
      <trkpt lat="42.884268667548895" lon="-2.280148901045322">
        <ele>760.4000244140625</ele>
        <time>2026-06-05T17:27:25.000Z</time>
      </trkpt>
      <trkpt lat="42.88431384600699" lon="-2.280147224664688">
        <ele>761.5999755859375</ele>
        <time>2026-06-05T17:27:32.000Z</time>
      </trkpt>
      <trkpt lat="42.88435164839029" lon="-2.280153259634972">
        <ele>762.4000244140625</ele>
        <time>2026-06-05T17:27:35.000Z</time>
      </trkpt>
      <trkpt lat="42.88437117822468" lon="-2.280155438929796">
        <ele>762.5999755859375</ele>
        <time>2026-06-05T17:27:37.000Z</time>
      </trkpt>
      <trkpt lat="42.884428007528186" lon="-2.280155355110765">
        <ele>763.2000122070312</ele>
        <time>2026-06-05T17:27:45.000Z</time>
      </trkpt>
      <trkpt lat="42.8844444360584" lon="-2.280166586861014">
        <ele>763.7999877929688</ele>
        <time>2026-06-05T17:27:47.000Z</time>
      </trkpt>
      <trkpt lat="42.88447645492852" lon="-2.280178321525455">
        <ele>764.2000122070312</ele>
        <time>2026-06-05T17:27:51.000Z</time>
      </trkpt>
      <trkpt lat="42.88449958898127" lon="-2.280178489163518">
        <ele>764.7999877929688</ele>
        <time>2026-06-05T17:27:54.000Z</time>
      </trkpt>
      <trkpt lat="42.88452062755823" lon="-2.28017027489841">
        <ele>766.2000122070312</ele>
        <time>2026-06-05T17:27:59.000Z</time>
      </trkpt>
      <trkpt lat="42.88455541245639" lon="-2.280168514698744">
        <ele>767.2000122070312</ele>
        <time>2026-06-05T17:28:04.000Z</time>
      </trkpt>
      <trkpt lat="42.88456312380731" lon="-2.280169352889061">
        <ele>767.7999877929688</ele>
        <time>2026-06-05T17:28:06.000Z</time>
      </trkpt>
      <trkpt lat="42.88458072580397" lon="-2.280167425051332">
        <ele>768.4000244140625</ele>
        <time>2026-06-05T17:28:08.000Z</time>
      </trkpt>
      <trkpt lat="42.88461341522634" lon="-2.28016440756619">
        <ele>769.4000244140625</ele>
        <time>2026-06-05T17:28:12.000Z</time>
      </trkpt>
      <trkpt lat="42.88464266806841" lon="-2.280162731185555">
        <ele>770.5999755859375</ele>
        <time>2026-06-05T17:28:16.000Z</time>
      </trkpt>
      <trkpt lat="42.88467141799629" lon="-2.28016491048038">
        <ele>771.7999877929688</ele>
        <time>2026-06-05T17:28:20.000Z</time>
      </trkpt>
      <trkpt lat="42.88469874300063" lon="-2.280163988471031">
        <ele>773</ele>
        <time>2026-06-05T17:28:24.000Z</time>
      </trkpt>
      <trkpt lat="42.884704107418656" lon="-2.280160803347826">
        <ele>773.4000244140625</ele>
        <time>2026-06-05T17:28:25.000Z</time>
      </trkpt>
      <trkpt lat="42.884721625596285" lon="-2.280155438929796">
        <ele>774</ele>
        <time>2026-06-05T17:28:27.000Z</time>
      </trkpt>
      <trkpt lat="42.88474190980196" lon="-2.280158624053001">
        <ele>775.2000122070312</ele>
        <time>2026-06-05T17:28:30.000Z</time>
      </trkpt>
      <trkpt lat="42.884759260341525" lon="-2.280154852196574">
        <ele>776.4000244140625</ele>
        <time>2026-06-05T17:28:34.000Z</time>
      </trkpt>
      <trkpt lat="42.88476621732116" lon="-2.28015560656786">
        <ele>776.5999755859375</ele>
        <time>2026-06-05T17:28:35.000Z</time>
      </trkpt>
      <trkpt lat="42.884790105745196" lon="-2.280155438929796">
        <ele>777.4000244140625</ele>
        <time>2026-06-05T17:28:38.000Z</time>
      </trkpt>
      <trkpt lat="42.88481667637825" lon="-2.280155019834638">
        <ele>778.4000244140625</ele>
        <time>2026-06-05T17:28:43.000Z</time>
      </trkpt>
      <trkpt lat="42.88482774049044" lon="-2.280153930187225">
        <ele>779.2000122070312</ele>
        <time>2026-06-05T17:28:46.000Z</time>
      </trkpt>
      <trkpt lat="42.884831596165895" lon="-2.280156696215272">
        <ele>779.4000244140625</ele>
        <time>2026-06-05T17:28:47.000Z</time>
      </trkpt>
      <trkpt lat="42.88487174548209" lon="-2.280162563547492">
        <ele>780.5999755859375</ele>
        <time>2026-06-05T17:28:53.000Z</time>
      </trkpt>
      <trkpt lat="42.88489479571581" lon="-2.280156025663018">
        <ele>781</ele>
        <time>2026-06-05T17:28:56.000Z</time>
      </trkpt>
      <trkpt lat="42.884924886748195" lon="-2.280148481950164">
        <ele>781.5999755859375</ele>
        <time>2026-06-05T17:29:00.000Z</time>
      </trkpt>
      <trkpt lat="42.88497350178659" lon="-2.280123336240649">
        <ele>782.5999755859375</ele>
        <time>2026-06-05T17:29:08.000Z</time>
      </trkpt>
      <trkpt lat="42.88498666137457" lon="-2.280122665688396">
        <ele>780.5999755859375</ele>
        <time>2026-06-05T17:29:18.000Z</time>
      </trkpt>
      <trkpt lat="42.884986996650696" lon="-2.280123420059681">
        <ele>780.4000244140625</ele>
        <time>2026-06-05T17:29:19.000Z</time>
      </trkpt>
      <trkpt lat="42.88500342518091" lon="-2.280126437544823">
        <ele>779.7999877929688</ele>
        <time>2026-06-05T17:29:28.000Z</time>
      </trkpt>
      <trkpt lat="42.8850316721946" lon="-2.280113864690065">
        <ele>780.5999755859375</ele>
        <time>2026-06-05T17:29:33.000Z</time>
      </trkpt>
      <trkpt lat="42.88507022894919" lon="-2.280113277956843">
        <ele>781.2000122070312</ele>
        <time>2026-06-05T17:29:37.000Z</time>
      </trkpt>
      <trkpt lat="42.88509847596288" lon="-2.280116798356175">
        <ele>781.7999877929688</ele>
        <time>2026-06-05T17:29:41.000Z</time>
      </trkpt>
      <trkpt lat="42.88514097221196" lon="-2.280125766992569">
        <ele>782.4000244140625</ele>
        <time>2026-06-05T17:29:46.000Z</time>
      </trkpt>
      <trkpt lat="42.88515471853316" lon="-2.280136495828629">
        <ele>783.2000122070312</ele>
        <time>2026-06-05T17:29:48.000Z</time>
      </trkpt>
      <trkpt lat="42.88516745902598" lon="-2.280143955722451">
        <ele>784</ele>
        <time>2026-06-05T17:29:50.000Z</time>
      </trkpt>
      <trkpt lat="42.88517441600561" lon="-2.280146470293403">
        <ele>784.4000244140625</ele>
        <time>2026-06-05T17:29:51.000Z</time>
      </trkpt>
      <trkpt lat="42.88518070243299" lon="-2.280145296826959">
        <ele>784.7999877929688</ele>
        <time>2026-06-05T17:29:52.000Z</time>
      </trkpt>
      <trkpt lat="42.88520459085703" lon="-2.280150409787893">
        <ele>785.5999755859375</ele>
        <time>2026-06-05T17:29:56.000Z</time>
      </trkpt>
      <trkpt lat="42.885221522301435" lon="-2.280157031491399">
        <ele>786.5999755859375</ele>
        <time>2026-06-05T17:29:59.000Z</time>
      </trkpt>
      <trkpt lat="42.88522797636688" lon="-2.280161557719111">
        <ele>787</ele>
        <time>2026-06-05T17:30:00.000Z</time>
      </trkpt>
      <trkpt lat="42.88528128527105" lon="-2.280188882723451">
        <ele>787.7999877929688</ele>
        <time>2026-06-05T17:30:06.000Z</time>
      </trkpt>
      <trkpt lat="42.885292349383235" lon="-2.280191481113434">
        <ele>788</ele>
        <time>2026-06-05T17:30:08.000Z</time>
      </trkpt>
      <trkpt lat="42.88532378152013" lon="-2.280185194686055">
        <ele>788.7999877929688</ele>
        <time>2026-06-05T17:30:12.000Z</time>
      </trkpt>
      <trkpt lat="42.88536041043699" lon="-2.280178908258677">
        <ele>789.7999877929688</ele>
        <time>2026-06-05T17:30:16.000Z</time>
      </trkpt>
      <trkpt lat="42.88536979816854" lon="-2.280179243534803">
        <ele>790</ele>
        <time>2026-06-05T17:30:17.000Z</time>
      </trkpt>
      <trkpt lat="42.885396871715784" lon="-2.280174465849996">
        <ele>791</ele>
        <time>2026-06-05T17:30:21.000Z</time>
      </trkpt>
      <trkpt lat="42.88543467409909" lon="-2.280172789469361">
        <ele>792.2000122070312</ele>
        <time>2026-06-05T17:30:25.000Z</time>
      </trkpt>
      <trkpt lat="42.885443810373545" lon="-2.280171532183886">
        <ele>792.4000244140625</ele>
        <time>2026-06-05T17:30:26.000Z</time>
      </trkpt>
      <trkpt lat="42.88546199910343" lon="-2.280170107260346">
        <ele>793.2000122070312</ele>
        <time>2026-06-05T17:30:29.000Z</time>
      </trkpt>
      <trkpt lat="42.88549032993615" lon="-2.280162395909429">
        <ele>793.7999877929688</ele>
        <time>2026-06-05T17:30:34.000Z</time>
      </trkpt>
      <trkpt lat="42.88550575263798" lon="-2.280160300433636">
        <ele>794.4000244140625</ele>
        <time>2026-06-05T17:30:36.000Z</time>
      </trkpt>
      <trkpt lat="42.88552754558623" lon="-2.280151583254337">
        <ele>795.4000244140625</ele>
        <time>2026-06-05T17:30:40.000Z</time>
      </trkpt>
      <trkpt lat="42.885545482859015" lon="-2.280151667073369">
        <ele>796</ele>
        <time>2026-06-05T17:30:42.000Z</time>
      </trkpt>
      <trkpt lat="42.88556761108339" lon="-2.280152337625623">
        <ele>796.4000244140625</ele>
        <time>2026-06-05T17:30:44.000Z</time>
      </trkpt>
      <trkpt lat="42.885621674358845" lon="-2.280152924358845">
        <ele>797.4000244140625</ele>
        <time>2026-06-05T17:30:50.000Z</time>
      </trkpt>
      <trkpt lat="42.885632906109095" lon="-2.280154852196574">
        <ele>797.5999755859375</ele>
        <time>2026-06-05T17:30:51.000Z</time>
      </trkpt>
      <trkpt lat="42.88565411232412" lon="-2.280155355110765">
        <ele>798.5999755859375</ele>
        <time>2026-06-05T17:30:55.000Z</time>
      </trkpt>
      <trkpt lat="42.88565260358155" lon="-2.280148481950164">
        <ele>798.7999877929688</ele>
        <time>2026-06-05T17:30:56.000Z</time>
      </trkpt>
      <trkpt lat="42.885650005191565" lon="-2.280144961550832">
        <ele>799</ele>
        <time>2026-06-05T17:30:57.000Z</time>
      </trkpt>
      <trkpt lat="42.885647155344486" lon="-2.280137166380882">
        <ele>798.5999755859375</ele>
        <time>2026-06-05T17:31:05.000Z</time>
      </trkpt>
      <trkpt lat="42.88564489223063" lon="-2.280144458636642">
        <ele>798</ele>
        <time>2026-06-05T17:31:15.000Z</time>
      </trkpt>
      <trkpt lat="42.885645646601915" lon="-2.280147727578878">
        <ele>797.5999755859375</ele>
        <time>2026-06-05T17:31:19.000Z</time>
      </trkpt>
      <trkpt lat="42.88564195856452" lon="-2.280140854418278">
        <ele>797.4000244140625</ele>
        <time>2026-06-05T17:31:23.000Z</time>
      </trkpt>
      <trkpt lat="42.885639276355505" lon="-2.280136244371533">
        <ele>797.5999755859375</ele>
        <time>2026-06-05T17:31:25.000Z</time>
      </trkpt>
      <trkpt lat="42.885637935251" lon="-2.280131131410599">
        <ele>797.4000244140625</ele>
        <time>2026-06-05T17:31:28.000Z</time>
      </trkpt>
      <trkpt lat="42.885638857260346" lon="-2.280134148895741">
        <ele>797.4000244140625</ele>
        <time>2026-06-05T17:31:30.000Z</time>
      </trkpt>
      <trkpt lat="42.88564179092646" lon="-2.280138339847326">
        <ele>797.4000244140625</ele>
        <time>2026-06-05T17:31:33.000Z</time>
      </trkpt>
      <trkpt lat="42.88564623333514" lon="-2.280139345675707">
        <ele>797</ele>
        <time>2026-06-05T17:31:36.000Z</time>
      </trkpt>
      <trkpt lat="42.885649586096406" lon="-2.280134819447994">
        <ele>796.7999877929688</ele>
        <time>2026-06-05T17:31:39.000Z</time>
      </trkpt>
      <trkpt lat="42.88565017282963" lon="-2.280127611011267">
        <ele>797.2000122070312</ele>
        <time>2026-06-05T17:31:47.000Z</time>
      </trkpt>
      <trkpt lat="42.88565017282963" lon="-2.280127611011267">
        <ele>797.2000122070312</ele>
        <time>2026-06-05T17:31:49.000Z</time>
      </trkpt>
      <trkpt lat="42.88565017282963" lon="-2.280127611011267">
        <ele>796.7999877929688</ele>
        <time>2026-06-05T17:31:55.000Z</time>
      </trkpt>
      <trkpt lat="42.885649502277374" lon="-2.280141357332468">
        <ele>797</ele>
        <time>2026-06-05T17:32:03.000Z</time>
      </trkpt>
      <trkpt lat="42.885676408186555" lon="-2.280139764770865">
        <ele>797.2000122070312</ele>
        <time>2026-06-05T17:32:12.000Z</time>
      </trkpt>
      <trkpt lat="42.885678336024284" lon="-2.280139261856675">
        <ele>797.2000122070312</ele>
        <time>2026-06-05T17:32:15.000Z</time>
      </trkpt>
      <trkpt lat="42.885663667693734" lon="-2.280129790306091">
        <ele>796.7999877929688</ele>
        <time>2026-06-05T17:32:36.000Z</time>
      </trkpt>
      <trkpt lat="42.885655872523785" lon="-2.280138423666358">
        <ele>796.4000244140625</ele>
        <time>2026-06-05T17:32:45.000Z</time>
      </trkpt>
      <trkpt lat="42.88565612398088" lon="-2.280139094218612">
        <ele>796.4000244140625</ele>
        <time>2026-06-05T17:32:46.000Z</time>
      </trkpt>
      <trkpt lat="42.88565285503864" lon="-2.280140854418278">
        <ele>796.4000244140625</ele>
        <time>2026-06-05T17:33:00.000Z</time>
      </trkpt>
      <trkpt lat="42.88565017282963" lon="-2.280127611011267">
        <ele>796.7999877929688</ele>
        <time>2026-06-05T17:33:10.000Z</time>
      </trkpt>
      <trkpt lat="42.88565017282963" lon="-2.280127611011267">
        <ele>797.4000244140625</ele>
        <time>2026-06-05T17:33:19.000Z</time>
      </trkpt>
      <trkpt lat="42.88565017282963" lon="-2.280127611011267">
        <ele>797.5999755859375</ele>
        <time>2026-06-05T17:33:28.000Z</time>
      </trkpt>
      <trkpt lat="42.88565017282963" lon="-2.280127611011267">
        <ele>798</ele>
        <time>2026-06-05T17:33:50.000Z</time>
      </trkpt>
      <trkpt lat="42.88565017282963" lon="-2.280127611011267">
        <ele>798</ele>
        <time>2026-06-05T17:33:53.000Z</time>
      </trkpt>
      <trkpt lat="42.885655453428626" lon="-2.280136831104755">
        <ele>798.4000244140625</ele>
        <time>2026-06-05T17:34:04.000Z</time>
      </trkpt>
      <trkpt lat="42.885649083182216" lon="-2.280130041763186">
        <ele>798</ele>
        <time>2026-06-05T17:34:08.000Z</time>
      </trkpt>
      <trkpt lat="42.88565679453313" lon="-2.280153343454003">
        <ele>798.2000122070312</ele>
        <time>2026-06-05T17:34:13.000Z</time>
      </trkpt>
      <trkpt lat="42.88566391915083" lon="-2.280155438929796">
        <ele>798.4000244140625</ele>
        <time>2026-06-05T17:34:14.000Z</time>
      </trkpt>
      <trkpt lat="42.885672301054" lon="-2.28015854023397">
        <ele>798.5999755859375</ele>
        <time>2026-06-05T17:34:15.000Z</time>
      </trkpt>
      <trkpt lat="42.88570012897253" lon="-2.280157618224621">
        <ele>799.4000244140625</ele>
        <time>2026-06-05T17:34:20.000Z</time>
      </trkpt>
      <trkpt lat="42.885710187256336" lon="-2.280147559940815">
        <ele>799.7999877929688</ele>
        <time>2026-06-05T17:34:22.000Z</time>
      </trkpt>
      <trkpt lat="42.885717898607254" lon="-2.280143201351166">
        <ele>799.7999877929688</ele>
        <time>2026-06-05T17:34:23.000Z</time>
      </trkpt>
      <trkpt lat="42.88574899546802" lon="-2.280147979035974">
        <ele>800.7999877929688</ele>
        <time>2026-06-05T17:34:27.000Z</time>
      </trkpt>
      <trkpt lat="42.8857740573585" lon="-2.280148146674037">
        <ele>801.7999877929688</ele>
        <time>2026-06-05T17:34:30.000Z</time>
      </trkpt>
      <trkpt lat="42.88578134961426" lon="-2.280149403959513">
        <ele>802.2000122070312</ele>
        <time>2026-06-05T17:34:31.000Z</time>
      </trkpt>
      <trkpt lat="42.885792749002576" lon="-2.280144961550832">
        <ele>803.2000122070312</ele>
        <time>2026-06-05T17:34:34.000Z</time>
      </trkpt>
      <trkpt lat="42.88580616004765" lon="-2.280143536627293">
        <ele>804.4000244140625</ele>
        <time>2026-06-05T17:34:37.000Z</time>
      </trkpt>
      <trkpt lat="42.88583055138588" lon="-2.280142782256007">
        <ele>805.4000244140625</ele>
        <time>2026-06-05T17:34:40.000Z</time>
      </trkpt>
      <trkpt lat="42.885879250243306" lon="-2.280144542455673">
        <ele>806.5999755859375</ele>
        <time>2026-06-05T17:34:44.000Z</time>
      </trkpt>
      <trkpt lat="42.88590095937252" lon="-2.280136747285724">
        <ele>807.2000122070312</ele>
        <time>2026-06-05T17:34:48.000Z</time>
      </trkpt>
      <trkpt lat="42.88590623997152" lon="-2.28013264015317">
        <ele>807.5999755859375</ele>
        <time>2026-06-05T17:34:49.000Z</time>
      </trkpt>
      <trkpt lat="42.885932978242636" lon="-2.28012434206903">
        <ele>808.5999755859375</ele>
        <time>2026-06-05T17:34:53.000Z</time>
      </trkpt>
      <trkpt lat="42.885967679321766" lon="-2.280116965994239">
        <ele>809.7999877929688</ele>
        <time>2026-06-05T17:34:57.000Z</time>
      </trkpt>
      <trkpt lat="42.88597421720624" lon="-2.280117217451334">
        <ele>810</ele>
        <time>2026-06-05T17:34:58.000Z</time>
      </trkpt>
      <trkpt lat="42.8860037215054" lon="-2.280117971822619">
        <ele>810.7999877929688</ele>
        <time>2026-06-05T17:35:01.000Z</time>
      </trkpt>
      <trkpt lat="42.886041440069675" lon="-2.280116463080049">
        <ele>811.7999877929688</ele>
        <time>2026-06-05T17:35:05.000Z</time>
      </trkpt>
      <trkpt lat="42.88606013171375" lon="-2.28011361323297">
        <ele>812.2000122070312</ele>
        <time>2026-06-05T17:35:07.000Z</time>
      </trkpt>
      <trkpt lat="42.88607647642493" lon="-2.280111517757177">
        <ele>812.7999877929688</ele>
        <time>2026-06-05T17:35:09.000Z</time>
      </trkpt>
      <trkpt lat="42.886110339313745" lon="-2.280098525807261">
        <ele>814</ele>
        <time>2026-06-05T17:35:13.000Z</time>
      </trkpt>
      <trkpt lat="42.88615006953478" lon="-2.280079750344157">
        <ele>815.2000122070312</ele>
        <time>2026-06-05T17:35:18.000Z</time>
      </trkpt>
      <trkpt lat="42.88617295213044" lon="-2.280070865526795">
        <ele>816.4000244140625</ele>
        <time>2026-06-05T17:35:22.000Z</time>
      </trkpt>
      <trkpt lat="42.88619793020189" lon="-2.280041864141822">
        <ele>817.5999755859375</ele>
        <time>2026-06-05T17:35:26.000Z</time>
      </trkpt>
      <trkpt lat="42.88621360436082" lon="-2.280028117820621">
        <ele>818</ele>
        <time>2026-06-05T17:35:28.000Z</time>
      </trkpt>
      <trkpt lat="42.88623615168035" lon="-2.280010599642992">
        <ele>818.5999755859375</ele>
        <time>2026-06-05T17:35:31.000Z</time>
      </trkpt>
      <trkpt lat="42.886250987648964" lon="-2.279991488903761">
        <ele>819.5999755859375</ele>
        <time>2026-06-05T17:35:34.000Z</time>
      </trkpt>
      <trkpt lat="42.88627915084362" lon="-2.279968187212944">
        <ele>820.7999877929688</ele>
        <time>2026-06-05T17:35:38.000Z</time>
      </trkpt>
      <trkpt lat="42.88630831986666" lon="-2.279947903007269">
        <ele>822</ele>
        <time>2026-06-05T17:35:42.000Z</time>
      </trkpt>
      <trkpt lat="42.88634117692709" lon="-2.279927786439657">
        <ele>823.2000122070312</ele>
        <time>2026-06-05T17:35:46.000Z</time>
      </trkpt>
      <trkpt lat="42.88638157770038" lon="-2.279916973784566">
        <ele>824.2000122070312</ele>
        <time>2026-06-05T17:35:50.000Z</time>
      </trkpt>
      <trkpt lat="42.88640387356281" lon="-2.279904317110777">
        <ele>825.4000244140625</ele>
        <time>2026-06-05T17:35:54.000Z</time>
      </trkpt>
      <trkpt lat="42.88643890991807" lon="-2.279891660436988">
        <ele>826.5999755859375</ele>
        <time>2026-06-05T17:35:59.000Z</time>
      </trkpt>
      <trkpt lat="42.8864873573184" lon="-2.279865508899093">
        <ele>827.7999877929688</ele>
        <time>2026-06-05T17:36:04.000Z</time>
      </trkpt>
      <trkpt lat="42.88651845417917" lon="-2.279842961579561">
        <ele>828.7999877929688</ele>
        <time>2026-06-05T17:36:08.000Z</time>
      </trkpt>
      <trkpt lat="42.88655139505863" lon="-2.279831478372216">
        <ele>830.2000122070312</ele>
        <time>2026-06-05T17:36:12.000Z</time>
      </trkpt>
      <trkpt lat="42.88658274337649" lon="-2.279787724837661">
        <ele>831.4000244140625</ele>
        <time>2026-06-05T17:36:18.000Z</time>
      </trkpt>
      <trkpt lat="42.886584838852286" lon="-2.27978135459125">
        <ele>831.5999755859375</ele>
        <time>2026-06-05T17:36:19.000Z</time>
      </trkpt>
      <trkpt lat="42.88659875281155" lon="-2.279758304357529">
        <ele>832.4000244140625</ele>
        <time>2026-06-05T17:36:22.000Z</time>
      </trkpt>
      <trkpt lat="42.88663303479552" lon="-2.279744558036327">
        <ele>833.4000244140625</ele>
        <time>2026-06-05T17:36:27.000Z</time>
      </trkpt>
      <trkpt lat="42.88667787797749" lon="-2.279723770916462">
        <ele>834.5999755859375</ele>
        <time>2026-06-05T17:36:32.000Z</time>
      </trkpt>
      <trkpt lat="42.886707382276654" lon="-2.279710108414292">
        <ele>835.7999877929688</ele>
        <time>2026-06-05T17:36:36.000Z</time>
      </trkpt>
      <trkpt lat="42.88673546165228" lon="-2.279662247747183">
        <ele>836.7999877929688</ele>
        <time>2026-06-05T17:36:45.000Z</time>
      </trkpt>
      <trkpt lat="42.8867394849658" lon="-2.279652524739504">
        <ele>837.2000122070312</ele>
        <time>2026-06-05T17:36:46.000Z</time>
      </trkpt>
      <trkpt lat="42.886752812191844" lon="-2.279622098430991">
        <ele>838.2000122070312</ele>
        <time>2026-06-05T17:36:49.000Z</time>
      </trkpt>
      <trkpt lat="42.886772425845265" lon="-2.279585637152195">
        <ele>839.2000122070312</ele>
        <time>2026-06-05T17:36:52.000Z</time>
      </trkpt>
      <trkpt lat="42.88678231649101" lon="-2.279568873345852">
        <ele>840.2000122070312</ele>
        <time>2026-06-05T17:36:56.000Z</time>
      </trkpt>
      <trkpt lat="42.886782232671976" lon="-2.27956778369844">
        <ele>840.4000244140625</ele>
        <time>2026-06-05T17:36:57.000Z</time>
      </trkpt>
      <trkpt lat="42.88679430261254" lon="-2.279551522806287">
        <ele>840.4000244140625</ele>
        <time>2026-06-05T17:37:03.000Z</time>
      </trkpt>
      <trkpt lat="42.88680980913341" lon="-2.27954925969243">
        <ele>839.7999877929688</ele>
        <time>2026-06-05T17:37:12.000Z</time>
      </trkpt>
      <trkpt lat="42.886822214350104" lon="-2.27953459136188">
        <ele>839.4000244140625</ele>
        <time>2026-06-05T17:37:18.000Z</time>
      </trkpt>
      <trkpt lat="42.886824728921056" lon="-2.279527885839343">
        <ele>839</ele>
        <time>2026-06-05T17:37:23.000Z</time>
      </trkpt>
      <trkpt lat="42.886819280683994" lon="-2.27952872402966">
        <ele>838.7999877929688</ele>
        <time>2026-06-05T17:37:28.000Z</time>
      </trkpt>
      <trkpt lat="42.88681768812239" lon="-2.279527885839343">
        <ele>838.2000122070312</ele>
        <time>2026-06-05T17:37:32.000Z</time>
      </trkpt>
      <trkpt lat="42.88681768812239" lon="-2.279527885839343">
        <ele>838.2000122070312</ele>
        <time>2026-06-05T17:37:33.000Z</time>
      </trkpt>
      <trkpt lat="42.88681768812239" lon="-2.279527885839343">
        <ele>838</ele>
        <time>2026-06-05T17:37:35.000Z</time>
      </trkpt>
      <trkpt lat="42.886818274855614" lon="-2.279526460915804">
        <ele>837.7999877929688</ele>
        <time>2026-06-05T17:37:40.000Z</time>
      </trkpt>
      <trkpt lat="42.886815425008535" lon="-2.279521934688091">
        <ele>837.7999877929688</ele>
        <time>2026-06-05T17:37:44.000Z</time>
      </trkpt>
      <trkpt lat="42.88680922240019" lon="-2.279524113982916">
        <ele>837.4000244140625</ele>
        <time>2026-06-05T17:37:50.000Z</time>
      </trkpt>
      <trkpt lat="42.886810563504696" lon="-2.27952235378325">
        <ele>837.2000122070312</ele>
        <time>2026-06-05T17:37:52.000Z</time>
      </trkpt>
      <trkpt lat="42.88681894540787" lon="-2.279514307156205">
        <ele>836.5999755859375</ele>
        <time>2026-06-05T17:38:01.000Z</time>
      </trkpt>
      <trkpt lat="42.8868174366653" lon="-2.279515145346522">
        <ele>836.5999755859375</ele>
        <time>2026-06-05T17:38:03.000Z</time>
      </trkpt>
      <trkpt lat="42.886791452765465" lon="-2.279506679624319">
        <ele>837.2000122070312</ele>
        <time>2026-06-05T17:38:10.000Z</time>
      </trkpt>
      <trkpt lat="42.88676077499986" lon="-2.279508104547858">
        <ele>838.4000244140625</ele>
        <time>2026-06-05T17:38:13.000Z</time>
      </trkpt>
      <trkpt lat="42.88673956878483" lon="-2.279501231387258">
        <ele>839</ele>
        <time>2026-06-05T17:38:17.000Z</time>
      </trkpt>
      <trkpt lat="42.886735796928406" lon="-2.279499471187592">
        <ele>839.4000244140625</ele>
        <time>2026-06-05T17:38:20.000Z</time>
      </trkpt>
      <trkpt lat="42.8867238946259" lon="-2.279475163668394">
        <ele>839.5999755859375</ele>
        <time>2026-06-05T17:38:26.000Z</time>
      </trkpt>
      <trkpt lat="42.886756248772144" lon="-2.279465440660715">
        <ele>840.5999755859375</ele>
        <time>2026-06-05T17:38:30.000Z</time>
      </trkpt>
      <trkpt lat="42.88676873780787" lon="-2.279452281072736">
        <ele>841</ele>
        <time>2026-06-05T17:38:32.000Z</time>
      </trkpt>
      <trkpt lat="42.88677326403558" lon="-2.279441384598613">
        <ele>841.2000122070312</ele>
        <time>2026-06-05T17:38:33.000Z</time>
      </trkpt>
      <trkpt lat="42.88678005337715" lon="-2.279425039887428">
        <ele>841.7999877929688</ele>
        <time>2026-06-05T17:38:37.000Z</time>
      </trkpt>
      <trkpt lat="42.8867844119668" lon="-2.279414227232337">
        <ele>842.2000122070312</ele>
        <time>2026-06-05T17:38:39.000Z</time>
      </trkpt>
      <trkpt lat="42.88680335506797" lon="-2.279393021017313">
        <ele>842.7999877929688</ele>
        <time>2026-06-05T17:38:43.000Z</time>
      </trkpt>
      <trkpt lat="42.88681064732373" lon="-2.279390757903457">
        <ele>843.2000122070312</ele>
        <time>2026-06-05T17:38:45.000Z</time>
      </trkpt>
      <trkpt lat="42.88683327846229" lon="-2.279378101229668">
        <ele>843.7999877929688</ele>
        <time>2026-06-05T17:38:48.000Z</time>
      </trkpt>
      <trkpt lat="42.88683797232807" lon="-2.279372652992606">
        <ele>844</ele>
        <time>2026-06-05T17:38:49.000Z</time>
      </trkpt>
      <trkpt lat="42.88686948828399" lon="-2.279352368786931">
        <ele>845.2000122070312</ele>
        <time>2026-06-05T17:38:53.000Z</time>
      </trkpt>
      <trkpt lat="42.88690075278282" lon="-2.27932445704937">
        <ele>846.2000122070312</ele>
        <time>2026-06-05T17:38:57.000Z</time>
      </trkpt>
      <trkpt lat="42.88691776804626" lon="-2.279311381280422">
        <ele>846.5999755859375</ele>
        <time>2026-06-05T17:39:00.000Z</time>
      </trkpt>
      <trkpt lat="42.88693302311003" lon="-2.27930149063468">
        <ele>847</ele>
        <time>2026-06-05T17:39:03.000Z</time>
      </trkpt>
      <trkpt lat="42.88693863898516" lon="-2.2792883310467">
        <ele>847.4000244140625</ele>
        <time>2026-06-05T17:39:05.000Z</time>
      </trkpt>
      <trkpt lat="42.886962946504354" lon="-2.279260670766234">
        <ele>848.5999755859375</ele>
        <time>2026-06-05T17:39:10.000Z</time>
      </trkpt>
      <trkpt lat="42.88698230870068" lon="-2.27923946455121">
        <ele>849.5999755859375</ele>
        <time>2026-06-05T17:39:15.000Z</time>
      </trkpt>
      <trkpt lat="42.88699781522155" lon="-2.279215743765235">
        <ele>850.4000244140625</ele>
        <time>2026-06-05T17:39:17.000Z</time>
      </trkpt>
      <trkpt lat="42.88700929842889" lon="-2.279206188395619">
        <ele>850.7999877929688</ele>
        <time>2026-06-05T17:39:18.000Z</time>
      </trkpt>
      <trkpt lat="42.887048022821546" lon="-2.27919059805572">
        <ele>852</ele>
        <time>2026-06-05T17:39:22.000Z</time>
      </trkpt>
      <trkpt lat="42.88706721737981" lon="-2.279188670217991">
        <ele>852.4000244140625</ele>
        <time>2026-06-05T17:39:24.000Z</time>
      </trkpt>
      <trkpt lat="42.887113904580474" lon="-2.279168218374252">
        <ele>853.2000122070312</ele>
        <time>2026-06-05T17:39:29.000Z</time>
      </trkpt>
      <trkpt lat="42.88715363480151" lon="-2.279154472053051">
        <ele>854.2000122070312</ele>
        <time>2026-06-05T17:39:34.000Z</time>
      </trkpt>
      <trkpt lat="42.88717333227396" lon="-2.279141815379262">
        <ele>854.7999877929688</ele>
        <time>2026-06-05T17:39:37.000Z</time>
      </trkpt>
      <trkpt lat="42.88718246854842" lon="-2.279124800115824">
        <ele>855</ele>
        <time>2026-06-05T17:39:39.000Z</time>
      </trkpt>
      <trkpt lat="42.887197472155094" lon="-2.279119016602635">
        <ele>855.2000122070312</ele>
        <time>2026-06-05T17:39:41.000Z</time>
      </trkpt>
      <trkpt lat="42.88721691817045" lon="-2.279114741832018">
        <ele>855.7999877929688</ele>
        <time>2026-06-05T17:39:43.000Z</time>
      </trkpt>
      <trkpt lat="42.88724164478481" lon="-2.279091607779264">
        <ele>856.4000244140625</ele>
        <time>2026-06-05T17:39:47.000Z</time>
      </trkpt>
      <trkpt lat="42.88725731894374" lon="-2.279074676334858">
        <ele>857</ele>
        <time>2026-06-05T17:39:50.000Z</time>
      </trkpt>
      <trkpt lat="42.88727399893105" lon="-2.279066042974591">
        <ele>857.5999755859375</ele>
        <time>2026-06-05T17:39:52.000Z</time>
      </trkpt>
      <trkpt lat="42.88730291649699" lon="-2.279045255854726">
        <ele>858.4000244140625</ele>
        <time>2026-06-05T17:39:57.000Z</time>
      </trkpt>
      <trkpt lat="42.88731389679015" lon="-2.279031928628683">
        <ele>858.7999877929688</ele>
        <time>2026-06-05T17:40:00.000Z</time>
      </trkpt>
      <trkpt lat="42.887332839891315" lon="-2.279016254469752">
        <ele>859.4000244140625</ele>
        <time>2026-06-05T17:40:03.000Z</time>
      </trkpt>
      <trkpt lat="42.88734675385058" lon="-2.278993874788284">
        <ele>859.7999877929688</ele>
        <time>2026-06-05T17:40:07.000Z</time>
      </trkpt>
      <trkpt lat="42.88736728951335" lon="-2.278967052698135">
        <ele>861</ele>
        <time>2026-06-05T17:40:11.000Z</time>
      </trkpt>
      <trkpt lat="42.88737600669265" lon="-2.278956323862076">
        <ele>861.2000122070312</ele>
        <time>2026-06-05T17:40:12.000Z</time>
      </trkpt>
      <trkpt lat="42.88740064948797" lon="-2.278949534520507">
        <ele>862.2000122070312</ele>
        <time>2026-06-05T17:40:16.000Z</time>
      </trkpt>
      <trkpt lat="42.88741364143789" lon="-2.278944589197636">
        <ele>862.4000244140625</ele>
        <time>2026-06-05T17:40:19.000Z</time>
      </trkpt>
      <trkpt lat="42.887452030554414" lon="-2.278910977765918">
        <ele>863.2000122070312</ele>
        <time>2026-06-05T17:40:25.000Z</time>
      </trkpt>
      <trkpt lat="42.88746007718146" lon="-2.278899662196636">
        <ele>863.7999877929688</ele>
        <time>2026-06-05T17:40:28.000Z</time>
      </trkpt>
      <trkpt lat="42.88746862672269" lon="-2.278876025229692">
        <ele>864.4000244140625</ele>
        <time>2026-06-05T17:40:31.000Z</time>
      </trkpt>
      <trkpt lat="42.88747935555875" lon="-2.278865464031696">
        <ele>865.4000244140625</ele>
        <time>2026-06-05T17:40:36.000Z</time>
      </trkpt>
      <trkpt lat="42.887501902878284" lon="-2.278853310272098">
        <ele>866.5999755859375</ele>
        <time>2026-06-05T17:40:40.000Z</time>
      </trkpt>
      <trkpt lat="42.88753165863454" lon="-2.278829338029027">
        <ele>867.5999755859375</ele>
        <time>2026-06-05T17:40:45.000Z</time>
      </trkpt>
      <trkpt lat="42.887538028880954" lon="-2.278826739639044">
        <ele>867.7999877929688</ele>
        <time>2026-06-05T17:40:46.000Z</time>
      </trkpt>
      <trkpt lat="42.8875666949898" lon="-2.278824057430029">
        <ele>868.7999877929688</ele>
        <time>2026-06-05T17:40:50.000Z</time>
      </trkpt>
      <trkpt lat="42.88758195005357" lon="-2.278823303058743">
        <ele>869</ele>
        <time>2026-06-05T17:40:52.000Z</time>
      </trkpt>
      <trkpt lat="42.88759980350733" lon="-2.27880016900599">
        <ele>870</ele>
        <time>2026-06-05T17:40:58.000Z</time>
      </trkpt>
      <trkpt lat="42.88760667666793" lon="-2.278794636949897">
        <ele>870.4000244140625</ele>
        <time>2026-06-05T17:41:00.000Z</time>
      </trkpt>
      <trkpt lat="42.88762092590332" lon="-2.278780052438378">
        <ele>871</ele>
        <time>2026-06-05T17:41:03.000Z</time>
      </trkpt>
      <trkpt lat="42.88765453733504" lon="-2.27876890450716">
        <ele>872.2000122070312</ele>
        <time>2026-06-05T17:41:07.000Z</time>
      </trkpt>
      <trkpt lat="42.88765763863921" lon="-2.27876940742135">
        <ele>872.5999755859375</ele>
        <time>2026-06-05T17:41:08.000Z</time>
      </trkpt>
      <trkpt lat="42.88766602054238" lon="-2.278756583109498">
        <ele>873.2000122070312</ele>
        <time>2026-06-05T17:41:11.000Z</time>
      </trkpt>
      <trkpt lat="42.88768974132836" lon="-2.278739148750901">
        <ele>874.2000122070312</ele>
        <time>2026-06-05T17:41:17.000Z</time>
      </trkpt>
      <trkpt lat="42.88769485428929" lon="-2.278731353580952">
        <ele>874.5999755859375</ele>
        <time>2026-06-05T17:41:18.000Z</time>
      </trkpt>
      <trkpt lat="42.887705247849226" lon="-2.278717188164592">
        <ele>875.5999755859375</ele>
        <time>2026-06-05T17:41:22.000Z</time>
      </trkpt>
      <trkpt lat="42.8877117857337" lon="-2.278718780726194">
        <ele>875.7999877929688</ele>
        <time>2026-06-05T17:41:23.000Z</time>
      </trkpt>
      <trkpt lat="42.88772846572101" lon="-2.278705285862088">
        <ele>876.5999755859375</ele>
        <time>2026-06-05T17:41:28.000Z</time>
      </trkpt>
      <trkpt lat="42.88773659616709" lon="-2.278701765462756">
        <ele>877</ele>
        <time>2026-06-05T17:41:30.000Z</time>
      </trkpt>
      <trkpt lat="42.88774313405156" lon="-2.278695143759251">
        <ele>877.7999877929688</ele>
        <time>2026-06-05T17:41:33.000Z</time>
      </trkpt>
      <trkpt lat="42.88775763474405" lon="-2.278675613924861">
        <ele>878.5999755859375</ele>
        <time>2026-06-05T17:41:37.000Z</time>
      </trkpt>
      <trkpt lat="42.88776073604822" lon="-2.278677457943559">
        <ele>878.7999877929688</ele>
        <time>2026-06-05T17:41:38.000Z</time>
      </trkpt>
      <trkpt lat="42.88778563030064" lon="-2.278670081868768">
        <ele>880</ele>
        <time>2026-06-05T17:41:42.000Z</time>
      </trkpt>
      <trkpt lat="42.88779376074672" lon="-2.278666477650404">
        <ele>880.4000244140625</ele>
        <time>2026-06-05T17:41:44.000Z</time>
      </trkpt>
      <trkpt lat="42.88780398666859" lon="-2.278653401881456">
        <ele>879.5999755859375</ele>
        <time>2026-06-05T17:41:54.000Z</time>
      </trkpt>
      <trkpt lat="42.887805914506316" lon="-2.278654659166932">
        <ele>879.5999755859375</ele>
        <time>2026-06-05T17:41:59.000Z</time>
      </trkpt>
      <trkpt lat="42.88780398666859" lon="-2.27864527143538">
        <ele>880</ele>
        <time>2026-06-05T17:42:01.000Z</time>
      </trkpt>
      <trkpt lat="42.8877929225564" lon="-2.278639571741223">
        <ele>880.5999755859375</ele>
        <time>2026-06-05T17:42:08.000Z</time>
      </trkpt>
      <trkpt lat="42.88779283873737" lon="-2.27863990701735">
        <ele>880.5999755859375</ele>
        <time>2026-06-05T17:42:09.000Z</time>
      </trkpt>
      <trkpt lat="42.88778982125223" lon="-2.278654910624027">
        <ele>880.4000244140625</ele>
        <time>2026-06-05T17:42:17.000Z</time>
      </trkpt>
      <trkpt lat="42.88778898306191" lon="-2.278656167909503">
        <ele>879.5999755859375</ele>
        <time>2026-06-05T17:42:26.000Z</time>
      </trkpt>
      <trkpt lat="42.88780180737376" lon="-2.278647283092141">
        <ele>879.2000122070312</ele>
        <time>2026-06-05T17:42:31.000Z</time>
      </trkpt>
      <trkpt lat="42.88780180737376" lon="-2.278647283092141">
        <ele>878.7999877929688</ele>
        <time>2026-06-05T17:42:34.000Z</time>
      </trkpt>
      <trkpt lat="42.88780457340181" lon="-2.278633955866098">
        <ele>878.4000244140625</ele>
        <time>2026-06-05T17:42:39.000Z</time>
      </trkpt>
      <trkpt lat="42.88780675269663" lon="-2.278643343597651">
        <ele>878.4000244140625</ele>
        <time>2026-06-05T17:42:42.000Z</time>
      </trkpt>
      <trkpt lat="42.88780113682151" lon="-2.278651976957917">
        <ele>878.5999755859375</ele>
        <time>2026-06-05T17:42:47.000Z</time>
      </trkpt>
      <trkpt lat="42.88780365139246" lon="-2.278666058555245">
        <ele>878.7999877929688</ele>
        <time>2026-06-05T17:42:54.000Z</time>
      </trkpt>
      <trkpt lat="42.88778169080615" lon="-2.278628591448069">
        <ele>879</ele>
        <time>2026-06-05T17:43:00.000Z</time>
      </trkpt>
      <trkpt lat="42.887769704684615" lon="-2.278587352484465">
        <ele>879.2000122070312</ele>
        <time>2026-06-05T17:43:07.000Z</time>
      </trkpt>
      <trkpt lat="42.887762831524014" lon="-2.278555501252413">
        <ele>880</ele>
        <time>2026-06-05T17:43:12.000Z</time>
      </trkpt>
      <trkpt lat="42.887756545096636" lon="-2.278541000559926">
        <ele>880.5999755859375</ele>
        <time>2026-06-05T17:43:15.000Z</time>
      </trkpt>
      <trkpt lat="42.88774631917477" lon="-2.278530523180962">
        <ele>881.2000122070312</ele>
        <time>2026-06-05T17:43:17.000Z</time>
      </trkpt>
      <trkpt lat="42.887736428529024" lon="-2.278517363592982">
        <ele>881.4000244140625</ele>
        <time>2026-06-05T17:43:19.000Z</time>
      </trkpt>
      <trkpt lat="42.88770952261984" lon="-2.278487859293818">
        <ele>882</ele>
        <time>2026-06-05T17:43:23.000Z</time>
      </trkpt>
      <trkpt lat="42.88770290091634" lon="-2.278482159599662">
        <ele>882.2000122070312</ele>
        <time>2026-06-05T17:43:24.000Z</time>
      </trkpt>
      <trkpt lat="42.88769032806158" lon="-2.278473358601332">
        <ele>883</ele>
        <time>2026-06-05T17:43:27.000Z</time>
      </trkpt>
      <trkpt lat="42.8876824490726" lon="-2.278463384136558">
        <ele>883.4000244140625</ele>
        <time>2026-06-05T17:43:29.000Z</time>
      </trkpt>
      <trkpt lat="42.88767574355006" lon="-2.278448212891817">
        <ele>884.2000122070312</ele>
        <time>2026-06-05T17:43:32.000Z</time>
      </trkpt>
      <trkpt lat="42.887669540941715" lon="-2.278443016111851">
        <ele>884.5999755859375</ele>
        <time>2026-06-05T17:43:34.000Z</time>
      </trkpt>
      <trkpt lat="42.88766258396208" lon="-2.27842097170651">
        <ele>885.2000122070312</ele>
        <time>2026-06-05T17:43:38.000Z</time>
      </trkpt>
      <trkpt lat="42.88766107521951" lon="-2.278415774926543">
        <ele>885.2000122070312</ele>
        <time>2026-06-05T17:43:39.000Z</time>
      </trkpt>
      <trkpt lat="42.88765177130699" lon="-2.278394233435392">
        <ele>885.5999755859375</ele>
        <time>2026-06-05T17:43:42.000Z</time>
      </trkpt>
      <trkpt lat="42.8876425512135" lon="-2.278389371931553">
        <ele>886</ele>
        <time>2026-06-05T17:43:44.000Z</time>
      </trkpt>
      <trkpt lat="42.88763668388128" lon="-2.278389539569616">
        <ele>886.2000122070312</ele>
        <time>2026-06-05T17:43:45.000Z</time>
      </trkpt>
      <trkpt lat="42.887629978358746" lon="-2.278378810733557">
        <ele>886.5999755859375</ele>
        <time>2026-06-05T17:43:47.000Z</time>
      </trkpt>
      <trkpt lat="42.88762436248362" lon="-2.278377050533891">
        <ele>886.7999877929688</ele>
        <time>2026-06-05T17:43:48.000Z</time>
      </trkpt>
      <trkpt lat="42.88758320733905" lon="-2.278339415788651">
        <ele>887.7999877929688</ele>
        <time>2026-06-05T17:43:55.000Z</time>
      </trkpt>
      <trkpt lat="42.88757901638746" lon="-2.278333716094494">
        <ele>888</ele>
        <time>2026-06-05T17:43:56.000Z</time>
      </trkpt>
      <trkpt lat="42.88757021538913" lon="-2.278314186260104">
        <ele>888.5999755859375</ele>
        <time>2026-06-05T17:44:00.000Z</time>
      </trkpt>
      <trkpt lat="42.887582117691636" lon="-2.278300942853093">
        <ele>889</ele>
        <time>2026-06-05T17:44:03.000Z</time>
      </trkpt>
      <trkpt lat="42.887587901204824" lon="-2.278297254815698">
        <ele>889.2000122070312</ele>
        <time>2026-06-05T17:44:04.000Z</time>
      </trkpt>
      <trkpt lat="42.88760189898312" lon="-2.278272779658437">
        <ele>890.2000122070312</ele>
        <time>2026-06-05T17:44:08.000Z</time>
      </trkpt>
      <trkpt lat="42.887598630040884" lon="-2.278254507109523">
        <ele>891</ele>
        <time>2026-06-05T17:44:11.000Z</time>
      </trkpt>
      <trkpt lat="42.88759158924222" lon="-2.278223996981978">
        <ele>891.4000244140625</ele>
        <time>2026-06-05T17:44:15.000Z</time>
      </trkpt>
      <trkpt lat="42.887581614777446" lon="-2.278227349743247">
        <ele>891.7999877929688</ele>
        <time>2026-06-05T17:44:17.000Z</time>
      </trkpt>
      <trkpt lat="42.88757742382586" lon="-2.278224918991327">
        <ele>892</ele>
        <time>2026-06-05T17:44:18.000Z</time>
      </trkpt>
      <trkpt lat="42.88757105357945" lon="-2.278216369450092">
        <ele>891.7999877929688</ele>
        <time>2026-06-05T17:44:25.000Z</time>
      </trkpt>
      <trkpt lat="42.88756619207561" lon="-2.278181416913867">
        <ele>892.4000244140625</ele>
        <time>2026-06-05T17:44:35.000Z</time>
      </trkpt>
      <trkpt lat="42.887561498209834" lon="-2.278170604258776">
        <ele>893.5999755859375</ele>
        <time>2026-06-05T17:44:39.000Z</time>
      </trkpt>
      <trkpt lat="42.88753534667194" lon="-2.278152918443084">
        <ele>894.7999877929688</ele>
        <time>2026-06-05T17:44:45.000Z</time>
      </trkpt>
      <trkpt lat="42.88753350265324" lon="-2.278149900957942">
        <ele>894.7999877929688</ele>
        <time>2026-06-05T17:44:46.000Z</time>
      </trkpt>
      <trkpt lat="42.88753249682486" lon="-2.27812341414392">
        <ele>895.2000122070312</ele>
        <time>2026-06-05T17:44:51.000Z</time>
      </trkpt>
      <trkpt lat="42.887540543451905" lon="-2.2780985198915">
        <ele>895.5999755859375</ele>
        <time>2026-06-05T17:44:54.000Z</time>
      </trkpt>
      <trkpt lat="42.88754465058446" lon="-2.278095502406359">
        <ele>895.7999877929688</ele>
        <time>2026-06-05T17:44:55.000Z</time>
      </trkpt>
      <trkpt lat="42.88754548877478" lon="-2.278065662831068">
        <ele>897</ele>
        <time>2026-06-05T17:45:00.000Z</time>
      </trkpt>
      <trkpt lat="42.887546075508" lon="-2.278057197108865">
        <ele>897.2000122070312</ele>
        <time>2026-06-05T17:45:01.000Z</time>
      </trkpt>
      <trkpt lat="42.88754431530833" lon="-2.278036996722221">
        <ele>898</ele>
        <time>2026-06-05T17:45:05.000Z</time>
      </trkpt>
      <trkpt lat="42.88754481822252" lon="-2.278003552928567">
        <ele>899.2000122070312</ele>
        <time>2026-06-05T17:45:10.000Z</time>
      </trkpt>
      <trkpt lat="42.88754305802286" lon="-2.278001792728901">
        <ele>899.2000122070312</ele>
        <time>2026-06-05T17:45:11.000Z</time>
      </trkpt>
      <trkpt lat="42.88753543049097" lon="-2.277968935668468">
        <ele>900.2000122070312</ele>
        <time>2026-06-05T17:45:19.000Z</time>
      </trkpt>
      <trkpt lat="42.88752838969231" lon="-2.2779655829072">
        <ele>900.4000244140625</ele>
        <time>2026-06-05T17:45:21.000Z</time>
      </trkpt>
      <trkpt lat="42.887497041374445" lon="-2.277957452461123">
        <ele>901</ele>
        <time>2026-06-05T17:45:29.000Z</time>
      </trkpt>
      <trkpt lat="42.887495029717684" lon="-2.277944125235081">
        <ele>901.4000244140625</ele>
        <time>2026-06-05T17:45:31.000Z</time>
      </trkpt>
      <trkpt lat="42.88749528117478" lon="-2.277918476611376">
        <ele>902.4000244140625</ele>
        <time>2026-06-05T17:45:36.000Z</time>
      </trkpt>
      <trkpt lat="42.88749477826059" lon="-2.277912274003029">
        <ele>902.5999755859375</ele>
        <time>2026-06-05T17:45:37.000Z</time>
      </trkpt>
      <trkpt lat="42.88749963976443" lon="-2.277889475226402">
        <ele>903.5999755859375</ele>
        <time>2026-06-05T17:45:41.000Z</time>
      </trkpt>
      <trkpt lat="42.88748497143388" lon="-2.277872292324901">
        <ele>904.5999755859375</ele>
        <time>2026-06-05T17:45:45.000Z</time>
      </trkpt>
      <trkpt lat="42.887480361387134" lon="-2.277870196849108">
        <ele>904.7999877929688</ele>
        <time>2026-06-05T17:45:46.000Z</time>
      </trkpt>
      <trkpt lat="42.8874786850065" lon="-2.277854355052114">
        <ele>905.4000244140625</ele>
        <time>2026-06-05T17:45:50.000Z</time>
      </trkpt>
      <trkpt lat="42.88748312741518" lon="-2.277838680893183">
        <ele>906</ele>
        <time>2026-06-05T17:45:52.000Z</time>
      </trkpt>
      <trkpt lat="42.887466698884964" lon="-2.277830215170979">
        <ele>906.7999877929688</ele>
        <time>2026-06-05T17:45:56.000Z</time>
      </trkpt>
      <trkpt lat="42.887462843209505" lon="-2.277828706428409">
        <ele>907</ele>
        <time>2026-06-05T17:45:57.000Z</time>
      </trkpt>
      <trkpt lat="42.887463849037886" lon="-2.2778101824224">
        <ele>907.4000244140625</ele>
        <time>2026-06-05T17:46:00.000Z</time>
      </trkpt>
      <trkpt lat="42.88746502250433" lon="-2.277792748063803">
        <ele>908.2000122070312</ele>
        <time>2026-06-05T17:46:04.000Z</time>
      </trkpt>
      <trkpt lat="42.88745152764022" lon="-2.277786377817392">
        <ele>909.2000122070312</ele>
        <time>2026-06-05T17:46:09.000Z</time>
      </trkpt>
      <trkpt lat="42.887443229556084" lon="-2.277761986479163">
        <ele>909.5999755859375</ele>
        <time>2026-06-05T17:46:11.000Z</time>
      </trkpt>
      <trkpt lat="42.88744398392737" lon="-2.277739103883505">
        <ele>910.4000244140625</ele>
        <time>2026-06-05T17:46:14.000Z</time>
      </trkpt>
      <trkpt lat="42.88743803277612" lon="-2.277712700888515">
        <ele>911.4000244140625</ele>
        <time>2026-06-05T17:46:21.000Z</time>
      </trkpt>
      <trkpt lat="42.88742587901652" lon="-2.277696942910552">
        <ele>912.5999755859375</ele>
        <time>2026-06-05T17:46:26.000Z</time>
      </trkpt>
      <trkpt lat="42.88741967640817" lon="-2.277689399197698">
        <ele>913</ele>
        <time>2026-06-05T17:46:28.000Z</time>
      </trkpt>
      <trkpt lat="42.88740919902921" lon="-2.27768856100738">
        <ele>913.5999755859375</ele>
        <time>2026-06-05T17:46:31.000Z</time>
      </trkpt>
      <trkpt lat="42.88740978576243" lon="-2.277676910161972">
        <ele>914</ele>
        <time>2026-06-05T17:46:33.000Z</time>
      </trkpt>
      <trkpt lat="42.88740995340049" lon="-2.27766115218401">
        <ele>914.2000122070312</ele>
        <time>2026-06-05T17:46:35.000Z</time>
      </trkpt>
      <trkpt lat="42.88740165531635" lon="-2.277660397812724">
        <ele>914.7999877929688</ele>
        <time>2026-06-05T17:46:39.000Z</time>
      </trkpt>
      <trkpt lat="42.88739972747862" lon="-2.277653524652123">
        <ele>915.2000122070312</ele>
        <time>2026-06-05T17:46:42.000Z</time>
      </trkpt>
      <trkpt lat="42.8874028287828" lon="-2.277634665369987">
        <ele>915.7999877929688</ele>
        <time>2026-06-05T17:46:46.000Z</time>
      </trkpt>
      <trkpt lat="42.88739033974707" lon="-2.277631647884846">
        <ele>916.7999877929688</ele>
        <time>2026-06-05T17:46:50.000Z</time>
      </trkpt>
      <trkpt lat="42.88738405331969" lon="-2.277636928483844">
        <ele>917.2000122070312</ele>
        <time>2026-06-05T17:46:52.000Z</time>
      </trkpt>
      <trkpt lat="42.887380700558424" lon="-2.277598036453128">
        <ele>918</ele>
        <time>2026-06-05T17:46:57.000Z</time>
      </trkpt>
      <trkpt lat="42.88738581351936" lon="-2.277591750025749">
        <ele>918.4000244140625</ele>
        <time>2026-06-05T17:46:59.000Z</time>
      </trkpt>
      <trkpt lat="42.88741188123822" lon="-2.277598707005382">
        <ele>918.2000122070312</ele>
        <time>2026-06-05T17:47:04.000Z</time>
      </trkpt>
      <trkpt lat="42.88741766475141" lon="-2.277597701177001">
        <ele>917.5999755859375</ele>
        <time>2026-06-05T17:47:08.000Z</time>
      </trkpt>
      <trkpt lat="42.88740207441151" lon="-2.27759568952024">
        <ele>917.4000244140625</ele>
        <time>2026-06-05T17:47:11.000Z</time>
      </trkpt>
      <trkpt lat="42.887389501556754" lon="-2.277596527710557">
        <ele>917.2000122070312</ele>
        <time>2026-06-05T17:47:16.000Z</time>
      </trkpt>
      <trkpt lat="42.887383215129375" lon="-2.277583032846451">
        <ele>917.2000122070312</ele>
        <time>2026-06-05T17:47:22.000Z</time>
      </trkpt>
      <trkpt lat="42.88738137111068" lon="-2.277576075866818">
        <ele>917.4000244140625</ele>
        <time>2026-06-05T17:47:23.000Z</time>
      </trkpt>
      <trkpt lat="42.887372486293316" lon="-2.277573561295867">
        <ele>917.4000244140625</ele>
        <time>2026-06-05T17:47:27.000Z</time>
      </trkpt>
      <trkpt lat="42.887372402474284" lon="-2.277565682306886">
        <ele>917.5999755859375</ele>
        <time>2026-06-05T17:47:28.000Z</time>
      </trkpt>
      <trkpt lat="42.887368043884635" lon="-2.277551097795367">
        <ele>919</ele>
        <time>2026-06-05T17:47:32.000Z</time>
      </trkpt>
      <trkpt lat="42.887374414131045" lon="-2.277530562132597">
        <ele>919.5999755859375</ele>
        <time>2026-06-05T17:47:36.000Z</time>
      </trkpt>
      <trkpt lat="42.887379275634885" lon="-2.277525365352631">
        <ele>920.2000122070312</ele>
        <time>2026-06-05T17:47:38.000Z</time>
      </trkpt>
      <trkpt lat="42.887378772720695" lon="-2.277528718113899">
        <ele>921</ele>
        <time>2026-06-05T17:47:42.000Z</time>
      </trkpt>
      <trkpt lat="42.8873766772449" lon="-2.277522599324584">
        <ele>921.2000122070312</ele>
        <time>2026-06-05T17:47:44.000Z</time>
      </trkpt>
      <trkpt lat="42.887356309220195" lon="-2.277519665658474">
        <ele>921.7999877929688</ele>
        <time>2026-06-05T17:47:50.000Z</time>
      </trkpt>
      <trkpt lat="42.88734382018447" lon="-2.277518827468157">
        <ele>922.2000122070312</ele>
        <time>2026-06-05T17:47:53.000Z</time>
      </trkpt>
      <trkpt lat="42.88734541274607" lon="-2.277513714507222">
        <ele>922.7999877929688</ele>
        <time>2026-06-05T17:48:00.000Z</time>
      </trkpt>
      <trkpt lat="42.88733418099582" lon="-2.277499465271831">
        <ele>923.4000244140625</ele>
        <time>2026-06-05T17:48:04.000Z</time>
      </trkpt>
      <trkpt lat="42.887332001701" lon="-2.277511786669493">
        <ele>924.4000244140625</ele>
        <time>2026-06-05T17:48:07.000Z</time>
      </trkpt>
      <trkpt lat="42.88733158260584" lon="-2.277511702850461">
        <ele>924.5999755859375</ele>
        <time>2026-06-05T17:48:08.000Z</time>
      </trkpt>
      <trkpt lat="42.88732244633138" lon="-2.277481947094202">
        <ele>925.5999755859375</ele>
        <time>2026-06-05T17:48:14.000Z</time>
      </trkpt>
      <trkpt lat="42.887320602312684" lon="-2.277475576847792">
        <ele>925.7999877929688</ele>
        <time>2026-06-05T17:48:15.000Z</time>
      </trkpt>
      <trkpt lat="42.88730383850634" lon="-2.277465183287859">
        <ele>926.5999755859375</ele>
        <time>2026-06-05T17:48:20.000Z</time>
      </trkpt>
      <trkpt lat="42.88729973137379" lon="-2.27747012861073">
        <ele>926.7999877929688</ele>
        <time>2026-06-05T17:48:21.000Z</time>
      </trkpt>
      <trkpt lat="42.88728766143322" lon="-2.277468033134937">
        <ele>927.4000244140625</ele>
        <time>2026-06-05T17:48:27.000Z</time>
      </trkpt>
      <trkpt lat="42.88728430867195" lon="-2.277438025921583">
        <ele>928</ele>
        <time>2026-06-05T17:48:34.000Z</time>
      </trkpt>
      <trkpt lat="42.887282967567444" lon="-2.277421681210399">
        <ele>929.2000122070312</ele>
        <time>2026-06-05T17:48:38.000Z</time>
      </trkpt>
      <trkpt lat="42.8872767649591" lon="-2.277412293478847">
        <ele>930.4000244140625</ele>
        <time>2026-06-05T17:48:41.000Z</time>
      </trkpt>
      <trkpt lat="42.88727140054107" lon="-2.277411455288529">
        <ele>930.7999877929688</ele>
        <time>2026-06-05T17:48:43.000Z</time>
      </trkpt>
      <trkpt lat="42.88728749379516" lon="-2.277399217709899">
        <ele>930.7999877929688</ele>
        <time>2026-06-05T17:48:52.000Z</time>
      </trkpt>
      <trkpt lat="42.88728439249098" lon="-2.277371138334274">
        <ele>931.4000244140625</ele>
        <time>2026-06-05T17:48:56.000Z</time>
      </trkpt>
      <trkpt lat="42.88728531450033" lon="-2.277348423376679">
        <ele>932.2000122070312</ele>
        <time>2026-06-05T17:48:59.000Z</time>
      </trkpt>
      <trkpt lat="42.88728564977646" lon="-2.277344316244125">
        <ele>932.4000244140625</ele>
        <time>2026-06-05T17:49:00.000Z</time>
      </trkpt>
      <trkpt lat="42.8872833866626" lon="-2.277327217161655">
        <ele>933.5999755859375</ele>
        <time>2026-06-05T17:49:04.000Z</time>
      </trkpt>
      <trkpt lat="42.887287912890315" lon="-2.277329228818417">
        <ele>934.5999755859375</ele>
        <time>2026-06-05T17:49:08.000Z</time>
      </trkpt>
      <trkpt lat="42.88728875108063" lon="-2.277328390628099">
        <ele>934.7999877929688</ele>
        <time>2026-06-05T17:49:09.000Z</time>
      </trkpt>
      <trkpt lat="42.88728129118681" lon="-2.277302071452141">
        <ele>935.4000244140625</ele>
        <time>2026-06-05T17:49:17.000Z</time>
      </trkpt>
      <trkpt lat="42.88727098144591" lon="-2.277263682335615">
        <ele>935.5999755859375</ele>
        <time>2026-06-05T17:49:25.000Z</time>
      </trkpt>
      <trkpt lat="42.88726670667529" lon="-2.277254126966">
        <ele>935.7999877929688</ele>
        <time>2026-06-05T17:49:28.000Z</time>
      </trkpt>
      <trkpt lat="42.88726259954274" lon="-2.277241051197052">
        <ele>937</ele>
        <time>2026-06-05T17:49:32.000Z</time>
      </trkpt>
      <trkpt lat="42.88727014325559" lon="-2.277233675122261">
        <ele>937.2000122070312</ele>
        <time>2026-06-05T17:49:41.000Z</time>
      </trkpt>
      <trkpt lat="42.887251786887646" lon="-2.277179528027773">
        <ele>937.2000122070312</ele>
        <time>2026-06-05T17:49:49.000Z</time>
      </trkpt>
      <trkpt lat="42.887249356135726" lon="-2.277136780321598">
        <ele>938.2000122070312</ele>
        <time>2026-06-05T17:49:55.000Z</time>
      </trkpt>
      <trkpt lat="42.88725237362087" lon="-2.277133008465171">
        <ele>938.4000244140625</ele>
        <time>2026-06-05T17:49:56.000Z</time>
      </trkpt>
      <trkpt lat="42.887263437733054" lon="-2.277062935754657">
        <ele>939.4000244140625</ele>
        <time>2026-06-05T17:50:06.000Z</time>
      </trkpt>
      <trkpt lat="42.887260587885976" lon="-2.277027396485209">
        <ele>940</ele>
        <time>2026-06-05T17:50:12.000Z</time>
      </trkpt>
      <trkpt lat="42.88726067170501" lon="-2.277010465040803">
        <ele>940.5999755859375</ele>
        <time>2026-06-05T17:50:14.000Z</time>
      </trkpt>
      <trkpt lat="42.88726997561753" lon="-2.276943325996399">
        <ele>941.4000244140625</ele>
        <time>2026-06-05T17:50:20.000Z</time>
      </trkpt>
      <trkpt lat="42.88727601058781" lon="-2.276925053447485">
        <ele>941.5999755859375</ele>
        <time>2026-06-05T17:50:22.000Z</time>
      </trkpt>
      <trkpt lat="42.887271232903004" lon="-2.276882054284215">
        <ele>942</ele>
        <time>2026-06-05T17:50:28.000Z</time>
      </trkpt>
      <trkpt lat="42.887270310893655" lon="-2.276850203052163">
        <ele>942.7999877929688</ele>
        <time>2026-06-05T17:50:32.000Z</time>
      </trkpt>
      <trkpt lat="42.887269807979465" lon="-2.276841569691896">
        <ele>943.2000122070312</ele>
        <time>2026-06-05T17:50:33.000Z</time>
      </trkpt>
      <trkpt lat="42.88727005943656" lon="-2.276827152818441">
        <ele>944</ele>
        <time>2026-06-05T17:50:35.000Z</time>
      </trkpt>
      <trkpt lat="42.88728212937713" lon="-2.27677971124649">
        <ele>944.7999877929688</ele>
        <time>2026-06-05T17:50:41.000Z</time>
      </trkpt>
      <trkpt lat="42.88728950545192" lon="-2.276763953268528">
        <ele>945</ele>
        <time>2026-06-05T17:50:44.000Z</time>
      </trkpt>
      <trkpt lat="42.8872868232429" lon="-2.276738304644823">
        <ele>946.2000122070312</ele>
        <time>2026-06-05T17:50:48.000Z</time>
      </trkpt>
      <trkpt lat="42.8872852306813" lon="-2.276727994903922">
        <ele>946.4000244140625</ele>
        <time>2026-06-05T17:50:50.000Z</time>
      </trkpt>
      <trkpt lat="42.88727743551135" lon="-2.276701927185059">
        <ele>947.2000122070312</ele>
        <time>2026-06-05T17:50:53.000Z</time>
      </trkpt>
      <trkpt lat="42.88727701641619" lon="-2.276678122580051">
        <ele>947.7999877929688</ele>
        <time>2026-06-05T17:50:56.000Z</time>
      </trkpt>
      <trkpt lat="42.887278189882636" lon="-2.276651803404093">
        <ele>948.2000122070312</ele>
        <time>2026-06-05T17:50:59.000Z</time>
      </trkpt>
      <trkpt lat="42.887292774394155" lon="-2.276593465358019">
        <ele>949</ele>
        <time>2026-06-05T17:51:05.000Z</time>
      </trkpt>
      <trkpt lat="42.88729310967028" lon="-2.276550885289907">
        <ele>949.2000122070312</ele>
        <time>2026-06-05T17:51:11.000Z</time>
      </trkpt>
      <trkpt lat="42.887288331985474" lon="-2.276535294950008">
        <ele>949.4000244140625</ele>
        <time>2026-06-05T17:51:13.000Z</time>
      </trkpt>
      <trkpt lat="42.88730786181986" lon="-2.276459187269211">
        <ele>950.2000122070312</ele>
        <time>2026-06-05T17:51:22.000Z</time>
      </trkpt>
      <trkpt lat="42.88731926120818" lon="-2.276450386270881">
        <ele>950.4000244140625</ele>
        <time>2026-06-05T17:51:23.000Z</time>
      </trkpt>
      <trkpt lat="42.887349016964436" lon="-2.276395484805107">
        <ele>950.2000122070312</ele>
        <time>2026-06-05T17:51:27.000Z</time>
      </trkpt>
      <trkpt lat="42.88736259564757" lon="-2.276325412094593">
        <ele>951.2000122070312</ele>
        <time>2026-06-05T17:51:33.000Z</time>
      </trkpt>
      <trkpt lat="42.88736091926694" lon="-2.276311246678233">
        <ele>951.4000244140625</ele>
        <time>2026-06-05T17:51:34.000Z</time>
      </trkpt>
      <trkpt lat="42.88734474219382" lon="-2.276238743215799">
        <ele>952.2000122070312</ele>
        <time>2026-06-05T17:51:40.000Z</time>
      </trkpt>
      <trkpt lat="42.88733996450901" lon="-2.276215106248856">
        <ele>952.5999755859375</ele>
        <time>2026-06-05T17:51:43.000Z</time>
      </trkpt>
      <trkpt lat="42.887328900396824" lon="-2.276179483160377">
        <ele>953.7999877929688</ele>
        <time>2026-06-05T17:51:47.000Z</time>
      </trkpt>
      <trkpt lat="42.887329487130046" lon="-2.27616598829627">
        <ele>954</ele>
        <time>2026-06-05T17:51:48.000Z</time>
      </trkpt>
      <trkpt lat="42.88731741718948" lon="-2.276136483997107">
        <ele>954.5999755859375</ele>
        <time>2026-06-05T17:51:51.000Z</time>
      </trkpt>
      <trkpt lat="42.88730618543923" lon="-2.276121145114303">
        <ele>954.7999877929688</ele>
        <time>2026-06-05T17:51:56.000Z</time>
      </trkpt>
      <trkpt lat="42.88730626925826" lon="-2.276117959991097">
        <ele>954.7999877929688</ele>
        <time>2026-06-05T17:51:57.000Z</time>
      </trkpt>
      <trkpt lat="42.88730375468731" lon="-2.276098597794771">
        <ele>955.5999755859375</ele>
        <time>2026-06-05T17:52:05.000Z</time>
      </trkpt>
      <trkpt lat="42.887299647554755" lon="-2.27603305131197">
        <ele>955.2000122070312</ele>
        <time>2026-06-05T17:52:12.000Z</time>
      </trkpt>
      <trkpt lat="42.88727450184524" lon="-2.275977311655879">
        <ele>955.7999877929688</ele>
        <time>2026-06-05T17:52:17.000Z</time>
      </trkpt>
      <trkpt lat="42.88726469501853" lon="-2.275970773771405">
        <ele>956</ele>
        <time>2026-06-05T17:52:18.000Z</time>
      </trkpt>
      <trkpt lat="42.88722890429199" lon="-2.275922661647201">
        <ele>955.7999877929688</ele>
        <time>2026-06-05T17:52:24.000Z</time>
      </trkpt>
      <trkpt lat="42.88722219876945" lon="-2.27590162307024">
        <ele>956.2000122070312</ele>
        <time>2026-06-05T17:52:26.000Z</time>
      </trkpt>
      <trkpt lat="42.88717970252037" lon="-2.275859043002129">
        <ele>955</ele>
        <time>2026-06-05T17:52:33.000Z</time>
      </trkpt>
      <trkpt lat="42.88717517629266" lon="-2.275849990546703">
        <ele>954.7999877929688</ele>
        <time>2026-06-05T17:52:34.000Z</time>
      </trkpt>
      <trkpt lat="42.887159334495664" lon="-2.275791987776756">
        <ele>954</ele>
        <time>2026-06-05T17:52:40.000Z</time>
      </trkpt>
      <trkpt lat="42.88715807721019" lon="-2.275768686085939">
        <ele>953.5999755859375</ele>
        <time>2026-06-05T17:52:42.000Z</time>
      </trkpt>
      <trkpt lat="42.887157490476966" lon="-2.275735577568412">
        <ele>952.7999877929688</ele>
        <time>2026-06-05T17:52:45.000Z</time>
      </trkpt>
      <trkpt lat="42.88715514354408" lon="-2.275721244513988">
        <ele>952.5999755859375</ele>
        <time>2026-06-05T17:52:46.000Z</time>
      </trkpt>
      <trkpt lat="42.887147683650255" lon="-2.275674724951386">
        <ele>951.4000244140625</ele>
        <time>2026-06-05T17:52:49.000Z</time>
      </trkpt>
      <trkpt lat="42.8871435765177" lon="-2.275634910911322">
        <ele>950.7999877929688</ele>
        <time>2026-06-05T17:52:52.000Z</time>
      </trkpt>
      <trkpt lat="42.88713460788131" lon="-2.27561135776341">
        <ele>950.2000122070312</ele>
        <time>2026-06-05T17:52:54.000Z</time>
      </trkpt>
      <trkpt lat="42.887125136330724" lon="-2.275571208447218">
        <ele>949.2000122070312</ele>
        <time>2026-06-05T17:52:58.000Z</time>
      </trkpt>
      <trkpt lat="42.88709965534508" lon="-2.27550582960248">
        <ele>948</ele>
        <time>2026-06-05T17:53:05.000Z</time>
      </trkpt>
      <trkpt lat="42.887082723900676" lon="-2.275476912036538">
        <ele>947.7999877929688</ele>
        <time>2026-06-05T17:53:09.000Z</time>
      </trkpt>
      <trkpt lat="42.88707258179784" lon="-2.275466518476605">
        <ele>947.7999877929688</ele>
        <time>2026-06-05T17:53:11.000Z</time>
      </trkpt>
      <trkpt lat="42.88705749437213" lon="-2.275427039712667">
        <ele>946.7999877929688</ele>
        <time>2026-06-05T17:53:17.000Z</time>
      </trkpt>
      <trkpt lat="42.88705908693373" lon="-2.275417484343052">
        <ele>946.5999755859375</ele>
        <time>2026-06-05T17:53:19.000Z</time>
      </trkpt>
      <trkpt lat="42.88705757819116" lon="-2.275379179045558">
        <ele>945.7999877929688</ele>
        <time>2026-06-05T17:53:23.000Z</time>
      </trkpt>
      <trkpt lat="42.88705221377313" lon="-2.275350680574775">
        <ele>945</ele>
        <time>2026-06-05T17:53:26.000Z</time>
      </trkpt>
      <trkpt lat="42.88704332895577" lon="-2.275337604805827">
        <ele>944.4000244140625</ele>
        <time>2026-06-05T17:53:28.000Z</time>
      </trkpt>
      <trkpt lat="42.88704098202288" lon="-2.275321008637547">
        <ele>943.4000244140625</ele>
        <time>2026-06-05T17:53:33.000Z</time>
      </trkpt>
      <trkpt lat="42.88704349659383" lon="-2.275323020294309">
        <ele>943.2000122070312</ele>
        <time>2026-06-05T17:53:34.000Z</time>
      </trkpt>
      <trkpt lat="42.88705422542989" lon="-2.275297623127699">
        <ele>942.2000122070312</ele>
        <time>2026-06-05T17:53:42.000Z</time>
      </trkpt>
      <trkpt lat="42.887057159096" lon="-2.275286894291639">
        <ele>941.7999877929688</ele>
        <time>2026-06-05T17:53:43.000Z</time>
      </trkpt>
      <trkpt lat="42.88705749437213" lon="-2.275279266759753">
        <ele>941</ele>
        <time>2026-06-05T17:53:45.000Z</time>
      </trkpt>
      <trkpt lat="42.88705539889634" lon="-2.27525026537478">
        <ele>939.7999877929688</ele>
        <time>2026-06-05T17:53:50.000Z</time>
      </trkpt>
      <trkpt lat="42.88705355487764" lon="-2.275220677256584">
        <ele>938.7999877929688</ele>
        <time>2026-06-05T17:53:54.000Z</time>
      </trkpt>
      <trkpt lat="42.88705422542989" lon="-2.275188071653247">
        <ele>937.7999877929688</ele>
        <time>2026-06-05T17:53:58.000Z</time>
      </trkpt>
      <trkpt lat="42.88705254904926" lon="-2.275164518505335">
        <ele>936.5999755859375</ele>
        <time>2026-06-05T17:54:02.000Z</time>
      </trkpt>
      <trkpt lat="42.887057242915034" lon="-2.275160076096654">
        <ele>936.2000122070312</ele>
        <time>2026-06-05T17:54:05.000Z</time>
      </trkpt>
      <trkpt lat="42.8870537225157" lon="-2.275138702243567">
        <ele>935.4000244140625</ele>
        <time>2026-06-05T17:54:09.000Z</time>
      </trkpt>
      <trkpt lat="42.88704643025994" lon="-2.275110455229878">
        <ele>934.4000244140625</ele>
        <time>2026-06-05T17:54:13.000Z</time>
      </trkpt>
      <trkpt lat="42.88704726845026" lon="-2.275104084983468">
        <ele>934.2000122070312</ele>
        <time>2026-06-05T17:54:14.000Z</time>
      </trkpt>
      <trkpt lat="42.88706679828465" lon="-2.275084722787142">
        <ele>933.4000244140625</ele>
        <time>2026-06-05T17:54:22.000Z</time>
      </trkpt>
      <trkpt lat="42.887062104418874" lon="-2.275083297863603">
        <ele>933</ele>
        <time>2026-06-05T17:54:24.000Z</time>
      </trkpt>
      <trkpt lat="42.88707057014108" lon="-2.275094278156757">
        <ele>931.5999755859375</ele>
        <time>2026-06-05T17:54:28.000Z</time>
      </trkpt>
      <trkpt lat="42.88707224652171" lon="-2.275090422481298">
        <ele>931.4000244140625</ele>
        <time>2026-06-05T17:54:29.000Z</time>
      </trkpt>
      <trkpt lat="42.887107366696" lon="-2.275079106912017">
        <ele>930.5999755859375</ele>
        <time>2026-06-05T17:54:36.000Z</time>
      </trkpt>
      <trkpt lat="42.88710334338248" lon="-2.275056559592485">
        <ele>929.2000122070312</ele>
        <time>2026-06-05T17:54:39.000Z</time>
      </trkpt>
      <trkpt lat="42.88709596730769" lon="-2.275020349770784">
        <ele>928</ele>
        <time>2026-06-05T17:54:42.000Z</time>
      </trkpt>
      <trkpt lat="42.88707752712071" lon="-2.274982128292322">
        <ele>926.7999877929688</ele>
        <time>2026-06-05T17:54:46.000Z</time>
      </trkpt>
      <trkpt lat="42.88707224652171" lon="-2.274959245696664">
        <ele>925.7999877929688</ele>
        <time>2026-06-05T17:54:49.000Z</time>
      </trkpt>
      <trkpt lat="42.887070905417204" lon="-2.274954300373793">
        <ele>925.4000244140625</ele>
        <time>2026-06-05T17:54:50.000Z</time>
      </trkpt>
      <trkpt lat="42.887066043913364" lon="-2.274880958721042">
        <ele>924.2000122070312</ele>
        <time>2026-06-05T17:54:55.000Z</time>
      </trkpt>
      <trkpt lat="42.88706135004759" lon="-2.274852376431227">
        <ele>923.4000244140625</ele>
        <time>2026-06-05T17:54:57.000Z</time>
      </trkpt>
      <trkpt lat="42.88705883547664" lon="-2.274845670908689">
        <ele>922.7999877929688</ele>
        <time>2026-06-05T17:54:58.000Z</time>
      </trkpt>
      <trkpt lat="42.88704190403223" lon="-2.2748261410743">
        <ele>922</ele>
        <time>2026-06-05T17:55:00.000Z</time>
      </trkpt>
      <trkpt lat="42.88702832534909" lon="-2.274818178266287">
        <ele>921.5999755859375</ele>
        <time>2026-06-05T17:55:01.000Z</time>
      </trkpt>
      <trkpt lat="42.887000665068626" lon="-2.274798145517707">
        <ele>921.2000122070312</ele>
        <time>2026-06-05T17:55:03.000Z</time>
      </trkpt>
      <trkpt lat="42.88693302311003" lon="-2.274798732250929">
        <ele>920.5999755859375</ele>
        <time>2026-06-05T17:55:07.000Z</time>
      </trkpt>
      <trkpt lat="42.886927658692" lon="-2.274806695058942">
        <ele>920.4000244140625</ele>
        <time>2026-06-05T17:55:08.000Z</time>
      </trkpt>
      <trkpt lat="42.886903854086995" lon="-2.274811724200845">
        <ele>919.5999755859375</ele>
        <time>2026-06-05T17:55:15.000Z</time>
      </trkpt>
      <trkpt lat="42.886902429163456" lon="-2.27480418048799">
        <ele>919.4000244140625</ele>
        <time>2026-06-05T17:55:16.000Z</time>
      </trkpt>
      <trkpt lat="42.886899998411536" lon="-2.274768892675638">
        <ele>918.4000244140625</ele>
        <time>2026-06-05T17:55:25.000Z</time>
      </trkpt>
      <trkpt lat="42.88688080385327" lon="-2.274761516600847">
        <ele>917.4000244140625</ele>
        <time>2026-06-05T17:55:31.000Z</time>
      </trkpt>
      <trkpt lat="42.88687921129167" lon="-2.274770401418209">
        <ele>917</ele>
        <time>2026-06-05T17:55:33.000Z</time>
      </trkpt>
      <trkpt lat="42.886862363666296" lon="-2.274780459702015">
        <ele>916.4000244140625</ele>
        <time>2026-06-05T17:55:36.000Z</time>
      </trkpt>
      <trkpt lat="42.88686404004693" lon="-2.274775179103017">
        <ele>915.5999755859375</ele>
        <time>2026-06-05T17:55:40.000Z</time>
      </trkpt>
      <trkpt lat="42.88688415661454" lon="-2.274772496894002">
        <ele>915.2000122070312</ele>
        <time>2026-06-05T17:55:42.000Z</time>
      </trkpt>
      <trkpt lat="42.88688306696713" lon="-2.274786829948425">
        <ele>914.7999877929688</ele>
        <time>2026-06-05T17:55:47.000Z</time>
      </trkpt>
      <trkpt lat="42.88684358820319" lon="-2.274766126647592">
        <ele>915</ele>
        <time>2026-06-05T17:55:52.000Z</time>
      </trkpt>
      <trkpt lat="42.88680603727698" lon="-2.274758415296674">
        <ele>914.4000244140625</ele>
        <time>2026-06-05T17:55:55.000Z</time>
      </trkpt>
      <trkpt lat="42.8867793828249" lon="-2.274728156626225">
        <ele>914.5999755859375</ele>
        <time>2026-06-05T17:56:00.000Z</time>
      </trkpt>
      <trkpt lat="42.88675272837281" lon="-2.274712985381484">
        <ele>914.4000244140625</ele>
        <time>2026-06-05T17:56:05.000Z</time>
      </trkpt>
      <trkpt lat="42.88674417883158" lon="-2.274707704782486">
        <ele>914.2000122070312</ele>
        <time>2026-06-05T17:56:06.000Z</time>
      </trkpt>
      <trkpt lat="42.88672003895044" lon="-2.274702088907361">
        <ele>913.7999877929688</ele>
        <time>2026-06-05T17:56:09.000Z</time>
      </trkpt>
      <trkpt lat="42.88669162429869" lon="-2.274685492739081">
        <ele>913.5999755859375</ele>
        <time>2026-06-05T17:56:12.000Z</time>
      </trkpt>
      <trkpt lat="42.8866789676249" lon="-2.274670405313373">
        <ele>913.4000244140625</ele>
        <time>2026-06-05T17:56:14.000Z</time>
      </trkpt>
      <trkpt lat="42.88665038533509" lon="-2.274659844115376">
        <ele>913.4000244140625</ele>
        <time>2026-06-05T17:56:18.000Z</time>
      </trkpt>
      <trkpt lat="42.886634124442935" lon="-2.274660263210535">
        <ele>913.2000122070312</ele>
        <time>2026-06-05T17:56:19.000Z</time>
      </trkpt>
      <trkpt lat="42.88658115081489" lon="-2.274688091129065">
        <ele>913.4000244140625</ele>
        <time>2026-06-05T17:56:25.000Z</time>
      </trkpt>
      <trkpt lat="42.8865563403815" lon="-2.274668477475643">
        <ele>913</ele>
        <time>2026-06-05T17:56:31.000Z</time>
      </trkpt>
      <trkpt lat="42.8865394089371" lon="-2.274641823023558">
        <ele>912</ele>
        <time>2026-06-05T17:56:34.000Z</time>
      </trkpt>
      <trkpt lat="42.886514933779836" lon="-2.274615503847599">
        <ele>911.2000122070312</ele>
        <time>2026-06-05T17:56:37.000Z</time>
      </trkpt>
      <trkpt lat="42.8865079768002" lon="-2.274620952084661">
        <ele>911</ele>
        <time>2026-06-05T17:56:38.000Z</time>
      </trkpt>
      <trkpt lat="42.88647914305329" lon="-2.274613659828901">
        <ele>910.7999877929688</ele>
        <time>2026-06-05T17:56:42.000Z</time>
      </trkpt>
      <trkpt lat="42.88647755049169" lon="-2.274610726162791">
        <ele>910.5999755859375</ele>
        <time>2026-06-05T17:56:43.000Z</time>
      </trkpt>
      <trkpt lat="42.88644871674478" lon="-2.274600584059954">
        <ele>909.7999877929688</ele>
        <time>2026-06-05T17:56:50.000Z</time>
      </trkpt>
      <trkpt lat="42.886447040364146" lon="-2.274594632908702">
        <ele>909.7999877929688</ele>
        <time>2026-06-05T17:56:51.000Z</time>
      </trkpt>
      <trkpt lat="42.88642751052976" lon="-2.274558003991842">
        <ele>908.4000244140625</ele>
        <time>2026-06-05T17:56:55.000Z</time>
      </trkpt>
      <trkpt lat="42.886422984302044" lon="-2.274551969021559">
        <ele>908</ele>
        <time>2026-06-05T17:56:56.000Z</time>
      </trkpt>
      <trkpt lat="42.88640161044896" lon="-2.274530092254281">
        <ele>907.2000122070312</ele>
        <time>2026-06-05T17:56:59.000Z</time>
      </trkpt>
      <trkpt lat="42.8863856010139" lon="-2.274518022313714">
        <ele>907.2000122070312</ele>
        <time>2026-06-05T17:57:01.000Z</time>
      </trkpt>
      <trkpt lat="42.88635450415313" lon="-2.274491200223565">
        <ele>906.2000122070312</ele>
        <time>2026-06-05T17:57:05.000Z</time>
      </trkpt>
      <trkpt lat="42.88635089993477" lon="-2.274482231587172">
        <ele>905.7999877929688</ele>
        <time>2026-06-05T17:57:07.000Z</time>
      </trkpt>
      <trkpt lat="42.88636950775981" lon="-2.274483824148774">
        <ele>905.2000122070312</ele>
        <time>2026-06-05T17:57:12.000Z</time>
      </trkpt>
      <trkpt lat="42.88636892102659" lon="-2.274484662339091">
        <ele>905</ele>
        <time>2026-06-05T17:57:13.000Z</time>
      </trkpt>
      <trkpt lat="42.886358108371496" lon="-2.274482734501362">
        <ele>904.7999877929688</ele>
        <time>2026-06-05T17:57:17.000Z</time>
      </trkpt>
      <trkpt lat="42.88636255078018" lon="-2.274484997615218">
        <ele>904.4000244140625</ele>
        <time>2026-06-05T17:57:22.000Z</time>
      </trkpt>
      <trkpt lat="42.88636229932308" lon="-2.274484075605869">
        <ele>904.2000122070312</ele>
        <time>2026-06-05T17:57:25.000Z</time>
      </trkpt>
      <trkpt lat="42.886356515809894" lon="-2.274478375911713">
        <ele>903.7999877929688</ele>
        <time>2026-06-05T17:57:29.000Z</time>
      </trkpt>
      <trkpt lat="42.88634360767901" lon="-2.274469826370478">
        <ele>903.5999755859375</ele>
        <time>2026-06-05T17:57:31.000Z</time>
      </trkpt>
      <trkpt lat="42.886337572708726" lon="-2.274463791400194">
        <ele>903.2000122070312</ele>
        <time>2026-06-05T17:57:34.000Z</time>
      </trkpt>
      <trkpt lat="42.88633346557617" lon="-2.274459265172482">
        <ele>903</ele>
        <time>2026-06-05T17:57:35.000Z</time>
      </trkpt>
      <trkpt lat="42.88632449693978" lon="-2.274447530508041">
        <ele>902.7999877929688</ele>
        <time>2026-06-05T17:57:36.000Z</time>
      </trkpt>
      <trkpt lat="42.886312091723084" lon="-2.274439567700028">
        <ele>902.7999877929688</ele>
        <time>2026-06-05T17:57:37.000Z</time>
      </trkpt>
      <trkpt lat="42.886283341795206" lon="-2.274420624598861">
        <ele>902</ele>
        <time>2026-06-05T17:57:40.000Z</time>
      </trkpt>
      <trkpt lat="42.88628049194813" lon="-2.274417858570814">
        <ele>901.5999755859375</ele>
        <time>2026-06-05T17:57:42.000Z</time>
      </trkpt>
      <trkpt lat="42.88627001456916" lon="-2.274418445304036">
        <ele>901</ele>
        <time>2026-06-05T17:57:47.000Z</time>
      </trkpt>
      <trkpt lat="42.88626448251307" lon="-2.274411991238594">
        <ele>900.5999755859375</ele>
        <time>2026-06-05T17:57:49.000Z</time>
      </trkpt>
      <trkpt lat="42.8862354811281" lon="-2.274401430040598">
        <ele>900.7999877929688</ele>
        <time>2026-06-05T17:57:55.000Z</time>
      </trkpt>
      <trkpt lat="42.88623011671007" lon="-2.274383995682001">
        <ele>900.4000244140625</ele>
        <time>2026-06-05T17:58:01.000Z</time>
      </trkpt>
      <trkpt lat="42.88622776977718" lon="-2.274375446140766">
        <ele>899.7999877929688</ele>
        <time>2026-06-05T17:58:03.000Z</time>
      </trkpt>
      <trkpt lat="42.886226596310735" lon="-2.274364130571485">
        <ele>899.4000244140625</ele>
        <time>2026-06-05T17:58:07.000Z</time>
      </trkpt>
      <trkpt lat="42.88622818887234" lon="-2.274344433099031">
        <ele>898.7999877929688</ele>
        <time>2026-06-05T17:58:12.000Z</time>
      </trkpt>
      <trkpt lat="42.886224165558815" lon="-2.27431409060955">
        <ele>898</ele>
        <time>2026-06-05T17:58:15.000Z</time>
      </trkpt>
      <trkpt lat="42.886221231892705" lon="-2.274300931021571">
        <ele>897.5999755859375</ele>
        <time>2026-06-05T17:58:16.000Z</time>
      </trkpt>
      <trkpt lat="42.88619910366833" lon="-2.274262374266982">
        <ele>896.5999755859375</ele>
        <time>2026-06-05T17:58:22.000Z</time>
      </trkpt>
      <trkpt lat="42.88619457744062" lon="-2.274255501106381">
        <ele>896.5999755859375</ele>
        <time>2026-06-05T17:58:23.000Z</time>
      </trkpt>
      <trkpt lat="42.8861644025892" lon="-2.274189786985517">
        <ele>895.5999755859375</ele>
        <time>2026-06-05T17:58:28.000Z</time>
      </trkpt>
      <trkpt lat="42.886156775057316" lon="-2.274180231615901">
        <ele>895.4000244140625</ele>
        <time>2026-06-05T17:58:29.000Z</time>
      </trkpt>
      <trkpt lat="42.88613246753812" lon="-2.274134801700711">
        <ele>894</ele>
        <time>2026-06-05T17:58:35.000Z</time>
      </trkpt>
      <trkpt lat="42.88613313809037" lon="-2.274130443111062">
        <ele>893.5999755859375</ele>
        <time>2026-06-05T17:58:36.000Z</time>
      </trkpt>
      <trkpt lat="42.886136742308736" lon="-2.274120887741446">
        <ele>893.2000122070312</ele>
        <time>2026-06-05T17:58:37.000Z</time>
      </trkpt>
      <trkpt lat="42.88613414391875" lon="-2.274111332371831">
        <ele>892.7999877929688</ele>
        <time>2026-06-05T17:58:38.000Z</time>
      </trkpt>
      <trkpt lat="42.886114697903395" lon="-2.274090126156807">
        <ele>891.7999877929688</ele>
        <time>2026-06-05T17:58:42.000Z</time>
      </trkpt>
      <trkpt lat="42.88613104261458" lon="-2.274075876921415">
        <ele>891.5999755859375</ele>
        <time>2026-06-05T17:58:53.000Z</time>
      </trkpt>
      <trkpt lat="42.88616876117885" lon="-2.274043103680015">
        <ele>890.4000244140625</ele>
        <time>2026-06-05T17:58:57.000Z</time>
      </trkpt>
      <trkpt lat="42.88618954829872" lon="-2.274034889414907">
        <ele>889.4000244140625</ele>
        <time>2026-06-05T17:58:59.000Z</time>
      </trkpt>
      <trkpt lat="42.88619709201157" lon="-2.274028183892369">
        <ele>889</ele>
        <time>2026-06-05T17:59:00.000Z</time>
      </trkpt>
      <trkpt lat="42.8862196393311" lon="-2.273975796997547">
        <ele>887.7999877929688</ele>
        <time>2026-06-05T17:59:05.000Z</time>
      </trkpt>
      <trkpt lat="42.88622014224529" lon="-2.273967079818249">
        <ele>887.5999755859375</ele>
        <time>2026-06-05T17:59:06.000Z</time>
      </trkpt>
      <trkpt lat="42.88621695712209" lon="-2.273945873603225">
        <ele>886.7999877929688</ele>
        <time>2026-06-05T17:59:09.000Z</time>
      </trkpt>
      <trkpt lat="42.88620991632342" lon="-2.273940928280354">
        <ele>885.5999755859375</ele>
        <time>2026-06-05T17:59:12.000Z</time>
      </trkpt>
      <trkpt lat="42.88620891049504" lon="-2.273935060948133">
        <ele>885.4000244140625</ele>
        <time>2026-06-05T17:59:13.000Z</time>
      </trkpt>
      <trkpt lat="42.886195583269" lon="-2.273907316848636">
        <ele>884.4000244140625</ele>
        <time>2026-06-05T17:59:20.000Z</time>
      </trkpt>
      <trkpt lat="42.88619692437351" lon="-2.273898851126432">
        <ele>884.2000122070312</ele>
        <time>2026-06-05T17:59:21.000Z</time>
      </trkpt>
      <trkpt lat="42.88618787191808" lon="-2.273866329342127">
        <ele>883.4000244140625</ele>
        <time>2026-06-05T17:59:24.000Z</time>
      </trkpt>
      <trkpt lat="42.88616431877017" lon="-2.273837579414248">
        <ele>882.2000122070312</ele>
        <time>2026-06-05T17:59:28.000Z</time>
      </trkpt>
      <trkpt lat="42.886141100898385" lon="-2.27380245923996">
        <ele>881</ele>
        <time>2026-06-05T17:59:31.000Z</time>
      </trkpt>
      <trkpt lat="42.886121487244964" lon="-2.27376339957118">
        <ele>879.7999877929688</ele>
        <time>2026-06-05T17:59:34.000Z</time>
      </trkpt>
      <trkpt lat="42.886118637397885" lon="-2.273737248033285">
        <ele>878.7999877929688</ele>
        <time>2026-06-05T17:59:37.000Z</time>
      </trkpt>
      <trkpt lat="42.88610966876149" lon="-2.273719646036625">
        <ele>878.2000122070312</ele>
        <time>2026-06-05T17:59:39.000Z</time>
      </trkpt>
      <trkpt lat="42.88610656745732" lon="-2.273710677400231">
        <ele>877.5999755859375</ele>
        <time>2026-06-05T17:59:40.000Z</time>
      </trkpt>
      <trkpt lat="42.88610095158219" lon="-2.273691734299064">
        <ele>876.2000122070312</ele>
        <time>2026-06-05T17:59:43.000Z</time>
      </trkpt>
      <trkpt lat="42.886088378727436" lon="-2.273669354617596">
        <ele>875</ele>
        <time>2026-06-05T17:59:46.000Z</time>
      </trkpt>
      <trkpt lat="42.88607429713011" lon="-2.273650160059333">
        <ele>873.5999755859375</ele>
        <time>2026-06-05T17:59:50.000Z</time>
      </trkpt>
      <trkpt lat="42.88607622496784" lon="-2.273629792034626">
        <ele>873</ele>
        <time>2026-06-05T17:59:52.000Z</time>
      </trkpt>
      <trkpt lat="42.88607597351074" lon="-2.273623254150152">
        <ele>872.4000244140625</ele>
        <time>2026-06-05T17:59:53.000Z</time>
      </trkpt>
      <trkpt lat="42.88606566376984" lon="-2.273602969944477">
        <ele>871.2000122070312</ele>
        <time>2026-06-05T17:59:56.000Z</time>
      </trkpt>
      <trkpt lat="42.886058539152145" lon="-2.27358017116785">
        <ele>870.4000244140625</ele>
        <time>2026-06-05T17:59:58.000Z</time>
      </trkpt>
      <trkpt lat="42.88605325855315" lon="-2.273567263036966">
        <ele>870</ele>
        <time>2026-06-05T17:59:59.000Z</time>
      </trkpt>
      <trkpt lat="42.88604328408837" lon="-2.273539351299405">
        <ele>868.7999877929688</ele>
        <time>2026-06-05T18:00:02.000Z</time>
      </trkpt>
      <trkpt lat="42.886045295745134" lon="-2.273512613028288">
        <ele>867.5999755859375</ele>
        <time>2026-06-05T18:00:05.000Z</time>
      </trkpt>
      <trkpt lat="42.88604035042226" lon="-2.273470368236303">
        <ele>866.5999755859375</ele>
        <time>2026-06-05T18:00:09.000Z</time>
      </trkpt>
      <trkpt lat="42.88602392189205" lon="-2.27346433326602">
        <ele>865.7999877929688</ele>
        <time>2026-06-05T18:00:11.000Z</time>
      </trkpt>
      <trkpt lat="42.88601688109338" lon="-2.273463914170861">
        <ele>865.4000244140625</ele>
        <time>2026-06-05T18:00:12.000Z</time>
      </trkpt>
      <trkpt lat="42.886007660999894" lon="-2.273455364629626">
        <ele>864.4000244140625</ele>
        <time>2026-06-05T18:00:15.000Z</time>
      </trkpt>
      <trkpt lat="42.88600514642894" lon="-2.27342820726335">
        <ele>863.4000244140625</ele>
        <time>2026-06-05T18:00:18.000Z</time>
      </trkpt>
      <trkpt lat="42.88599919527769" lon="-2.273415299132466">
        <ele>863.2000122070312</ele>
        <time>2026-06-05T18:00:19.000Z</time>
      </trkpt>
      <trkpt lat="42.885991148650646" lon="-2.273396104574203">
        <ele>861.7999877929688</ele>
        <time>2026-06-05T18:00:22.000Z</time>
      </trkpt>
      <trkpt lat="42.88598729297519" lon="-2.27339006960392">
        <ele>860.4000244140625</ele>
        <time>2026-06-05T18:00:25.000Z</time>
      </trkpt>
      <trkpt lat="42.885982263833284" lon="-2.273372216150165">
        <ele>859.2000122070312</ele>
        <time>2026-06-05T18:00:29.000Z</time>
      </trkpt>
      <trkpt lat="42.88596382364631" lon="-2.273342963308096">
        <ele>858.4000244140625</ele>
        <time>2026-06-05T18:00:32.000Z</time>
      </trkpt>
      <trkpt lat="42.88596105761826" lon="-2.273338185623288">
        <ele>858.2000122070312</ele>
        <time>2026-06-05T18:00:33.000Z</time>
      </trkpt>
      <trkpt lat="42.88594638928771" lon="-2.273306837305427">
        <ele>856.7999877929688</ele>
        <time>2026-06-05T18:00:37.000Z</time>
      </trkpt>
      <trkpt lat="42.88594286888838" lon="-2.273301975801587">
        <ele>856.4000244140625</ele>
        <time>2026-06-05T18:00:38.000Z</time>
      </trkpt>
      <trkpt lat="42.885935325175524" lon="-2.273285128176212">
        <ele>855.5999755859375</ele>
        <time>2026-06-05T18:00:40.000Z</time>
      </trkpt>
      <trkpt lat="42.885913867503405" lon="-2.273249924182892">
        <ele>854.4000244140625</ele>
        <time>2026-06-05T18:00:44.000Z</time>
      </trkpt>
      <trkpt lat="42.885907078161836" lon="-2.273216648027301">
        <ele>853.2000122070312</ele>
        <time>2026-06-05T18:00:48.000Z</time>
      </trkpt>
      <trkpt lat="42.88590439595282" lon="-2.273191837593913">
        <ele>852.2000122070312</ele>
        <time>2026-06-05T18:00:51.000Z</time>
      </trkpt>
      <trkpt lat="42.885904563590884" lon="-2.273185299709439">
        <ele>852</ele>
        <time>2026-06-05T18:00:52.000Z</time>
      </trkpt>
      <trkpt lat="42.88590623997152" lon="-2.273173313587904">
        <ele>851</ele>
        <time>2026-06-05T18:00:56.000Z</time>
      </trkpt>
      <trkpt lat="42.88590280339122" lon="-2.273168535903096">
        <ele>850.5999755859375</ele>
        <time>2026-06-05T18:00:58.000Z</time>
      </trkpt>
      <trkpt lat="42.885891906917095" lon="-2.273148754611611">
        <ele>850.7999877929688</ele>
        <time>2026-06-05T18:01:04.000Z</time>
      </trkpt>
      <trkpt lat="42.88587070070207" lon="-2.273108270019293">
        <ele>849.5999755859375</ele>
        <time>2026-06-05T18:01:08.000Z</time>
      </trkpt>
      <trkpt lat="42.885859217494726" lon="-2.273096032440662">
        <ele>848.7999877929688</ele>
        <time>2026-06-05T18:01:10.000Z</time>
      </trkpt>
      <trkpt lat="42.88585343398154" lon="-2.273092679679394">
        <ele>848.5999755859375</ele>
        <time>2026-06-05T18:01:11.000Z</time>
      </trkpt>
      <trkpt lat="42.885828372091055" lon="-2.273062169551849">
        <ele>847.4000244140625</ele>
        <time>2026-06-05T18:01:15.000Z</time>
      </trkpt>
      <trkpt lat="42.88580423220992" lon="-2.27304607629776">
        <ele>846.2000122070312</ele>
        <time>2026-06-05T18:01:18.000Z</time>
      </trkpt>
      <trkpt lat="42.885792749002576" lon="-2.27301531471312">
        <ele>845.2000122070312</ele>
        <time>2026-06-05T18:01:21.000Z</time>
      </trkpt>
      <trkpt lat="42.88578428328037" lon="-2.272986145690084">
        <ele>844</ele>
        <time>2026-06-05T18:01:24.000Z</time>
      </trkpt>
      <trkpt lat="42.88577573373914" lon="-2.272955384105444">
        <ele>842.7999877929688</ele>
        <time>2026-06-05T18:01:27.000Z</time>
      </trkpt>
      <trkpt lat="42.885752096772194" lon="-2.27291121147573">
        <ele>841.4000244140625</ele>
        <time>2026-06-05T18:01:32.000Z</time>
      </trkpt>
      <trkpt lat="42.88572167046368" lon="-2.272885646671057">
        <ele>840.4000244140625</ele>
        <time>2026-06-05T18:01:36.000Z</time>
      </trkpt>
      <trkpt lat="42.88569325581193" lon="-2.272849017754197">
        <ele>839.5999755859375</ele>
        <time>2026-06-05T18:01:41.000Z</time>
      </trkpt>
      <trkpt lat="42.88567129522562" lon="-2.27282278239727">
        <ele>839.2000122070312</ele>
        <time>2026-06-05T18:01:43.000Z</time>
      </trkpt>
      <trkpt lat="42.88562837988138" lon="-2.27275975048542">
        <ele>838.2000122070312</ele>
        <time>2026-06-05T18:01:48.000Z</time>
      </trkpt>
      <trkpt lat="42.88558873347938" lon="-2.272715494036674">
        <ele>837.7999877929688</ele>
        <time>2026-06-05T18:01:53.000Z</time>
      </trkpt>
      <trkpt lat="42.88557155057788" lon="-2.272683307528496">
        <ele>837</ele>
        <time>2026-06-05T18:01:57.000Z</time>
      </trkpt>
      <trkpt lat="42.885565012693405" lon="-2.27265564724803">
        <ele>836.2000122070312</ele>
        <time>2026-06-05T18:02:00.000Z</time>
      </trkpt>
      <trkpt lat="42.88556199520826" lon="-2.27264248766005">
        <ele>835.7999877929688</ele>
        <time>2026-06-05T18:02:01.000Z</time>
      </trkpt>
      <trkpt lat="42.88554766215384" lon="-2.272608960047364">
        <ele>834.5999755859375</ele>
        <time>2026-06-05T18:02:04.000Z</time>
      </trkpt>
      <trkpt lat="42.88553458638489" lon="-2.272570487111807">
        <ele>833.4000244140625</ele>
        <time>2026-06-05T18:02:07.000Z</time>
      </trkpt>
      <trkpt lat="42.88553056307137" lon="-2.272554310038686">
        <ele>833</ele>
        <time>2026-06-05T18:02:08.000Z</time>
      </trkpt>
      <trkpt lat="42.885520001873374" lon="-2.272524805739522">
        <ele>832.2000122070312</ele>
        <time>2026-06-05T18:02:10.000Z</time>
      </trkpt>
      <trkpt lat="42.88549670018256" lon="-2.272499073296785">
        <ele>831.2000122070312</ele>
        <time>2026-06-05T18:02:14.000Z</time>
      </trkpt>
      <trkpt lat="42.885490749031305" lon="-2.27249245159328">
        <ele>831</ele>
        <time>2026-06-05T18:02:15.000Z</time>
      </trkpt>
      <trkpt lat="42.88546803407371" lon="-2.272484404966235">
        <ele>830.7999877929688</ele>
        <time>2026-06-05T18:02:17.000Z</time>
      </trkpt>
      <trkpt lat="42.885432578623295" lon="-2.272444423288107">
        <ele>830</ele>
        <time>2026-06-05T18:02:21.000Z</time>
      </trkpt>
      <trkpt lat="42.88542645983398" lon="-2.27243578992784">
        <ele>829.5999755859375</ele>
        <time>2026-06-05T18:02:22.000Z</time>
      </trkpt>
      <trkpt lat="42.88541824556887" lon="-2.272414918988943">
        <ele>828.7999877929688</ele>
        <time>2026-06-05T18:02:25.000Z</time>
      </trkpt>
      <trkpt lat="42.88540684618056" lon="-2.272394634783268">
        <ele>828.4000244140625</ele>
        <time>2026-06-05T18:02:28.000Z</time>
      </trkpt>
      <trkpt lat="42.88539469242096" lon="-2.272385749965906">
        <ele>827.5999755859375</ele>
        <time>2026-06-05T18:02:32.000Z</time>
      </trkpt>
      <trkpt lat="42.88539947010577" lon="-2.272391114383936">
        <ele>827.4000244140625</ele>
        <time>2026-06-05T18:02:38.000Z</time>
      </trkpt>
      <trkpt lat="42.88541128858924" lon="-2.272390695288777">
        <ele>826.5999755859375</ele>
        <time>2026-06-05T18:02:46.000Z</time>
      </trkpt>
      <trkpt lat="42.88541916757822" lon="-2.272393545135856">
        <ele>826.2000122070312</ele>
        <time>2026-06-05T18:02:50.000Z</time>
      </trkpt>
      <trkpt lat="42.88543333299458" lon="-2.272409135475755">
        <ele>825.5999755859375</ele>
        <time>2026-06-05T18:02:54.000Z</time>
      </trkpt>
      <trkpt lat="42.88542436435819" lon="-2.272408716380596">
        <ele>824.7999877929688</ele>
        <time>2026-06-05T18:03:00.000Z</time>
      </trkpt>
      <trkpt lat="42.88541262969375" lon="-2.272372087463737">
        <ele>824.5999755859375</ele>
        <time>2026-06-05T18:03:03.000Z</time>
      </trkpt>
      <trkpt lat="42.88543978706002" lon="-2.272354904562235">
        <ele>823.4000244140625</ele>
        <time>2026-06-05T18:03:07.000Z</time>
      </trkpt>
      <trkpt lat="42.88544154725969" lon="-2.272355323657393">
        <ele>823</ele>
        <time>2026-06-05T18:03:08.000Z</time>
      </trkpt>
      <trkpt lat="42.88545202463865" lon="-2.272297823801637">
        <ele>822.4000244140625</ele>
        <time>2026-06-05T18:03:12.000Z</time>
      </trkpt>
      <trkpt lat="42.88545244373381" lon="-2.272289525717497">
        <ele>822.2000122070312</ele>
        <time>2026-06-05T18:03:13.000Z</time>
      </trkpt>
      <trkpt lat="42.88545864634216" lon="-2.272281562909484">
        <ele>821.5999755859375</ele>
        <time>2026-06-05T18:03:16.000Z</time>
      </trkpt>
      <trkpt lat="42.8854651004076" lon="-2.272281311452389">
        <ele>821.2000122070312</ele>
        <time>2026-06-05T18:03:17.000Z</time>
      </trkpt>
      <trkpt lat="42.88547390140593" lon="-2.272276114672422">
        <ele>821</ele>
        <time>2026-06-05T18:03:18.000Z</time>
      </trkpt>
      <trkpt lat="42.88549778982997" lon="-2.272232864052057">
        <ele>820</ele>
        <time>2026-06-05T18:03:21.000Z</time>
      </trkpt>
      <trkpt lat="42.88551036268473" lon="-2.272206293419003">
        <ele>819</ele>
        <time>2026-06-05T18:03:24.000Z</time>
      </trkpt>
      <trkpt lat="42.885507848113775" lon="-2.272206377238035">
        <ele>817.7999877929688</ele>
        <time>2026-06-05T18:03:28.000Z</time>
      </trkpt>
      <trkpt lat="42.88550742901862" lon="-2.272202940657735">
        <ele>817.4000244140625</ele>
        <time>2026-06-05T18:03:30.000Z</time>
      </trkpt>
      <trkpt lat="42.88551379926503" lon="-2.272200677543879">
        <ele>816.5999755859375</ele>
        <time>2026-06-05T18:03:39.000Z</time>
      </trkpt>
      <trkpt lat="42.88551405072212" lon="-2.272200426086783">
        <ele>816.5999755859375</ele>
        <time>2026-06-05T18:03:40.000Z</time>
      </trkpt>
      <trkpt lat="42.88551053032279" lon="-2.272204449400306">
        <ele>816.4000244140625</ele>
        <time>2026-06-05T18:03:42.000Z</time>
      </trkpt>
      <trkpt lat="42.88550072349608" lon="-2.272195313125849">
        <ele>816</ele>
        <time>2026-06-05T18:03:49.000Z</time>
      </trkpt>
      <trkpt lat="42.88548798300326" lon="-2.272179806604981">
        <ele>815.4000244140625</ele>
        <time>2026-06-05T18:03:55.000Z</time>
      </trkpt>
      <trkpt lat="42.88547499105334" lon="-2.272179806604981">
        <ele>814.5999755859375</ele>
        <time>2026-06-05T18:03:58.000Z</time>
      </trkpt>
      <trkpt lat="42.88547323085368" lon="-2.272179806604981">
        <ele>814.4000244140625</ele>
        <time>2026-06-05T18:04:00.000Z</time>
      </trkpt>
      <trkpt lat="42.885494688525796" lon="-2.272156504914165">
        <ele>814.2000122070312</ele>
        <time>2026-06-05T18:04:05.000Z</time>
      </trkpt>
      <trkpt lat="42.885510697960854" lon="-2.272121552377939">
        <ele>814.7999877929688</ele>
        <time>2026-06-05T18:04:14.000Z</time>
      </trkpt>
      <trkpt lat="42.88550407625735" lon="-2.272114427760243">
        <ele>815</ele>
        <time>2026-06-05T18:04:16.000Z</time>
      </trkpt>
      <trkpt lat="42.88549988530576" lon="-2.272113002836704">
        <ele>815.2000122070312</ele>
        <time>2026-06-05T18:04:20.000Z</time>
      </trkpt>
      <trkpt lat="42.88549477234483" lon="-2.272119959816337">
        <ele>815.2000122070312</ele>
        <time>2026-06-05T18:04:25.000Z</time>
      </trkpt>
      <trkpt lat="42.88553307764232" lon="-2.272134963423014">
        <ele>813</ele>
        <time>2026-06-05T18:04:33.000Z</time>
      </trkpt>
      <trkpt lat="42.88554162718356" lon="-2.272123731672764">
        <ele>811.7999877929688</ele>
        <time>2026-06-05T18:04:36.000Z</time>
      </trkpt>
      <trkpt lat="42.88554531522095" lon="-2.272113589569926">
        <ele>810.7999877929688</ele>
        <time>2026-06-05T18:04:39.000Z</time>
      </trkpt>
      <trkpt lat="42.88554036989808" lon="-2.272113841027021">
        <ele>810.2000122070312</ele>
        <time>2026-06-05T18:04:41.000Z</time>
      </trkpt>
      <trkpt lat="42.885544477030635" lon="-2.272110320627689">
        <ele>809.5999755859375</ele>
        <time>2026-06-05T18:04:43.000Z</time>
      </trkpt>
      <trkpt lat="42.88555394858122" lon="-2.272101268172264">
        <ele>808.5999755859375</ele>
        <time>2026-06-05T18:04:47.000Z</time>
      </trkpt>
      <trkpt lat="42.88555394858122" lon="-2.272107806056738">
        <ele>808.7999877929688</ele>
        <time>2026-06-05T18:04:50.000Z</time>
      </trkpt>
      <trkpt lat="42.88555696606636" lon="-2.272092970088124">
        <ele>808</ele>
        <time>2026-06-05T18:04:56.000Z</time>
      </trkpt>
      <trkpt lat="42.88555948063731" lon="-2.272089533507824">
        <ele>807.5999755859375</ele>
        <time>2026-06-05T18:04:57.000Z</time>
      </trkpt>
      <trkpt lat="42.885557636618614" lon="-2.272080816328526">
        <ele>806.7999877929688</ele>
        <time>2026-06-05T18:04:59.000Z</time>
      </trkpt>
      <trkpt lat="42.88555981591344" lon="-2.27207369171083">
        <ele>806.4000244140625</ele>
        <time>2026-06-05T18:05:00.000Z</time>
      </trkpt>
      <trkpt lat="42.88557356223464" lon="-2.272062543779612">
        <ele>805</ele>
        <time>2026-06-05T18:05:04.000Z</time>
      </trkpt>
      <trkpt lat="42.885599629953504" lon="-2.272062795236707">
        <ele>804</ele>
        <time>2026-06-05T18:05:08.000Z</time>
      </trkpt>
      <trkpt lat="42.88563466630876" lon="-2.272052736952901">
        <ele>802.7999877929688</ele>
        <time>2026-06-05T18:05:12.000Z</time>
      </trkpt>
      <trkpt lat="42.88565956056118" lon="-2.272040415555239">
        <ele>802</ele>
        <time>2026-06-05T18:05:14.000Z</time>
      </trkpt>
      <trkpt lat="42.885664673522115" lon="-2.272037398070097">
        <ele>801.5999755859375</ele>
        <time>2026-06-05T18:05:15.000Z</time>
      </trkpt>
      <trkpt lat="42.88568940013647" lon="-2.272053742781281">
        <ele>800.5999755859375</ele>
        <time>2026-06-05T18:05:18.000Z</time>
      </trkpt>
      <trkpt lat="42.88570306263864" lon="-2.272078553214669">
        <ele>799.5999755859375</ele>
        <time>2026-06-05T18:05:22.000Z</time>
      </trkpt>
      <trkpt lat="42.885704319924116" lon="-2.272083666175604">
        <ele>799.4000244140625</ele>
        <time>2026-06-05T18:05:23.000Z</time>
      </trkpt>
      <trkpt lat="42.8857396915555" lon="-2.272093305364251">
        <ele>798.5999755859375</ele>
        <time>2026-06-05T18:05:27.000Z</time>
      </trkpt>
      <trkpt lat="42.885749246925116" lon="-2.272089030593634">
        <ele>798.2000122070312</ele>
        <time>2026-06-05T18:05:28.000Z</time>
      </trkpt>
      <trkpt lat="42.88574949838221" lon="-2.272080229595304">
        <ele>798</ele>
        <time>2026-06-05T18:05:29.000Z</time>
      </trkpt>
      <trkpt lat="42.88574220612645" lon="-2.272066986188293">
        <ele>797.2000122070312</ele>
        <time>2026-06-05T18:05:32.000Z</time>
      </trkpt>
      <trkpt lat="42.885738015174866" lon="-2.272055838257074">
        <ele>797.2000122070312</ele>
        <time>2026-06-05T18:05:36.000Z</time>
      </trkpt>
      <trkpt lat="42.8857396915555" lon="-2.272051395848393">
        <ele>797.2000122070312</ele>
        <time>2026-06-05T18:05:37.000Z</time>
      </trkpt>
      <trkpt lat="42.88574011065066" lon="-2.272049635648727">
        <ele>797.2000122070312</ele>
        <time>2026-06-05T18:05:38.000Z</time>
      </trkpt>
      <trkpt lat="42.88573030382395" lon="-2.272005379199982">
        <ele>796.7999877929688</ele>
        <time>2026-06-05T18:05:45.000Z</time>
      </trkpt>
      <trkpt lat="42.88571823388338" lon="-2.27201946079731">
        <ele>797</ele>
        <time>2026-06-05T18:05:55.000Z</time>
      </trkpt>
      <trkpt lat="42.885717228055" lon="-2.27204192429781">
        <ele>797</ele>
        <time>2026-06-05T18:06:00.000Z</time>
      </trkpt>
      <trkpt lat="42.88572108373046" lon="-2.272044438868761">
        <ele>796.5999755859375</ele>
        <time>2026-06-05T18:06:04.000Z</time>
      </trkpt>
      <trkpt lat="42.885718988254666" lon="-2.272042008116841">
        <ele>796.4000244140625</ele>
        <time>2026-06-05T18:06:09.000Z</time>
      </trkpt>
      <trkpt lat="42.88571815006435" lon="-2.272036643698812">
        <ele>796.2000122070312</ele>
        <time>2026-06-05T18:06:11.000Z</time>
      </trkpt>
      <trkpt lat="42.885717395693064" lon="-2.272029183804989">
        <ele>795.7999877929688</ele>
        <time>2026-06-05T18:06:16.000Z</time>
      </trkpt>
      <trkpt lat="42.885728627443314" lon="-2.272010911256075">
        <ele>795.2000122070312</ele>
        <time>2026-06-05T18:06:23.000Z</time>
      </trkpt>
      <trkpt lat="42.885726783424616" lon="-2.272000517696142">
        <ele>794.7999877929688</ele>
        <time>2026-06-05T18:06:26.000Z</time>
      </trkpt>
      <trkpt lat="42.88573139347136" lon="-2.272017281502485">
        <ele>794.7999877929688</ele>
        <time>2026-06-05T18:06:35.000Z</time>
      </trkpt>
      <trkpt lat="42.88572737015784" lon="-2.272018035873771">
        <ele>795</ele>
        <time>2026-06-05T18:06:42.000Z</time>
      </trkpt>
      <trkpt lat="42.88572510704398" lon="-2.272018287330866">
        <ele>795</ele>
        <time>2026-06-05T18:06:43.000Z</time>
      </trkpt>
      <trkpt lat="42.8857312258333" lon="-2.272029519081116">
        <ele>795.2000122070312</ele>
        <time>2026-06-05T18:06:52.000Z</time>
      </trkpt>
      <trkpt lat="42.88574882782996" lon="-2.272032452747226">
        <ele>795</ele>
        <time>2026-06-05T18:07:00.000Z</time>
      </trkpt>
      <trkpt lat="42.885734997689724" lon="-2.272021220996976">
        <ele>794.2000122070312</ele>
        <time>2026-06-05T18:07:08.000Z</time>
      </trkpt>
      <trkpt lat="42.88573273457587" lon="-2.272021640092134">
        <ele>794</ele>
        <time>2026-06-05T18:07:09.000Z</time>
      </trkpt>
      <trkpt lat="42.885734578594565" lon="-2.272004373371601">
        <ele>793</ele>
        <time>2026-06-05T18:07:15.000Z</time>
      </trkpt>
      <trkpt lat="42.88574161939323" lon="-2.272004038095474">
        <ele>792.7999877929688</ele>
        <time>2026-06-05T18:07:16.000Z</time>
      </trkpt>
      <trkpt lat="42.88577766157687" lon="-2.271996578201652">
        <ele>792</ele>
        <time>2026-06-05T18:07:20.000Z</time>
      </trkpt>
      <trkpt lat="42.885797610506415" lon="-2.271987777203321">
        <ele>791.2000122070312</ele>
        <time>2026-06-05T18:07:23.000Z</time>
      </trkpt>
      <trkpt lat="42.885794676840305" lon="-2.271977886557579">
        <ele>791</ele>
        <time>2026-06-05T18:07:26.000Z</time>
      </trkpt>
      <trkpt lat="42.88577548228204" lon="-2.271941676735878">
        <ele>790.4000244140625</ele>
        <time>2026-06-05T18:07:31.000Z</time>
      </trkpt>
      <trkpt lat="42.885773135349154" lon="-2.271923068910837">
        <ele>789.7999877929688</ele>
        <time>2026-06-05T18:07:33.000Z</time>
      </trkpt>
      <trkpt lat="42.885799035429955" lon="-2.271915189921856">
        <ele>789.4000244140625</ele>
        <time>2026-06-05T18:07:38.000Z</time>
      </trkpt>
      <trkpt lat="42.88584027439356" lon="-2.271914770826697">
        <ele>789.4000244140625</ele>
        <time>2026-06-05T18:07:45.000Z</time>
      </trkpt>
      <trkpt lat="42.885837173089385" lon="-2.271917788311839">
        <ele>789.2000122070312</ele>
        <time>2026-06-05T18:07:48.000Z</time>
      </trkpt>
      <trkpt lat="42.88581303320825" lon="-2.271912172436714">
        <ele>788.7999877929688</ele>
        <time>2026-06-05T18:07:53.000Z</time>
      </trkpt>
      <trkpt lat="42.88577095605433" lon="-2.271901192143559">
        <ele>788.4000244140625</ele>
        <time>2026-06-05T18:07:56.000Z</time>
      </trkpt>
      <trkpt lat="42.88573239929974" lon="-2.271863976493478">
        <ele>789</ele>
        <time>2026-06-05T18:08:02.000Z</time>
      </trkpt>
      <trkpt lat="42.88570490665734" lon="-2.27186213247478">
        <ele>788.7999877929688</ele>
        <time>2026-06-05T18:08:09.000Z</time>
      </trkpt>
      <trkpt lat="42.88569392636418" lon="-2.271867915987968">
        <ele>789</ele>
        <time>2026-06-05T18:08:16.000Z</time>
      </trkpt>
      <trkpt lat="42.885700380429626" lon="-2.2718420997262">
        <ele>789.2000122070312</ele>
        <time>2026-06-05T18:08:26.000Z</time>
      </trkpt>
      <trkpt lat="42.885637264698744" lon="-2.271802369505167">
        <ele>788.2000122070312</ele>
        <time>2026-06-05T18:08:32.000Z</time>
      </trkpt>
      <trkpt lat="42.88563475012779" lon="-2.271772027015686">
        <ele>788.5999755859375</ele>
        <time>2026-06-05T18:08:35.000Z</time>
      </trkpt>
      <trkpt lat="42.88559309206903" lon="-2.271735733374953">
        <ele>789.7999877929688</ele>
        <time>2026-06-05T18:08:42.000Z</time>
      </trkpt>
      <trkpt lat="42.88558186031878" lon="-2.271731710061431">
        <ele>789.7999877929688</ele>
        <time>2026-06-05T18:08:43.000Z</time>
      </trkpt>
      <trkpt lat="42.885544477030635" lon="-2.271713437512517">
        <ele>790</ele>
        <time>2026-06-05T18:08:46.000Z</time>
      </trkpt>
      <trkpt lat="42.88550625555217" lon="-2.271713018417358">
        <ele>789.7999877929688</ele>
        <time>2026-06-05T18:08:49.000Z</time>
      </trkpt>
      <trkpt lat="42.885480523109436" lon="-2.271695081144571">
        <ele>790.2000122070312</ele>
        <time>2026-06-05T18:08:55.000Z</time>
      </trkpt>
      <trkpt lat="42.8854479175061" lon="-2.271672114729881">
        <ele>789.2000122070312</ele>
        <time>2026-06-05T18:08:59.000Z</time>
      </trkpt>
      <trkpt lat="42.88542117923498" lon="-2.271653171628714">
        <ele>790</ele>
        <time>2026-06-05T18:09:06.000Z</time>
      </trkpt>
      <trkpt lat="42.88538438268006" lon="-2.271648896858096">
        <ele>788.7999877929688</ele>
        <time>2026-06-05T18:09:13.000Z</time>
      </trkpt>
      <trkpt lat="42.88538253866136" lon="-2.27164663374424">
        <ele>788</ele>
        <time>2026-06-05T18:09:19.000Z</time>
      </trkpt>
      <trkpt lat="42.88539066910744" lon="-2.271649148315191">
        <ele>788</ele>
        <time>2026-06-05T18:09:26.000Z</time>
      </trkpt>
      <trkpt lat="42.88539226166904" lon="-2.271647388115525">
        <ele>787.7999877929688</ele>
        <time>2026-06-05T18:09:28.000Z</time>
      </trkpt>
      <trkpt lat="42.8853892441839" lon="-2.271647555753589">
        <ele>787.7999877929688</ele>
        <time>2026-06-05T18:09:30.000Z</time>
      </trkpt>
      <trkpt lat="42.88538840599358" lon="-2.2716383356601">
        <ele>787.4000244140625</ele>
        <time>2026-06-05T18:09:34.000Z</time>
      </trkpt>
      <trkpt lat="42.885373653844" lon="-2.271634647622705">
        <ele>787.5999755859375</ele>
        <time>2026-06-05T18:09:41.000Z</time>
      </trkpt>
      <trkpt lat="42.885356806218624" lon="-2.271632887423038">
        <ele>787.5999755859375</ele>
        <time>2026-06-05T18:09:45.000Z</time>
      </trkpt>
      <trkpt lat="42.88534825667739" lon="-2.271632552146912">
        <ele>787.4000244140625</ele>
        <time>2026-06-05T18:09:47.000Z</time>
      </trkpt>
      <trkpt lat="42.885356387123466" lon="-2.271634479984641">
        <ele>787.2000122070312</ele>
        <time>2026-06-05T18:09:50.000Z</time>
      </trkpt>
      <trkpt lat="42.88534297607839" lon="-2.271629115566611">
        <ele>786.5999755859375</ele>
        <time>2026-06-05T18:09:54.000Z</time>
      </trkpt>
      <trkpt lat="42.885334426537156" lon="-2.271626936271787">
        <ele>786.2000122070312</ele>
        <time>2026-06-05T18:09:56.000Z</time>
      </trkpt>
      <trkpt lat="42.88530768826604" lon="-2.271616207435727">
        <ele>785.5999755859375</ele>
        <time>2026-06-05T18:10:00.000Z</time>
      </trkpt>
      <trkpt lat="42.88530039601028" lon="-2.271619560196996">
        <ele>785.4000244140625</ele>
        <time>2026-06-05T18:10:01.000Z</time>
      </trkpt>
      <trkpt lat="42.88527558557689" lon="-2.271616123616695">
        <ele>786</ele>
        <time>2026-06-05T18:10:08.000Z</time>
      </trkpt>
      <trkpt lat="42.885242979973555" lon="-2.271614279597998">
        <ele>786.2000122070312</ele>
        <time>2026-06-05T18:10:12.000Z</time>
      </trkpt>
      <trkpt lat="42.885242057964206" lon="-2.271606232970953">
        <ele>786.5999755859375</ele>
        <time>2026-06-05T18:10:14.000Z</time>
      </trkpt>
      <trkpt lat="42.88525681011379" lon="-2.271588463336229">
        <ele>787.2000122070312</ele>
        <time>2026-06-05T18:10:19.000Z</time>
      </trkpt>
      <trkpt lat="42.885268377140164" lon="-2.271570609882474">
        <ele>786.5999755859375</ele>
        <time>2026-06-05T18:10:23.000Z</time>
      </trkpt>
      <trkpt lat="42.88526753894985" lon="-2.271553678438067">
        <ele>785.5999755859375</ele>
        <time>2026-06-05T18:10:27.000Z</time>
      </trkpt>
      <trkpt lat="42.88524482399225" lon="-2.271533142775297">
        <ele>784.5999755859375</ele>
        <time>2026-06-05T18:10:31.000Z</time>
      </trkpt>
      <trkpt lat="42.88524214178324" lon="-2.271531969308853">
        <ele>784.5999755859375</ele>
        <time>2026-06-05T18:10:32.000Z</time>
      </trkpt>
      <trkpt lat="42.885228814557195" lon="-2.271521743386984">
        <ele>784.4000244140625</ele>
        <time>2026-06-05T18:10:36.000Z</time>
      </trkpt>
      <trkpt lat="42.88517232052982" lon="-2.271501962095499">
        <ele>784.2000122070312</ele>
        <time>2026-06-05T18:10:41.000Z</time>
      </trkpt>
      <trkpt lat="42.8851577360183" lon="-2.271493747830391">
        <ele>784.4000244140625</ele>
        <time>2026-06-05T18:10:42.000Z</time>
      </trkpt>
      <trkpt lat="42.8850506991148" lon="-2.271462399512529">
        <ele>785</ele>
        <time>2026-06-05T18:10:49.000Z</time>
      </trkpt>
      <trkpt lat="42.88498766720295" lon="-2.271454520523548">
        <ele>785.4000244140625</ele>
        <time>2026-06-05T18:10:54.000Z</time>
      </trkpt>
      <trkpt lat="42.884967382997274" lon="-2.271452844142914">
        <ele>785.5999755859375</ele>
        <time>2026-06-05T18:10:56.000Z</time>
      </trkpt>
      <trkpt lat="42.88493796251714" lon="-2.271455442532897">
        <ele>786.2000122070312</ele>
        <time>2026-06-05T18:10:59.000Z</time>
      </trkpt>
      <trkpt lat="42.88492513820529" lon="-2.271468853577971">
        <ele>785.7999877929688</ele>
        <time>2026-06-05T18:11:05.000Z</time>
      </trkpt>
      <trkpt lat="42.88491675630212" lon="-2.27146684192121">
        <ele>785.2000122070312</ele>
        <time>2026-06-05T18:11:09.000Z</time>
      </trkpt>
      <trkpt lat="42.88491038605571" lon="-2.271448485553265">
        <ele>784.5999755859375</ele>
        <time>2026-06-05T18:11:12.000Z</time>
      </trkpt>
      <trkpt lat="42.88489831611514" lon="-2.271470697596669">
        <ele>784.5999755859375</ele>
        <time>2026-06-05T18:11:14.000Z</time>
      </trkpt>
      <trkpt lat="42.88490233942866" lon="-2.271475307643414">
        <ele>785.2000122070312</ele>
        <time>2026-06-05T18:11:18.000Z</time>
      </trkpt>
      <trkpt lat="42.884895550087094" lon="-2.271477151662111">
        <ele>785</ele>
        <time>2026-06-05T18:11:23.000Z</time>
      </trkpt>
      <trkpt lat="42.8848971426487" lon="-2.271479247137904">
        <ele>784.5999755859375</ele>
        <time>2026-06-05T18:11:27.000Z</time>
      </trkpt>
      <trkpt lat="42.88488607853651" lon="-2.271496094763279">
        <ele>784.2000122070312</ele>
        <time>2026-06-05T18:11:32.000Z</time>
      </trkpt>
      <trkpt lat="42.884885743260384" lon="-2.271495927125216">
        <ele>783.4000244140625</ele>
        <time>2026-06-05T18:11:34.000Z</time>
      </trkpt>
      <trkpt lat="42.88486210629344" lon="-2.271467093378305">
        <ele>782.4000244140625</ele>
        <time>2026-06-05T18:11:38.000Z</time>
      </trkpt>
      <trkpt lat="42.88484198972583" lon="-2.271467596292496">
        <ele>781.5999755859375</ele>
        <time>2026-06-05T18:11:43.000Z</time>
      </trkpt>
      <trkpt lat="42.88484450429678" lon="-2.271480085328221">
        <ele>781.2000122070312</ele>
        <time>2026-06-05T18:11:44.000Z</time>
      </trkpt>
      <trkpt lat="42.884828578680754" lon="-2.271503135561943">
        <ele>781</ele>
        <time>2026-06-05T18:11:49.000Z</time>
      </trkpt>
      <trkpt lat="42.884826231747866" lon="-2.271534064784646">
        <ele>780.7999877929688</ele>
        <time>2026-06-05T18:11:55.000Z</time>
      </trkpt>
      <trkpt lat="42.884834529832006" lon="-2.271550577133894">
        <ele>781</ele>
        <time>2026-06-05T18:12:03.000Z</time>
      </trkpt>
      <trkpt lat="42.88482497446239" lon="-2.271533058956265">
        <ele>781.4000244140625</ele>
        <time>2026-06-05T18:12:08.000Z</time>
      </trkpt>
      <trkpt lat="42.88482598029077" lon="-2.271529957652092">
        <ele>781.4000244140625</ele>
        <time>2026-06-05T18:12:13.000Z</time>
      </trkpt>
      <trkpt lat="42.884839391335845" lon="-2.271527862176299">
        <ele>780.7999877929688</ele>
        <time>2026-06-05T18:12:22.000Z</time>
      </trkpt>
      <trkpt lat="42.88486118428409" lon="-2.271523671224713">
        <ele>780.4000244140625</ele>
        <time>2026-06-05T18:12:30.000Z</time>
      </trkpt>
      <trkpt lat="42.88483469747007" lon="-2.271525096148252">
        <ele>780.4000244140625</ele>
        <time>2026-06-05T18:12:36.000Z</time>
      </trkpt>
      <trkpt lat="42.8848297521472" lon="-2.271533561870456">
        <ele>780.2000122070312</ele>
        <time>2026-06-05T18:12:39.000Z</time>
      </trkpt>
      <trkpt lat="42.88482824340463" lon="-2.271527023985982">
        <ele>780.4000244140625</ele>
        <time>2026-06-05T18:12:41.000Z</time>
      </trkpt>
      <trkpt lat="42.88485271856189" lon="-2.271525012329221">
        <ele>780.5999755859375</ele>
        <time>2026-06-05T18:12:49.000Z</time>
      </trkpt>
      <trkpt lat="42.884837966412306" lon="-2.271501459181309">
        <ele>780.5999755859375</ele>
        <time>2026-06-05T18:12:54.000Z</time>
      </trkpt>
      <trkpt lat="42.884846264496446" lon="-2.271488970145583">
        <ele>780.4000244140625</ele>
        <time>2026-06-05T18:13:03.000Z</time>
      </trkpt>
      <trkpt lat="42.88484517484903" lon="-2.271511349827051">
        <ele>780.2000122070312</ele>
        <time>2026-06-05T18:13:10.000Z</time>
      </trkpt>
      <trkpt lat="42.88484266027808" lon="-2.271521240472794">
        <ele>779.7999877929688</ele>
        <time>2026-06-05T18:13:19.000Z</time>
      </trkpt>
      <trkpt lat="42.884848192334175" lon="-2.271549822762609">
        <ele>780</ele>
        <time>2026-06-05T18:13:28.000Z</time>
      </trkpt>
      <trkpt lat="42.88483486510813" lon="-2.271544793620706">
        <ele>779.5999755859375</ele>
        <time>2026-06-05T18:13:34.000Z</time>
      </trkpt>
      <trkpt lat="42.88483092561364" lon="-2.271531634032726">
        <ele>779.5999755859375</ele>
        <time>2026-06-05T18:13:43.000Z</time>
      </trkpt>
      <trkpt lat="42.884833104908466" lon="-2.271510679274797">
        <ele>779.2000122070312</ele>
        <time>2026-06-05T18:13:52.000Z</time>
      </trkpt>
      <trkpt lat="42.884838972240686" lon="-2.271510092541575">
        <ele>779.2000122070312</ele>
        <time>2026-06-05T18:13:56.000Z</time>
      </trkpt>
      <trkpt lat="42.884841822087765" lon="-2.271504811942577">
        <ele>779</ele>
        <time>2026-06-05T18:14:01.000Z</time>
      </trkpt>
      <trkpt lat="42.88482044823468" lon="-2.271542865782976">
        <ele>778.7999877929688</ele>
        <time>2026-06-05T18:14:11.000Z</time>
      </trkpt>
      <trkpt lat="42.88483947515488" lon="-2.271529119461775">
        <ele>778.5999755859375</ele>
        <time>2026-06-05T18:14:17.000Z</time>
      </trkpt>
      <trkpt lat="42.884850120171905" lon="-2.27152157574892">
        <ele>778.5999755859375</ele>
        <time>2026-06-05T18:14:18.000Z</time>
      </trkpt>
      <trkpt lat="42.88486654870212" lon="-2.27151277475059">
        <ele>778.5999755859375</ele>
        <time>2026-06-05T18:14:20.000Z</time>
      </trkpt>
      <trkpt lat="42.88486990146339" lon="-2.271515792235732">
        <ele>778.7999877929688</ele>
        <time>2026-06-05T18:14:21.000Z</time>
      </trkpt>
      <trkpt lat="42.884843749925494" lon="-2.271501878276467">
        <ele>779</ele>
        <time>2026-06-05T18:14:27.000Z</time>
      </trkpt>
      <trkpt lat="42.884846180677414" lon="-2.271507661789656">
        <ele>778.7999877929688</ele>
        <time>2026-06-05T18:14:33.000Z</time>
      </trkpt>
      <trkpt lat="42.88485816679895" lon="-2.271514032036066">
        <ele>778.5999755859375</ele>
        <time>2026-06-05T18:14:37.000Z</time>
      </trkpt>
      <trkpt lat="42.884861854836345" lon="-2.271513780578971">
        <ele>778.4000244140625</ele>
        <time>2026-06-05T18:14:39.000Z</time>
      </trkpt>
      <trkpt lat="42.88486462086439" lon="-2.271514534950256">
        <ele>778.4000244140625</ele>
        <time>2026-06-05T18:14:40.000Z</time>
      </trkpt>
      <trkpt lat="42.88486520759761" lon="-2.271515456959605">
        <ele>778.2000122070312</ele>
        <time>2026-06-05T18:14:41.000Z</time>
      </trkpt>
      <trkpt lat="42.8848693985492" lon="-2.271523335948586">
        <ele>778</ele>
        <time>2026-06-05T18:14:47.000Z</time>
      </trkpt>
      <trkpt lat="42.88485003635287" lon="-2.27154009975493">
        <ele>777.5999755859375</ele>
        <time>2026-06-05T18:14:53.000Z</time>
      </trkpt>
      <trkpt lat="42.88484207354486" lon="-2.271562730893493">
        <ele>777.5999755859375</ele>
        <time>2026-06-05T18:14:59.000Z</time>
      </trkpt>
      <trkpt lat="42.88482220843434" lon="-2.271579829975963">
        <ele>777.5999755859375</ele>
        <time>2026-06-05T18:15:05.000Z</time>
      </trkpt>
      <trkpt lat="42.88481273688376" lon="-2.271564155817032">
        <ele>778.2000122070312</ele>
        <time>2026-06-05T18:15:14.000Z</time>
      </trkpt>
      <trkpt lat="42.88481776602566" lon="-2.271539932116866">
        <ele>778.2000122070312</ele>
        <time>2026-06-05T18:15:17.000Z</time>
      </trkpt>
      <trkpt lat="42.884819777682424" lon="-2.271502884104848">
        <ele>777.5999755859375</ele>
        <time>2026-06-05T18:15:22.000Z</time>
      </trkpt>
      <trkpt lat="42.8848244715482" lon="-2.27147857658565">
        <ele>777.2000122070312</ele>
        <time>2026-06-05T18:15:27.000Z</time>
      </trkpt>
      <trkpt lat="42.884832099080086" lon="-2.271470865234733">
        <ele>776.7999877929688</ele>
        <time>2026-06-05T18:15:30.000Z</time>
      </trkpt>
      <trkpt lat="42.88483226671815" lon="-2.271468350663781">
        <ele>776.7999877929688</ele>
        <time>2026-06-05T18:15:31.000Z</time>
      </trkpt>
      <trkpt lat="42.88483268581331" lon="-2.271468099206686">
        <ele>776.5999755859375</ele>
        <time>2026-06-05T18:15:32.000Z</time>
      </trkpt>
      <trkpt lat="42.88483276963234" lon="-2.27146876975894">
        <ele>776.4000244140625</ele>
        <time>2026-06-05T18:15:34.000Z</time>
      </trkpt>
      <trkpt lat="42.8848295006901" lon="-2.271467596292496">
        <ele>776.2000122070312</ele>
        <time>2026-06-05T18:15:36.000Z</time>
      </trkpt>
      <trkpt lat="42.88482011295855" lon="-2.271450664848089">
        <ele>776.4000244140625</ele>
        <time>2026-06-05T18:15:40.000Z</time>
      </trkpt>
      <trkpt lat="42.88480477407575" lon="-2.271450245752931">
        <ele>776.7999877929688</ele>
        <time>2026-06-05T18:15:48.000Z</time>
      </trkpt>
      <trkpt lat="42.88480737246573" lon="-2.271454520523548">
        <ele>776.2000122070312</ele>
        <time>2026-06-05T18:15:57.000Z</time>
      </trkpt>
      <trkpt lat="42.88480351679027" lon="-2.271443959325552">
        <ele>776</ele>
        <time>2026-06-05T18:15:59.000Z</time>
      </trkpt>
      <trkpt lat="42.88480343297124" lon="-2.27142283692956">
        <ele>776</ele>
        <time>2026-06-05T18:16:07.000Z</time>
      </trkpt>
      <trkpt lat="42.884821286424994" lon="-2.271435493603349">
        <ele>775.7999877929688</ele>
        <time>2026-06-05T18:16:16.000Z</time>
      </trkpt>
      <trkpt lat="42.88481634110212" lon="-2.271461226046085">
        <ele>775.5999755859375</ele>
        <time>2026-06-05T18:16:27.000Z</time>
      </trkpt>
      <trkpt lat="42.88480821065605" lon="-2.271472457796335">
        <ele>775.5999755859375</ele>
        <time>2026-06-05T18:16:36.000Z</time>
      </trkpt>
      <trkpt lat="42.88480586372316" lon="-2.271490311250091">
        <ele>775.4000244140625</ele>
        <time>2026-06-05T18:16:42.000Z</time>
      </trkpt>
      <trkpt lat="42.88479890674353" lon="-2.271496932953596">
        <ele>775.7999877929688</ele>
        <time>2026-06-05T18:16:47.000Z</time>
      </trkpt>
      <trkpt lat="42.88479999639094" lon="-2.271476732566953">
        <ele>776.5999755859375</ele>
        <time>2026-06-05T18:16:50.000Z</time>
      </trkpt>
      <trkpt lat="42.884794380515814" lon="-2.271426189690828">
        <ele>776.7999877929688</ele>
        <time>2026-06-05T18:16:58.000Z</time>
      </trkpt>
      <trkpt lat="42.88480485789478" lon="-2.2714155446738">
        <ele>776.5999755859375</ele>
        <time>2026-06-05T18:17:03.000Z</time>
      </trkpt>
      <trkpt lat="42.88475758396089" lon="-2.271459884941578">
        <ele>776.4000244140625</ele>
        <time>2026-06-05T18:17:10.000Z</time>
      </trkpt>
      <trkpt lat="42.88474568165839" lon="-2.271476481109858">
        <ele>776.4000244140625</ele>
        <time>2026-06-05T18:17:12.000Z</time>
      </trkpt>
      <trkpt lat="42.884743083268404" lon="-2.271483773365617">
        <ele>776.7999877929688</ele>
        <time>2026-06-05T18:17:17.000Z</time>
      </trkpt>
      <trkpt lat="42.88475615903735" lon="-2.271470781415701">
        <ele>776.4000244140625</ele>
        <time>2026-06-05T18:17:22.000Z</time>
      </trkpt>
      <trkpt lat="42.88478633388877" lon="-2.2714570350945">
        <ele>776.7999877929688</ele>
        <time>2026-06-05T18:17:28.000Z</time>
      </trkpt>
      <trkpt lat="42.88479605689645" lon="-2.271444462239742">
        <ele>776.5999755859375</ele>
        <time>2026-06-05T18:17:34.000Z</time>
      </trkpt>
      <trkpt lat="42.884782729670405" lon="-2.271453347057104">
        <ele>775.7999877929688</ele>
        <time>2026-06-05T18:17:43.000Z</time>
      </trkpt>
      <trkpt lat="42.88481826893985" lon="-2.271473379805684">
        <ele>776.4000244140625</ele>
        <time>2026-06-05T18:17:47.000Z</time>
      </trkpt>
      <trkpt lat="42.88482841104269" lon="-2.271471284329891">
        <ele>776.5999755859375</ele>
        <time>2026-06-05T18:17:55.000Z</time>
      </trkpt>
      <trkpt lat="42.884834026917815" lon="-2.271471284329891">
        <ele>776.4000244140625</ele>
        <time>2026-06-05T18:17:59.000Z</time>
      </trkpt>
      <trkpt lat="42.88483243435621" lon="-2.271479414775968">
        <ele>776</ele>
        <time>2026-06-05T18:18:04.000Z</time>
      </trkpt>
      <trkpt lat="42.88483855314553" lon="-2.271480672061443">
        <ele>775.7999877929688</ele>
        <time>2026-06-05T18:18:07.000Z</time>
      </trkpt>
      <trkpt lat="42.88483964279294" lon="-2.271485114470124">
        <ele>775.5999755859375</ele>
        <time>2026-06-05T18:18:09.000Z</time>
      </trkpt>
      <trkpt lat="42.88484106771648" lon="-2.271469021216035">
        <ele>775.7999877929688</ele>
        <time>2026-06-05T18:18:14.000Z</time>
      </trkpt>
      <trkpt lat="42.88484224118292" lon="-2.27146340534091">
        <ele>776</ele>
        <time>2026-06-05T18:18:20.000Z</time>
      </trkpt>
      <trkpt lat="42.88483419455588" lon="-2.271458711475134">
        <ele>776</ele>
        <time>2026-06-05T18:18:27.000Z</time>
      </trkpt>
      <trkpt lat="42.88482648320496" lon="-2.271454436704516">
        <ele>776.2000122070312</ele>
        <time>2026-06-05T18:18:34.000Z</time>
      </trkpt>
      <trkpt lat="42.884797398000956" lon="-2.271464243531227">
        <ele>776.2000122070312</ele>
        <time>2026-06-05T18:18:45.000Z</time>
      </trkpt>
      <trkpt lat="42.88479555398226" lon="-2.271468183025718">
        <ele>776.2000122070312</ele>
        <time>2026-06-05T18:18:46.000Z</time>
      </trkpt>
      <trkpt lat="42.884802259504795" lon="-2.271452760323882">
        <ele>776.2000122070312</ele>
        <time>2026-06-05T18:18:51.000Z</time>
      </trkpt>
      <trkpt lat="42.88480209186673" lon="-2.271449826657772">
        <ele>776.4000244140625</ele>
        <time>2026-06-05T18:18:53.000Z</time>
      </trkpt>
      <trkpt lat="42.88482983596623" lon="-2.271463572978973">
        <ele>776.2000122070312</ele>
        <time>2026-06-05T18:18:58.000Z</time>
      </trkpt>
      <trkpt lat="42.88483226671815" lon="-2.271466003730893">
        <ele>776.2000122070312</ele>
        <time>2026-06-05T18:19:00.000Z</time>
      </trkpt>
      <trkpt lat="42.884836038574576" lon="-2.271477906033397">
        <ele>776.2000122070312</ele>
        <time>2026-06-05T18:19:05.000Z</time>
      </trkpt>
      <trkpt lat="42.88484450429678" lon="-2.271490395069122">
        <ele>776.5999755859375</ele>
        <time>2026-06-05T18:19:12.000Z</time>
      </trkpt>
      <trkpt lat="42.88484643213451" lon="-2.271488970145583">
        <ele>776.7999877929688</ele>
        <time>2026-06-05T18:19:19.000Z</time>
      </trkpt>
      <trkpt lat="42.88482991978526" lon="-2.271484527736902">
        <ele>776.4000244140625</ele>
        <time>2026-06-05T18:19:26.000Z</time>
      </trkpt>
      <trkpt lat="42.884841319173574" lon="-2.271495256572962">
        <ele>776.7999877929688</ele>
        <time>2026-06-05T18:19:33.000Z</time>
      </trkpt>
      <trkpt lat="42.8848329372704" lon="-2.271525179967284">
        <ele>776.5999755859375</ele>
        <time>2026-06-05T18:19:42.000Z</time>
      </trkpt>
      <trkpt lat="42.88482706993818" lon="-2.271536495536566">
        <ele>776.5999755859375</ele>
        <time>2026-06-05T18:19:49.000Z</time>
      </trkpt>
      <trkpt lat="42.88482313044369" lon="-2.271534064784646">
        <ele>776.7999877929688</ele>
        <time>2026-06-05T18:19:58.000Z</time>
      </trkpt>
      <trkpt lat="42.88483930751681" lon="-2.271506069228053">
        <ele>776.5999755859375</ele>
        <time>2026-06-05T18:20:09.000Z</time>
      </trkpt>
      <trkpt lat="42.88484257645905" lon="-2.271478492766619">
        <ele>776.5999755859375</ele>
        <time>2026-06-05T18:20:16.000Z</time>
      </trkpt>
      <trkpt lat="42.88483997806907" lon="-2.271467093378305">
        <ele>776.5999755859375</ele>
        <time>2026-06-05T18:20:25.000Z</time>
      </trkpt>
      <trkpt lat="42.88484014570713" lon="-2.271468853577971">
        <ele>776.5999755859375</ele>
        <time>2026-06-05T18:20:30.000Z</time>
      </trkpt>
      <trkpt lat="42.88482061587274" lon="-2.271471535786986">
        <ele>776.5999755859375</ele>
        <time>2026-06-05T18:20:36.000Z</time>
      </trkpt>
      <trkpt lat="42.88482547737658" lon="-2.271459298208356">
        <ele>776.5999755859375</ele>
        <time>2026-06-05T18:20:43.000Z</time>
      </trkpt>
      <trkpt lat="42.884825728833675" lon="-2.271457705646753">
        <ele>776.4000244140625</ele>
        <time>2026-06-05T18:20:51.000Z</time>
      </trkpt>
      <trkpt lat="42.88482774049044" lon="-2.271452927961946">
        <ele>776.4000244140625</ele>
        <time>2026-06-05T18:20:58.000Z</time>
      </trkpt>
      <trkpt lat="42.88484115153551" lon="-2.271464997902513">
        <ele>776.4000244140625</ele>
        <time>2026-06-05T18:21:03.000Z</time>
      </trkpt>
      <trkpt lat="42.88483779877424" lon="-2.271468602120876">
        <ele>777</ele>
        <time>2026-06-05T18:21:07.000Z</time>
      </trkpt>
      <trkpt lat="42.884818855673075" lon="-2.271478660404682">
        <ele>776.7999877929688</ele>
        <time>2026-06-05T18:21:13.000Z</time>
      </trkpt>
      <trkpt lat="42.884821370244026" lon="-2.271486790850759">
        <ele>777</ele>
        <time>2026-06-05T18:21:17.000Z</time>
      </trkpt>
      <trkpt lat="42.88483805023134" lon="-2.271498525515199">
        <ele>777</ele>
        <time>2026-06-05T18:21:20.000Z</time>
      </trkpt>
      <trkpt lat="42.88484802469611" lon="-2.271503303200006">
        <ele>777.2000122070312</ele>
        <time>2026-06-05T18:21:27.000Z</time>
      </trkpt>
      <trkpt lat="42.884848192334175" lon="-2.271508164703846">
        <ele>777.2000122070312</ele>
        <time>2026-06-05T18:21:29.000Z</time>
      </trkpt>
      <trkpt lat="42.88484450429678" lon="-2.271516546607018">
        <ele>776.7999877929688</ele>
        <time>2026-06-05T18:21:34.000Z</time>
      </trkpt>
      <trkpt lat="42.88482639938593" lon="-2.271536244079471">
        <ele>775.2000122070312</ele>
        <time>2026-06-05T18:21:39.000Z</time>
      </trkpt>
      <trkpt lat="42.884812569245696" lon="-2.271570861339569">
        <ele>774.2000122070312</ele>
        <time>2026-06-05T18:21:45.000Z</time>
      </trkpt>
      <trkpt lat="42.884811982512474" lon="-2.271576644852757">
        <ele>774.4000244140625</ele>
        <time>2026-06-05T18:21:46.000Z</time>
      </trkpt>
      <trkpt lat="42.884805193170905" lon="-2.271582931280136">
        <ele>774.2000122070312</ele>
        <time>2026-06-05T18:21:52.000Z</time>
      </trkpt>
      <trkpt lat="42.88481902331114" lon="-2.271542698144913">
        <ele>772</ele>
        <time>2026-06-05T18:21:57.000Z</time>
      </trkpt>
      <trkpt lat="42.88482354953885" lon="-2.271534148603678">
        <ele>771.7999877929688</ele>
        <time>2026-06-05T18:21:58.000Z</time>
      </trkpt>
      <trkpt lat="42.88482757285237" lon="-2.271532975137234">
        <ele>771.5999755859375</ele>
        <time>2026-06-05T18:21:59.000Z</time>
      </trkpt>
      <trkpt lat="42.884832015261054" lon="-2.27151520550251">
        <ele>771.5999755859375</ele>
        <time>2026-06-05T18:22:01.000Z</time>
      </trkpt>
      <trkpt lat="42.88483561947942" lon="-2.271494586020708">
        <ele>771</ele>
        <time>2026-06-05T18:22:07.000Z</time>
      </trkpt>
      <trkpt lat="42.884832601994276" lon="-2.271496094763279">
        <ele>770.5999755859375</ele>
        <time>2026-06-05T18:22:10.000Z</time>
      </trkpt>
      <trkpt lat="42.884830590337515" lon="-2.271482683718204">
        <ele>771.7999877929688</ele>
        <time>2026-06-05T18:22:15.000Z</time>
      </trkpt>
      <trkpt lat="42.884828578680754" lon="-2.271483354270458">
        <ele>772</ele>
        <time>2026-06-05T18:22:16.000Z</time>
      </trkpt>
      <trkpt lat="42.88483184762299" lon="-2.271486623212695">
        <ele>772.2000122070312</ele>
        <time>2026-06-05T18:22:19.000Z</time>
      </trkpt>
      <trkpt lat="42.88484760560095" lon="-2.271473295986652">
        <ele>770.7999877929688</ele>
        <time>2026-06-05T18:22:23.000Z</time>
      </trkpt>
      <trkpt lat="42.884850623086095" lon="-2.271472038701177">
        <ele>770.7999877929688</ele>
        <time>2026-06-05T18:22:24.000Z</time>
      </trkpt>
      <trkpt lat="42.8848693985492" lon="-2.271457202732563">
        <ele>771.4000244140625</ele>
        <time>2026-06-05T18:22:30.000Z</time>
      </trkpt>
      <trkpt lat="42.88488222286105" lon="-2.271450581029058">
        <ele>770</ele>
        <time>2026-06-05T18:22:35.000Z</time>
      </trkpt>
      <trkpt lat="42.88487710990012" lon="-2.271453179419041">
        <ele>769.7999877929688</ele>
        <time>2026-06-05T18:22:36.000Z</time>
      </trkpt>
      <trkpt lat="42.88487660698593" lon="-2.271454688161612">
        <ele>770</ele>
        <time>2026-06-05T18:22:37.000Z</time>
      </trkpt>
      <trkpt lat="42.88487887009978" lon="-2.271455358713865">
        <ele>771.4000244140625</ele>
        <time>2026-06-05T18:22:43.000Z</time>
      </trkpt>
      <trkpt lat="42.884871661663055" lon="-2.27144094184041">
        <ele>770.5999755859375</ele>
        <time>2026-06-05T18:22:50.000Z</time>
      </trkpt>
      <trkpt lat="42.884868225082755" lon="-2.271441360935569">
        <ele>769.7999877929688</ele>
        <time>2026-06-05T18:22:52.000Z</time>
      </trkpt>
      <trkpt lat="42.88488415069878" lon="-2.271449491381645">
        <ele>768.5999755859375</ele>
        <time>2026-06-05T18:22:56.000Z</time>
      </trkpt>
      <trkpt lat="42.88488985039294" lon="-2.271449910476804">
        <ele>768.5999755859375</ele>
        <time>2026-06-05T18:22:57.000Z</time>
      </trkpt>
      <trkpt lat="42.884916588664055" lon="-2.271452508866787">
        <ele>769.5999755859375</ele>
        <time>2026-06-05T18:23:02.000Z</time>
      </trkpt>
      <trkpt lat="42.88491206243634" lon="-2.271453263238072">
        <ele>769.7999877929688</ele>
        <time>2026-06-05T18:23:03.000Z</time>
      </trkpt>
      <trkpt lat="42.88490275852382" lon="-2.271457118913531">
        <ele>770</ele>
        <time>2026-06-05T18:23:09.000Z</time>
      </trkpt>
      <trkpt lat="42.88489378988743" lon="-2.271455442532897">
        <ele>770</ele>
        <time>2026-06-05T18:23:11.000Z</time>
      </trkpt>
      <trkpt lat="42.88489060476422" lon="-2.271441612392664">
        <ele>769</ele>
        <time>2026-06-05T18:23:17.000Z</time>
      </trkpt>
      <trkpt lat="42.88488063029945" lon="-2.271432476118207">
        <ele>768.4000244140625</ele>
        <time>2026-06-05T18:23:20.000Z</time>
      </trkpt>
      <trkpt lat="42.88486160337925" lon="-2.271419735625386">
        <ele>768</ele>
        <time>2026-06-05T18:23:24.000Z</time>
      </trkpt>
      <trkpt lat="42.88486302830279" lon="-2.271439684554935">
        <ele>767.4000244140625</ele>
        <time>2026-06-05T18:23:28.000Z</time>
      </trkpt>
      <trkpt lat="42.88486713543534" lon="-2.271433230489492">
        <ele>767.2000122070312</ele>
        <time>2026-06-05T18:23:29.000Z</time>
      </trkpt>
      <trkpt lat="42.8848744276911" lon="-2.271424178034067">
        <ele>766.2000122070312</ele>
        <time>2026-06-05T18:23:31.000Z</time>
      </trkpt>
      <trkpt lat="42.8848778642714" lon="-2.271415879949927">
        <ele>765.7999877929688</ele>
        <time>2026-06-05T18:23:36.000Z</time>
      </trkpt>
      <trkpt lat="42.884880965575576" lon="-2.271409342065454">
        <ele>765.2000122070312</ele>
        <time>2026-06-05T18:23:41.000Z</time>
      </trkpt>
      <trkpt lat="42.88488557562232" lon="-2.271409006789327">
        <ele>764.7999877929688</ele>
        <time>2026-06-05T18:23:44.000Z</time>
      </trkpt>
      <trkpt lat="42.88488809019327" lon="-2.271412862464786">
        <ele>764.4000244140625</ele>
        <time>2026-06-05T18:23:46.000Z</time>
      </trkpt>
      <trkpt lat="42.884893119335175" lon="-2.271417556330562">
        <ele>763.7999877929688</ele>
        <time>2026-06-05T18:23:49.000Z</time>
      </trkpt>
      <trkpt lat="42.884898986667395" lon="-2.271418394520879">
        <ele>763.7999877929688</ele>
        <time>2026-06-05T18:23:50.000Z</time>
      </trkpt>
      <trkpt lat="42.884896053001285" lon="-2.271426022052765">
        <ele>764.2000122070312</ele>
        <time>2026-06-05T18:23:52.000Z</time>
      </trkpt>
      <trkpt lat="42.88490518927574" lon="-2.271436331793666">
        <ele>765.2000122070312</ele>
        <time>2026-06-05T18:23:56.000Z</time>
      </trkpt>
      <trkpt lat="42.88490862585604" lon="-2.27143851108849">
        <ele>765.7999877929688</ele>
        <time>2026-06-05T18:23:59.000Z</time>
      </trkpt>
      <trkpt lat="42.88490854203701" lon="-2.271440187469125">
        <ele>766.7999877929688</ele>
        <time>2026-06-05T18:24:02.000Z</time>
      </trkpt>
      <trkpt lat="42.884907284751534" lon="-2.271445384249091">
        <ele>767.5999755859375</ele>
        <time>2026-06-05T18:24:05.000Z</time>
      </trkpt>
      <trkpt lat="42.8849090449512" lon="-2.271439433097839">
        <ele>768.2000122070312</ele>
        <time>2026-06-05T18:24:07.000Z</time>
      </trkpt>
      <trkpt lat="42.8849074523896" lon="-2.271425351500511">
        <ele>769.4000244140625</ele>
        <time>2026-06-05T18:24:10.000Z</time>
      </trkpt>
      <trkpt lat="42.884905356913805" lon="-2.271419987082481">
        <ele>769.7999877929688</ele>
        <time>2026-06-05T18:24:11.000Z</time>
      </trkpt>
      <trkpt lat="42.88490661419928" lon="-2.271417304873466">
        <ele>770.2000122070312</ele>
        <time>2026-06-05T18:24:12.000Z</time>
      </trkpt>
      <trkpt lat="42.88490426726639" lon="-2.27141160517931">
        <ele>771</ele>
        <time>2026-06-05T18:24:14.000Z</time>
      </trkpt>
      <trkpt lat="42.884905356913805" lon="-2.271425016224384">
        <ele>770</ele>
        <time>2026-06-05T18:24:18.000Z</time>
      </trkpt>
      <trkpt lat="42.88490368053317" lon="-2.271425183862448">
        <ele>769.7999877929688</ele>
        <time>2026-06-05T18:24:19.000Z</time>
      </trkpt>
      <trkpt lat="42.884901417419314" lon="-2.271435242146254">
        <ele>769.2000122070312</ele>
        <time>2026-06-05T18:24:26.000Z</time>
      </trkpt>
      <trkpt lat="42.88490074686706" lon="-2.271438259631395">
        <ele>768.7999877929688</ele>
        <time>2026-06-05T18:24:27.000Z</time>
      </trkpt>
      <trkpt lat="42.884890688583255" lon="-2.271439600735903">
        <ele>767.7999877929688</ele>
        <time>2026-06-05T18:24:31.000Z</time>
      </trkpt>
      <trkpt lat="42.88490225560963" lon="-2.271456448361278">
        <ele>767.2000122070312</ele>
        <time>2026-06-05T18:24:35.000Z</time>
      </trkpt>
      <trkpt lat="42.88491717539728" lon="-2.271464997902513">
        <ele>766.4000244140625</ele>
        <time>2026-06-05T18:24:40.000Z</time>
      </trkpt>
      <trkpt lat="42.884909212589264" lon="-2.271457370370626">
        <ele>766.5999755859375</ele>
        <time>2026-06-05T18:24:42.000Z</time>
      </trkpt>
      <trkpt lat="42.88491348735988" lon="-2.271457118913531">
        <ele>765.2000122070312</ele>
        <time>2026-06-05T18:24:47.000Z</time>
      </trkpt>
      <trkpt lat="42.88491734303534" lon="-2.271467847749591">
        <ele>765</ele>
        <time>2026-06-05T18:24:50.000Z</time>
      </trkpt>
      <trkpt lat="42.88491725921631" lon="-2.271480169147253">
        <ele>764.7999877929688</ele>
        <time>2026-06-05T18:24:56.000Z</time>
      </trkpt>
      <trkpt lat="42.884915163740516" lon="-2.271475726738572">
        <ele>766</ele>
        <time>2026-06-05T18:25:05.000Z</time>
      </trkpt>
      <trkpt lat="42.88492019288242" lon="-2.271473547443748">
        <ele>766.2000122070312</ele>
        <time>2026-06-05T18:25:07.000Z</time>
      </trkpt>
      <trkpt lat="42.88492178544402" lon="-2.271467009559274">
        <ele>765.2000122070312</ele>
        <time>2026-06-05T18:25:13.000Z</time>
      </trkpt>
      <trkpt lat="42.884925808757544" lon="-2.271467009559274">
        <ele>765.5999755859375</ele>
        <time>2026-06-05T18:25:16.000Z</time>
      </trkpt>
      <trkpt lat="42.88491767831147" lon="-2.271455693989992">
        <ele>766.4000244140625</ele>
        <time>2026-06-05T18:25:21.000Z</time>
      </trkpt>
      <trkpt lat="42.88492371328175" lon="-2.271459298208356">
        <ele>766.4000244140625</ele>
        <time>2026-06-05T18:25:24.000Z</time>
      </trkpt>
      <trkpt lat="42.8849230427295" lon="-2.27145510725677">
        <ele>766.2000122070312</ele>
        <time>2026-06-05T18:25:30.000Z</time>
      </trkpt>
      <trkpt lat="42.88491927087307" lon="-2.271461309865117">
        <ele>766.5999755859375</ele>
        <time>2026-06-05T18:25:36.000Z</time>
      </trkpt>
      <trkpt lat="42.88491725921631" lon="-2.271462818607688">
        <ele>765</ele>
        <time>2026-06-05T18:25:43.000Z</time>
      </trkpt>
      <trkpt lat="42.88491725921631" lon="-2.271462818607688">
        <ele>764.7999877929688</ele>
        <time>2026-06-05T18:25:49.000Z</time>
      </trkpt>
      <trkpt lat="42.88491725921631" lon="-2.271462818607688">
        <ele>765</ele>
        <time>2026-06-05T18:26:01.000Z</time>
      </trkpt>
      <trkpt lat="42.88491725921631" lon="-2.271462818607688">
        <ele>764.7999877929688</ele>
        <time>2026-06-05T18:26:10.000Z</time>
      </trkpt>
      <trkpt lat="42.88491725921631" lon="-2.271462818607688">
        <ele>764.4000244140625</ele>
        <time>2026-06-05T18:26:21.000Z</time>
      </trkpt>
      <trkpt lat="42.88491725921631" lon="-2.271462818607688">
        <ele>765.2000122070312</ele>
        <time>2026-06-05T18:26:29.000Z</time>
      </trkpt>
      <trkpt lat="42.88491725921631" lon="-2.271462818607688">
        <ele>764.4000244140625</ele>
        <time>2026-06-05T18:26:33.000Z</time>
      </trkpt>
      <trkpt lat="42.88491725921631" lon="-2.271462818607688">
        <ele>764.5999755859375</ele>
        <time>2026-06-05T18:26:37.000Z</time>
      </trkpt>
      <trkpt lat="42.88491725921631" lon="-2.271462818607688">
        <ele>764.5999755859375</ele>
        <time>2026-06-05T18:26:38.000Z</time>
      </trkpt>
      <trkpt lat="42.88491725921631" lon="-2.271462818607688">
        <ele>765</ele>
        <time>2026-06-05T18:26:47.000Z</time>
      </trkpt>
      <trkpt lat="42.88493108935654" lon="-2.271462818607688">
        <ele>765</ele>
        <time>2026-06-05T18:27:00.000Z</time>
      </trkpt>
      <trkpt lat="42.884922958910465" lon="-2.271488970145583">
        <ele>764.2000122070312</ele>
        <time>2026-06-05T18:27:07.000Z</time>
      </trkpt>
      <trkpt lat="42.88491876795888" lon="-2.271492406725883">
        <ele>764</ele>
        <time>2026-06-05T18:27:08.000Z</time>
      </trkpt>
      <trkpt lat="42.88491918705404" lon="-2.27149760350585">
        <ele>763</ele>
        <time>2026-06-05T18:27:11.000Z</time>
      </trkpt>
      <trkpt lat="42.88491197861731" lon="-2.271502465009689">
        <ele>762.4000244140625</ele>
        <time>2026-06-05T18:27:14.000Z</time>
      </trkpt>
      <trkpt lat="42.88489974103868" lon="-2.27150590158999">
        <ele>764</ele>
        <time>2026-06-05T18:27:20.000Z</time>
      </trkpt>
      <trkpt lat="42.88489974103868" lon="-2.27150590158999">
        <ele>765</ele>
        <time>2026-06-05T18:27:24.000Z</time>
      </trkpt>
      <trkpt lat="42.88487962447107" lon="-2.271516881883144">
        <ele>765.4000244140625</ele>
        <time>2026-06-05T18:27:26.000Z</time>
      </trkpt>
      <trkpt lat="42.88486260920763" lon="-2.271525096148252">
        <ele>766.4000244140625</ele>
        <time>2026-06-05T18:27:28.000Z</time>
      </trkpt>
      <trkpt lat="42.8848746791482" lon="-2.271526018157601">
        <ele>766</ele>
        <time>2026-06-05T18:27:31.000Z</time>
      </trkpt>
      <trkpt lat="42.884883815422654" lon="-2.271529454737902">
        <ele>765.5999755859375</ele>
        <time>2026-06-05T18:27:35.000Z</time>
      </trkpt>
      <trkpt lat="42.88488356396556" lon="-2.271507745608687">
        <ele>766</ele>
        <time>2026-06-05T18:27:39.000Z</time>
      </trkpt>
      <trkpt lat="42.88487291894853" lon="-2.271498357877135">
        <ele>766.5999755859375</ele>
        <time>2026-06-05T18:27:45.000Z</time>
      </trkpt>
      <trkpt lat="42.88487384095788" lon="-2.271512439474463">
        <ele>766.2000122070312</ele>
        <time>2026-06-05T18:27:50.000Z</time>
      </trkpt>
      <trkpt lat="42.884880378842354" lon="-2.271517887711525">
        <ele>766.2000122070312</ele>
        <time>2026-06-05T18:27:51.000Z</time>
      </trkpt>
      <trkpt lat="42.8848746791482" lon="-2.271511433646083">
        <ele>765.7999877929688</ele>
        <time>2026-06-05T18:27:55.000Z</time>
      </trkpt>
      <trkpt lat="42.884883899241686" lon="-2.271508332341909">
        <ele>765.5999755859375</ele>
        <time>2026-06-05T18:28:01.000Z</time>
      </trkpt>
      <trkpt lat="42.88488356396556" lon="-2.271510343998671">
        <ele>765</ele>
        <time>2026-06-05T18:28:03.000Z</time>
      </trkpt>
      <trkpt lat="42.88488792255521" lon="-2.271501291543245">
        <ele>765</ele>
        <time>2026-06-05T18:28:06.000Z</time>
      </trkpt>
      <trkpt lat="42.88489697501063" lon="-2.27149710059166">
        <ele>765</ele>
        <time>2026-06-05T18:28:09.000Z</time>
      </trkpt>
      <trkpt lat="42.884899489581585" lon="-2.271495424211025">
        <ele>765</ele>
        <time>2026-06-05T18:28:10.000Z</time>
      </trkpt>
      <trkpt lat="42.88492404855788" lon="-2.271525347605348">
        <ele>765.5999755859375</ele>
        <time>2026-06-05T18:28:17.000Z</time>
      </trkpt>
      <trkpt lat="42.88490988314152" lon="-2.271534148603678">
        <ele>765.5999755859375</ele>
        <time>2026-06-05T18:28:21.000Z</time>
      </trkpt>
      <trkpt lat="42.88490024395287" lon="-2.271541859954596">
        <ele>765.5999755859375</ele>
        <time>2026-06-05T18:28:25.000Z</time>
      </trkpt>
      <trkpt lat="42.88488993421197" lon="-2.271544961258769">
        <ele>765.5999755859375</ele>
        <time>2026-06-05T18:28:29.000Z</time>
      </trkpt>
      <trkpt lat="42.8848625253886" lon="-2.27156599983573">
        <ele>765.4000244140625</ele>
        <time>2026-06-05T18:28:34.000Z</time>
      </trkpt>
      <trkpt lat="42.884847186505795" lon="-2.271595923230052">
        <ele>765.7999877929688</ele>
        <time>2026-06-05T18:28:40.000Z</time>
      </trkpt>
      <trkpt lat="42.884839391335845" lon="-2.271589133888483">
        <ele>766.4000244140625</ele>
        <time>2026-06-05T18:28:43.000Z</time>
      </trkpt>
      <trkpt lat="42.88484123535454" lon="-2.271581506356597">
        <ele>766.7999877929688</ele>
        <time>2026-06-05T18:28:44.000Z</time>
      </trkpt>
      <trkpt lat="42.884848695248365" lon="-2.271565329283476">
        <ele>767.4000244140625</ele>
        <time>2026-06-05T18:28:47.000Z</time>
      </trkpt>
      <trkpt lat="42.88482757285237" lon="-2.271565916016698">
        <ele>767.2000122070312</ele>
        <time>2026-06-05T18:28:50.000Z</time>
      </trkpt>
      <trkpt lat="42.88482212461531" lon="-2.27155183441937">
        <ele>766</ele>
        <time>2026-06-05T18:28:54.000Z</time>
      </trkpt>
      <trkpt lat="42.88483100943267" lon="-2.271544709801674">
        <ele>765.7999877929688</ele>
        <time>2026-06-05T18:28:57.000Z</time>
      </trkpt>
      <trkpt lat="42.88485514931381" lon="-2.271512439474463">
        <ele>765.4000244140625</ele>
        <time>2026-06-05T18:29:05.000Z</time>
      </trkpt>
      <trkpt lat="42.88485590368509" lon="-2.271510846912861">
        <ele>765.2000122070312</ele>
        <time>2026-06-05T18:29:06.000Z</time>
      </trkpt>
      <trkpt lat="42.88485439494252" lon="-2.271517384797335">
        <ele>765.2000122070312</ele>
        <time>2026-06-05T18:29:07.000Z</time>
      </trkpt>
      <trkpt lat="42.88485045544803" lon="-2.271522330120206">
        <ele>765</ele>
        <time>2026-06-05T18:29:13.000Z</time>
      </trkpt>
      <trkpt lat="42.88485045544803" lon="-2.271522330120206">
        <ele>764.7999877929688</ele>
        <time>2026-06-05T18:29:17.000Z</time>
      </trkpt>
      <trkpt lat="42.88483813405037" lon="-2.271553091704845">
        <ele>765.2000122070312</ele>
        <time>2026-06-05T18:29:21.000Z</time>
      </trkpt>
      <trkpt lat="42.88483377546072" lon="-2.271564407274127">
        <ele>765.2000122070312</ele>
        <time>2026-06-05T18:29:22.000Z</time>
      </trkpt>
      <trkpt lat="42.88482740521431" lon="-2.271597096696496">
        <ele>765.7999877929688</ele>
        <time>2026-06-05T18:29:28.000Z</time>
      </trkpt>
      <trkpt lat="42.884816927835345" lon="-2.271581925451756">
        <ele>765.5999755859375</ele>
        <time>2026-06-05T18:29:30.000Z</time>
      </trkpt>
      <trkpt lat="42.88482237607241" lon="-2.271561808884144">
        <ele>765</ele>
        <time>2026-06-05T18:29:36.000Z</time>
      </trkpt>
      <trkpt lat="42.884830087423325" lon="-2.271558623760939">
        <ele>766.2000122070312</ele>
        <time>2026-06-05T18:29:47.000Z</time>
      </trkpt>
      <trkpt lat="42.88483268581331" lon="-2.271559126675129">
        <ele>766.2000122070312</ele>
        <time>2026-06-05T18:29:48.000Z</time>
      </trkpt>
      <trkpt lat="42.88482648320496" lon="-2.271536998450756">
        <ele>765</ele>
        <time>2026-06-05T18:29:53.000Z</time>
      </trkpt>
      <trkpt lat="42.88482991978526" lon="-2.271542781963944">
        <ele>764.7999877929688</ele>
        <time>2026-06-05T18:29:54.000Z</time>
      </trkpt>
      <trkpt lat="42.884824220091105" lon="-2.271541440859437">
        <ele>763.5999755859375</ele>
        <time>2026-06-05T18:29:58.000Z</time>
      </trkpt>
      <trkpt lat="42.884834529832006" lon="-2.271552504971623">
        <ele>763.7999877929688</ele>
        <time>2026-06-05T18:30:02.000Z</time>
      </trkpt>
      <trkpt lat="42.88483587093651" lon="-2.271558875218034">
        <ele>764.7999877929688</ele>
        <time>2026-06-05T18:30:04.000Z</time>
      </trkpt>
      <trkpt lat="42.884845677763224" lon="-2.271557450294495">
        <ele>766</ele>
        <time>2026-06-05T18:30:07.000Z</time>
      </trkpt>
      <trkpt lat="42.88485028780997" lon="-2.271558456122875">
        <ele>765.7999877929688</ele>
        <time>2026-06-05T18:30:10.000Z</time>
      </trkpt>
      <trkpt lat="42.8848487790674" lon="-2.271548481658101">
        <ele>765.4000244140625</ele>
        <time>2026-06-05T18:30:17.000Z</time>
      </trkpt>
      <trkpt lat="42.88484291173518" lon="-2.271550828590989">
        <ele>765.4000244140625</ele>
        <time>2026-06-05T18:30:29.000Z</time>
      </trkpt>
      <trkpt lat="42.88485104218125" lon="-2.271556276828051">
        <ele>765</ele>
        <time>2026-06-05T18:30:35.000Z</time>
      </trkpt>
      <trkpt lat="42.88485397584736" lon="-2.271557450294495">
        <ele>764.7999877929688</ele>
        <time>2026-06-05T18:30:36.000Z</time>
      </trkpt>
      <trkpt lat="42.88484760560095" lon="-2.271575722843409">
        <ele>764.5999755859375</ele>
        <time>2026-06-05T18:30:45.000Z</time>
      </trkpt>
      <trkpt lat="42.884846683591604" lon="-2.271598353981972">
        <ele>764.2000122070312</ele>
        <time>2026-06-05T18:30:54.000Z</time>
      </trkpt>
      <trkpt lat="42.884851628914475" lon="-2.271609166637063">
        <ele>765</ele>
        <time>2026-06-05T18:30:57.000Z</time>
      </trkpt>
      <trkpt lat="42.884853053838015" lon="-2.271611345931888">
        <ele>765</ele>
        <time>2026-06-05T18:30:58.000Z</time>
      </trkpt>
      <trkpt lat="42.88485104218125" lon="-2.271634144708514">
        <ele>766.5999755859375</ele>
        <time>2026-06-05T18:31:05.000Z</time>
      </trkpt>
      <trkpt lat="42.884849701076746" lon="-2.271634060889482">
        <ele>766</ele>
        <time>2026-06-05T18:31:10.000Z</time>
      </trkpt>
      <trkpt lat="42.8848572447896" lon="-2.27163196541369">
        <ele>765.5999755859375</ele>
        <time>2026-06-05T18:31:14.000Z</time>
      </trkpt>
      <trkpt lat="42.88485959172249" lon="-2.271631211042404">
        <ele>765.4000244140625</ele>
        <time>2026-06-05T18:31:15.000Z</time>
      </trkpt>
      <trkpt lat="42.884879456833005" lon="-2.27163054049015">
        <ele>765.5999755859375</ele>
        <time>2026-06-05T18:31:22.000Z</time>
      </trkpt>
      <trkpt lat="42.8848865814507" lon="-2.271591145545244">
        <ele>765</ele>
        <time>2026-06-05T18:31:29.000Z</time>
      </trkpt>
      <trkpt lat="42.8848849888891" lon="-2.271581506356597">
        <ele>764.2000122070312</ele>
        <time>2026-06-05T18:31:31.000Z</time>
      </trkpt>
      <trkpt lat="42.884889766573906" lon="-2.271587960422039">
        <ele>763.2000122070312</ele>
        <time>2026-06-05T18:31:33.000Z</time>
      </trkpt>
      <trkpt lat="42.88489177823067" lon="-2.2715830989182">
        <ele>763.7999877929688</ele>
        <time>2026-06-05T18:31:36.000Z</time>
      </trkpt>
      <trkpt lat="42.884875014424324" lon="-2.271589552983642">
        <ele>764.2000122070312</ele>
        <time>2026-06-05T18:31:38.000Z</time>
      </trkpt>
      <trkpt lat="42.8848746791482" lon="-2.271592570468783">
        <ele>764.7999877929688</ele>
        <time>2026-06-05T18:31:40.000Z</time>
      </trkpt>
      <trkpt lat="42.88487350568175" lon="-2.27160757407546">
        <ele>765.7999877929688</ele>
        <time>2026-06-05T18:31:43.000Z</time>
      </trkpt>
      <trkpt lat="42.8848762717098" lon="-2.271619895473123">
        <ele>766</ele>
        <time>2026-06-05T18:31:45.000Z</time>
      </trkpt>
      <trkpt lat="42.88486219011247" lon="-2.271677060052752">
        <ele>765.7999877929688</ele>
        <time>2026-06-05T18:31:54.000Z</time>
      </trkpt>
      <trkpt lat="42.884859424084425" lon="-2.271683430299163">
        <ele>765.7999877929688</ele>
        <time>2026-06-05T18:31:55.000Z</time>
      </trkpt>
      <trkpt lat="42.88482748903334" lon="-2.27170723490417">
        <ele>766.2000122070312</ele>
        <time>2026-06-05T18:32:05.000Z</time>
      </trkpt>
      <trkpt lat="42.88484316319227" lon="-2.271727602928877">
        <ele>765.7999877929688</ele>
        <time>2026-06-05T18:32:15.000Z</time>
      </trkpt>
      <trkpt lat="42.884844755753875" lon="-2.271729279309511">
        <ele>765.7999877929688</ele>
        <time>2026-06-05T18:32:16.000Z</time>
      </trkpt>
      <trkpt lat="42.88484416902065" lon="-2.27173020131886">
        <ele>766</ele>
        <time>2026-06-05T18:32:19.000Z</time>
      </trkpt>
      <trkpt lat="42.88484416902065" lon="-2.27173020131886">
        <ele>765.7999877929688</ele>
        <time>2026-06-05T18:32:33.000Z</time>
      </trkpt>
      <trkpt lat="42.88484416902065" lon="-2.27173020131886">
        <ele>766</ele>
        <time>2026-06-05T18:32:40.000Z</time>
      </trkpt>
      <trkpt lat="42.88484416902065" lon="-2.27173020131886">
        <ele>765.7999877929688</ele>
        <time>2026-06-05T18:32:49.000Z</time>
      </trkpt>
      <trkpt lat="42.88484416902065" lon="-2.27173020131886">
        <ele>765.2000122070312</ele>
        <time>2026-06-05T18:32:52.000Z</time>
      </trkpt>
      <trkpt lat="42.88484416902065" lon="-2.27173020131886">
        <ele>765.2000122070312</ele>
        <time>2026-06-05T18:32:54.000Z</time>
      </trkpt>
      <trkpt lat="42.88484416902065" lon="-2.27173020131886">
        <ele>765.5999755859375</ele>
        <time>2026-06-05T18:33:01.000Z</time>
      </trkpt>
      <trkpt lat="42.88484416902065" lon="-2.27173020131886">
        <ele>766.2000122070312</ele>
        <time>2026-06-05T18:33:17.000Z</time>
      </trkpt>
      <trkpt lat="42.88483335636556" lon="-2.271715616807342">
        <ele>766.4000244140625</ele>
        <time>2026-06-05T18:33:22.000Z</time>
      </trkpt>
      <trkpt lat="42.88483335636556" lon="-2.271715616807342">
        <ele>766.5999755859375</ele>
        <time>2026-06-05T18:33:24.000Z</time>
      </trkpt>
      <trkpt lat="42.88483335636556" lon="-2.271715616807342">
        <ele>766.4000244140625</ele>
        <time>2026-06-05T18:33:25.000Z</time>
      </trkpt>
      <trkpt lat="42.8848263155669" lon="-2.271670354530215">
        <ele>766</ele>
        <time>2026-06-05T18:33:31.000Z</time>
      </trkpt>
      <trkpt lat="42.88482556119561" lon="-2.271622158586979">
        <ele>766.4000244140625</ele>
        <time>2026-06-05T18:33:36.000Z</time>
      </trkpt>
      <trkpt lat="42.88485833443701" lon="-2.271601958200336">
        <ele>765</ele>
        <time>2026-06-05T18:33:45.000Z</time>
      </trkpt>
      <trkpt lat="42.88488892838359" lon="-2.271595671772957">
        <ele>766.2000122070312</ele>
        <time>2026-06-05T18:33:56.000Z</time>
      </trkpt>
      <trkpt lat="42.88488892838359" lon="-2.271595671772957">
        <ele>766.4000244140625</ele>
        <time>2026-06-05T18:33:58.000Z</time>
      </trkpt>
      <trkpt lat="42.88488892838359" lon="-2.271595671772957">
        <ele>766.5999755859375</ele>
        <time>2026-06-05T18:34:00.000Z</time>
      </trkpt>
      <trkpt lat="42.88488892838359" lon="-2.271595671772957">
        <ele>766.7999877929688</ele>
        <time>2026-06-05T18:34:06.000Z</time>
      </trkpt>
      <trkpt lat="42.88488892838359" lon="-2.271595671772957">
        <ele>766.7999877929688</ele>
        <time>2026-06-05T18:34:09.000Z</time>
      </trkpt>
      <trkpt lat="42.88486931473017" lon="-2.271596258506179">
        <ele>767</ele>
        <time>2026-06-05T18:34:19.000Z</time>
      </trkpt>
      <trkpt lat="42.884853053838015" lon="-2.271660882979631">
        <ele>766.2000122070312</ele>
        <time>2026-06-05T18:34:27.000Z</time>
      </trkpt>
      <trkpt lat="42.88486713543534" lon="-2.271690890192986">
        <ele>766.2000122070312</ele>
        <time>2026-06-05T18:34:37.000Z</time>
      </trkpt>
      <trkpt lat="42.88486814126372" lon="-2.271690471097827">
        <ele>766.2000122070312</ele>
        <time>2026-06-05T18:34:40.000Z</time>
      </trkpt>
      <trkpt lat="42.88485674187541" lon="-2.271670019254088">
        <ele>766.7999877929688</ele>
        <time>2026-06-05T18:34:45.000Z</time>
      </trkpt>
      <trkpt lat="42.884850371629" lon="-2.271658452227712">
        <ele>766.7999877929688</ele>
        <time>2026-06-05T18:34:50.000Z</time>
      </trkpt>
      <trkpt lat="42.884845258668065" lon="-2.27165007032454">
        <ele>766.5999755859375</ele>
        <time>2026-06-05T18:34:52.000Z</time>
      </trkpt>
      <trkpt lat="42.88483176380396" lon="-2.271645795553923">
        <ele>766.2000122070312</ele>
        <time>2026-06-05T18:35:03.000Z</time>
      </trkpt>
      <trkpt lat="42.88481617346406" lon="-2.271665157750249">
        <ele>766.2000122070312</ele>
        <time>2026-06-05T18:35:08.000Z</time>
      </trkpt>
      <trkpt lat="42.88480645045638" lon="-2.271677227690816">
        <ele>766</ele>
        <time>2026-06-05T18:35:11.000Z</time>
      </trkpt>
      <trkpt lat="42.88481080904603" lon="-2.271681167185307">
        <ele>766</ele>
        <time>2026-06-05T18:35:12.000Z</time>
      </trkpt>
      <trkpt lat="42.88483193144202" lon="-2.271696673706174">
        <ele>766.2000122070312</ele>
        <time>2026-06-05T18:35:21.000Z</time>
      </trkpt>
      <trkpt lat="42.88482111878693" lon="-2.271699858829379">
        <ele>766</ele>
        <time>2026-06-05T18:35:28.000Z</time>
      </trkpt>
      <trkpt lat="42.88481466472149" lon="-2.271703546866775">
        <ele>765.7999877929688</ele>
        <time>2026-06-05T18:35:31.000Z</time>
      </trkpt>
      <trkpt lat="42.884813072159886" lon="-2.271710084751248">
        <ele>764.5999755859375</ele>
        <time>2026-06-05T18:35:36.000Z</time>
      </trkpt>
      <trkpt lat="42.88480946794152" lon="-2.271708492189646">
        <ele>763.2000122070312</ele>
        <time>2026-06-05T18:35:39.000Z</time>
      </trkpt>
      <trkpt lat="42.884811060503125" lon="-2.271697428077459">
        <ele>762.2000122070312</ele>
        <time>2026-06-05T18:35:42.000Z</time>
      </trkpt>
      <trkpt lat="42.88481407798827" lon="-2.271688794717193">
        <ele>763.4000244140625</ele>
        <time>2026-06-05T18:35:45.000Z</time>
      </trkpt>
      <trkpt lat="42.88481533527374" lon="-2.271685777232051">
        <ele>765</ele>
        <time>2026-06-05T18:35:46.000Z</time>
      </trkpt>
      <trkpt lat="42.88482245989144" lon="-2.271677311509848">
        <ele>765.7999877929688</ele>
        <time>2026-06-05T18:35:49.000Z</time>
      </trkpt>
      <trkpt lat="42.884797817096114" lon="-2.271650740876794">
        <ele>766.5999755859375</ele>
        <time>2026-06-05T18:35:57.000Z</time>
      </trkpt>
      <trkpt lat="42.88482044823468" lon="-2.271636659279466">
        <ele>767</ele>
        <time>2026-06-05T18:36:00.000Z</time>
      </trkpt>
      <trkpt lat="42.88482237607241" lon="-2.271622829139233">
        <ele>765.7999877929688</ele>
        <time>2026-06-05T18:36:03.000Z</time>
      </trkpt>
      <trkpt lat="42.88484584540129" lon="-2.271604221314192">
        <ele>764.7999877929688</ele>
        <time>2026-06-05T18:36:11.000Z</time>
      </trkpt>
      <trkpt lat="42.88485858589411" lon="-2.271599024534225">
        <ele>764.7999877929688</ele>
        <time>2026-06-05T18:36:17.000Z</time>
      </trkpt>
      <trkpt lat="42.884884402155876" lon="-2.271588714793324">
        <ele>765</ele>
        <time>2026-06-05T18:36:26.000Z</time>
      </trkpt>
      <trkpt lat="42.88488901220262" lon="-2.271587457507849">
        <ele>765</ele>
        <time>2026-06-05T18:36:31.000Z</time>
      </trkpt>
      <trkpt lat="42.88488691672683" lon="-2.271588630974293">
        <ele>764.7999877929688</ele>
        <time>2026-06-05T18:36:34.000Z</time>
      </trkpt>
      <trkpt lat="42.884881384670734" lon="-2.271595252677798">
        <ele>764.7999877929688</ele>
        <time>2026-06-05T18:36:37.000Z</time>
      </trkpt>
      <trkpt lat="42.884875517338514" lon="-2.271597180515528">
        <ele>765.2000122070312</ele>
        <time>2026-06-05T18:36:41.000Z</time>
      </trkpt>
      <trkpt lat="42.88485866971314" lon="-2.271582763642073">
        <ele>765</ele>
        <time>2026-06-05T18:36:47.000Z</time>
      </trkpt>
      <trkpt lat="42.884841402992606" lon="-2.271576477214694">
        <ele>765</ele>
        <time>2026-06-05T18:36:51.000Z</time>
      </trkpt>
      <trkpt lat="42.88483285345137" lon="-2.271569101139903">
        <ele>764</ele>
        <time>2026-06-05T18:36:54.000Z</time>
      </trkpt>
      <trkpt lat="42.88482774049044" lon="-2.271561808884144">
        <ele>763.5999755859375</ele>
        <time>2026-06-05T18:36:55.000Z</time>
      </trkpt>
      <trkpt lat="42.88482455536723" lon="-2.27155284024775">
        <ele>761.7999877929688</ele>
        <time>2026-06-05T18:36:58.000Z</time>
      </trkpt>
      <trkpt lat="42.884818436577916" lon="-2.271549236029387">
        <ele>760.5999755859375</ele>
        <time>2026-06-05T18:37:00.000Z</time>
      </trkpt>
      <trkpt lat="42.88481340743601" lon="-2.271548481658101">
        <ele>760.4000244140625</ele>
        <time>2026-06-05T18:37:01.000Z</time>
      </trkpt>
      <trkpt lat="42.884811060503125" lon="-2.271541943773627">
        <ele>759.5999755859375</ele>
        <time>2026-06-05T18:37:04.000Z</time>
      </trkpt>
      <trkpt lat="42.884809635579586" lon="-2.271543284878135">
        <ele>758.2000122070312</ele>
        <time>2026-06-05T18:37:05.000Z</time>
      </trkpt>
      <trkpt lat="42.8848088812083" lon="-2.271543201059103">
        <ele>756.7999877929688</ele>
        <time>2026-06-05T18:37:06.000Z</time>
      </trkpt>
      <trkpt lat="42.88479924201965" lon="-2.271535322070122">
        <ele>755.4000244140625</ele>
        <time>2026-06-05T18:37:10.000Z</time>
      </trkpt>
      <trkpt lat="42.88479228504002" lon="-2.271525263786316">
        <ele>754.4000244140625</ele>
        <time>2026-06-05T18:37:11.000Z</time>
      </trkpt>
      <trkpt lat="42.884777281433344" lon="-2.27154060266912">
        <ele>752.7999877929688</ele>
        <time>2026-06-05T18:37:16.000Z</time>
      </trkpt>
      <trkpt lat="42.88476881571114" lon="-2.271547056734562">
        <ele>751.4000244140625</ele>
        <time>2026-06-05T18:37:19.000Z</time>
      </trkpt>
      <trkpt lat="42.88476294837892" lon="-2.271543452516198">
        <ele>750.7999877929688</ele>
        <time>2026-06-05T18:37:20.000Z</time>
      </trkpt>
      <trkpt lat="42.88476470857859" lon="-2.271541692316532">
        <ele>750.5999755859375</ele>
        <time>2026-06-05T18:37:21.000Z</time>
      </trkpt>
      <trkpt lat="42.88477258756757" lon="-2.271550158038735">
        <ele>749.5999755859375</ele>
        <time>2026-06-05T18:37:25.000Z</time>
      </trkpt>
      <trkpt lat="42.88476345129311" lon="-2.271545045077801">
        <ele>749</ele>
        <time>2026-06-05T18:37:27.000Z</time>
      </trkpt>
      <trkpt lat="42.88476504385471" lon="-2.271548649296165">
        <ele>748.7999877929688</ele>
        <time>2026-06-05T18:37:28.000Z</time>
      </trkpt>
      <trkpt lat="42.884760517627" lon="-2.27156356908381">
        <ele>748.2000122070312</ele>
        <time>2026-06-05T18:37:33.000Z</time>
      </trkpt>
      <trkpt lat="42.88475406356156" lon="-2.271502213552594">
        <ele>749.4000244140625</ele>
        <time>2026-06-05T18:37:46.000Z</time>
      </trkpt>
      <trkpt lat="42.88475657813251" lon="-2.271475978195667">
        <ele>748.4000244140625</ele>
        <time>2026-06-05T18:37:50.000Z</time>
      </trkpt>
      <trkpt lat="42.884761271998286" lon="-2.271470362320542">
        <ele>747.5999755859375</ele>
        <time>2026-06-05T18:37:51.000Z</time>
      </trkpt>
      <trkpt lat="42.88476143963635" lon="-2.271478660404682">
        <ele>746.7999877929688</ele>
        <time>2026-06-05T18:37:52.000Z</time>
      </trkpt>
      <trkpt lat="42.884760685265064" lon="-2.27147857658565">
        <ele>746.2000122070312</ele>
        <time>2026-06-05T18:37:53.000Z</time>
      </trkpt>
      <trkpt lat="42.88475473411381" lon="-2.271479917690158">
        <ele>745</ele>
        <time>2026-06-05T18:37:56.000Z</time>
      </trkpt>
      <trkpt lat="42.88475356064737" lon="-2.271481258794665">
        <ele>745</ele>
        <time>2026-06-05T18:38:01.000Z</time>
      </trkpt>
      <trkpt lat="42.88475356064737" lon="-2.271481258794665">
        <ele>744.5999755859375</ele>
        <time>2026-06-05T18:38:06.000Z</time>
      </trkpt>
      <trkpt lat="42.884745514020324" lon="-2.271449491381645">
        <ele>744.2000122070312</ele>
        <time>2026-06-05T18:38:10.000Z</time>
      </trkpt>
      <trkpt lat="42.88474434055388" lon="-2.271436918526888">
        <ele>743.7999877929688</ele>
        <time>2026-06-05T18:38:11.000Z</time>
      </trkpt>
      <trkpt lat="42.88477937690914" lon="-2.271450748667121">
        <ele>728</ele>
        <time>2026-06-05T18:45:49.000Z</time>
      </trkpt>
      <trkpt lat="42.884809551760554" lon="-2.27144974283874">
        <ele>728</ele>
        <time>2026-06-05T18:45:54.000Z</time>
      </trkpt>
      <trkpt lat="42.88480997085571" lon="-2.271446557715535">
        <ele>728</ele>
        <time>2026-06-05T18:46:01.000Z</time>
      </trkpt>
      <trkpt lat="42.88479949347675" lon="-2.271480085328221">
        <ele>727.7999877929688</ele>
        <time>2026-06-05T18:46:08.000Z</time>
      </trkpt>
      <trkpt lat="42.8847985714674" lon="-2.271486539393663">
        <ele>728</ele>
        <time>2026-06-05T18:46:15.000Z</time>
      </trkpt>
      <trkpt lat="42.88480770774186" lon="-2.271487545222044">
        <ele>728.2000122070312</ele>
        <time>2026-06-05T18:46:21.000Z</time>
      </trkpt>
      <trkpt lat="42.884804690256715" lon="-2.271485198289156">
        <ele>728.2000122070312</ele>
        <time>2026-06-05T18:46:25.000Z</time>
      </trkpt>
      <trkpt lat="42.88481114432216" lon="-2.271488634869456">
        <ele>728.2000122070312</ele>
        <time>2026-06-05T18:46:26.000Z</time>
      </trkpt>
      <trkpt lat="42.8848139103502" lon="-2.27148880250752">
        <ele>728.2000122070312</ele>
        <time>2026-06-05T18:46:28.000Z</time>
      </trkpt>
      <trkpt lat="42.88481625728309" lon="-2.271489389240742">
        <ele>728.2000122070312</ele>
        <time>2026-06-05T18:46:29.000Z</time>
      </trkpt>
      <trkpt lat="42.88481818512082" lon="-2.271490562707186">
        <ele>728.2000122070312</ele>
        <time>2026-06-05T18:46:33.000Z</time>
      </trkpt>
      <trkpt lat="42.88480293005705" lon="-2.27148586884141">
        <ele>728.2000122070312</ele>
        <time>2026-06-05T18:46:35.000Z</time>
      </trkpt>
      <trkpt lat="42.88478926755488" lon="-2.271482264623046">
        <ele>728</ele>
        <time>2026-06-05T18:46:41.000Z</time>
      </trkpt>
      <trkpt lat="42.88478591479361" lon="-2.271481091156602">
        <ele>728.2000122070312</ele>
        <time>2026-06-05T18:46:43.000Z</time>
      </trkpt>
      <trkpt lat="42.88478155620396" lon="-2.271487377583981">
        <ele>728.2000122070312</ele>
        <time>2026-06-05T18:46:49.000Z</time>
      </trkpt>
      <trkpt lat="42.88479412905872" lon="-2.271482432261109">
        <ele>728.4000244140625</ele>
        <time>2026-06-05T18:46:51.000Z</time>
      </trkpt>
      <trkpt lat="42.88477501831949" lon="-2.271466255187988">
        <ele>728.7999877929688</ele>
        <time>2026-06-05T18:46:55.000Z</time>
      </trkpt>
      <trkpt lat="42.884764624759555" lon="-2.271466255187988">
        <ele>728.5999755859375</ele>
        <time>2026-06-05T18:47:02.000Z</time>
      </trkpt>
      <trkpt lat="42.884766636416316" lon="-2.2714639082551">
        <ele>728.7999877929688</ele>
        <time>2026-06-05T18:47:03.000Z</time>
      </trkpt>
      <trkpt lat="42.8847673907876" lon="-2.271470027044415">
        <ele>728.7999877929688</ele>
        <time>2026-06-05T18:47:04.000Z</time>
      </trkpt>
      <trkpt lat="42.88477015681565" lon="-2.27147807367146">
        <ele>728.5999755859375</ele>
        <time>2026-06-05T18:47:10.000Z</time>
      </trkpt>
      <trkpt lat="42.88475054316223" lon="-2.271496681496501">
        <ele>728.4000244140625</ele>
        <time>2026-06-05T18:47:19.000Z</time>
      </trkpt>
      <trkpt lat="42.88476780988276" lon="-2.27149760350585">
        <ele>728.5999755859375</ele>
        <time>2026-06-05T18:47:26.000Z</time>
      </trkpt>
      <trkpt lat="42.88478147238493" lon="-2.271489724516869">
        <ele>728.5999755859375</ele>
        <time>2026-06-05T18:47:33.000Z</time>
      </trkpt>
      <trkpt lat="42.884821789339185" lon="-2.271467261016369">
        <ele>728.5999755859375</ele>
        <time>2026-06-05T18:47:40.000Z</time>
      </trkpt>
      <trkpt lat="42.8848139103502" lon="-2.271492071449757">
        <ele>728.5999755859375</ele>
        <time>2026-06-05T18:47:47.000Z</time>
      </trkpt>
      <trkpt lat="42.884786585345864" lon="-2.271527275443077">
        <ele>728.5999755859375</ele>
        <time>2026-06-05T18:47:53.000Z</time>
      </trkpt>
      <trkpt lat="42.88479949347675" lon="-2.271496010944247">
        <ele>728.7999877929688</ele>
        <time>2026-06-05T18:47:59.000Z</time>
      </trkpt>
      <trkpt lat="42.88477996364236" lon="-2.271505985409021">
        <ele>728.2000122070312</ele>
        <time>2026-06-05T18:48:06.000Z</time>
      </trkpt>
      <trkpt lat="42.88477719761431" lon="-2.271473715081811">
        <ele>728.2000122070312</ele>
        <time>2026-06-05T18:48:15.000Z</time>
      </trkpt>
      <trkpt lat="42.884811060503125" lon="-2.271467512473464">
        <ele>728.5999755859375</ele>
        <time>2026-06-05T18:48:26.000Z</time>
      </trkpt>
      <trkpt lat="42.88481340743601" lon="-2.271470865234733">
        <ele>728.4000244140625</ele>
        <time>2026-06-05T18:48:30.000Z</time>
      </trkpt>
      <trkpt lat="42.88478088565171" lon="-2.271503387019038">
        <ele>728</ele>
        <time>2026-06-05T18:48:37.000Z</time>
      </trkpt>
      <trkpt lat="42.88476177491248" lon="-2.271517217159271">
        <ele>728</ele>
        <time>2026-06-05T18:48:46.000Z</time>
      </trkpt>
      <trkpt lat="42.88483142852783" lon="-2.271478241309524">
        <ele>728.2000122070312</ele>
        <time>2026-06-05T18:48:57.000Z</time>
      </trkpt>
      <trkpt lat="42.884829668328166" lon="-2.271469356492162">
        <ele>727.4000244140625</ele>
        <time>2026-06-05T18:49:04.000Z</time>
      </trkpt>
      <trkpt lat="42.88480527698994" lon="-2.271488383412361">
        <ele>728.2000122070312</ele>
        <time>2026-06-05T18:49:14.000Z</time>
      </trkpt>
      <trkpt lat="42.88465540856123" lon="-2.271586200222373">
        <ele>727</ele>
        <time>2026-06-05T18:53:00.000Z</time>
      </trkpt>
      <trkpt lat="42.88470083847642" lon="-2.271597934886813">
        <ele>726.7999877929688</ele>
        <time>2026-06-05T18:53:01.000Z</time>
      </trkpt>
      <trkpt lat="42.88467460311949" lon="-2.271605227142572">
        <ele>727.2000122070312</ele>
        <time>2026-06-05T18:53:09.000Z</time>
      </trkpt>
      <trkpt lat="42.88470762781799" lon="-2.271609753370285">
        <ele>727.2000122070312</ele>
        <time>2026-06-05T18:53:12.000Z</time>
      </trkpt>
      <trkpt lat="42.8847451787442" lon="-2.27159290574491">
        <ele>727.4000244140625</ele>
        <time>2026-06-05T18:53:18.000Z</time>
      </trkpt>
      <trkpt lat="42.88475029170513" lon="-2.271592486649752">
        <ele>727.4000244140625</ele>
        <time>2026-06-05T18:53:19.000Z</time>
      </trkpt>
      <trkpt lat="42.88476747460663" lon="-2.271569687873125">
        <ele>727</ele>
        <time>2026-06-05T18:53:23.000Z</time>
      </trkpt>
      <trkpt lat="42.88477116264403" lon="-2.271548649296165">
        <ele>727</ele>
        <time>2026-06-05T18:53:26.000Z</time>
      </trkpt>
      <trkpt lat="42.88480351679027" lon="-2.271527945995331">
        <ele>727.2000122070312</ele>
        <time>2026-06-05T18:53:30.000Z</time>
      </trkpt>
      <trkpt lat="42.88480603136122" lon="-2.271516295149922">
        <ele>727.4000244140625</ele>
        <time>2026-06-05T18:53:32.000Z</time>
      </trkpt>
      <trkpt lat="42.884800247848034" lon="-2.271488551050425">
        <ele>727.5999755859375</ele>
        <time>2026-06-05T18:53:37.000Z</time>
      </trkpt>
      <trkpt lat="42.88476630114019" lon="-2.271481845527887">
        <ele>727.4000244140625</ele>
        <time>2026-06-05T18:53:42.000Z</time>
      </trkpt>
      <trkpt lat="42.884754817932844" lon="-2.271444462239742">
        <ele>727.2000122070312</ele>
        <time>2026-06-05T18:54:57.000Z</time>
      </trkpt>
      <trkpt lat="42.88482237607241" lon="-2.271554432809353">
        <ele>727.5999755859375</ele>
        <time>2026-06-05T18:54:59.000Z</time>
      </trkpt>
      <trkpt lat="42.884850623086095" lon="-2.271609837189317">
        <ele>728.2000122070312</ele>
        <time>2026-06-05T18:55:03.000Z</time>
      </trkpt>
      <trkpt lat="42.88478499278426" lon="-2.271616039797664">
        <ele>728</ele>
        <time>2026-06-05T18:55:11.000Z</time>
      </trkpt>
      <trkpt lat="42.88473227061331" lon="-2.27159290574491">
        <ele>726.7999877929688</ele>
        <time>2026-06-05T18:55:15.000Z</time>
      </trkpt>
      <trkpt lat="42.884726990014315" lon="-2.271556779742241">
        <ele>726.5999755859375</ele>
        <time>2026-06-05T18:55:19.000Z</time>
      </trkpt>
      <trkpt lat="42.88475037552416" lon="-2.271603969857097">
        <ele>727.4000244140625</ele>
        <time>2026-06-05T18:55:26.000Z</time>
      </trkpt>
      <trkpt lat="42.884767139330506" lon="-2.271638168022037">
        <ele>727.5999755859375</ele>
        <time>2026-06-05T18:55:33.000Z</time>
      </trkpt>
      <trkpt lat="42.88476638495922" lon="-2.271643532440066">
        <ele>727.7999877929688</ele>
        <time>2026-06-05T18:55:35.000Z</time>
      </trkpt>
      <trkpt lat="42.88476814515889" lon="-2.271648896858096">
        <ele>728</ele>
        <time>2026-06-05T18:55:38.000Z</time>
      </trkpt>
      <trkpt lat="42.884791027754545" lon="-2.271500453352928">
        <ele>725.5999755859375</ele>
        <time>2026-06-05T18:56:44.000Z</time>
      </trkpt>
      <trkpt lat="42.88475104607642" lon="-2.271582512184978">
        <ele>730.4000244140625</ele>
        <time>2026-06-05T18:56:51.000Z</time>
      </trkpt>
      <trkpt lat="42.8847362101078" lon="-2.271584272384644">
        <ele>731</ele>
        <time>2026-06-05T18:56:52.000Z</time>
      </trkpt>
      <trkpt lat="42.88455482572317" lon="-2.27155770175159">
        <ele>727.5999755859375</ele>
        <time>2026-06-05T18:56:59.000Z</time>
      </trkpt>
      <trkpt lat="42.88452540524304" lon="-2.271549990400672">
        <ele>726</ele>
        <time>2026-06-05T18:57:00.000Z</time>
      </trkpt>
      <trkpt lat="42.88448994979262" lon="-2.271532975137234">
        <ele>723</ele>
        <time>2026-06-05T18:57:01.000Z</time>
      </trkpt>
      <trkpt lat="42.88446983322501" lon="-2.271554432809353">
        <ele>719.7999877929688</ele>
        <time>2026-06-05T18:57:04.000Z</time>
      </trkpt>
      <trkpt lat="42.88442473858595" lon="-2.27155284024775">
        <ele>718.2000122070312</ele>
        <time>2026-06-05T18:57:06.000Z</time>
      </trkpt>
      <trkpt lat="42.88440906442702" lon="-2.271578572690487">
        <ele>716</ele>
        <time>2026-06-05T18:57:09.000Z</time>
      </trkpt>
      <trkpt lat="42.8843963239342" lon="-2.271591397002339">
        <ele>715.5999755859375</ele>
        <time>2026-06-05T18:57:11.000Z</time>
      </trkpt>
      <trkpt lat="42.8843926358968" lon="-2.271607322618365">
        <ele>715</ele>
        <time>2026-06-05T18:57:13.000Z</time>
      </trkpt>
      <trkpt lat="42.88438660092652" lon="-2.271626014262438">
        <ele>713.7999877929688</ele>
        <time>2026-06-05T18:57:19.000Z</time>
      </trkpt>
      <trkpt lat="42.8843944799155" lon="-2.271640263497829">
        <ele>712.7999877929688</ele>
        <time>2026-06-05T18:57:23.000Z</time>
      </trkpt>
      <trkpt lat="42.884396659210324" lon="-2.271641604602337">
        <ele>712.5999755859375</ele>
        <time>2026-06-05T18:57:24.000Z</time>
      </trkpt>
      <trkpt lat="42.880685068666935" lon="-2.274288441985846">
        <ele>636.5999755859375</ele>
        <time>2026-06-05T20:51:32.000Z</time>
      </trkpt>
      <trkpt lat="42.880706610158086" lon="-2.274242760613561">
        <ele>642.4000244140625</ele>
        <time>2026-06-05T20:51:33.000Z</time>
      </trkpt>
      <trkpt lat="42.88066042587161" lon="-2.274289028719068">
        <ele>642.5999755859375</ele>
        <time>2026-06-05T20:51:37.000Z</time>
      </trkpt>
      <trkpt lat="42.88058607839048" lon="-2.274286933243275">
        <ele>643</ele>
        <time>2026-06-05T20:51:43.000Z</time>
      </trkpt>
      <trkpt lat="42.880574092268944" lon="-2.274286430329084">
        <ele>644</ele>
        <time>2026-06-05T20:51:44.000Z</time>
      </trkpt>
      <trkpt lat="42.8805385529995" lon="-2.274267990142107">
        <ele>642</ele>
        <time>2026-06-05T20:51:47.000Z</time>
      </trkpt>
      <trkpt lat="42.88052933290601" lon="-2.27425935678184">
        <ele>640.5999755859375</ele>
        <time>2026-06-05T20:51:48.000Z</time>
      </trkpt>
      <trkpt lat="42.88052606396377" lon="-2.274252902716398">
        <ele>640.4000244140625</ele>
        <time>2026-06-05T20:51:49.000Z</time>
      </trkpt>
      <trkpt lat="42.88047417998314" lon="-2.274210909381509">
        <ele>638.7999877929688</ele>
        <time>2026-06-05T20:51:55.000Z</time>
      </trkpt>
      <trkpt lat="42.88045724853873" lon="-2.274194732308388">
        <ele>638.4000244140625</ele>
        <time>2026-06-05T20:52:00.000Z</time>
      </trkpt>
      <trkpt lat="42.88045330904424" lon="-2.274181321263313">
        <ele>638.5999755859375</ele>
        <time>2026-06-05T20:52:01.000Z</time>
      </trkpt>
      <trkpt lat="42.880452973768115" lon="-2.274163803085685">
        <ele>638.5999755859375</ele>
        <time>2026-06-05T20:52:03.000Z</time>
      </trkpt>
      <trkpt lat="42.880453979596496" lon="-2.274146368727088">
        <ele>638.4000244140625</ele>
        <time>2026-06-05T20:52:04.000Z</time>
      </trkpt>
      <trkpt lat="42.88044978864491" lon="-2.274135807529092">
        <ele>638.4000244140625</ele>
        <time>2026-06-05T20:52:05.000Z</time>
      </trkpt>
      <trkpt lat="42.88044970482588" lon="-2.274119965732098">
        <ele>638.5999755859375</ele>
        <time>2026-06-05T20:52:06.000Z</time>
      </trkpt>
      <trkpt lat="42.88041961379349" lon="-2.274072943255305">
        <ele>639.5999755859375</ele>
        <time>2026-06-05T20:52:11.000Z</time>
      </trkpt>
      <trkpt lat="42.880397737026215" lon="-2.27400085888803">
        <ele>638.2000122070312</ele>
        <time>2026-06-05T20:52:16.000Z</time>
      </trkpt>
      <trkpt lat="42.88033897988498" lon="-2.273976048454642">
        <ele>639.5999755859375</ele>
        <time>2026-06-05T20:52:23.000Z</time>
      </trkpt>
      <trkpt lat="42.880277624353766" lon="-2.273953333497047">
        <ele>638.7999877929688</ele>
        <time>2026-06-05T20:52:30.000Z</time>
      </trkpt>
      <trkpt lat="42.880193972960114" lon="-2.273941179737449">
        <ele>638.5999755859375</ele>
        <time>2026-06-05T20:52:36.000Z</time>
      </trkpt>
      <trkpt lat="42.88014745339751" lon="-2.273968001827598">
        <ele>638.2000122070312</ele>
        <time>2026-06-05T20:52:41.000Z</time>
      </trkpt>
      <trkpt lat="42.8801344614476" lon="-2.27398719638586">
        <ele>638.2000122070312</ele>
        <time>2026-06-05T20:52:42.000Z</time>
      </trkpt>
      <trkpt lat="42.88009246811271" lon="-2.274028267711401">
        <ele>637.5999755859375</ele>
        <time>2026-06-05T20:52:45.000Z</time>
      </trkpt>
      <trkpt lat="42.88007704541087" lon="-2.274062382057309">
        <ele>636.5999755859375</ele>
        <time>2026-06-05T20:52:48.000Z</time>
      </trkpt>
      <trkpt lat="42.88007059134543" lon="-2.274077218025923">
        <ele>636.5999755859375</ele>
        <time>2026-06-05T20:52:49.000Z</time>
      </trkpt>
      <trkpt lat="42.88005500100553" lon="-2.274088198319077">
        <ele>636.5999755859375</ele>
        <time>2026-06-05T20:52:50.000Z</time>
      </trkpt>
      <trkpt lat="42.880021976307034" lon="-2.274098927155137">
        <ele>636.4000244140625</ele>
        <time>2026-06-05T20:52:52.000Z</time>
      </trkpt>
      <trkpt lat="42.88001334294677" lon="-2.274096999317408">
        <ele>636.4000244140625</ele>
        <time>2026-06-05T20:52:53.000Z</time>
      </trkpt>
      <trkpt lat="42.87996841594577" lon="-2.274102279916406">
        <ele>635.4000244140625</ele>
        <time>2026-06-05T20:52:57.000Z</time>
      </trkpt>
      <trkpt lat="42.87995425052941" lon="-2.274110829457641">
        <ele>635.2000122070312</ele>
        <time>2026-06-05T20:52:58.000Z</time>
      </trkpt>
      <trkpt lat="42.87988845258951" lon="-2.27413522079587">
        <ele>636.4000244140625</ele>
        <time>2026-06-05T20:53:04.000Z</time>
      </trkpt>
      <trkpt lat="42.879877807572484" lon="-2.274140669032931">
        <ele>636.5999755859375</ele>
        <time>2026-06-05T20:53:05.000Z</time>
      </trkpt>
      <trkpt lat="42.879829024896026" lon="-2.274158438667655">
        <ele>635.2000122070312</ele>
        <time>2026-06-05T20:53:09.000Z</time>
      </trkpt>
      <trkpt lat="42.87980035878718" lon="-2.274164976552129">
        <ele>634.4000244140625</ele>
        <time>2026-06-05T20:53:12.000Z</time>
      </trkpt>
      <trkpt lat="42.87978971377015" lon="-2.274173693731427">
        <ele>634.2000122070312</ele>
        <time>2026-06-05T20:53:13.000Z</time>
      </trkpt>
      <trkpt lat="42.87974855862558" lon="-2.274204203858972">
        <ele>632.7999877929688</ele>
        <time>2026-06-05T20:53:16.000Z</time>
      </trkpt>
      <trkpt lat="42.87972710095346" lon="-2.274217447265983">
        <ele>632.2000122070312</ele>
        <time>2026-06-05T20:53:18.000Z</time>
      </trkpt>
      <trkpt lat="42.87971729412675" lon="-2.274222727864981">
        <ele>631.5999755859375</ele>
        <time>2026-06-05T20:53:19.000Z</time>
      </trkpt>
      <trkpt lat="42.87965225055814" lon="-2.274270504713058">
        <ele>631</ele>
        <time>2026-06-05T20:53:25.000Z</time>
      </trkpt>
      <trkpt lat="42.87962165661156" lon="-2.274306043982506">
        <ele>630.4000244140625</ele>
        <time>2026-06-05T20:53:29.000Z</time>
      </trkpt>
      <trkpt lat="42.87960095331073" lon="-2.274330770596862">
        <ele>628.7999877929688</ele>
        <time>2026-06-05T20:53:31.000Z</time>
      </trkpt>
      <trkpt lat="42.879564659669995" lon="-2.274367148056626">
        <ele>627.7999877929688</ele>
        <time>2026-06-05T20:53:34.000Z</time>
      </trkpt>
      <trkpt lat="42.87952870130539" lon="-2.2743927128613">
        <ele>626.7999877929688</ele>
        <time>2026-06-05T20:53:37.000Z</time>
      </trkpt>
      <trkpt lat="42.87951746955514" lon="-2.27440008893609">
        <ele>626.5999755859375</ele>
        <time>2026-06-05T20:53:38.000Z</time>
      </trkpt>
      <trkpt lat="42.87944454699755" lon="-2.274449709802866">
        <ele>625.4000244140625</ele>
        <time>2026-06-05T20:53:43.000Z</time>
      </trkpt>
      <trkpt lat="42.87943348288536" lon="-2.274460103362799">
        <ele>624.7999877929688</ele>
        <time>2026-06-05T20:53:44.000Z</time>
      </trkpt>
      <trkpt lat="42.879409762099385" lon="-2.27447921410203">
        <ele>623.7999877929688</ele>
        <time>2026-06-05T20:53:46.000Z</time>
      </trkpt>
      <trkpt lat="42.87936416454613" lon="-2.27455205284059">
        <ele>622.7999877929688</ele>
        <time>2026-06-05T20:53:50.000Z</time>
      </trkpt>
      <trkpt lat="42.879310101270676" lon="-2.274640565738082">
        <ele>621.2000122070312</ele>
        <time>2026-06-05T20:53:57.000Z</time>
      </trkpt>
      <trkpt lat="42.87929995916784" lon="-2.274672416970134">
        <ele>619.7999877929688</ele>
        <time>2026-06-05T20:53:59.000Z</time>
      </trkpt>
      <trkpt lat="42.87928780540824" lon="-2.274715583771467">
        <ele>618.5999755859375</ele>
        <time>2026-06-05T20:54:01.000Z</time>
      </trkpt>
      <trkpt lat="42.87928394973278" lon="-2.274730252102017">
        <ele>617.7999877929688</ele>
        <time>2026-06-05T20:54:02.000Z</time>
      </trkpt>
      <trkpt lat="42.87927866913378" lon="-2.274746429175138">
        <ele>617.4000244140625</ele>
        <time>2026-06-05T20:54:03.000Z</time>
      </trkpt>
      <trkpt lat="42.87925327196717" lon="-2.274827398359776">
        <ele>622</ele>
        <time>2026-06-05T20:54:08.000Z</time>
      </trkpt>
      <trkpt lat="42.87925209850073" lon="-2.274844665080309">
        <ele>622.7999877929688</ele>
        <time>2026-06-05T20:54:09.000Z</time>
      </trkpt>
      <trkpt lat="42.87922376766801" lon="-2.274952037259936">
        <ele>622</ele>
        <time>2026-06-05T20:54:15.000Z</time>
      </trkpt>
      <trkpt lat="42.8792173974216" lon="-2.274961257353425">
        <ele>621.5999755859375</ele>
        <time>2026-06-05T20:54:16.000Z</time>
      </trkpt>
      <trkpt lat="42.87919736467302" lon="-2.274998389184475">
        <ele>620.4000244140625</ele>
        <time>2026-06-05T20:54:19.000Z</time>
      </trkpt>
      <trkpt lat="42.87918143905699" lon="-2.275036610662937">
        <ele>619</ele>
        <time>2026-06-05T20:54:21.000Z</time>
      </trkpt>
      <trkpt lat="42.87916433997452" lon="-2.275077262893319">
        <ele>617.7999877929688</ele>
        <time>2026-06-05T20:54:24.000Z</time>
      </trkpt>
      <trkpt lat="42.87914749234915" lon="-2.275117747485638">
        <ele>618.7999877929688</ele>
        <time>2026-06-05T20:54:27.000Z</time>
      </trkpt>
      <trkpt lat="42.879140032455325" lon="-2.275132751092315">
        <ele>619</ele>
        <time>2026-06-05T20:54:28.000Z</time>
      </trkpt>
      <trkpt lat="42.879089154303074" lon="-2.275204500183463">
        <ele>618.2000122070312</ele>
        <time>2026-06-05T20:54:34.000Z</time>
      </trkpt>
      <trkpt lat="42.879055459052324" lon="-2.275244314223528">
        <ele>618.2000122070312</ele>
        <time>2026-06-05T20:54:37.000Z</time>
      </trkpt>
      <trkpt lat="42.87904540076852" lon="-2.275256384164095">
        <ele>618.2000122070312</ele>
        <time>2026-06-05T20:54:38.000Z</time>
      </trkpt>
      <trkpt lat="42.879030145704746" lon="-2.275266107171774">
        <ele>618.2000122070312</ele>
        <time>2026-06-05T20:54:40.000Z</time>
      </trkpt>
      <trkpt lat="42.87895252928138" lon="-2.275336682796478">
        <ele>618.2000122070312</ele>
        <time>2026-06-05T20:54:47.000Z</time>
      </trkpt>
      <trkpt lat="42.87886477075517" lon="-2.275418825447559">
        <ele>618.5999755859375</ele>
        <time>2026-06-05T20:54:56.000Z</time>
      </trkpt>
      <trkpt lat="42.87882965058088" lon="-2.275443971157074">
        <ele>617.7999877929688</ele>
        <time>2026-06-05T20:54:59.000Z</time>
      </trkpt>
      <trkpt lat="42.878816490992904" lon="-2.275449587032199">
        <ele>616.5999755859375</ele>
        <time>2026-06-05T20:55:01.000Z</time>
      </trkpt>
      <trkpt lat="42.878811461851" lon="-2.275452688336372">
        <ele>616</ele>
        <time>2026-06-05T20:55:02.000Z</time>
      </trkpt>
      <trkpt lat="42.878804337233305" lon="-2.275459310039878">
        <ele>615.4000244140625</ele>
        <time>2026-06-05T20:55:04.000Z</time>
      </trkpt>
      <trkpt lat="42.878791596740484" lon="-2.275446821004152">
        <ele>618</ele>
        <time>2026-06-05T20:55:11.000Z</time>
      </trkpt>
      <trkpt lat="42.87878505885601" lon="-2.275445060804486">
        <ele>618.4000244140625</ele>
        <time>2026-06-05T20:55:12.000Z</time>
      </trkpt>
      <trkpt lat="42.878778018057346" lon="-2.275445563718677">
        <ele>621.5999755859375</ele>
        <time>2026-06-05T20:55:13.000Z</time>
      </trkpt>
      <trkpt lat="42.87874641828239" lon="-2.275473391637206">
        <ele>620.4000244140625</ele>
        <time>2026-06-05T20:55:18.000Z</time>
      </trkpt>
      <trkpt lat="42.878737952560186" lon="-2.27549166418612">
        <ele>620</ele>
        <time>2026-06-05T20:55:19.000Z</time>
      </trkpt>
      <trkpt lat="42.87872998975217" lon="-2.275504320859909">
        <ele>619.2000122070312</ele>
        <time>2026-06-05T20:55:20.000Z</time>
      </trkpt>
      <trkpt lat="42.87871548905969" lon="-2.275558300316334">
        <ele>618.7999877929688</ele>
        <time>2026-06-05T20:55:24.000Z</time>
      </trkpt>
      <trkpt lat="42.8787025809288" lon="-2.275633821263909">
        <ele>617.5999755859375</ele>
        <time>2026-06-05T20:55:29.000Z</time>
      </trkpt>
      <trkpt lat="42.87869713269174" lon="-2.275685202330351">
        <ele>617</ele>
        <time>2026-06-05T20:55:32.000Z</time>
      </trkpt>
      <trkpt lat="42.87869470193982" lon="-2.275701211765409">
        <ele>614.7999877929688</ele>
        <time>2026-06-05T20:55:33.000Z</time>
      </trkpt>
      <trkpt lat="42.878690510988235" lon="-2.275721244513988">
        <ele>614.4000244140625</ele>
        <time>2026-06-05T20:55:34.000Z</time>
      </trkpt>
      <trkpt lat="42.878686068579555" lon="-2.275749994441867">
        <ele>613.5999755859375</ele>
        <time>2026-06-05T20:55:36.000Z</time>
      </trkpt>
      <trkpt lat="42.87867994979024" lon="-2.275774553418159">
        <ele>612.5999755859375</ele>
        <time>2026-06-05T20:55:38.000Z</time>
      </trkpt>
      <trkpt lat="42.87867743521929" lon="-2.275793915614486">
        <ele>611.7999877929688</ele>
        <time>2026-06-05T20:55:39.000Z</time>
      </trkpt>
      <trkpt lat="42.87867307662964" lon="-2.275811601430178">
        <ele>611.4000244140625</ele>
        <time>2026-06-05T20:55:40.000Z</time>
      </trkpt>
      <trkpt lat="42.87863686680794" lon="-2.275891061872244">
        <ele>610.4000244140625</ele>
        <time>2026-06-05T20:55:45.000Z</time>
      </trkpt>
      <trkpt lat="42.87857249379158" lon="-2.275974461808801">
        <ele>610.2000122070312</ele>
        <time>2026-06-05T20:55:52.000Z</time>
      </trkpt>
      <trkpt lat="42.878502421081066" lon="-2.27597882039845">
        <ele>610.7999877929688</ele>
        <time>2026-06-05T20:55:58.000Z</time>
      </trkpt>
      <trkpt lat="42.87842539139092" lon="-2.275992399081588">
        <ele>609.7999877929688</ele>
        <time>2026-06-05T20:56:03.000Z</time>
      </trkpt>
      <trkpt lat="42.878391444683075" lon="-2.275989213958383">
        <ele>608.7999877929688</ele>
        <time>2026-06-05T20:56:06.000Z</time>
      </trkpt>
      <trkpt lat="42.87836101837456" lon="-2.275977311655879">
        <ele>608.2000122070312</ele>
        <time>2026-06-05T20:56:09.000Z</time>
      </trkpt>
      <trkpt lat="42.878345511853695" lon="-2.275983346626163">
        <ele>607.7999877929688</ele>
        <time>2026-06-05T20:56:10.000Z</time>
      </trkpt>
      <trkpt lat="42.87828080356121" lon="-2.276029195636511">
        <ele>607.2000122070312</ele>
        <time>2026-06-05T20:56:14.000Z</time>
      </trkpt>
      <trkpt lat="42.87825004197657" lon="-2.27605308406055">
        <ele>606.5999755859375</ele>
        <time>2026-06-05T20:56:17.000Z</time>
      </trkpt>
      <trkpt lat="42.87822472862899" lon="-2.276070937514305">
        <ele>605.4000244140625</ele>
        <time>2026-06-05T20:56:19.000Z</time>
      </trkpt>
      <trkpt lat="42.87816169671714" lon="-2.276085773482919">
        <ele>606.7999877929688</ele>
        <time>2026-06-05T20:56:25.000Z</time>
      </trkpt>
      <trkpt lat="42.87815314717591" lon="-2.2760902158916">
        <ele>607.7999877929688</ele>
        <time>2026-06-05T20:56:26.000Z</time>
      </trkpt>
      <trkpt lat="42.878134958446026" lon="-2.27608292363584">
        <ele>609</ele>
        <time>2026-06-05T20:56:29.000Z</time>
      </trkpt>
      <trkpt lat="42.878130096942186" lon="-2.276058867573738">
        <ele>609</ele>
        <time>2026-06-05T20:56:32.000Z</time>
      </trkpt>
      <trkpt lat="42.87812531925738" lon="-2.276057526469231">
        <ele>609</ele>
        <time>2026-06-05T20:56:33.000Z</time>
      </trkpt>
    </trkseg>
  </trk>
</gpx>
