<?xml version="1.0" encoding="UTF-8"?>
<gpx creator="https://gpx.studio" version="1.1" xmlns="http://www.topografix.com/GPX/1/1" xmlns:xsi="http://www.w3.org/2001/XMLSchema-instance" xsi:schemaLocation="http://www.topografix.com/GPX/1/1 http://www.topografix.com/GPX/1/1/gpx.xsd http://www.garmin.com/xmlschemas/GpxExtensions/v3 http://www.garmin.com/xmlschemas/GpxExtensionsv3.xsd http://www.garmin.com/xmlschemas/TrackPointExtension/v1 http://www.garmin.com/xmlschemas/TrackPointExtensionv1.xsd http://www.garmin.com/xmlschemas/PowerExtension/v1 http://www.garmin.com/xmlschemas/PowerExtensionv1.xsd http://www.topografix.com/GPX/gpx_style/0/2 http://www.topografix.com/GPX/gpx_style/0/2/gpx_style.xsd" xmlns:gpxtpx="http://www.garmin.com/xmlschemas/TrackPointExtension/v1" xmlns:gpxx="http://www.garmin.com/xmlschemas/GpxExtensions/v3" xmlns:gpxpx="http://www.garmin.com/xmlschemas/PowerExtension/v1" xmlns:gpx_style="http://www.topografix.com/GPX/gpx_style/0/2">
  <metadata>
    <name>Día 3c - Pirineos</name>
    <desc>Sin taillon</desc>
    <author>
      <name>gpx.studio</name>
      <link href="https://gpx.studio"/>
    </author>
  </metadata>
  <trk>
    <name>Día 3c - Pirineos</name>
    <trkseg>
      <trkpt lat="42.663222" lon="0.014934">
        <ele>2190.898283467018</ele>
        <extensions>
          <gpxtpx:TrackPointExtension>
            <gpxtpx:Extensions>
              <highway>path</highway>
              <surface>dirt</surface>
              <sac_scale>demanding_mountain_hiking</sac_scale>
            </gpxtpx:Extensions>
          </gpxtpx:TrackPointExtension>
        </extensions>
      </trkpt>
      <trkpt lat="42.663206" lon="0.014961">
        <ele>2190.838924503304</ele>
        <extensions>
          <gpxtpx:TrackPointExtension>
            <gpxtpx:Extensions>
              <highway>path</highway>
              <surface>dirt</surface>
              <sac_scale>demanding_mountain_hiking</sac_scale>
            </gpxtpx:Extensions>
          </gpxtpx:TrackPointExtension>
        </extensions>
      </trkpt>
      <trkpt lat="42.663194" lon="0.015016">
        <ele>2191.125842154412</ele>
        <extensions>
          <gpxtpx:TrackPointExtension>
            <gpxtpx:Extensions>
              <highway>path</highway>
              <surface>dirt</surface>
              <sac_scale>demanding_mountain_hiking</sac_scale>
            </gpxtpx:Extensions>
          </gpxtpx:TrackPointExtension>
        </extensions>
      </trkpt>
      <trkpt lat="42.663126" lon="0.015057">
        <ele>2190.467122305165</ele>
        <extensions>
          <gpxtpx:TrackPointExtension>
            <gpxtpx:Extensions>
              <highway>path</highway>
              <surface>dirt</surface>
              <sac_scale>demanding_mountain_hiking</sac_scale>
            </gpxtpx:Extensions>
          </gpxtpx:TrackPointExtension>
        </extensions>
      </trkpt>
      <trkpt lat="42.663073" lon="0.015135">
        <ele>2190.5873389902877</ele>
        <extensions>
          <gpxtpx:TrackPointExtension>
            <gpxtpx:Extensions>
              <highway>path</highway>
              <surface>dirt</surface>
              <sac_scale>demanding_mountain_hiking</sac_scale>
            </gpxtpx:Extensions>
          </gpxtpx:TrackPointExtension>
        </extensions>
      </trkpt>
      <trkpt lat="42.663038" lon="0.015171">
        <ele>2190.53326129376</ele>
        <extensions>
          <gpxtpx:TrackPointExtension>
            <gpxtpx:Extensions>
              <highway>path</highway>
              <surface>dirt</surface>
              <sac_scale>demanding_mountain_hiking</sac_scale>
            </gpxtpx:Extensions>
          </gpxtpx:TrackPointExtension>
        </extensions>
      </trkpt>
      <trkpt lat="42.663162" lon="0.015257">
        <ele>2193.032624518719</ele>
        <extensions>
          <gpxtpx:TrackPointExtension>
            <gpxtpx:Extensions>
              <highway>path</highway>
              <surface>dirt</surface>
              <sac_scale>mountain_hiking</sac_scale>
            </gpxtpx:Extensions>
          </gpxtpx:TrackPointExtension>
        </extensions>
      </trkpt>
      <trkpt lat="42.663283" lon="0.015206">
        <ele>2193.79726830679</ele>
        <extensions>
          <gpxtpx:TrackPointExtension>
            <gpxtpx:Extensions>
              <highway>path</highway>
              <surface>dirt</surface>
              <sac_scale>mountain_hiking</sac_scale>
            </gpxtpx:Extensions>
          </gpxtpx:TrackPointExtension>
        </extensions>
      </trkpt>
      <trkpt lat="42.663434" lon="0.015036">
        <ele>2194.367793344395</ele>
        <extensions>
          <gpxtpx:TrackPointExtension>
            <gpxtpx:Extensions>
              <highway>path</highway>
              <surface>dirt</surface>
              <sac_scale>mountain_hiking</sac_scale>
            </gpxtpx:Extensions>
          </gpxtpx:TrackPointExtension>
        </extensions>
      </trkpt>
      <trkpt lat="42.663581" lon="0.014813">
        <ele>2192.7730367116374</ele>
        <extensions>
          <gpxtpx:TrackPointExtension>
            <gpxtpx:Extensions>
              <highway>path</highway>
              <surface>dirt</surface>
              <sac_scale>mountain_hiking</sac_scale>
            </gpxtpx:Extensions>
          </gpxtpx:TrackPointExtension>
        </extensions>
      </trkpt>
      <trkpt lat="42.663653" lon="0.014653">
        <ele>2191.6690268933608</ele>
        <extensions>
          <gpxtpx:TrackPointExtension>
            <gpxtpx:Extensions>
              <highway>path</highway>
              <surface>dirt</surface>
              <sac_scale>mountain_hiking</sac_scale>
            </gpxtpx:Extensions>
          </gpxtpx:TrackPointExtension>
        </extensions>
      </trkpt>
      <trkpt lat="42.663859" lon="0.014628">
        <ele>2194.048778310883</ele>
        <extensions>
          <gpxtpx:TrackPointExtension>
            <gpxtpx:Extensions>
              <highway>path</highway>
              <surface>dirt</surface>
              <sac_scale>mountain_hiking</sac_scale>
            </gpxtpx:Extensions>
          </gpxtpx:TrackPointExtension>
        </extensions>
      </trkpt>
      <trkpt lat="42.663962" lon="0.014564">
        <ele>2193.904717835978</ele>
        <extensions>
          <gpxtpx:TrackPointExtension>
            <gpxtpx:Extensions>
              <highway>path</highway>
              <sac_scale>mountain_hiking</sac_scale>
            </gpxtpx:Extensions>
          </gpxtpx:TrackPointExtension>
        </extensions>
      </trkpt>
      <trkpt lat="42.664041" lon="0.01444">
        <ele>2190.09489037322</ele>
        <extensions>
          <gpxtpx:TrackPointExtension>
            <gpxtpx:Extensions>
              <highway>path</highway>
              <sac_scale>mountain_hiking</sac_scale>
            </gpxtpx:Extensions>
          </gpxtpx:TrackPointExtension>
        </extensions>
      </trkpt>
      <trkpt lat="42.664084" lon="0.01444">
        <ele>2191.3718499112306</ele>
        <extensions>
          <gpxtpx:TrackPointExtension>
            <gpxtpx:Extensions>
              <highway>path</highway>
              <sac_scale>mountain_hiking</sac_scale>
            </gpxtpx:Extensions>
          </gpxtpx:TrackPointExtension>
        </extensions>
      </trkpt>
      <trkpt lat="42.664184" lon="0.014166">
        <ele>2195.6474755983277</ele>
        <extensions>
          <gpxtpx:TrackPointExtension>
            <gpxtpx:Extensions>
              <highway>path</highway>
              <sac_scale>mountain_hiking</sac_scale>
            </gpxtpx:Extensions>
          </gpxtpx:TrackPointExtension>
        </extensions>
      </trkpt>
      <trkpt lat="42.664188" lon="0.014087">
        <ele>2195.804224227046</ele>
        <extensions>
          <gpxtpx:TrackPointExtension>
            <gpxtpx:Extensions>
              <highway>path</highway>
              <sac_scale>mountain_hiking</sac_scale>
            </gpxtpx:Extensions>
          </gpxtpx:TrackPointExtension>
        </extensions>
      </trkpt>
      <trkpt lat="42.664144" lon="0.013943">
        <ele>2195.394957884096</ele>
        <extensions>
          <gpxtpx:TrackPointExtension>
            <gpxtpx:Extensions>
              <highway>path</highway>
              <sac_scale>mountain_hiking</sac_scale>
            </gpxtpx:Extensions>
          </gpxtpx:TrackPointExtension>
        </extensions>
      </trkpt>
      <trkpt lat="42.66413" lon="0.013859">
        <ele>2195.1859854673157</ele>
        <extensions>
          <gpxtpx:TrackPointExtension>
            <gpxtpx:Extensions>
              <highway>path</highway>
              <sac_scale>mountain_hiking</sac_scale>
            </gpxtpx:Extensions>
          </gpxtpx:TrackPointExtension>
        </extensions>
      </trkpt>
      <trkpt lat="42.664178" lon="0.013642">
        <ele>2196.7418610561776</ele>
        <extensions>
          <gpxtpx:TrackPointExtension>
            <gpxtpx:Extensions>
              <highway>path</highway>
              <surface>dirt</surface>
              <sac_scale>demanding_mountain_hiking</sac_scale>
            </gpxtpx:Extensions>
          </gpxtpx:TrackPointExtension>
        </extensions>
      </trkpt>
      <trkpt lat="42.664229" lon="0.013607">
        <ele>2198.365783693049</ele>
        <extensions>
          <gpxtpx:TrackPointExtension>
            <gpxtpx:Extensions>
              <highway>path</highway>
              <surface>dirt</surface>
              <sac_scale>demanding_mountain_hiking</sac_scale>
            </gpxtpx:Extensions>
          </gpxtpx:TrackPointExtension>
        </extensions>
      </trkpt>
      <trkpt lat="42.664279" lon="0.01355">
        <ele>2199.714831178082</ele>
        <extensions>
          <gpxtpx:TrackPointExtension>
            <gpxtpx:Extensions>
              <highway>path</highway>
              <surface>dirt</surface>
              <sac_scale>demanding_mountain_hiking</sac_scale>
            </gpxtpx:Extensions>
          </gpxtpx:TrackPointExtension>
        </extensions>
      </trkpt>
      <trkpt lat="42.664324" lon="0.013519">
        <ele>2200.951360385177</ele>
        <extensions>
          <gpxtpx:TrackPointExtension>
            <gpxtpx:Extensions>
              <highway>path</highway>
              <surface>dirt</surface>
              <sac_scale>demanding_mountain_hiking</sac_scale>
            </gpxtpx:Extensions>
          </gpxtpx:TrackPointExtension>
        </extensions>
      </trkpt>
      <trkpt lat="42.664356" lon="0.013461">
        <ele>2201.657563662339</ele>
        <extensions>
          <gpxtpx:TrackPointExtension>
            <gpxtpx:Extensions>
              <highway>path</highway>
              <surface>dirt</surface>
              <sac_scale>demanding_mountain_hiking</sac_scale>
            </gpxtpx:Extensions>
          </gpxtpx:TrackPointExtension>
        </extensions>
      </trkpt>
      <trkpt lat="42.664391" lon="0.013366">
        <ele>2202.3631488165333</ele>
        <extensions>
          <gpxtpx:TrackPointExtension>
            <gpxtpx:Extensions>
              <highway>path</highway>
              <surface>dirt</surface>
              <sac_scale>demanding_mountain_hiking</sac_scale>
            </gpxtpx:Extensions>
          </gpxtpx:TrackPointExtension>
        </extensions>
      </trkpt>
      <trkpt lat="42.664426" lon="0.013328">
        <ele>2203.549615209205</ele>
        <extensions>
          <gpxtpx:TrackPointExtension>
            <gpxtpx:Extensions>
              <highway>path</highway>
              <surface>dirt</surface>
              <sac_scale>demanding_mountain_hiking</sac_scale>
            </gpxtpx:Extensions>
          </gpxtpx:TrackPointExtension>
        </extensions>
      </trkpt>
      <trkpt lat="42.664483" lon="0.013223">
        <ele>2205.8187226577234</ele>
        <extensions>
          <gpxtpx:TrackPointExtension>
            <gpxtpx:Extensions>
              <highway>path</highway>
              <surface>dirt</surface>
              <sac_scale>demanding_mountain_hiking</sac_scale>
            </gpxtpx:Extensions>
          </gpxtpx:TrackPointExtension>
        </extensions>
      </trkpt>
      <trkpt lat="42.66458" lon="0.01311">
        <ele>2209.9686203902274</ele>
        <extensions>
          <gpxtpx:TrackPointExtension>
            <gpxtpx:Extensions>
              <highway>path</highway>
              <surface>dirt</surface>
              <sac_scale>demanding_mountain_hiking</sac_scale>
            </gpxtpx:Extensions>
          </gpxtpx:TrackPointExtension>
        </extensions>
      </trkpt>
      <trkpt lat="42.6646" lon="0.013022">
        <ele>2210.550074165724</ele>
        <extensions>
          <gpxtpx:TrackPointExtension>
            <gpxtpx:Extensions>
              <highway>path</highway>
              <surface>dirt</surface>
              <sac_scale>demanding_mountain_hiking</sac_scale>
            </gpxtpx:Extensions>
          </gpxtpx:TrackPointExtension>
        </extensions>
      </trkpt>
      <trkpt lat="42.664682" lon="0.012812">
        <ele>2212.308715071093</ele>
        <extensions>
          <gpxtpx:TrackPointExtension>
            <gpxtpx:Extensions>
              <highway>path</highway>
              <surface>dirt</surface>
              <sac_scale>demanding_mountain_hiking</sac_scale>
            </gpxtpx:Extensions>
          </gpxtpx:TrackPointExtension>
        </extensions>
      </trkpt>
      <trkpt lat="42.664777" lon="0.012685">
        <ele>2215.6194304633063</ele>
        <extensions>
          <gpxtpx:TrackPointExtension>
            <gpxtpx:Extensions>
              <highway>path</highway>
              <surface>dirt</surface>
              <sac_scale>demanding_mountain_hiking</sac_scale>
            </gpxtpx:Extensions>
          </gpxtpx:TrackPointExtension>
        </extensions>
      </trkpt>
      <trkpt lat="42.664919" lon="0.01256">
        <ele>2220.8096644786187</ele>
        <extensions>
          <gpxtpx:TrackPointExtension>
            <gpxtpx:Extensions>
              <highway>path</highway>
              <surface>dirt</surface>
              <sac_scale>demanding_mountain_hiking</sac_scale>
            </gpxtpx:Extensions>
          </gpxtpx:TrackPointExtension>
        </extensions>
      </trkpt>
      <trkpt lat="42.664984" lon="0.012421">
        <ele>2222.634128354867</ele>
        <extensions>
          <gpxtpx:TrackPointExtension>
            <gpxtpx:Extensions>
              <highway>path</highway>
              <surface>dirt</surface>
              <sac_scale>demanding_mountain_hiking</sac_scale>
            </gpxtpx:Extensions>
          </gpxtpx:TrackPointExtension>
        </extensions>
      </trkpt>
      <trkpt lat="42.665041" lon="0.012364">
        <ele>2225.185418095689</ele>
        <extensions>
          <gpxtpx:TrackPointExtension>
            <gpxtpx:Extensions>
              <highway>path</highway>
              <surface>dirt</surface>
              <sac_scale>demanding_mountain_hiking</sac_scale>
            </gpxtpx:Extensions>
          </gpxtpx:TrackPointExtension>
        </extensions>
      </trkpt>
      <trkpt lat="42.665118" lon="0.012337">
        <ele>2228.6771286706585</ele>
        <extensions>
          <gpxtpx:TrackPointExtension>
            <gpxtpx:Extensions>
              <highway>path</highway>
              <surface>dirt</surface>
              <sac_scale>demanding_mountain_hiking</sac_scale>
            </gpxtpx:Extensions>
          </gpxtpx:TrackPointExtension>
        </extensions>
      </trkpt>
      <trkpt lat="42.665302" lon="0.012122">
        <ele>2235.426919485821</ele>
        <extensions>
          <gpxtpx:TrackPointExtension>
            <gpxtpx:Extensions>
              <highway>path</highway>
              <surface>dirt</surface>
              <sac_scale>demanding_mountain_hiking</sac_scale>
            </gpxtpx:Extensions>
          </gpxtpx:TrackPointExtension>
        </extensions>
      </trkpt>
      <trkpt lat="42.665584" lon="0.011876">
        <ele>2245.7482042575284</ele>
        <extensions>
          <gpxtpx:TrackPointExtension>
            <gpxtpx:Extensions>
              <highway>path</highway>
              <surface>dirt</surface>
              <sac_scale>demanding_mountain_hiking</sac_scale>
            </gpxtpx:Extensions>
          </gpxtpx:TrackPointExtension>
        </extensions>
      </trkpt>
      <trkpt lat="42.665646" lon="0.01199">
        <ele>2250.4476617326195</ele>
        <extensions>
          <gpxtpx:TrackPointExtension>
            <gpxtpx:Extensions>
              <highway>path</highway>
              <surface>dirt</surface>
              <sac_scale>demanding_mountain_hiking</sac_scale>
            </gpxtpx:Extensions>
          </gpxtpx:TrackPointExtension>
        </extensions>
      </trkpt>
      <trkpt lat="42.665969" lon="0.011874">
        <ele>2266.432366054145</ele>
        <extensions>
          <gpxtpx:TrackPointExtension>
            <gpxtpx:Extensions>
              <highway>path</highway>
              <surface>dirt</surface>
              <sac_scale>demanding_mountain_hiking</sac_scale>
            </gpxtpx:Extensions>
          </gpxtpx:TrackPointExtension>
        </extensions>
      </trkpt>
      <trkpt lat="42.666086" lon="0.011702">
        <ele>2269.4749395726803</ele>
        <extensions>
          <gpxtpx:TrackPointExtension>
            <gpxtpx:Extensions>
              <highway>path</highway>
              <surface>dirt</surface>
              <sac_scale>demanding_mountain_hiking</sac_scale>
            </gpxtpx:Extensions>
          </gpxtpx:TrackPointExtension>
        </extensions>
      </trkpt>
      <trkpt lat="42.666192" lon="0.011436">
        <ele>2271.186065849449</ele>
        <extensions>
          <gpxtpx:TrackPointExtension>
            <gpxtpx:Extensions>
              <highway>path</highway>
              <surface>dirt</surface>
              <sac_scale>demanding_mountain_hiking</sac_scale>
            </gpxtpx:Extensions>
          </gpxtpx:TrackPointExtension>
        </extensions>
      </trkpt>
      <trkpt lat="42.66634" lon="0.011178">
        <ele>2272.2871058514284</ele>
        <extensions>
          <gpxtpx:TrackPointExtension>
            <gpxtpx:Extensions>
              <highway>path</highway>
              <surface>dirt</surface>
              <sac_scale>demanding_mountain_hiking</sac_scale>
            </gpxtpx:Extensions>
          </gpxtpx:TrackPointExtension>
        </extensions>
      </trkpt>
      <trkpt lat="42.666381" lon="0.01109">
        <ele>2272.8290213049117</ele>
        <extensions>
          <gpxtpx:TrackPointExtension>
            <gpxtpx:Extensions>
              <highway>path</highway>
              <surface>dirt</surface>
              <sac_scale>demanding_mountain_hiking</sac_scale>
            </gpxtpx:Extensions>
          </gpxtpx:TrackPointExtension>
        </extensions>
      </trkpt>
      <trkpt lat="42.666411" lon="0.010869">
        <ele>2272.9807776301463</ele>
        <extensions>
          <gpxtpx:TrackPointExtension>
            <gpxtpx:Extensions>
              <highway>path</highway>
              <surface>dirt</surface>
              <sac_scale>demanding_mountain_hiking</sac_scale>
            </gpxtpx:Extensions>
          </gpxtpx:TrackPointExtension>
        </extensions>
      </trkpt>
      <trkpt lat="42.666463" lon="0.01076">
        <ele>2271.5772841459657</ele>
        <extensions>
          <gpxtpx:TrackPointExtension>
            <gpxtpx:Extensions>
              <highway>path</highway>
              <surface>dirt</surface>
              <sac_scale>demanding_mountain_hiking</sac_scale>
            </gpxtpx:Extensions>
          </gpxtpx:TrackPointExtension>
        </extensions>
      </trkpt>
      <trkpt lat="42.666545" lon="0.010681">
        <ele>2270.7526178261896</ele>
        <extensions>
          <gpxtpx:TrackPointExtension>
            <gpxtpx:Extensions>
              <highway>path</highway>
              <surface>dirt</surface>
              <sac_scale>demanding_mountain_hiking</sac_scale>
            </gpxtpx:Extensions>
          </gpxtpx:TrackPointExtension>
        </extensions>
      </trkpt>
      <trkpt lat="42.666614" lon="0.010479">
        <ele>2270.0394218850806</ele>
        <extensions>
          <gpxtpx:TrackPointExtension>
            <gpxtpx:Extensions>
              <highway>path</highway>
              <surface>dirt</surface>
              <sac_scale>demanding_mountain_hiking</sac_scale>
            </gpxtpx:Extensions>
          </gpxtpx:TrackPointExtension>
        </extensions>
      </trkpt>
      <trkpt lat="42.666697" lon="0.0104">
        <ele>2271.2744331933372</ele>
        <extensions>
          <gpxtpx:TrackPointExtension>
            <gpxtpx:Extensions>
              <highway>path</highway>
              <surface>dirt</surface>
              <sac_scale>demanding_mountain_hiking</sac_scale>
            </gpxtpx:Extensions>
          </gpxtpx:TrackPointExtension>
        </extensions>
      </trkpt>
      <trkpt lat="42.666817" lon="0.010123">
        <ele>2273.9606041979214</ele>
        <extensions>
          <gpxtpx:TrackPointExtension>
            <gpxtpx:Extensions>
              <highway>path</highway>
              <surface>dirt</surface>
              <sac_scale>demanding_mountain_hiking</sac_scale>
            </gpxtpx:Extensions>
          </gpxtpx:TrackPointExtension>
        </extensions>
      </trkpt>
      <trkpt lat="42.666944" lon="0.01003">
        <ele>2280.0784142905577</ele>
        <extensions>
          <gpxtpx:TrackPointExtension>
            <gpxtpx:Extensions>
              <highway>path</highway>
              <surface>dirt</surface>
              <sac_scale>demanding_mountain_hiking</sac_scale>
            </gpxtpx:Extensions>
          </gpxtpx:TrackPointExtension>
        </extensions>
      </trkpt>
      <trkpt lat="42.667062" lon="0.009754">
        <ele>2282.837090685967</ele>
        <extensions>
          <gpxtpx:TrackPointExtension>
            <gpxtpx:Extensions>
              <highway>path</highway>
              <surface>dirt</surface>
              <sac_scale>demanding_mountain_hiking</sac_scale>
            </gpxtpx:Extensions>
          </gpxtpx:TrackPointExtension>
        </extensions>
      </trkpt>
      <trkpt lat="42.667168" lon="0.00942">
        <ele>2284.991869371252</ele>
        <extensions>
          <gpxtpx:TrackPointExtension>
            <gpxtpx:Extensions>
              <highway>path</highway>
              <surface>dirt</surface>
              <sac_scale>demanding_mountain_hiking</sac_scale>
            </gpxtpx:Extensions>
          </gpxtpx:TrackPointExtension>
        </extensions>
      </trkpt>
      <trkpt lat="42.667249" lon="0.009193">
        <ele>2286.425960325034</ele>
        <extensions>
          <gpxtpx:TrackPointExtension>
            <gpxtpx:Extensions>
              <highway>path</highway>
              <surface>dirt</surface>
              <sac_scale>demanding_mountain_hiking</sac_scale>
            </gpxtpx:Extensions>
          </gpxtpx:TrackPointExtension>
        </extensions>
      </trkpt>
      <trkpt lat="42.667283" lon="0.009052">
        <ele>2286.984977560136</ele>
        <extensions>
          <gpxtpx:TrackPointExtension>
            <gpxtpx:Extensions>
              <highway>path</highway>
              <surface>dirt</surface>
              <sac_scale>demanding_mountain_hiking</sac_scale>
            </gpxtpx:Extensions>
          </gpxtpx:TrackPointExtension>
        </extensions>
      </trkpt>
      <trkpt lat="42.667373" lon="0.008848">
        <ele>2289.22992856498</ele>
        <extensions>
          <gpxtpx:TrackPointExtension>
            <gpxtpx:Extensions>
              <highway>path</highway>
              <surface>dirt</surface>
              <sac_scale>demanding_mountain_hiking</sac_scale>
            </gpxtpx:Extensions>
          </gpxtpx:TrackPointExtension>
        </extensions>
      </trkpt>
      <trkpt lat="42.667452" lon="0.008596">
        <ele>2289.9699853395346</ele>
        <extensions>
          <gpxtpx:TrackPointExtension>
            <gpxtpx:Extensions>
              <highway>path</highway>
              <surface>dirt</surface>
              <sac_scale>demanding_mountain_hiking</sac_scale>
            </gpxtpx:Extensions>
          </gpxtpx:TrackPointExtension>
        </extensions>
      </trkpt>
      <trkpt lat="42.667526" lon="0.008426">
        <ele>2291.999252930881</ele>
        <extensions>
          <gpxtpx:TrackPointExtension>
            <gpxtpx:Extensions>
              <highway>path</highway>
              <surface>dirt</surface>
              <sac_scale>demanding_mountain_hiking</sac_scale>
            </gpxtpx:Extensions>
          </gpxtpx:TrackPointExtension>
        </extensions>
      </trkpt>
      <trkpt lat="42.667561" lon="0.008263">
        <ele>2292.8794441591126</ele>
        <extensions>
          <gpxtpx:TrackPointExtension>
            <gpxtpx:Extensions>
              <highway>path</highway>
              <surface>dirt</surface>
              <sac_scale>demanding_mountain_hiking</sac_scale>
            </gpxtpx:Extensions>
          </gpxtpx:TrackPointExtension>
        </extensions>
      </trkpt>
      <trkpt lat="42.667679" lon="0.00785">
        <ele>2294.653316609695</ele>
        <extensions>
          <gpxtpx:TrackPointExtension>
            <gpxtpx:Extensions>
              <highway>path</highway>
              <surface>dirt</surface>
              <sac_scale>demanding_mountain_hiking</sac_scale>
            </gpxtpx:Extensions>
          </gpxtpx:TrackPointExtension>
        </extensions>
      </trkpt>
      <trkpt lat="42.667856" lon="0.007367">
        <ele>2297.642029359494</ele>
        <extensions>
          <gpxtpx:TrackPointExtension>
            <gpxtpx:Extensions>
              <highway>path</highway>
              <surface>dirt</surface>
              <sac_scale>demanding_mountain_hiking</sac_scale>
            </gpxtpx:Extensions>
          </gpxtpx:TrackPointExtension>
        </extensions>
      </trkpt>
      <trkpt lat="42.667996" lon="0.006922">
        <ele>2298.7640818265786</ele>
        <extensions>
          <gpxtpx:TrackPointExtension>
            <gpxtpx:Extensions>
              <highway>path</highway>
              <surface>dirt</surface>
              <sac_scale>demanding_mountain_hiking</sac_scale>
            </gpxtpx:Extensions>
          </gpxtpx:TrackPointExtension>
        </extensions>
      </trkpt>
      <trkpt lat="42.66815" lon="0.00651">
        <ele>2299.450300177367</ele>
        <extensions>
          <gpxtpx:TrackPointExtension>
            <gpxtpx:Extensions>
              <highway>path</highway>
              <surface>dirt</surface>
              <sac_scale>demanding_mountain_hiking</sac_scale>
            </gpxtpx:Extensions>
          </gpxtpx:TrackPointExtension>
        </extensions>
      </trkpt>
      <trkpt lat="42.66828" lon="0.006097">
        <ele>2298.3261638075987</ele>
        <extensions>
          <gpxtpx:TrackPointExtension>
            <gpxtpx:Extensions>
              <highway>path</highway>
              <surface>dirt</surface>
              <sac_scale>demanding_mountain_hiking</sac_scale>
            </gpxtpx:Extensions>
          </gpxtpx:TrackPointExtension>
        </extensions>
      </trkpt>
      <trkpt lat="42.66836" lon="0.005906">
        <ele>2298.308685186709</ele>
        <extensions>
          <gpxtpx:TrackPointExtension>
            <gpxtpx:Extensions>
              <highway>path</highway>
              <surface>dirt</surface>
              <sac_scale>demanding_mountain_hiking</sac_scale>
            </gpxtpx:Extensions>
          </gpxtpx:TrackPointExtension>
        </extensions>
      </trkpt>
      <trkpt lat="42.668455" lon="0.005798">
        <ele>2298.0617086639604</ele>
        <extensions>
          <gpxtpx:TrackPointExtension>
            <gpxtpx:Extensions>
              <highway>path</highway>
              <surface>dirt</surface>
              <sac_scale>demanding_mountain_hiking</sac_scale>
            </gpxtpx:Extensions>
          </gpxtpx:TrackPointExtension>
        </extensions>
      </trkpt>
      <trkpt lat="42.668498" lon="0.005763">
        <ele>2298.257326172804</ele>
        <extensions>
          <gpxtpx:TrackPointExtension>
            <gpxtpx:Extensions>
              <highway>path</highway>
              <surface>dirt</surface>
              <sac_scale>demanding_mountain_hiking</sac_scale>
            </gpxtpx:Extensions>
          </gpxtpx:TrackPointExtension>
        </extensions>
      </trkpt>
      <trkpt lat="42.668604" lon="0.005637">
        <ele>2297.667621782104</ele>
        <extensions>
          <gpxtpx:TrackPointExtension>
            <gpxtpx:Extensions>
              <highway>path</highway>
              <surface>dirt</surface>
              <sac_scale>demanding_mountain_hiking</sac_scale>
            </gpxtpx:Extensions>
          </gpxtpx:TrackPointExtension>
        </extensions>
      </trkpt>
      <trkpt lat="42.668667" lon="0.005496">
        <ele>2296.032470875264</ele>
        <extensions>
          <gpxtpx:TrackPointExtension>
            <gpxtpx:Extensions>
              <highway>path</highway>
              <surface>dirt</surface>
              <sac_scale>demanding_mountain_hiking</sac_scale>
            </gpxtpx:Extensions>
          </gpxtpx:TrackPointExtension>
        </extensions>
      </trkpt>
      <trkpt lat="42.668729" lon="0.005406">
        <ele>2295.9472603922027</ele>
        <extensions>
          <gpxtpx:TrackPointExtension>
            <gpxtpx:Extensions>
              <highway>path</highway>
              <surface>dirt</surface>
              <sac_scale>demanding_mountain_hiking</sac_scale>
            </gpxtpx:Extensions>
          </gpxtpx:TrackPointExtension>
        </extensions>
      </trkpt>
      <trkpt lat="42.668812" lon="0.005245">
        <ele>2294.28227597342</ele>
        <extensions>
          <gpxtpx:TrackPointExtension>
            <gpxtpx:Extensions>
              <highway>path</highway>
              <surface>dirt</surface>
              <sac_scale>demanding_mountain_hiking</sac_scale>
            </gpxtpx:Extensions>
          </gpxtpx:TrackPointExtension>
        </extensions>
      </trkpt>
      <trkpt lat="42.6691" lon="0.004994">
        <ele>2298.3155880535132</ele>
        <extensions>
          <gpxtpx:TrackPointExtension>
            <gpxtpx:Extensions>
              <highway>path</highway>
              <surface>dirt</surface>
              <sac_scale>demanding_mountain_hiking</sac_scale>
            </gpxtpx:Extensions>
          </gpxtpx:TrackPointExtension>
        </extensions>
      </trkpt>
      <trkpt lat="42.669087" lon="0.005075">
        <ele>2300.892332325388</ele>
        <extensions>
          <gpxtpx:TrackPointExtension>
            <gpxtpx:Extensions>
              <highway>path</highway>
              <surface>dirt</surface>
              <sac_scale>demanding_mountain_hiking</sac_scale>
            </gpxtpx:Extensions>
          </gpxtpx:TrackPointExtension>
        </extensions>
      </trkpt>
      <trkpt lat="42.669123" lon="0.005051">
        <ele>2302.7024343930852</ele>
        <extensions>
          <gpxtpx:TrackPointExtension>
            <gpxtpx:Extensions>
              <highway>path</highway>
              <surface>dirt</surface>
              <sac_scale>demanding_mountain_hiking</sac_scale>
            </gpxtpx:Extensions>
          </gpxtpx:TrackPointExtension>
        </extensions>
      </trkpt>
      <trkpt lat="42.669131" lon="0.005105">
        <ele>2305.9164330500557</ele>
        <extensions>
          <gpxtpx:TrackPointExtension>
            <gpxtpx:Extensions>
              <highway>path</highway>
              <surface>dirt</surface>
              <sac_scale>demanding_mountain_hiking</sac_scale>
            </gpxtpx:Extensions>
          </gpxtpx:TrackPointExtension>
        </extensions>
      </trkpt>
      <trkpt lat="42.66921" lon="0.005039">
        <ele>2308.1557852661986</ele>
        <extensions>
          <gpxtpx:TrackPointExtension>
            <gpxtpx:Extensions>
              <highway>path</highway>
              <surface>dirt</surface>
              <sac_scale>demanding_mountain_hiking</sac_scale>
            </gpxtpx:Extensions>
          </gpxtpx:TrackPointExtension>
        </extensions>
      </trkpt>
      <trkpt lat="42.669347" lon="0.004999">
        <ele>2312.2098180149865</ele>
        <extensions>
          <gpxtpx:TrackPointExtension>
            <gpxtpx:Extensions>
              <highway>path</highway>
              <surface>dirt</surface>
              <sac_scale>demanding_mountain_hiking</sac_scale>
            </gpxtpx:Extensions>
          </gpxtpx:TrackPointExtension>
        </extensions>
      </trkpt>
      <trkpt lat="42.669512" lon="0.004839">
        <ele>2311.151704241442</ele>
        <extensions>
          <gpxtpx:TrackPointExtension>
            <gpxtpx:Extensions>
              <highway>path</highway>
              <surface>dirt</surface>
              <sac_scale>demanding_mountain_hiking</sac_scale>
            </gpxtpx:Extensions>
          </gpxtpx:TrackPointExtension>
        </extensions>
      </trkpt>
      <trkpt lat="42.669574" lon="0.00479">
        <ele>2311.0852134842726</ele>
        <extensions>
          <gpxtpx:TrackPointExtension>
            <gpxtpx:Extensions>
              <highway>path</highway>
              <surface>dirt</surface>
              <sac_scale>demanding_mountain_hiking</sac_scale>
            </gpxtpx:Extensions>
          </gpxtpx:TrackPointExtension>
        </extensions>
      </trkpt>
      <trkpt lat="42.669679" lon="0.00475">
        <ele>2312.6096849077135</ele>
        <extensions>
          <gpxtpx:TrackPointExtension>
            <gpxtpx:Extensions>
              <highway>path</highway>
              <surface>dirt</surface>
              <sac_scale>demanding_mountain_hiking</sac_scale>
            </gpxtpx:Extensions>
          </gpxtpx:TrackPointExtension>
        </extensions>
      </trkpt>
      <trkpt lat="42.669778" lon="0.004699">
        <ele>2312.4954910901033</ele>
        <extensions>
          <gpxtpx:TrackPointExtension>
            <gpxtpx:Extensions>
              <highway>path</highway>
              <surface>dirt</surface>
              <sac_scale>demanding_mountain_hiking</sac_scale>
            </gpxtpx:Extensions>
          </gpxtpx:TrackPointExtension>
        </extensions>
      </trkpt>
      <trkpt lat="42.669894" lon="0.004701">
        <ele>2312.3865317669856</ele>
        <extensions>
          <gpxtpx:TrackPointExtension>
            <gpxtpx:Extensions>
              <highway>path</highway>
              <surface>dirt</surface>
              <sac_scale>demanding_mountain_hiking</sac_scale>
            </gpxtpx:Extensions>
          </gpxtpx:TrackPointExtension>
        </extensions>
      </trkpt>
      <trkpt lat="42.669948" lon="0.004751">
        <ele>2312.665147587887</ele>
        <extensions>
          <gpxtpx:TrackPointExtension>
            <gpxtpx:Extensions>
              <highway>path</highway>
              <surface>dirt</surface>
              <sac_scale>demanding_mountain_hiking</sac_scale>
            </gpxtpx:Extensions>
          </gpxtpx:TrackPointExtension>
        </extensions>
      </trkpt>
      <trkpt lat="42.669996" lon="0.004744">
        <ele>2313.3087605160254</ele>
        <extensions>
          <gpxtpx:TrackPointExtension>
            <gpxtpx:Extensions>
              <highway>path</highway>
              <surface>dirt</surface>
              <sac_scale>demanding_mountain_hiking</sac_scale>
            </gpxtpx:Extensions>
          </gpxtpx:TrackPointExtension>
        </extensions>
      </trkpt>
      <trkpt lat="42.670046" lon="0.004681">
        <ele>2313.405950170805</ele>
        <extensions>
          <gpxtpx:TrackPointExtension>
            <gpxtpx:Extensions>
              <highway>path</highway>
              <surface>dirt</surface>
              <sac_scale>demanding_mountain_hiking</sac_scale>
            </gpxtpx:Extensions>
          </gpxtpx:TrackPointExtension>
        </extensions>
      </trkpt>
      <trkpt lat="42.670077" lon="0.00456">
        <ele>2312.9461254076077</ele>
        <extensions>
          <gpxtpx:TrackPointExtension>
            <gpxtpx:Extensions>
              <highway>path</highway>
              <surface>dirt</surface>
              <sac_scale>demanding_mountain_hiking</sac_scale>
            </gpxtpx:Extensions>
          </gpxtpx:TrackPointExtension>
        </extensions>
      </trkpt>
      <trkpt lat="42.670133" lon="0.004565">
        <ele>2313.606155509724</ele>
        <extensions>
          <gpxtpx:TrackPointExtension>
            <gpxtpx:Extensions>
              <highway>path</highway>
              <surface>dirt</surface>
              <sac_scale>demanding_mountain_hiking</sac_scale>
            </gpxtpx:Extensions>
          </gpxtpx:TrackPointExtension>
        </extensions>
      </trkpt>
      <trkpt lat="42.670239" lon="0.004519">
        <ele>2314.041788831053</ele>
        <extensions>
          <gpxtpx:TrackPointExtension>
            <gpxtpx:Extensions>
              <highway>path</highway>
              <surface>dirt</surface>
              <sac_scale>demanding_mountain_hiking</sac_scale>
            </gpxtpx:Extensions>
          </gpxtpx:TrackPointExtension>
        </extensions>
      </trkpt>
      <trkpt lat="42.670497" lon="0.004511">
        <ele>2312.5460650931936</ele>
        <extensions>
          <gpxtpx:TrackPointExtension>
            <gpxtpx:Extensions>
              <highway>path</highway>
              <surface>dirt</surface>
              <sac_scale>demanding_mountain_hiking</sac_scale>
            </gpxtpx:Extensions>
          </gpxtpx:TrackPointExtension>
        </extensions>
      </trkpt>
      <trkpt lat="42.670539" lon="0.004457">
        <ele>2312.2225293921915</ele>
        <extensions>
          <gpxtpx:TrackPointExtension>
            <gpxtpx:Extensions>
              <highway>path</highway>
              <surface>dirt</surface>
              <sac_scale>demanding_mountain_hiking</sac_scale>
            </gpxtpx:Extensions>
          </gpxtpx:TrackPointExtension>
        </extensions>
      </trkpt>
      <trkpt lat="42.67054" lon="0.00435">
        <ele>2312.942826345532</ele>
        <extensions>
          <gpxtpx:TrackPointExtension>
            <gpxtpx:Extensions>
              <highway>path</highway>
              <surface>dirt</surface>
              <sac_scale>demanding_mountain_hiking</sac_scale>
            </gpxtpx:Extensions>
          </gpxtpx:TrackPointExtension>
        </extensions>
      </trkpt>
      <trkpt lat="42.670558" lon="0.004172">
        <ele>2313.6381212458946</ele>
        <extensions>
          <gpxtpx:TrackPointExtension>
            <gpxtpx:Extensions>
              <highway>path</highway>
              <surface>dirt</surface>
              <sac_scale>demanding_mountain_hiking</sac_scale>
            </gpxtpx:Extensions>
          </gpxtpx:TrackPointExtension>
        </extensions>
      </trkpt>
      <trkpt lat="42.670595" lon="0.00405">
        <ele>2313.6638772251526</ele>
        <extensions>
          <gpxtpx:TrackPointExtension>
            <gpxtpx:Extensions>
              <highway>path</highway>
              <surface>dirt</surface>
              <sac_scale>demanding_mountain_hiking</sac_scale>
            </gpxtpx:Extensions>
          </gpxtpx:TrackPointExtension>
        </extensions>
      </trkpt>
      <trkpt lat="42.670732" lon="0.003733">
        <ele>2313.013933239272</ele>
        <extensions>
          <gpxtpx:TrackPointExtension>
            <gpxtpx:Extensions>
              <highway>path</highway>
              <surface>dirt</surface>
              <sac_scale>demanding_mountain_hiking</sac_scale>
            </gpxtpx:Extensions>
          </gpxtpx:TrackPointExtension>
        </extensions>
      </trkpt>
      <trkpt lat="42.670869" lon="0.003146">
        <ele>2312.6265168526074</ele>
        <extensions>
          <gpxtpx:TrackPointExtension>
            <gpxtpx:Extensions>
              <highway>path</highway>
              <surface>dirt</surface>
              <sac_scale>demanding_mountain_hiking</sac_scale>
            </gpxtpx:Extensions>
          </gpxtpx:TrackPointExtension>
        </extensions>
      </trkpt>
      <trkpt lat="42.670988" lon="0.002863">
        <ele>2313.3206155435682</ele>
        <extensions>
          <gpxtpx:TrackPointExtension>
            <gpxtpx:Extensions>
              <highway>path</highway>
              <surface>dirt</surface>
              <sac_scale>demanding_mountain_hiking</sac_scale>
            </gpxtpx:Extensions>
          </gpxtpx:TrackPointExtension>
        </extensions>
      </trkpt>
      <trkpt lat="42.671046" lon="0.002504">
        <ele>2313.549868336955</ele>
        <extensions>
          <gpxtpx:TrackPointExtension>
            <gpxtpx:Extensions>
              <highway>path</highway>
              <surface>dirt</surface>
              <sac_scale>demanding_mountain_hiking</sac_scale>
            </gpxtpx:Extensions>
          </gpxtpx:TrackPointExtension>
        </extensions>
      </trkpt>
      <trkpt lat="42.671096" lon="0.002316">
        <ele>2313.4691144302506</ele>
        <extensions>
          <gpxtpx:TrackPointExtension>
            <gpxtpx:Extensions>
              <highway>path</highway>
              <surface>dirt</surface>
              <sac_scale>demanding_mountain_hiking</sac_scale>
            </gpxtpx:Extensions>
          </gpxtpx:TrackPointExtension>
        </extensions>
      </trkpt>
      <trkpt lat="42.671224" lon="0.002044">
        <ele>2311.7068504494064</ele>
        <extensions>
          <gpxtpx:TrackPointExtension>
            <gpxtpx:Extensions>
              <highway>path</highway>
              <surface>dirt</surface>
              <sac_scale>demanding_mountain_hiking</sac_scale>
            </gpxtpx:Extensions>
          </gpxtpx:TrackPointExtension>
        </extensions>
      </trkpt>
      <trkpt lat="42.67128" lon="0.001836">
        <ele>2313.543894477889</ele>
        <extensions>
          <gpxtpx:TrackPointExtension>
            <gpxtpx:Extensions>
              <highway>path</highway>
              <surface>dirt</surface>
              <sac_scale>demanding_mountain_hiking</sac_scale>
            </gpxtpx:Extensions>
          </gpxtpx:TrackPointExtension>
        </extensions>
      </trkpt>
      <trkpt lat="42.671378" lon="0.0016">
        <ele>2314.685034009719</ele>
        <extensions>
          <gpxtpx:TrackPointExtension>
            <gpxtpx:Extensions>
              <highway>path</highway>
              <surface>dirt</surface>
              <sac_scale>demanding_mountain_hiking</sac_scale>
            </gpxtpx:Extensions>
          </gpxtpx:TrackPointExtension>
        </extensions>
      </trkpt>
      <trkpt lat="42.671462" lon="0.001254">
        <ele>2316.625213889106</ele>
        <extensions>
          <gpxtpx:TrackPointExtension>
            <gpxtpx:Extensions>
              <highway>path</highway>
              <surface>dirt</surface>
              <sac_scale>demanding_mountain_hiking</sac_scale>
            </gpxtpx:Extensions>
          </gpxtpx:TrackPointExtension>
        </extensions>
      </trkpt>
      <trkpt lat="42.67149" lon="0.000758">
        <ele>2322.312783210833</ele>
        <extensions>
          <gpxtpx:TrackPointExtension>
            <gpxtpx:Extensions>
              <highway>path</highway>
              <surface>dirt</surface>
              <sac_scale>demanding_mountain_hiking</sac_scale>
            </gpxtpx:Extensions>
          </gpxtpx:TrackPointExtension>
        </extensions>
      </trkpt>
      <trkpt lat="42.671472" lon="0.000354">
        <ele>2328.4417052456383</ele>
        <extensions>
          <gpxtpx:TrackPointExtension>
            <gpxtpx:Extensions>
              <highway>path</highway>
              <surface>dirt</surface>
              <sac_scale>demanding_mountain_hiking</sac_scale>
            </gpxtpx:Extensions>
          </gpxtpx:TrackPointExtension>
        </extensions>
      </trkpt>
      <trkpt lat="42.671512" lon="-0.000107">
        <ele>2334.8790298211607</ele>
        <extensions>
          <gpxtpx:TrackPointExtension>
            <gpxtpx:Extensions>
              <highway>path</highway>
              <surface>dirt</surface>
              <sac_scale>demanding_mountain_hiking</sac_scale>
            </gpxtpx:Extensions>
          </gpxtpx:TrackPointExtension>
        </extensions>
      </trkpt>
      <trkpt lat="42.671598" lon="-0.000542">
        <ele>2337.7084681893634</ele>
        <extensions>
          <gpxtpx:TrackPointExtension>
            <gpxtpx:Extensions>
              <highway>path</highway>
              <surface>dirt</surface>
              <sac_scale>demanding_mountain_hiking</sac_scale>
            </gpxtpx:Extensions>
          </gpxtpx:TrackPointExtension>
        </extensions>
      </trkpt>
      <trkpt lat="42.671697" lon="-0.000896">
        <ele>2339.2147000557798</ele>
        <extensions>
          <gpxtpx:TrackPointExtension>
            <gpxtpx:Extensions>
              <highway>path</highway>
              <surface>dirt</surface>
              <sac_scale>demanding_mountain_hiking</sac_scale>
            </gpxtpx:Extensions>
          </gpxtpx:TrackPointExtension>
        </extensions>
      </trkpt>
      <trkpt lat="42.671921" lon="-0.001481">
        <ele>2339.598787479849</ele>
        <extensions>
          <gpxtpx:TrackPointExtension>
            <gpxtpx:Extensions>
              <highway>path</highway>
              <surface>dirt</surface>
              <sac_scale>demanding_mountain_hiking</sac_scale>
            </gpxtpx:Extensions>
          </gpxtpx:TrackPointExtension>
        </extensions>
      </trkpt>
      <trkpt lat="42.672038" lon="-0.001921">
        <ele>2337.6866651981027</ele>
        <extensions>
          <gpxtpx:TrackPointExtension>
            <gpxtpx:Extensions>
              <highway>path</highway>
              <surface>dirt</surface>
              <sac_scale>demanding_mountain_hiking</sac_scale>
            </gpxtpx:Extensions>
          </gpxtpx:TrackPointExtension>
        </extensions>
      </trkpt>
      <trkpt lat="42.672083" lon="-0.0022">
        <ele>2337.437130180761</ele>
        <extensions>
          <gpxtpx:TrackPointExtension>
            <gpxtpx:Extensions>
              <highway>path</highway>
              <surface>dirt</surface>
              <sac_scale>demanding_mountain_hiking</sac_scale>
            </gpxtpx:Extensions>
          </gpxtpx:TrackPointExtension>
        </extensions>
      </trkpt>
      <trkpt lat="42.672201" lon="-0.002769">
        <ele>2340.5135065120403</ele>
        <extensions>
          <gpxtpx:TrackPointExtension>
            <gpxtpx:Extensions>
              <highway>path</highway>
              <surface>dirt</surface>
              <sac_scale>demanding_mountain_hiking</sac_scale>
            </gpxtpx:Extensions>
          </gpxtpx:TrackPointExtension>
        </extensions>
      </trkpt>
      <trkpt lat="42.672343" lon="-0.003182">
        <ele>2341.278270931686</ele>
        <extensions>
          <gpxtpx:TrackPointExtension>
            <gpxtpx:Extensions>
              <highway>path</highway>
              <surface>dirt</surface>
              <sac_scale>demanding_mountain_hiking</sac_scale>
            </gpxtpx:Extensions>
          </gpxtpx:TrackPointExtension>
        </extensions>
      </trkpt>
      <trkpt lat="42.67242" lon="-0.003542">
        <ele>2342.0757685208455</ele>
        <extensions>
          <gpxtpx:TrackPointExtension>
            <gpxtpx:Extensions>
              <highway>path</highway>
              <surface>dirt</surface>
              <sac_scale>demanding_mountain_hiking</sac_scale>
            </gpxtpx:Extensions>
          </gpxtpx:TrackPointExtension>
        </extensions>
      </trkpt>
      <trkpt lat="42.672452" lon="-0.003735">
        <ele>2342.2104857151758</ele>
        <extensions>
          <gpxtpx:TrackPointExtension>
            <gpxtpx:Extensions>
              <highway>path</highway>
              <surface>dirt</surface>
              <sac_scale>demanding_mountain_hiking</sac_scale>
            </gpxtpx:Extensions>
          </gpxtpx:TrackPointExtension>
        </extensions>
      </trkpt>
      <trkpt lat="42.67248" lon="-0.003855">
        <ele>2342.1445670888725</ele>
        <extensions>
          <gpxtpx:TrackPointExtension>
            <gpxtpx:Extensions>
              <highway>path</highway>
              <surface>dirt</surface>
              <sac_scale>demanding_mountain_hiking</sac_scale>
            </gpxtpx:Extensions>
          </gpxtpx:TrackPointExtension>
        </extensions>
      </trkpt>
      <trkpt lat="42.672535" lon="-0.004039">
        <ele>2342.174851052195</ele>
        <extensions>
          <gpxtpx:TrackPointExtension>
            <gpxtpx:Extensions>
              <highway>path</highway>
              <surface>dirt</surface>
              <sac_scale>demanding_mountain_hiking</sac_scale>
            </gpxtpx:Extensions>
          </gpxtpx:TrackPointExtension>
        </extensions>
      </trkpt>
      <trkpt lat="42.672533" lon="-0.00417">
        <ele>2343.1518567175094</ele>
        <extensions>
          <gpxtpx:TrackPointExtension>
            <gpxtpx:Extensions>
              <highway>path</highway>
              <surface>dirt</surface>
              <sac_scale>demanding_mountain_hiking</sac_scale>
            </gpxtpx:Extensions>
          </gpxtpx:TrackPointExtension>
        </extensions>
      </trkpt>
      <trkpt lat="42.672552" lon="-0.004351">
        <ele>2344.189594440313</ele>
        <extensions>
          <gpxtpx:TrackPointExtension>
            <gpxtpx:Extensions>
              <highway>path</highway>
              <surface>dirt</surface>
              <sac_scale>demanding_mountain_hiking</sac_scale>
            </gpxtpx:Extensions>
          </gpxtpx:TrackPointExtension>
        </extensions>
      </trkpt>
      <trkpt lat="42.672582" lon="-0.00444">
        <ele>2344.0713481169932</ele>
        <extensions>
          <gpxtpx:TrackPointExtension>
            <gpxtpx:Extensions>
              <highway>path</highway>
              <surface>dirt</surface>
              <sac_scale>demanding_mountain_hiking</sac_scale>
            </gpxtpx:Extensions>
          </gpxtpx:TrackPointExtension>
        </extensions>
      </trkpt>
      <trkpt lat="42.672588" lon="-0.004547">
        <ele>2344.7267517067053</ele>
        <extensions>
          <gpxtpx:TrackPointExtension>
            <gpxtpx:Extensions>
              <highway>path</highway>
              <surface>dirt</surface>
              <sac_scale>demanding_mountain_hiking</sac_scale>
            </gpxtpx:Extensions>
          </gpxtpx:TrackPointExtension>
        </extensions>
      </trkpt>
      <trkpt lat="42.672582" lon="-0.004681">
        <ele>2345.8510798413295</ele>
        <extensions>
          <gpxtpx:TrackPointExtension>
            <gpxtpx:Extensions>
              <highway>path</highway>
              <surface>dirt</surface>
              <sac_scale>demanding_mountain_hiking</sac_scale>
            </gpxtpx:Extensions>
          </gpxtpx:TrackPointExtension>
        </extensions>
      </trkpt>
      <trkpt lat="42.6726" lon="-0.004966">
        <ele>2346.9355729670688</ele>
        <extensions>
          <gpxtpx:TrackPointExtension>
            <gpxtpx:Extensions>
              <highway>path</highway>
              <surface>dirt</surface>
              <sac_scale>demanding_mountain_hiking</sac_scale>
            </gpxtpx:Extensions>
          </gpxtpx:TrackPointExtension>
        </extensions>
      </trkpt>
      <trkpt lat="42.672646" lon="-0.005117">
        <ele>2347.178895760943</ele>
        <extensions>
          <gpxtpx:TrackPointExtension>
            <gpxtpx:Extensions>
              <highway>path</highway>
              <surface>dirt</surface>
              <sac_scale>demanding_mountain_hiking</sac_scale>
            </gpxtpx:Extensions>
          </gpxtpx:TrackPointExtension>
        </extensions>
      </trkpt>
      <trkpt lat="42.672777" lon="-0.005542">
        <ele>2346.718195472994</ele>
        <extensions>
          <gpxtpx:TrackPointExtension>
            <gpxtpx:Extensions>
              <highway>path</highway>
              <surface>dirt</surface>
              <sac_scale>demanding_mountain_hiking</sac_scale>
            </gpxtpx:Extensions>
          </gpxtpx:TrackPointExtension>
        </extensions>
      </trkpt>
      <trkpt lat="42.672771" lon="-0.005636">
        <ele>2347.1001238811527</ele>
        <extensions>
          <gpxtpx:TrackPointExtension>
            <gpxtpx:Extensions>
              <highway>path</highway>
              <surface>dirt</surface>
              <sac_scale>demanding_mountain_hiking</sac_scale>
            </gpxtpx:Extensions>
          </gpxtpx:TrackPointExtension>
        </extensions>
      </trkpt>
      <trkpt lat="42.672836" lon="-0.005741">
        <ele>2346.24143366864</ele>
        <extensions>
          <gpxtpx:TrackPointExtension>
            <gpxtpx:Extensions>
              <highway>path</highway>
              <surface>dirt</surface>
              <sac_scale>demanding_mountain_hiking</sac_scale>
            </gpxtpx:Extensions>
          </gpxtpx:TrackPointExtension>
        </extensions>
      </trkpt>
      <trkpt lat="42.672842" lon="-0.005856">
        <ele>2346.2269414146244</ele>
        <extensions>
          <gpxtpx:TrackPointExtension>
            <gpxtpx:Extensions>
              <highway>path</highway>
              <surface>dirt</surface>
              <sac_scale>demanding_mountain_hiking</sac_scale>
            </gpxtpx:Extensions>
          </gpxtpx:TrackPointExtension>
        </extensions>
      </trkpt>
      <trkpt lat="42.672797" lon="-0.006041">
        <ele>2348.8259233021463</ele>
        <extensions>
          <gpxtpx:TrackPointExtension>
            <gpxtpx:Extensions>
              <highway>path</highway>
              <surface>dirt</surface>
              <sac_scale>demanding_mountain_hiking</sac_scale>
            </gpxtpx:Extensions>
          </gpxtpx:TrackPointExtension>
        </extensions>
      </trkpt>
      <trkpt lat="42.672799" lon="-0.006231">
        <ele>2349.6682103318008</ele>
        <extensions>
          <gpxtpx:TrackPointExtension>
            <gpxtpx:Extensions>
              <highway>path</highway>
              <surface>dirt</surface>
              <sac_scale>demanding_mountain_hiking</sac_scale>
            </gpxtpx:Extensions>
          </gpxtpx:TrackPointExtension>
        </extensions>
      </trkpt>
      <trkpt lat="42.672886" lon="-0.006817">
        <ele>2351.35154546344</ele>
        <extensions>
          <gpxtpx:TrackPointExtension>
            <gpxtpx:Extensions>
              <highway>path</highway>
              <surface>dirt</surface>
              <sac_scale>demanding_mountain_hiking</sac_scale>
            </gpxtpx:Extensions>
          </gpxtpx:TrackPointExtension>
        </extensions>
      </trkpt>
      <trkpt lat="42.672941" lon="-0.007256">
        <ele>2353.6107918644666</ele>
        <extensions>
          <gpxtpx:TrackPointExtension>
            <gpxtpx:Extensions>
              <highway>path</highway>
              <surface>dirt</surface>
              <sac_scale>demanding_mountain_hiking</sac_scale>
            </gpxtpx:Extensions>
          </gpxtpx:TrackPointExtension>
        </extensions>
      </trkpt>
      <trkpt lat="42.673031" lon="-0.007435">
        <ele>2354.9632191449796</ele>
        <extensions>
          <gpxtpx:TrackPointExtension>
            <gpxtpx:Extensions>
              <highway>path</highway>
              <surface>dirt</surface>
              <sac_scale>demanding_mountain_hiking</sac_scale>
            </gpxtpx:Extensions>
          </gpxtpx:TrackPointExtension>
        </extensions>
      </trkpt>
      <trkpt lat="42.673051" lon="-0.007597">
        <ele>2356.3811634864605</ele>
        <extensions>
          <gpxtpx:TrackPointExtension>
            <gpxtpx:Extensions>
              <highway>path</highway>
              <surface>dirt</surface>
              <sac_scale>demanding_mountain_hiking</sac_scale>
            </gpxtpx:Extensions>
          </gpxtpx:TrackPointExtension>
        </extensions>
      </trkpt>
      <trkpt lat="42.67314" lon="-0.007825">
        <ele>2357.4754012213607</ele>
        <extensions>
          <gpxtpx:TrackPointExtension>
            <gpxtpx:Extensions>
              <highway>path</highway>
              <surface>dirt</surface>
              <sac_scale>demanding_mountain_hiking</sac_scale>
            </gpxtpx:Extensions>
          </gpxtpx:TrackPointExtension>
        </extensions>
      </trkpt>
      <trkpt lat="42.673253" lon="-0.008031">
        <ele>2357.580350101034</ele>
        <extensions>
          <gpxtpx:TrackPointExtension>
            <gpxtpx:Extensions>
              <highway>path</highway>
              <surface>dirt</surface>
              <sac_scale>demanding_mountain_hiking</sac_scale>
            </gpxtpx:Extensions>
          </gpxtpx:TrackPointExtension>
        </extensions>
      </trkpt>
      <trkpt lat="42.6733" lon="-0.008179">
        <ele>2357.060026167363</ele>
        <extensions>
          <gpxtpx:TrackPointExtension>
            <gpxtpx:Extensions>
              <highway>path</highway>
              <surface>dirt</surface>
              <sac_scale>demanding_mountain_hiking</sac_scale>
            </gpxtpx:Extensions>
          </gpxtpx:TrackPointExtension>
        </extensions>
      </trkpt>
      <trkpt lat="42.673363" lon="-0.008484">
        <ele>2358.8537930677594</ele>
        <extensions>
          <gpxtpx:TrackPointExtension>
            <gpxtpx:Extensions>
              <highway>path</highway>
              <surface>dirt</surface>
              <sac_scale>demanding_mountain_hiking</sac_scale>
            </gpxtpx:Extensions>
          </gpxtpx:TrackPointExtension>
        </extensions>
      </trkpt>
      <trkpt lat="42.673408" lon="-0.008594">
        <ele>2358.5520291130915</ele>
        <extensions>
          <gpxtpx:TrackPointExtension>
            <gpxtpx:Extensions>
              <highway>path</highway>
              <surface>dirt</surface>
              <sac_scale>demanding_mountain_hiking</sac_scale>
            </gpxtpx:Extensions>
          </gpxtpx:TrackPointExtension>
        </extensions>
      </trkpt>
      <trkpt lat="42.673462" lon="-0.008868">
        <ele>2360.185073437435</ele>
        <extensions>
          <gpxtpx:TrackPointExtension>
            <gpxtpx:Extensions>
              <highway>path</highway>
              <surface>dirt</surface>
              <sac_scale>demanding_mountain_hiking</sac_scale>
            </gpxtpx:Extensions>
          </gpxtpx:TrackPointExtension>
        </extensions>
      </trkpt>
      <trkpt lat="42.673558" lon="-0.009209">
        <ele>2361.02854355406</ele>
        <extensions>
          <gpxtpx:TrackPointExtension>
            <gpxtpx:Extensions>
              <highway>path</highway>
              <surface>dirt</surface>
              <sac_scale>demanding_mountain_hiking</sac_scale>
            </gpxtpx:Extensions>
          </gpxtpx:TrackPointExtension>
        </extensions>
      </trkpt>
      <trkpt lat="42.673578" lon="-0.00937">
        <ele>2361.6810012680035</ele>
        <extensions>
          <gpxtpx:TrackPointExtension>
            <gpxtpx:Extensions>
              <highway>path</highway>
              <surface>dirt</surface>
              <sac_scale>demanding_mountain_hiking</sac_scale>
            </gpxtpx:Extensions>
          </gpxtpx:TrackPointExtension>
        </extensions>
      </trkpt>
      <trkpt lat="42.673562" lon="-0.00956">
        <ele>2363.635829148943</ele>
        <extensions>
          <gpxtpx:TrackPointExtension>
            <gpxtpx:Extensions>
              <highway>path</highway>
              <surface>dirt</surface>
              <sac_scale>demanding_mountain_hiking</sac_scale>
            </gpxtpx:Extensions>
          </gpxtpx:TrackPointExtension>
        </extensions>
      </trkpt>
      <trkpt lat="42.673596" lon="-0.009787">
        <ele>2366.312506826226</ele>
        <extensions>
          <gpxtpx:TrackPointExtension>
            <gpxtpx:Extensions>
              <highway>path</highway>
              <surface>dirt</surface>
              <sac_scale>demanding_mountain_hiking</sac_scale>
            </gpxtpx:Extensions>
          </gpxtpx:TrackPointExtension>
        </extensions>
      </trkpt>
      <trkpt lat="42.673605" lon="-0.009905">
        <ele>2368.49795751275</ele>
        <extensions>
          <gpxtpx:TrackPointExtension>
            <gpxtpx:Extensions>
              <highway>path</highway>
              <surface>dirt</surface>
              <sac_scale>demanding_mountain_hiking</sac_scale>
            </gpxtpx:Extensions>
          </gpxtpx:TrackPointExtension>
        </extensions>
      </trkpt>
      <trkpt lat="42.673675" lon="-0.010059">
        <ele>2369.473951340072</ele>
        <extensions>
          <gpxtpx:TrackPointExtension>
            <gpxtpx:Extensions>
              <highway>path</highway>
              <surface>dirt</surface>
              <sac_scale>demanding_mountain_hiking</sac_scale>
            </gpxtpx:Extensions>
          </gpxtpx:TrackPointExtension>
        </extensions>
      </trkpt>
      <trkpt lat="42.673712" lon="-0.010312">
        <ele>2369.7645309095615</ele>
        <extensions>
          <gpxtpx:TrackPointExtension>
            <gpxtpx:Extensions>
              <highway>path</highway>
              <surface>dirt</surface>
              <sac_scale>demanding_mountain_hiking</sac_scale>
            </gpxtpx:Extensions>
          </gpxtpx:TrackPointExtension>
        </extensions>
      </trkpt>
      <trkpt lat="42.673688" lon="-0.010522">
        <ele>2373.566309861193</ele>
        <extensions>
          <gpxtpx:TrackPointExtension>
            <gpxtpx:Extensions>
              <highway>path</highway>
              <surface>dirt</surface>
              <sac_scale>demanding_mountain_hiking</sac_scale>
            </gpxtpx:Extensions>
          </gpxtpx:TrackPointExtension>
        </extensions>
      </trkpt>
      <trkpt lat="42.673619" lon="-0.01057">
        <ele>2376.5922356323263</ele>
        <extensions>
          <gpxtpx:TrackPointExtension>
            <gpxtpx:Extensions>
              <highway>path</highway>
              <surface>dirt</surface>
              <sac_scale>demanding_mountain_hiking</sac_scale>
            </gpxtpx:Extensions>
          </gpxtpx:TrackPointExtension>
        </extensions>
      </trkpt>
      <trkpt lat="42.673609" lon="-0.01064">
        <ele>2377.9194182257443</ele>
        <extensions>
          <gpxtpx:TrackPointExtension>
            <gpxtpx:Extensions>
              <highway>path</highway>
              <surface>dirt</surface>
              <sac_scale>demanding_mountain_hiking</sac_scale>
            </gpxtpx:Extensions>
          </gpxtpx:TrackPointExtension>
        </extensions>
      </trkpt>
      <trkpt lat="42.673549" lon="-0.010742">
        <ele>2379.934044487483</ele>
        <extensions>
          <gpxtpx:TrackPointExtension>
            <gpxtpx:Extensions>
              <highway>path</highway>
              <surface>dirt</surface>
              <sac_scale>demanding_mountain_hiking</sac_scale>
            </gpxtpx:Extensions>
          </gpxtpx:TrackPointExtension>
        </extensions>
      </trkpt>
      <trkpt lat="42.673558" lon="-0.010927">
        <ele>2382.4497383303024</ele>
        <extensions>
          <gpxtpx:TrackPointExtension>
            <gpxtpx:Extensions>
              <highway>path</highway>
              <surface>dirt</surface>
              <sac_scale>demanding_mountain_hiking</sac_scale>
            </gpxtpx:Extensions>
          </gpxtpx:TrackPointExtension>
        </extensions>
      </trkpt>
      <trkpt lat="42.67355" lon="-0.011372">
        <ele>2388.743289322584</ele>
        <extensions>
          <gpxtpx:TrackPointExtension>
            <gpxtpx:Extensions>
              <highway>path</highway>
              <surface>dirt</surface>
              <sac_scale>demanding_mountain_hiking</sac_scale>
            </gpxtpx:Extensions>
          </gpxtpx:TrackPointExtension>
        </extensions>
      </trkpt>
      <trkpt lat="42.673529" lon="-0.011637">
        <ele>2394.749631775371</ele>
        <extensions>
          <gpxtpx:TrackPointExtension>
            <gpxtpx:Extensions>
              <highway>path</highway>
              <surface>dirt</surface>
              <sac_scale>demanding_mountain_hiking</sac_scale>
            </gpxtpx:Extensions>
          </gpxtpx:TrackPointExtension>
        </extensions>
      </trkpt>
      <trkpt lat="42.673498" lon="-0.011899">
        <ele>2400.2736465248763</ele>
        <extensions>
          <gpxtpx:TrackPointExtension>
            <gpxtpx:Extensions>
              <highway>path</highway>
              <surface>dirt</surface>
              <sac_scale>demanding_mountain_hiking</sac_scale>
            </gpxtpx:Extensions>
          </gpxtpx:TrackPointExtension>
        </extensions>
      </trkpt>
      <trkpt lat="42.673521" lon="-0.012104">
        <ele>2402.756288274064</ele>
        <extensions>
          <gpxtpx:TrackPointExtension>
            <gpxtpx:Extensions>
              <highway>path</highway>
              <surface>dirt</surface>
              <sac_scale>demanding_mountain_hiking</sac_scale>
            </gpxtpx:Extensions>
          </gpxtpx:TrackPointExtension>
        </extensions>
      </trkpt>
      <trkpt lat="42.673672" lon="-0.01231">
        <ele>2401.962442022313</ele>
        <extensions>
          <gpxtpx:TrackPointExtension>
            <gpxtpx:Extensions>
              <highway>path</highway>
              <surface>dirt</surface>
              <sac_scale>demanding_mountain_hiking</sac_scale>
            </gpxtpx:Extensions>
          </gpxtpx:TrackPointExtension>
        </extensions>
      </trkpt>
      <trkpt lat="42.673685" lon="-0.012708">
        <ele>2407.066777296841</ele>
        <extensions>
          <gpxtpx:TrackPointExtension>
            <gpxtpx:Extensions>
              <highway>path</highway>
              <surface>dirt</surface>
              <sac_scale>demanding_mountain_hiking</sac_scale>
            </gpxtpx:Extensions>
          </gpxtpx:TrackPointExtension>
        </extensions>
      </trkpt>
      <trkpt lat="42.673802" lon="-0.012973">
        <ele>2410.043898921812</ele>
        <extensions>
          <gpxtpx:TrackPointExtension>
            <gpxtpx:Extensions>
              <highway>path</highway>
              <surface>dirt</surface>
              <sac_scale>demanding_mountain_hiking</sac_scale>
            </gpxtpx:Extensions>
          </gpxtpx:TrackPointExtension>
        </extensions>
      </trkpt>
      <trkpt lat="42.673885" lon="-0.013253">
        <ele>2415.546304788263</ele>
        <extensions>
          <gpxtpx:TrackPointExtension>
            <gpxtpx:Extensions>
              <highway>path</highway>
              <surface>dirt</surface>
              <sac_scale>demanding_mountain_hiking</sac_scale>
            </gpxtpx:Extensions>
          </gpxtpx:TrackPointExtension>
        </extensions>
      </trkpt>
      <trkpt lat="42.673981" lon="-0.013729">
        <ele>2425.238404148646</ele>
        <extensions>
          <gpxtpx:TrackPointExtension>
            <gpxtpx:Extensions>
              <highway>path</highway>
              <surface>dirt</surface>
              <sac_scale>demanding_mountain_hiking</sac_scale>
            </gpxtpx:Extensions>
          </gpxtpx:TrackPointExtension>
        </extensions>
      </trkpt>
      <trkpt lat="42.674207" lon="-0.013832">
        <ele>2430.2734253002436</ele>
        <extensions>
          <gpxtpx:TrackPointExtension>
            <gpxtpx:Extensions>
              <highway>path</highway>
              <surface>dirt</surface>
              <sac_scale>demanding_mountain_hiking</sac_scale>
            </gpxtpx:Extensions>
          </gpxtpx:TrackPointExtension>
        </extensions>
      </trkpt>
      <trkpt lat="42.674654" lon="-0.013925">
        <ele>2445.3468896709305</ele>
        <extensions>
          <gpxtpx:TrackPointExtension>
            <gpxtpx:Extensions>
              <highway>path</highway>
              <surface>dirt</surface>
              <sac_scale>demanding_mountain_hiking</sac_scale>
            </gpxtpx:Extensions>
          </gpxtpx:TrackPointExtension>
        </extensions>
      </trkpt>
      <trkpt lat="42.674805" lon="-0.014131">
        <ele>2451.4679746557276</ele>
        <extensions>
          <gpxtpx:TrackPointExtension>
            <gpxtpx:Extensions>
              <highway>path</highway>
              <surface>dirt</surface>
              <sac_scale>demanding_mountain_hiking</sac_scale>
            </gpxtpx:Extensions>
          </gpxtpx:TrackPointExtension>
        </extensions>
      </trkpt>
      <trkpt lat="42.674901" lon="-0.014355">
        <ele>2455.561236430991</ele>
        <extensions>
          <gpxtpx:TrackPointExtension>
            <gpxtpx:Extensions>
              <highway>path</highway>
              <surface>dirt</surface>
              <sac_scale>demanding_mountain_hiking</sac_scale>
            </gpxtpx:Extensions>
          </gpxtpx:TrackPointExtension>
        </extensions>
      </trkpt>
      <trkpt lat="42.675052" lon="-0.014364">
        <ele>2456.2449685016654</ele>
        <extensions>
          <gpxtpx:TrackPointExtension>
            <gpxtpx:Extensions>
              <highway>path</highway>
              <surface>dirt</surface>
              <sac_scale>demanding_mountain_hiking</sac_scale>
            </gpxtpx:Extensions>
          </gpxtpx:TrackPointExtension>
        </extensions>
      </trkpt>
      <trkpt lat="42.67532" lon="-0.014122">
        <ele>2454.553790557486</ele>
        <extensions>
          <gpxtpx:TrackPointExtension>
            <gpxtpx:Extensions>
              <highway>path</highway>
              <surface>dirt</surface>
              <sac_scale>demanding_mountain_hiking</sac_scale>
            </gpxtpx:Extensions>
          </gpxtpx:TrackPointExtension>
        </extensions>
      </trkpt>
      <trkpt lat="42.675464" lon="-0.014019">
        <ele>2456.0682132651004</ele>
        <extensions>
          <gpxtpx:TrackPointExtension>
            <gpxtpx:Extensions>
              <highway>path</highway>
              <surface>dirt</surface>
              <sac_scale>demanding_mountain_hiking</sac_scale>
            </gpxtpx:Extensions>
          </gpxtpx:TrackPointExtension>
        </extensions>
      </trkpt>
      <trkpt lat="42.675566" lon="-0.014061">
        <ele>2460.096196052124</ele>
        <extensions>
          <gpxtpx:TrackPointExtension>
            <gpxtpx:Extensions>
              <highway>path</highway>
              <surface>dirt</surface>
              <sac_scale>demanding_mountain_hiking</sac_scale>
            </gpxtpx:Extensions>
          </gpxtpx:TrackPointExtension>
        </extensions>
      </trkpt>
      <trkpt lat="42.675691" lon="-0.014112">
        <ele>2463.2135081376728</ele>
        <extensions>
          <gpxtpx:TrackPointExtension>
            <gpxtpx:Extensions>
              <highway>path</highway>
              <surface>dirt</surface>
              <sac_scale>demanding_mountain_hiking</sac_scale>
            </gpxtpx:Extensions>
          </gpxtpx:TrackPointExtension>
        </extensions>
      </trkpt>
      <trkpt lat="42.675732" lon="-0.014523">
        <ele>2464.7813009082865</ele>
        <extensions>
          <gpxtpx:TrackPointExtension>
            <gpxtpx:Extensions>
              <highway>path</highway>
              <surface>dirt</surface>
              <sac_scale>demanding_mountain_hiking</sac_scale>
            </gpxtpx:Extensions>
          </gpxtpx:TrackPointExtension>
        </extensions>
      </trkpt>
      <trkpt lat="42.675876" lon="-0.014999">
        <ele>2466.1761220088365</ele>
        <extensions>
          <gpxtpx:TrackPointExtension>
            <gpxtpx:Extensions>
              <highway>path</highway>
              <surface>dirt</surface>
              <sac_scale>demanding_mountain_hiking</sac_scale>
            </gpxtpx:Extensions>
          </gpxtpx:TrackPointExtension>
        </extensions>
      </trkpt>
      <trkpt lat="42.676181" lon="-0.015603">
        <ele>2466.0855275428476</ele>
        <extensions>
          <gpxtpx:TrackPointExtension>
            <gpxtpx:Extensions>
              <highway>path</highway>
              <surface>dirt</surface>
              <sac_scale>demanding_mountain_hiking</sac_scale>
            </gpxtpx:Extensions>
          </gpxtpx:TrackPointExtension>
        </extensions>
      </trkpt>
      <trkpt lat="42.676295" lon="-0.015849">
        <ele>2466.4161137786928</ele>
        <extensions>
          <gpxtpx:TrackPointExtension>
            <gpxtpx:Extensions>
              <highway>path</highway>
              <surface>dirt</surface>
              <sac_scale>demanding_mountain_hiking</sac_scale>
            </gpxtpx:Extensions>
          </gpxtpx:TrackPointExtension>
        </extensions>
      </trkpt>
      <trkpt lat="42.676453" lon="-0.01612">
        <ele>2466.090960775149</ele>
        <extensions>
          <gpxtpx:TrackPointExtension>
            <gpxtpx:Extensions>
              <highway>path</highway>
              <surface>dirt</surface>
              <sac_scale>demanding_mountain_hiking</sac_scale>
            </gpxtpx:Extensions>
          </gpxtpx:TrackPointExtension>
        </extensions>
      </trkpt>
      <trkpt lat="42.676528" lon="-0.016307">
        <ele>2465.2894624157875</ele>
        <extensions>
          <gpxtpx:TrackPointExtension>
            <gpxtpx:Extensions>
              <highway>path</highway>
              <surface>dirt</surface>
              <sac_scale>demanding_mountain_hiking</sac_scale>
            </gpxtpx:Extensions>
          </gpxtpx:TrackPointExtension>
        </extensions>
      </trkpt>
      <trkpt lat="42.676638" lon="-0.016481">
        <ele>2464.847370179158</ele>
        <extensions>
          <gpxtpx:TrackPointExtension>
            <gpxtpx:Extensions>
              <highway>path</highway>
              <surface>dirt</surface>
              <sac_scale>demanding_mountain_hiking</sac_scale>
            </gpxtpx:Extensions>
          </gpxtpx:TrackPointExtension>
        </extensions>
      </trkpt>
      <trkpt lat="42.676836" lon="-0.016668">
        <ele>2464.0746112411402</ele>
        <extensions>
          <gpxtpx:TrackPointExtension>
            <gpxtpx:Extensions>
              <highway>path</highway>
              <surface>dirt</surface>
              <sac_scale>demanding_mountain_hiking</sac_scale>
            </gpxtpx:Extensions>
          </gpxtpx:TrackPointExtension>
        </extensions>
      </trkpt>
      <trkpt lat="42.677075" lon="-0.016964">
        <ele>2462.671005389855</ele>
        <extensions>
          <gpxtpx:TrackPointExtension>
            <gpxtpx:Extensions>
              <highway>path</highway>
              <surface>dirt</surface>
              <sac_scale>demanding_mountain_hiking</sac_scale>
            </gpxtpx:Extensions>
          </gpxtpx:TrackPointExtension>
        </extensions>
      </trkpt>
      <trkpt lat="42.677239" lon="-0.017117">
        <ele>2462.429571318079</ele>
        <extensions>
          <gpxtpx:TrackPointExtension>
            <gpxtpx:Extensions>
              <highway>path</highway>
              <surface>dirt</surface>
              <sac_scale>demanding_mountain_hiking</sac_scale>
            </gpxtpx:Extensions>
          </gpxtpx:TrackPointExtension>
        </extensions>
      </trkpt>
      <trkpt lat="42.677354" lon="-0.017116">
        <ele>2464.5713955698616</ele>
        <extensions>
          <gpxtpx:TrackPointExtension>
            <gpxtpx:Extensions>
              <highway>path</highway>
              <surface>dirt</surface>
              <sac_scale>demanding_mountain_hiking</sac_scale>
            </gpxtpx:Extensions>
          </gpxtpx:TrackPointExtension>
        </extensions>
      </trkpt>
      <trkpt lat="42.677508" lon="-0.017095">
        <ele>2464.2096631065538</ele>
        <extensions>
          <gpxtpx:TrackPointExtension>
            <gpxtpx:Extensions>
              <highway>path</highway>
              <surface>dirt</surface>
              <sac_scale>demanding_mountain_hiking</sac_scale>
            </gpxtpx:Extensions>
          </gpxtpx:TrackPointExtension>
        </extensions>
      </trkpt>
      <trkpt lat="42.677622" lon="-0.017189">
        <ele>2464.001454735154</ele>
        <extensions>
          <gpxtpx:TrackPointExtension>
            <gpxtpx:Extensions>
              <highway>path</highway>
              <surface>dirt</surface>
              <sac_scale>demanding_mountain_hiking</sac_scale>
            </gpxtpx:Extensions>
          </gpxtpx:TrackPointExtension>
        </extensions>
      </trkpt>
      <trkpt lat="42.677749" lon="-0.017363">
        <ele>2462.0385874353524</ele>
        <extensions>
          <gpxtpx:TrackPointExtension>
            <gpxtpx:Extensions>
              <highway>path</highway>
              <surface>dirt</surface>
              <sac_scale>demanding_mountain_hiking</sac_scale>
            </gpxtpx:Extensions>
          </gpxtpx:TrackPointExtension>
        </extensions>
      </trkpt>
      <trkpt lat="42.67795" lon="-0.017787">
        <ele>2456.086456346158</ele>
        <extensions>
          <gpxtpx:TrackPointExtension>
            <gpxtpx:Extensions>
              <highway>path</highway>
              <surface>dirt</surface>
              <sac_scale>demanding_mountain_hiking</sac_scale>
            </gpxtpx:Extensions>
          </gpxtpx:TrackPointExtension>
        </extensions>
      </trkpt>
      <trkpt lat="42.678017" lon="-0.017907">
        <ele>2455.199462318613</ele>
        <extensions>
          <gpxtpx:TrackPointExtension>
            <gpxtpx:Extensions>
              <highway>path</highway>
              <surface>dirt</surface>
              <sac_scale>demanding_mountain_hiking</sac_scale>
            </gpxtpx:Extensions>
          </gpxtpx:TrackPointExtension>
        </extensions>
      </trkpt>
      <trkpt lat="42.678064" lon="-0.017964">
        <ele>2455.0166617695786</ele>
        <extensions>
          <gpxtpx:TrackPointExtension>
            <gpxtpx:Extensions>
              <highway>path</highway>
              <surface>dirt</surface>
              <sac_scale>demanding_mountain_hiking</sac_scale>
            </gpxtpx:Extensions>
          </gpxtpx:TrackPointExtension>
        </extensions>
      </trkpt>
      <trkpt lat="42.678279" lon="-0.018288">
        <ele>2455.6025367278426</ele>
        <extensions>
          <gpxtpx:TrackPointExtension>
            <gpxtpx:Extensions>
              <highway>path</highway>
              <surface>dirt</surface>
              <sac_scale>demanding_mountain_hiking</sac_scale>
            </gpxtpx:Extensions>
          </gpxtpx:TrackPointExtension>
        </extensions>
      </trkpt>
      <trkpt lat="42.678458" lon="-0.018611">
        <ele>2455.6343955357625</ele>
        <extensions>
          <gpxtpx:TrackPointExtension>
            <gpxtpx:Extensions>
              <highway>path</highway>
              <surface>dirt</surface>
              <sac_scale>demanding_mountain_hiking</sac_scale>
            </gpxtpx:Extensions>
          </gpxtpx:TrackPointExtension>
        </extensions>
      </trkpt>
      <trkpt lat="42.678597" lon="-0.018841">
        <ele>2454.9998030378724</ele>
        <extensions>
          <gpxtpx:TrackPointExtension>
            <gpxtpx:Extensions>
              <highway>path</highway>
              <surface>dirt</surface>
              <sac_scale>demanding_mountain_hiking</sac_scale>
            </gpxtpx:Extensions>
          </gpxtpx:TrackPointExtension>
        </extensions>
      </trkpt>
      <trkpt lat="42.678654" lon="-0.019034">
        <ele>2453.847844781042</ele>
        <extensions>
          <gpxtpx:TrackPointExtension>
            <gpxtpx:Extensions>
              <highway>path</highway>
              <surface>dirt</surface>
              <sac_scale>demanding_mountain_hiking</sac_scale>
            </gpxtpx:Extensions>
          </gpxtpx:TrackPointExtension>
        </extensions>
      </trkpt>
      <trkpt lat="42.67876" lon="-0.019289">
        <ele>2455.1500915925267</ele>
        <extensions>
          <gpxtpx:TrackPointExtension>
            <gpxtpx:Extensions>
              <highway>path</highway>
              <surface>dirt</surface>
              <sac_scale>demanding_mountain_hiking</sac_scale>
            </gpxtpx:Extensions>
          </gpxtpx:TrackPointExtension>
        </extensions>
      </trkpt>
      <trkpt lat="42.67878" lon="-0.019444">
        <ele>2454.446383917954</ele>
        <extensions>
          <gpxtpx:TrackPointExtension>
            <gpxtpx:Extensions>
              <highway>path</highway>
              <surface>dirt</surface>
              <sac_scale>demanding_mountain_hiking</sac_scale>
            </gpxtpx:Extensions>
          </gpxtpx:TrackPointExtension>
        </extensions>
      </trkpt>
      <trkpt lat="42.678857" lon="-0.019608">
        <ele>2456.766380601744</ele>
        <extensions>
          <gpxtpx:TrackPointExtension>
            <gpxtpx:Extensions>
              <highway>path</highway>
              <surface>dirt</surface>
              <sac_scale>demanding_mountain_hiking</sac_scale>
            </gpxtpx:Extensions>
          </gpxtpx:TrackPointExtension>
        </extensions>
      </trkpt>
      <trkpt lat="42.678875" lon="-0.019729">
        <ele>2456.217115851224</ele>
        <extensions>
          <gpxtpx:TrackPointExtension>
            <gpxtpx:Extensions>
              <highway>path</highway>
              <surface>dirt</surface>
              <sac_scale>demanding_mountain_hiking</sac_scale>
            </gpxtpx:Extensions>
          </gpxtpx:TrackPointExtension>
        </extensions>
      </trkpt>
      <trkpt lat="42.678926" lon="-0.019876">
        <ele>2456.7146217809222</ele>
        <extensions>
          <gpxtpx:TrackPointExtension>
            <gpxtpx:Extensions>
              <highway>path</highway>
              <surface>dirt</surface>
              <sac_scale>demanding_mountain_hiking</sac_scale>
            </gpxtpx:Extensions>
          </gpxtpx:TrackPointExtension>
        </extensions>
      </trkpt>
      <trkpt lat="42.678922" lon="-0.020059">
        <ele>2454.732349802097</ele>
        <extensions>
          <gpxtpx:TrackPointExtension>
            <gpxtpx:Extensions>
              <highway>path</highway>
              <surface>dirt</surface>
              <sac_scale>demanding_mountain_hiking</sac_scale>
            </gpxtpx:Extensions>
          </gpxtpx:TrackPointExtension>
        </extensions>
      </trkpt>
      <trkpt lat="42.678961" lon="-0.020206">
        <ele>2456.487324203643</ele>
        <extensions>
          <gpxtpx:TrackPointExtension>
            <gpxtpx:Extensions>
              <highway>path</highway>
              <surface>dirt</surface>
              <sac_scale>demanding_mountain_hiking</sac_scale>
            </gpxtpx:Extensions>
          </gpxtpx:TrackPointExtension>
        </extensions>
      </trkpt>
      <trkpt lat="42.678983" lon="-0.020375">
        <ele>2457.8205167451933</ele>
        <extensions>
          <gpxtpx:TrackPointExtension>
            <gpxtpx:Extensions>
              <highway>path</highway>
              <surface>dirt</surface>
              <sac_scale>demanding_mountain_hiking</sac_scale>
            </gpxtpx:Extensions>
          </gpxtpx:TrackPointExtension>
        </extensions>
      </trkpt>
      <trkpt lat="42.67905" lon="-0.020716">
        <ele>2458.6035252639413</ele>
        <extensions>
          <gpxtpx:TrackPointExtension>
            <gpxtpx:Extensions>
              <highway>path</highway>
              <surface>dirt</surface>
              <sac_scale>demanding_mountain_hiking</sac_scale>
            </gpxtpx:Extensions>
          </gpxtpx:TrackPointExtension>
        </extensions>
      </trkpt>
      <trkpt lat="42.679074" lon="-0.020992">
        <ele>2458.5354492644683</ele>
        <extensions>
          <gpxtpx:TrackPointExtension>
            <gpxtpx:Extensions>
              <highway>path</highway>
              <surface>dirt</surface>
              <sac_scale>demanding_mountain_hiking</sac_scale>
            </gpxtpx:Extensions>
          </gpxtpx:TrackPointExtension>
        </extensions>
      </trkpt>
      <trkpt lat="42.679133" lon="-0.02114">
        <ele>2461.4475264318753</ele>
        <extensions>
          <gpxtpx:TrackPointExtension>
            <gpxtpx:Extensions>
              <highway>path</highway>
              <surface>dirt</surface>
              <sac_scale>demanding_mountain_hiking</sac_scale>
            </gpxtpx:Extensions>
          </gpxtpx:TrackPointExtension>
        </extensions>
      </trkpt>
      <trkpt lat="42.67922" lon="-0.021502">
        <ele>2461.961446896061</ele>
        <extensions>
          <gpxtpx:TrackPointExtension>
            <gpxtpx:Extensions>
              <highway>path</highway>
              <surface>dirt</surface>
              <sac_scale>demanding_mountain_hiking</sac_scale>
            </gpxtpx:Extensions>
          </gpxtpx:TrackPointExtension>
        </extensions>
      </trkpt>
      <trkpt lat="42.679303" lon="-0.021735">
        <ele>2463.9291836036386</ele>
        <extensions>
          <gpxtpx:TrackPointExtension>
            <gpxtpx:Extensions>
              <highway>path</highway>
              <surface>dirt</surface>
              <sac_scale>demanding_mountain_hiking</sac_scale>
            </gpxtpx:Extensions>
          </gpxtpx:TrackPointExtension>
        </extensions>
      </trkpt>
      <trkpt lat="42.67933" lon="-0.022014">
        <ele>2464.0457389101744</ele>
        <extensions>
          <gpxtpx:TrackPointExtension>
            <gpxtpx:Extensions>
              <highway>path</highway>
              <surface>dirt</surface>
              <sac_scale>demanding_mountain_hiking</sac_scale>
            </gpxtpx:Extensions>
          </gpxtpx:TrackPointExtension>
        </extensions>
      </trkpt>
      <trkpt lat="42.679369" lon="-0.02225">
        <ele>2464.977584420658</ele>
        <extensions>
          <gpxtpx:TrackPointExtension>
            <gpxtpx:Extensions>
              <highway>path</highway>
              <surface>dirt</surface>
              <sac_scale>demanding_mountain_hiking</sac_scale>
            </gpxtpx:Extensions>
          </gpxtpx:TrackPointExtension>
        </extensions>
      </trkpt>
      <trkpt lat="42.679376" lon="-0.022536">
        <ele>2464.2877488023205</ele>
        <extensions>
          <gpxtpx:TrackPointExtension>
            <gpxtpx:Extensions>
              <highway>path</highway>
              <surface>dirt</surface>
              <sac_scale>demanding_mountain_hiking</sac_scale>
            </gpxtpx:Extensions>
          </gpxtpx:TrackPointExtension>
        </extensions>
      </trkpt>
      <trkpt lat="42.67945" lon="-0.023302">
        <ele>2473.112002745411</ele>
        <extensions>
          <gpxtpx:TrackPointExtension>
            <gpxtpx:Extensions>
              <highway>path</highway>
              <surface>dirt</surface>
              <sac_scale>demanding_mountain_hiking</sac_scale>
            </gpxtpx:Extensions>
          </gpxtpx:TrackPointExtension>
        </extensions>
      </trkpt>
      <trkpt lat="42.679538" lon="-0.02411">
        <ele>2482.6945095213323</ele>
        <extensions>
          <gpxtpx:TrackPointExtension>
            <gpxtpx:Extensions>
              <highway>path</highway>
              <surface>dirt</surface>
              <sac_scale>alpine_hiking</sac_scale>
            </gpxtpx:Extensions>
          </gpxtpx:TrackPointExtension>
        </extensions>
      </trkpt>
      <trkpt lat="42.679534" lon="-0.025004">
        <ele>2488.2051609425926</ele>
        <extensions>
          <gpxtpx:TrackPointExtension>
            <gpxtpx:Extensions>
              <highway>path</highway>
              <surface>dirt</surface>
              <sac_scale>alpine_hiking</sac_scale>
            </gpxtpx:Extensions>
          </gpxtpx:TrackPointExtension>
        </extensions>
      </trkpt>
      <trkpt lat="42.679569" lon="-0.025538">
        <ele>2494.7301643139563</ele>
        <extensions>
          <gpxtpx:TrackPointExtension>
            <gpxtpx:Extensions>
              <highway>path</highway>
              <surface>dirt</surface>
              <sac_scale>alpine_hiking</sac_scale>
            </gpxtpx:Extensions>
          </gpxtpx:TrackPointExtension>
        </extensions>
      </trkpt>
      <trkpt lat="42.679555" lon="-0.026092">
        <ele>2498.6992345190392</ele>
        <extensions>
          <gpxtpx:TrackPointExtension>
            <gpxtpx:Extensions>
              <highway>path</highway>
              <surface>dirt</surface>
              <sac_scale>alpine_hiking</sac_scale>
            </gpxtpx:Extensions>
          </gpxtpx:TrackPointExtension>
        </extensions>
      </trkpt>
      <trkpt lat="42.679577" lon="-0.026632">
        <ele>2505.50317842493</ele>
        <extensions>
          <gpxtpx:TrackPointExtension>
            <gpxtpx:Extensions>
              <highway>path</highway>
              <surface>dirt</surface>
              <sac_scale>alpine_hiking</sac_scale>
            </gpxtpx:Extensions>
          </gpxtpx:TrackPointExtension>
        </extensions>
      </trkpt>
      <trkpt lat="42.679608" lon="-0.027088">
        <ele>2513.4383203421894</ele>
        <extensions>
          <gpxtpx:TrackPointExtension>
            <gpxtpx:Extensions>
              <highway>path</highway>
              <surface>dirt</surface>
              <sac_scale>alpine_hiking</sac_scale>
            </gpxtpx:Extensions>
          </gpxtpx:TrackPointExtension>
        </extensions>
      </trkpt>
      <trkpt lat="42.679583" lon="-0.027627">
        <ele>2520.6819634154845</ele>
        <extensions>
          <gpxtpx:TrackPointExtension>
            <gpxtpx:Extensions>
              <highway>path</highway>
              <surface>dirt</surface>
              <sac_scale>alpine_hiking</sac_scale>
            </gpxtpx:Extensions>
          </gpxtpx:TrackPointExtension>
        </extensions>
      </trkpt>
      <trkpt lat="42.679485" lon="-0.028763">
        <ele>2528.263931964963</ele>
        <extensions>
          <gpxtpx:TrackPointExtension>
            <gpxtpx:Extensions>
              <highway>path</highway>
              <surface>dirt</surface>
              <sac_scale>alpine_hiking</sac_scale>
            </gpxtpx:Extensions>
          </gpxtpx:TrackPointExtension>
        </extensions>
      </trkpt>
      <trkpt lat="42.67947" lon="-0.028934">
        <ele>2529.2578179179654</ele>
        <extensions>
          <gpxtpx:TrackPointExtension>
            <gpxtpx:Extensions>
              <highway>path</highway>
              <surface>dirt</surface>
              <sac_scale>alpine_hiking</sac_scale>
            </gpxtpx:Extensions>
          </gpxtpx:TrackPointExtension>
        </extensions>
      </trkpt>
      <trkpt lat="42.679507" lon="-0.029221">
        <ele>2533.5204003273343</ele>
        <extensions>
          <gpxtpx:TrackPointExtension>
            <gpxtpx:Extensions>
              <highway>path</highway>
              <surface>dirt</surface>
              <sac_scale>alpine_hiking</sac_scale>
            </gpxtpx:Extensions>
          </gpxtpx:TrackPointExtension>
        </extensions>
      </trkpt>
      <trkpt lat="42.679503" lon="-0.029519">
        <ele>2532.1050510309683</ele>
        <extensions>
          <gpxtpx:TrackPointExtension>
            <gpxtpx:Extensions>
              <highway>path</highway>
              <surface>dirt</surface>
              <sac_scale>alpine_hiking</sac_scale>
            </gpxtpx:Extensions>
          </gpxtpx:TrackPointExtension>
        </extensions>
      </trkpt>
      <trkpt lat="42.67957" lon="-0.029833">
        <ele>2533.8323683987846</ele>
        <extensions>
          <gpxtpx:TrackPointExtension>
            <gpxtpx:Extensions>
              <highway>path</highway>
              <surface>dirt</surface>
              <sac_scale>alpine_hiking</sac_scale>
            </gpxtpx:Extensions>
          </gpxtpx:TrackPointExtension>
        </extensions>
      </trkpt>
      <trkpt lat="42.679653" lon="-0.029917">
        <ele>2535.110252213774</ele>
        <extensions>
          <gpxtpx:TrackPointExtension>
            <gpxtpx:Extensions>
              <highway>path</highway>
              <surface>dirt</surface>
              <sac_scale>alpine_hiking</sac_scale>
            </gpxtpx:Extensions>
          </gpxtpx:TrackPointExtension>
        </extensions>
      </trkpt>
      <trkpt lat="42.679909" lon="-0.029935">
        <ele>2540.3211045213748</ele>
        <extensions>
          <gpxtpx:TrackPointExtension>
            <gpxtpx:Extensions>
              <highway>path</highway>
              <surface>dirt</surface>
              <sac_scale>alpine_hiking</sac_scale>
            </gpxtpx:Extensions>
          </gpxtpx:TrackPointExtension>
        </extensions>
      </trkpt>
      <trkpt lat="42.680461" lon="-0.030372">
        <ele>2554.9457542170358</ele>
        <extensions>
          <gpxtpx:TrackPointExtension>
            <gpxtpx:Extensions>
              <highway>path</highway>
              <surface>dirt</surface>
              <sac_scale>alpine_hiking</sac_scale>
            </gpxtpx:Extensions>
          </gpxtpx:TrackPointExtension>
        </extensions>
      </trkpt>
      <trkpt lat="42.680808" lon="-0.030485">
        <ele>2570.364636000572</ele>
        <extensions>
          <gpxtpx:TrackPointExtension>
            <gpxtpx:Extensions>
              <highway>path</highway>
              <surface>dirt</surface>
              <sac_scale>alpine_hiking</sac_scale>
            </gpxtpx:Extensions>
          </gpxtpx:TrackPointExtension>
        </extensions>
      </trkpt>
      <trkpt lat="42.681204" lon="-0.03059">
        <ele>2587.7717200239967</ele>
        <extensions>
          <gpxtpx:TrackPointExtension>
            <gpxtpx:Extensions>
              <highway>path</highway>
              <surface>dirt</surface>
              <sac_scale>alpine_hiking</sac_scale>
            </gpxtpx:Extensions>
          </gpxtpx:TrackPointExtension>
        </extensions>
      </trkpt>
      <trkpt lat="42.681326" lon="-0.030568">
        <ele>2596.478371146215</ele>
        <extensions>
          <gpxtpx:TrackPointExtension>
            <gpxtpx:Extensions>
              <highway>path</highway>
              <surface>dirt</surface>
              <sac_scale>alpine_hiking</sac_scale>
            </gpxtpx:Extensions>
          </gpxtpx:TrackPointExtension>
        </extensions>
      </trkpt>
      <trkpt lat="42.681392" lon="-0.030519">
        <ele>2601.1389880282213</ele>
        <extensions>
          <gpxtpx:TrackPointExtension>
            <gpxtpx:Extensions>
              <highway>path</highway>
              <surface>dirt</surface>
              <sac_scale>alpine_hiking</sac_scale>
            </gpxtpx:Extensions>
          </gpxtpx:TrackPointExtension>
        </extensions>
      </trkpt>
      <trkpt lat="42.681525" lon="-0.030638">
        <ele>2601.4310613521557</ele>
        <extensions>
          <gpxtpx:TrackPointExtension>
            <gpxtpx:Extensions>
              <highway>path</highway>
              <surface>dirt</surface>
              <sac_scale>alpine_hiking</sac_scale>
            </gpxtpx:Extensions>
          </gpxtpx:TrackPointExtension>
        </extensions>
      </trkpt>
      <trkpt lat="42.681584" lon="-0.030599">
        <ele>2604.4123040087497</ele>
        <extensions>
          <gpxtpx:TrackPointExtension>
            <gpxtpx:Extensions>
              <highway>path</highway>
              <surface>dirt</surface>
              <sac_scale>alpine_hiking</sac_scale>
            </gpxtpx:Extensions>
          </gpxtpx:TrackPointExtension>
        </extensions>
      </trkpt>
      <trkpt lat="42.681673" lon="-0.030335">
        <ele>2619.1563487018493</ele>
        <extensions>
          <gpxtpx:TrackPointExtension>
            <gpxtpx:Extensions>
              <highway>path</highway>
              <surface>dirt</surface>
              <sac_scale>alpine_hiking</sac_scale>
            </gpxtpx:Extensions>
          </gpxtpx:TrackPointExtension>
        </extensions>
      </trkpt>
      <trkpt lat="42.681931" lon="-0.030114">
        <ele>2617.524898036396</ele>
        <extensions>
          <gpxtpx:TrackPointExtension>
            <gpxtpx:Extensions>
              <highway>path</highway>
              <surface>dirt</surface>
              <sac_scale>alpine_hiking</sac_scale>
            </gpxtpx:Extensions>
          </gpxtpx:TrackPointExtension>
        </extensions>
      </trkpt>
      <trkpt lat="42.682144" lon="-0.030131">
        <ele>2598.7940785291676</ele>
        <extensions>
          <gpxtpx:TrackPointExtension>
            <gpxtpx:Extensions>
              <highway>path</highway>
              <surface>dirt</surface>
              <sac_scale>alpine_hiking</sac_scale>
            </gpxtpx:Extensions>
          </gpxtpx:TrackPointExtension>
        </extensions>
      </trkpt>
      <trkpt lat="42.6824" lon="-0.030056">
        <ele>2590.8654845296874</ele>
        <extensions>
          <gpxtpx:TrackPointExtension>
            <gpxtpx:Extensions>
              <highway>path</highway>
              <surface>dirt</surface>
              <sac_scale>alpine_hiking</sac_scale>
            </gpxtpx:Extensions>
          </gpxtpx:TrackPointExtension>
        </extensions>
      </trkpt>
      <trkpt lat="42.682535" lon="-0.030026">
        <ele>2589.8429782935673</ele>
        <extensions>
          <gpxtpx:TrackPointExtension>
            <gpxtpx:Extensions>
              <highway>path</highway>
              <surface>dirt</surface>
              <sac_scale>alpine_hiking</sac_scale>
            </gpxtpx:Extensions>
          </gpxtpx:TrackPointExtension>
        </extensions>
      </trkpt>
      <trkpt lat="42.682662" lon="-0.029888">
        <ele>2602.555042274939</ele>
        <extensions>
          <gpxtpx:TrackPointExtension>
            <gpxtpx:Extensions>
              <highway>path</highway>
              <surface>dirt</surface>
              <sac_scale>alpine_hiking</sac_scale>
            </gpxtpx:Extensions>
          </gpxtpx:TrackPointExtension>
        </extensions>
      </trkpt>
      <trkpt lat="42.682932" lon="-0.029862">
        <ele>2607.3973627366413</ele>
        <extensions>
          <gpxtpx:TrackPointExtension>
            <gpxtpx:Extensions>
              <highway>path</highway>
              <surface>dirt</surface>
              <sac_scale>alpine_hiking</sac_scale>
            </gpxtpx:Extensions>
          </gpxtpx:TrackPointExtension>
        </extensions>
      </trkpt>
      <trkpt lat="42.683091" lon="-0.029954">
        <ele>2609.2914322135894</ele>
        <extensions>
          <gpxtpx:TrackPointExtension>
            <gpxtpx:Extensions>
              <highway>path</highway>
              <surface>dirt</surface>
              <sac_scale>alpine_hiking</sac_scale>
            </gpxtpx:Extensions>
          </gpxtpx:TrackPointExtension>
        </extensions>
      </trkpt>
      <trkpt lat="42.683124" lon="-0.029993">
        <ele>2608.8807501129922</ele>
        <extensions>
          <gpxtpx:TrackPointExtension>
            <gpxtpx:Extensions>
              <highway>path</highway>
              <surface>dirt</surface>
              <sac_scale>alpine_hiking</sac_scale>
            </gpxtpx:Extensions>
          </gpxtpx:TrackPointExtension>
        </extensions>
      </trkpt>
      <trkpt lat="42.683223" lon="-0.030107">
        <ele>2609.282802226543</ele>
        <extensions>
          <gpxtpx:TrackPointExtension>
            <gpxtpx:Extensions>
              <highway>path</highway>
              <surface>dirt</surface>
              <sac_scale>alpine_hiking</sac_scale>
            </gpxtpx:Extensions>
          </gpxtpx:TrackPointExtension>
        </extensions>
      </trkpt>
      <trkpt lat="42.683321" lon="-0.030129">
        <ele>2614.141535428917</ele>
        <extensions>
          <gpxtpx:TrackPointExtension>
            <gpxtpx:Extensions>
              <highway>path</highway>
              <surface>dirt</surface>
              <sac_scale>alpine_hiking</sac_scale>
            </gpxtpx:Extensions>
          </gpxtpx:TrackPointExtension>
        </extensions>
      </trkpt>
      <trkpt lat="42.683447" lon="-0.029969">
        <ele>2628.0584278939587</ele>
        <extensions>
          <gpxtpx:TrackPointExtension>
            <gpxtpx:Extensions>
              <highway>path</highway>
              <surface>dirt</surface>
              <sac_scale>alpine_hiking</sac_scale>
            </gpxtpx:Extensions>
          </gpxtpx:TrackPointExtension>
        </extensions>
      </trkpt>
      <trkpt lat="42.683588" lon="-0.029881">
        <ele>2634.904780287344</ele>
        <extensions>
          <gpxtpx:TrackPointExtension>
            <gpxtpx:Extensions>
              <highway>path</highway>
              <surface>dirt</surface>
              <sac_scale>alpine_hiking</sac_scale>
            </gpxtpx:Extensions>
          </gpxtpx:TrackPointExtension>
        </extensions>
      </trkpt>
      <trkpt lat="42.683867" lon="-0.029842">
        <ele>2642.828827736439</ele>
        <extensions>
          <gpxtpx:TrackPointExtension>
            <gpxtpx:Extensions>
              <highway>path</highway>
              <surface>dirt</surface>
              <sac_scale>alpine_hiking</sac_scale>
            </gpxtpx:Extensions>
          </gpxtpx:TrackPointExtension>
        </extensions>
      </trkpt>
      <trkpt lat="42.684367" lon="-0.0296">
        <ele>2657.713702617404</ele>
        <extensions>
          <gpxtpx:TrackPointExtension>
            <gpxtpx:Extensions>
              <highway>path</highway>
              <surface>dirt</surface>
              <sac_scale>alpine_hiking</sac_scale>
            </gpxtpx:Extensions>
          </gpxtpx:TrackPointExtension>
        </extensions>
      </trkpt>
      <trkpt lat="42.684732" lon="-0.029407">
        <ele>2672.15864768347</ele>
        <extensions>
          <gpxtpx:TrackPointExtension>
            <gpxtpx:Extensions>
              <highway>path</highway>
              <surface>dirt</surface>
              <sac_scale>alpine_hiking</sac_scale>
            </gpxtpx:Extensions>
          </gpxtpx:TrackPointExtension>
        </extensions>
      </trkpt>
      <trkpt lat="42.684879" lon="-0.029351">
        <ele>2670.1868672198407</ele>
        <extensions>
          <gpxtpx:TrackPointExtension>
            <gpxtpx:Extensions>
              <highway>path</highway>
              <surface>dirt</surface>
              <sac_scale>alpine_hiking</sac_scale>
            </gpxtpx:Extensions>
          </gpxtpx:TrackPointExtension>
        </extensions>
      </trkpt>
      <trkpt lat="42.685439" lon="-0.029612">
        <ele>2669.2016874244864</ele>
        <extensions>
          <gpxtpx:TrackPointExtension>
            <gpxtpx:Extensions>
              <highway>path</highway>
              <surface>dirt</surface>
              <sac_scale>alpine_hiking</sac_scale>
            </gpxtpx:Extensions>
          </gpxtpx:TrackPointExtension>
        </extensions>
      </trkpt>
      <trkpt lat="42.685696" lon="-0.029617">
        <ele>2674.6922421184804</ele>
        <extensions>
          <gpxtpx:TrackPointExtension>
            <gpxtpx:Extensions>
              <highway>path</highway>
              <surface>dirt</surface>
              <sac_scale>alpine_hiking</sac_scale>
            </gpxtpx:Extensions>
          </gpxtpx:TrackPointExtension>
        </extensions>
      </trkpt>
      <trkpt lat="42.685882" lon="-0.029634">
        <ele>2682.0732611559074</ele>
        <extensions>
          <gpxtpx:TrackPointExtension>
            <gpxtpx:Extensions>
              <highway>path</highway>
              <surface>dirt</surface>
              <sac_scale>alpine_hiking</sac_scale>
            </gpxtpx:Extensions>
          </gpxtpx:TrackPointExtension>
        </extensions>
      </trkpt>
      <trkpt lat="42.686048" lon="-0.029753">
        <ele>2687.1314778251744</ele>
        <extensions>
          <gpxtpx:TrackPointExtension>
            <gpxtpx:Extensions>
              <highway>path</highway>
              <surface>dirt</surface>
              <sac_scale>alpine_hiking</sac_scale>
            </gpxtpx:Extensions>
          </gpxtpx:TrackPointExtension>
        </extensions>
      </trkpt>
      <trkpt lat="42.686299" lon="-0.029887">
        <ele>2698.9805291500693</ele>
        <extensions>
          <gpxtpx:TrackPointExtension>
            <gpxtpx:Extensions>
              <highway>path</highway>
              <surface>dirt</surface>
              <sac_scale>alpine_hiking</sac_scale>
            </gpxtpx:Extensions>
          </gpxtpx:TrackPointExtension>
        </extensions>
      </trkpt>
      <trkpt lat="42.686427" lon="-0.029971">
        <ele>2702.8318915287255</ele>
        <extensions>
          <gpxtpx:TrackPointExtension>
            <gpxtpx:Extensions>
              <highway>path</highway>
              <surface>dirt</surface>
              <sac_scale>alpine_hiking</sac_scale>
            </gpxtpx:Extensions>
          </gpxtpx:TrackPointExtension>
        </extensions>
      </trkpt>
      <trkpt lat="42.686544" lon="-0.030204">
        <ele>2702.706485432405</ele>
        <extensions>
          <gpxtpx:TrackPointExtension>
            <gpxtpx:Extensions>
              <highway>path</highway>
              <surface>dirt</surface>
              <sac_scale>alpine_hiking</sac_scale>
            </gpxtpx:Extensions>
          </gpxtpx:TrackPointExtension>
        </extensions>
      </trkpt>
      <trkpt lat="42.686749" lon="-0.030359">
        <ele>2705.9034720837785</ele>
        <extensions>
          <gpxtpx:TrackPointExtension>
            <gpxtpx:Extensions>
              <highway>path</highway>
              <surface>dirt</surface>
              <sac_scale>alpine_hiking</sac_scale>
            </gpxtpx:Extensions>
          </gpxtpx:TrackPointExtension>
        </extensions>
      </trkpt>
      <trkpt lat="42.687633" lon="-0.030434">
        <ele>2730.9749734674056</ele>
        <extensions>
          <gpxtpx:TrackPointExtension>
            <gpxtpx:Extensions>
              <highway>path</highway>
              <surface>dirt</surface>
              <sac_scale>alpine_hiking</sac_scale>
            </gpxtpx:Extensions>
          </gpxtpx:TrackPointExtension>
        </extensions>
      </trkpt>
      <trkpt lat="42.687692" lon="-0.030454">
        <ele>2732.666938100003</ele>
        <extensions>
          <gpxtpx:TrackPointExtension>
            <gpxtpx:Extensions>
              <highway>path</highway>
              <surface>dirt</surface>
              <sac_scale>alpine_hiking</sac_scale>
            </gpxtpx:Extensions>
          </gpxtpx:TrackPointExtension>
        </extensions>
      </trkpt>
      <trkpt lat="42.687769" lon="-0.030441">
        <ele>2742.330369073007</ele>
        <extensions>
          <gpxtpx:TrackPointExtension>
            <gpxtpx:Extensions>
              <highway>path</highway>
              <surface>dirt</surface>
              <sac_scale>alpine_hiking</sac_scale>
            </gpxtpx:Extensions>
          </gpxtpx:TrackPointExtension>
        </extensions>
      </trkpt>
      <trkpt lat="42.687886" lon="-0.030479">
        <ele>2755.637058194708</ele>
        <extensions>
          <gpxtpx:TrackPointExtension>
            <gpxtpx:Extensions>
              <highway>path</highway>
              <surface>dirt</surface>
              <sac_scale>alpine_hiking</sac_scale>
            </gpxtpx:Extensions>
          </gpxtpx:TrackPointExtension>
        </extensions>
      </trkpt>
      <trkpt lat="42.687957" lon="-0.030645">
        <ele>2731.602614880602</ele>
        <extensions>
          <gpxtpx:TrackPointExtension>
            <gpxtpx:Extensions>
              <highway>path</highway>
              <surface>dirt</surface>
              <sac_scale>alpine_hiking</sac_scale>
            </gpxtpx:Extensions>
          </gpxtpx:TrackPointExtension>
        </extensions>
      </trkpt>
      <trkpt lat="42.688398" lon="-0.030848">
        <ele>2714.361898319643</ele>
        <extensions>
          <gpxtpx:TrackPointExtension>
            <gpxtpx:Extensions>
              <highway>path</highway>
              <surface>dirt</surface>
              <sac_scale>alpine_hiking</sac_scale>
            </gpxtpx:Extensions>
          </gpxtpx:TrackPointExtension>
        </extensions>
      </trkpt>
      <trkpt lat="42.688551" lon="-0.030843">
        <ele>2721.764382036355</ele>
        <extensions>
          <gpxtpx:TrackPointExtension>
            <gpxtpx:Extensions>
              <highway>path</highway>
              <surface>dirt</surface>
              <sac_scale>alpine_hiking</sac_scale>
            </gpxtpx:Extensions>
          </gpxtpx:TrackPointExtension>
        </extensions>
      </trkpt>
      <trkpt lat="42.688668" lon="-0.030889">
        <ele>2721.073501312053</ele>
        <extensions>
          <gpxtpx:TrackPointExtension>
            <gpxtpx:Extensions>
              <highway>path</highway>
              <surface>dirt</surface>
              <sac_scale>alpine_hiking</sac_scale>
            </gpxtpx:Extensions>
          </gpxtpx:TrackPointExtension>
        </extensions>
      </trkpt>
      <trkpt lat="42.688769" lon="-0.030954">
        <ele>2722.7066431326166</ele>
        <extensions>
          <gpxtpx:TrackPointExtension>
            <gpxtpx:Extensions>
              <highway>path</highway>
              <surface>dirt</surface>
              <sac_scale>alpine_hiking</sac_scale>
            </gpxtpx:Extensions>
          </gpxtpx:TrackPointExtension>
        </extensions>
      </trkpt>
      <trkpt lat="42.689258" lon="-0.031378">
        <ele>2727.6271135472143</ele>
        <extensions>
          <gpxtpx:TrackPointExtension>
            <gpxtpx:Extensions>
              <highway>path</highway>
              <surface>dirt</surface>
              <sac_scale>alpine_hiking</sac_scale>
            </gpxtpx:Extensions>
          </gpxtpx:TrackPointExtension>
        </extensions>
      </trkpt>
      <trkpt lat="42.68965" lon="-0.031591">
        <ele>2741.932634736374</ele>
        <extensions>
          <gpxtpx:TrackPointExtension>
            <gpxtpx:Extensions>
              <highway>path</highway>
              <surface>dirt</surface>
              <sac_scale>alpine_hiking</sac_scale>
            </gpxtpx:Extensions>
          </gpxtpx:TrackPointExtension>
        </extensions>
      </trkpt>
      <trkpt lat="42.689868" lon="-0.031889">
        <ele>2741.555436308598</ele>
        <extensions>
          <gpxtpx:TrackPointExtension>
            <gpxtpx:Extensions>
              <highway>path</highway>
              <surface>dirt</surface>
              <sac_scale>alpine_hiking</sac_scale>
            </gpxtpx:Extensions>
          </gpxtpx:TrackPointExtension>
        </extensions>
      </trkpt>
      <trkpt lat="42.690232" lon="-0.032488">
        <ele>2743.398490883751</ele>
        <extensions>
          <gpxtpx:TrackPointExtension>
            <gpxtpx:Extensions>
              <highway>path</highway>
              <surface>dirt</surface>
              <sac_scale>alpine_hiking</sac_scale>
            </gpxtpx:Extensions>
          </gpxtpx:TrackPointExtension>
        </extensions>
      </trkpt>
      <trkpt lat="42.690361" lon="-0.032755">
        <ele>2747.6167667713303</ele>
        <extensions>
          <gpxtpx:TrackPointExtension>
            <gpxtpx:Extensions>
              <highway>path</highway>
              <surface>dirt</surface>
              <sac_scale>alpine_hiking</sac_scale>
            </gpxtpx:Extensions>
          </gpxtpx:TrackPointExtension>
        </extensions>
      </trkpt>
      <trkpt lat="42.690525" lon="-0.032932">
        <ele>2760.1134402989305</ele>
        <extensions>
          <gpxtpx:TrackPointExtension>
            <gpxtpx:Extensions>
              <highway>path</highway>
              <surface>dirt</surface>
              <sac_scale>alpine_hiking</sac_scale>
            </gpxtpx:Extensions>
          </gpxtpx:TrackPointExtension>
        </extensions>
      </trkpt>
      <trkpt lat="42.690648" lon="-0.03317">
        <ele>2771.539237179917</ele>
        <extensions>
          <gpxtpx:TrackPointExtension>
            <gpxtpx:Extensions>
              <highway>path</highway>
              <surface>dirt</surface>
              <sac_scale>alpine_hiking</sac_scale>
            </gpxtpx:Extensions>
          </gpxtpx:TrackPointExtension>
        </extensions>
      </trkpt>
      <trkpt lat="42.690788" lon="-0.033286">
        <ele>2793.9526475256766</ele>
        <extensions>
          <gpxtpx:TrackPointExtension>
            <gpxtpx:Extensions>
              <highway>path</highway>
              <surface>dirt</surface>
              <sac_scale>alpine_hiking</sac_scale>
            </gpxtpx:Extensions>
          </gpxtpx:TrackPointExtension>
        </extensions>
      </trkpt>
      <trkpt lat="42.690873" lon="-0.033435">
        <ele>2803.2835607274155</ele>
        <extensions>
          <gpxtpx:TrackPointExtension>
            <gpxtpx:Extensions>
              <highway>path</highway>
              <surface>dirt</surface>
              <sac_scale>alpine_hiking</sac_scale>
            </gpxtpx:Extensions>
          </gpxtpx:TrackPointExtension>
        </extensions>
      </trkpt>
      <trkpt lat="42.690903" lon="-0.033521">
        <ele>2801.305962875439</ele>
        <extensions>
          <gpxtpx:TrackPointExtension>
            <gpxtpx:Extensions>
              <highway>path</highway>
              <surface>dirt</surface>
              <sac_scale>alpine_hiking</sac_scale>
            </gpxtpx:Extensions>
          </gpxtpx:TrackPointExtension>
        </extensions>
      </trkpt>
      <trkpt lat="42.690916" lon="-0.033662">
        <ele>2796.0671401025884</ele>
        <extensions>
          <gpxtpx:TrackPointExtension>
            <gpxtpx:Extensions>
              <highway>path</highway>
              <surface>dirt</surface>
              <sac_scale>alpine_hiking</sac_scale>
            </gpxtpx:Extensions>
          </gpxtpx:TrackPointExtension>
        </extensions>
      </trkpt>
      <trkpt lat="42.691013" lon="-0.03378">
        <ele>2806.077472826366</ele>
        <extensions>
          <gpxtpx:TrackPointExtension>
            <gpxtpx:Extensions>
              <highway>path</highway>
              <surface>dirt</surface>
              <sac_scale>alpine_hiking</sac_scale>
            </gpxtpx:Extensions>
          </gpxtpx:TrackPointExtension>
        </extensions>
      </trkpt>
      <trkpt lat="42.69102" lon="-0.033917">
        <ele>2799.8118559892487</ele>
        <extensions>
          <gpxtpx:TrackPointExtension>
            <gpxtpx:Extensions>
              <highway>path</highway>
              <surface>dirt</surface>
              <sac_scale>alpine_hiking</sac_scale>
            </gpxtpx:Extensions>
          </gpxtpx:TrackPointExtension>
        </extensions>
      </trkpt>
      <trkpt lat="42.691081" lon="-0.03399">
        <ele>2798.092434306674</ele>
        <extensions>
          <gpxtpx:TrackPointExtension>
            <gpxtpx:Extensions>
              <highway>path</highway>
              <sac_scale>alpine_hiking</sac_scale>
            </gpxtpx:Extensions>
          </gpxtpx:TrackPointExtension>
        </extensions>
      </trkpt>
      <trkpt lat="42.691148" lon="-0.034052">
        <ele>2797.847487002241</ele>
        <extensions>
          <gpxtpx:TrackPointExtension>
            <gpxtpx:Extensions>
              <highway>path</highway>
              <sac_scale>alpine_hiking</sac_scale>
            </gpxtpx:Extensions>
          </gpxtpx:TrackPointExtension>
        </extensions>
      </trkpt>
      <trkpt lat="42.691151" lon="-0.033971">
        <ele>2797.1136527296703</ele>
        <extensions>
          <gpxtpx:TrackPointExtension>
            <gpxtpx:Extensions>
              <highway>path</highway>
              <sac_scale>alpine_hiking</sac_scale>
            </gpxtpx:Extensions>
          </gpxtpx:TrackPointExtension>
        </extensions>
      </trkpt>
      <trkpt lat="42.691072" lon="-0.033989">
        <ele>2798.105238606364</ele>
        <extensions>
          <gpxtpx:TrackPointExtension>
            <gpxtpx:Extensions>
              <highway>path</highway>
              <surface>gravel</surface>
              <sac_scale>alpine_hiking</sac_scale>
            </gpxtpx:Extensions>
          </gpxtpx:TrackPointExtension>
        </extensions>
      </trkpt>
      <trkpt lat="42.691081" lon="-0.03399">
        <ele>2798.092434306674</ele>
        <extensions>
          <gpxtpx:TrackPointExtension>
            <gpxtpx:Extensions>
              <highway>path</highway>
              <surface>dirt</surface>
              <sac_scale>alpine_hiking</sac_scale>
            </gpxtpx:Extensions>
          </gpxtpx:TrackPointExtension>
        </extensions>
      </trkpt>
      <trkpt lat="42.691001" lon="-0.034122">
        <ele>2798.0068756231367</ele>
        <extensions>
          <gpxtpx:TrackPointExtension>
            <gpxtpx:Extensions>
              <highway>path</highway>
              <surface>dirt</surface>
              <sac_scale>alpine_hiking</sac_scale>
            </gpxtpx:Extensions>
          </gpxtpx:TrackPointExtension>
        </extensions>
      </trkpt>
      <trkpt lat="42.691019" lon="-0.034217">
        <ele>2800.118958427093</ele>
        <extensions>
          <gpxtpx:TrackPointExtension>
            <gpxtpx:Extensions>
              <highway>path</highway>
              <surface>dirt</surface>
              <sac_scale>alpine_hiking</sac_scale>
            </gpxtpx:Extensions>
          </gpxtpx:TrackPointExtension>
        </extensions>
      </trkpt>
      <trkpt lat="42.690981" lon="-0.034311">
        <ele>2798.7024299448167</ele>
        <extensions>
          <gpxtpx:TrackPointExtension>
            <gpxtpx:Extensions>
              <highway>path</highway>
              <surface>dirt</surface>
              <sac_scale>alpine_hiking</sac_scale>
            </gpxtpx:Extensions>
          </gpxtpx:TrackPointExtension>
        </extensions>
      </trkpt>
      <trkpt lat="42.690879" lon="-0.034355">
        <ele>2791.504920051832</ele>
        <extensions>
          <gpxtpx:TrackPointExtension>
            <gpxtpx:Extensions>
              <highway>path</highway>
              <surface>dirt</surface>
              <sac_scale>alpine_hiking</sac_scale>
            </gpxtpx:Extensions>
          </gpxtpx:TrackPointExtension>
        </extensions>
      </trkpt>
      <trkpt lat="42.690876" lon="-0.034391">
        <ele>2791.6413069400237</ele>
        <extensions>
          <gpxtpx:TrackPointExtension>
            <gpxtpx:Extensions>
              <highway>path</highway>
              <surface>dirt</surface>
              <sac_scale>alpine_hiking</sac_scale>
            </gpxtpx:Extensions>
          </gpxtpx:TrackPointExtension>
        </extensions>
      </trkpt>
      <trkpt lat="42.690905" lon="-0.03449">
        <ele>2795.3940133182873</ele>
        <extensions>
          <gpxtpx:TrackPointExtension>
            <gpxtpx:Extensions>
              <highway>path</highway>
              <surface>dirt</surface>
              <sac_scale>alpine_hiking</sac_scale>
            </gpxtpx:Extensions>
          </gpxtpx:TrackPointExtension>
        </extensions>
      </trkpt>
      <trkpt lat="42.690886" lon="-0.034839">
        <ele>2797.552951405332</ele>
        <extensions>
          <gpxtpx:TrackPointExtension>
            <gpxtpx:Extensions>
              <highway>path</highway>
              <surface>dirt</surface>
              <sac_scale>demanding_mountain_hiking</sac_scale>
            </gpxtpx:Extensions>
          </gpxtpx:TrackPointExtension>
        </extensions>
      </trkpt>
      <trkpt lat="42.690744" lon="-0.03485">
        <ele>2785.4688719077103</ele>
        <extensions>
          <gpxtpx:TrackPointExtension>
            <gpxtpx:Extensions>
              <highway>path</highway>
              <surface>dirt</surface>
              <sac_scale>demanding_mountain_hiking</sac_scale>
            </gpxtpx:Extensions>
          </gpxtpx:TrackPointExtension>
        </extensions>
      </trkpt>
      <trkpt lat="42.690646" lon="-0.035002">
        <ele>2779.9257498425186</ele>
        <extensions>
          <gpxtpx:TrackPointExtension>
            <gpxtpx:Extensions>
              <highway>path</highway>
              <surface>dirt</surface>
              <sac_scale>demanding_mountain_hiking</sac_scale>
            </gpxtpx:Extensions>
          </gpxtpx:TrackPointExtension>
        </extensions>
      </trkpt>
      <trkpt lat="42.690454" lon="-0.035188">
        <ele>2769.383431131579</ele>
        <extensions>
          <gpxtpx:TrackPointExtension>
            <gpxtpx:Extensions>
              <highway>path</highway>
              <surface>dirt</surface>
              <sac_scale>demanding_mountain_hiking</sac_scale>
            </gpxtpx:Extensions>
          </gpxtpx:TrackPointExtension>
        </extensions>
      </trkpt>
      <trkpt lat="42.690352" lon="-0.035349">
        <ele>2764.863051875496</ele>
        <extensions>
          <gpxtpx:TrackPointExtension>
            <gpxtpx:Extensions>
              <highway>path</highway>
              <surface>dirt</surface>
              <sac_scale>demanding_mountain_hiking</sac_scale>
            </gpxtpx:Extensions>
          </gpxtpx:TrackPointExtension>
        </extensions>
      </trkpt>
      <trkpt lat="42.690316" lon="-0.035486">
        <ele>2764.0753225242115</ele>
        <extensions>
          <gpxtpx:TrackPointExtension>
            <gpxtpx:Extensions>
              <highway>path</highway>
              <surface>dirt</surface>
              <sac_scale>demanding_mountain_hiking</sac_scale>
            </gpxtpx:Extensions>
          </gpxtpx:TrackPointExtension>
        </extensions>
      </trkpt>
      <trkpt lat="42.690273" lon="-0.035552">
        <ele>2762.055398377349</ele>
        <extensions>
          <gpxtpx:TrackPointExtension>
            <gpxtpx:Extensions>
              <highway>path</highway>
              <surface>dirt</surface>
              <sac_scale>demanding_mountain_hiking</sac_scale>
            </gpxtpx:Extensions>
          </gpxtpx:TrackPointExtension>
        </extensions>
      </trkpt>
      <trkpt lat="42.69014" lon="-0.035702">
        <ele>2754.8194917968804</ele>
        <extensions>
          <gpxtpx:TrackPointExtension>
            <gpxtpx:Extensions>
              <highway>path</highway>
              <surface>dirt</surface>
              <sac_scale>demanding_mountain_hiking</sac_scale>
            </gpxtpx:Extensions>
          </gpxtpx:TrackPointExtension>
        </extensions>
      </trkpt>
      <trkpt lat="42.689983" lon="-0.035907">
        <ele>2747.271496823839</ele>
        <extensions>
          <gpxtpx:TrackPointExtension>
            <gpxtpx:Extensions>
              <highway>path</highway>
              <surface>dirt</surface>
              <sac_scale>demanding_mountain_hiking</sac_scale>
            </gpxtpx:Extensions>
          </gpxtpx:TrackPointExtension>
        </extensions>
      </trkpt>
      <trkpt lat="42.68987" lon="-0.035826">
        <ele>2739.4726915543415</ele>
        <extensions>
          <gpxtpx:TrackPointExtension>
            <gpxtpx:Extensions>
              <highway>path</highway>
              <surface>dirt</surface>
              <sac_scale>demanding_mountain_hiking</sac_scale>
            </gpxtpx:Extensions>
          </gpxtpx:TrackPointExtension>
        </extensions>
      </trkpt>
      <trkpt lat="42.689762" lon="-0.03581">
        <ele>2733.5256773933074</ele>
        <extensions>
          <gpxtpx:TrackPointExtension>
            <gpxtpx:Extensions>
              <highway>path</highway>
              <surface>dirt</surface>
              <sac_scale>demanding_mountain_hiking</sac_scale>
            </gpxtpx:Extensions>
          </gpxtpx:TrackPointExtension>
        </extensions>
      </trkpt>
      <trkpt lat="42.689598" lon="-0.035716">
        <ele>2725.7283349167346</ele>
        <extensions>
          <gpxtpx:TrackPointExtension>
            <gpxtpx:Extensions>
              <highway>path</highway>
              <surface>dirt</surface>
              <sac_scale>demanding_mountain_hiking</sac_scale>
            </gpxtpx:Extensions>
          </gpxtpx:TrackPointExtension>
        </extensions>
      </trkpt>
      <trkpt lat="42.689478" lon="-0.035735">
        <ele>2721.712979691105</ele>
        <extensions>
          <gpxtpx:TrackPointExtension>
            <gpxtpx:Extensions>
              <highway>path</highway>
              <surface>dirt</surface>
              <sac_scale>demanding_mountain_hiking</sac_scale>
            </gpxtpx:Extensions>
          </gpxtpx:TrackPointExtension>
        </extensions>
      </trkpt>
      <trkpt lat="42.689372" lon="-0.035628">
        <ele>2716.528172331055</ele>
        <extensions>
          <gpxtpx:TrackPointExtension>
            <gpxtpx:Extensions>
              <highway>path</highway>
              <surface>dirt</surface>
              <sac_scale>demanding_mountain_hiking</sac_scale>
            </gpxtpx:Extensions>
          </gpxtpx:TrackPointExtension>
        </extensions>
      </trkpt>
      <trkpt lat="42.689238" lon="-0.03563">
        <ele>2716.3787582204513</ele>
        <extensions>
          <gpxtpx:TrackPointExtension>
            <gpxtpx:Extensions>
              <highway>path</highway>
              <surface>dirt</surface>
              <sac_scale>demanding_mountain_hiking</sac_scale>
            </gpxtpx:Extensions>
          </gpxtpx:TrackPointExtension>
        </extensions>
      </trkpt>
      <trkpt lat="42.6891" lon="-0.035153">
        <ele>2709.6624035769087</ele>
        <extensions>
          <gpxtpx:TrackPointExtension>
            <gpxtpx:Extensions>
              <highway>path</highway>
              <surface>dirt</surface>
              <sac_scale>demanding_mountain_hiking</sac_scale>
            </gpxtpx:Extensions>
          </gpxtpx:TrackPointExtension>
        </extensions>
      </trkpt>
      <trkpt lat="42.689013" lon="-0.035056">
        <ele>2708.157107830749</ele>
        <extensions>
          <gpxtpx:TrackPointExtension>
            <gpxtpx:Extensions>
              <highway>path</highway>
              <surface>dirt</surface>
              <sac_scale>demanding_mountain_hiking</sac_scale>
            </gpxtpx:Extensions>
          </gpxtpx:TrackPointExtension>
        </extensions>
      </trkpt>
      <trkpt lat="42.689009" lon="-0.034922">
        <ele>2704.0799604289055</ele>
        <extensions>
          <gpxtpx:TrackPointExtension>
            <gpxtpx:Extensions>
              <highway>path</highway>
              <surface>dirt</surface>
              <sac_scale>demanding_mountain_hiking</sac_scale>
            </gpxtpx:Extensions>
          </gpxtpx:TrackPointExtension>
        </extensions>
      </trkpt>
      <trkpt lat="42.688879" lon="-0.03473">
        <ele>2696.407122515846</ele>
        <extensions>
          <gpxtpx:TrackPointExtension>
            <gpxtpx:Extensions>
              <highway>path</highway>
              <surface>dirt</surface>
              <sac_scale>demanding_mountain_hiking</sac_scale>
            </gpxtpx:Extensions>
          </gpxtpx:TrackPointExtension>
        </extensions>
      </trkpt>
      <trkpt lat="42.688642" lon="-0.034574">
        <ele>2684.7524508240804</ele>
        <extensions>
          <gpxtpx:TrackPointExtension>
            <gpxtpx:Extensions>
              <highway>path</highway>
              <surface>dirt</surface>
              <sac_scale>demanding_mountain_hiking</sac_scale>
            </gpxtpx:Extensions>
          </gpxtpx:TrackPointExtension>
        </extensions>
      </trkpt>
      <trkpt lat="42.688433" lon="-0.034515">
        <ele>2679.077426595177</ele>
        <extensions>
          <gpxtpx:TrackPointExtension>
            <gpxtpx:Extensions>
              <highway>path</highway>
              <surface>dirt</surface>
              <sac_scale>demanding_mountain_hiking</sac_scale>
            </gpxtpx:Extensions>
          </gpxtpx:TrackPointExtension>
        </extensions>
      </trkpt>
      <trkpt lat="42.688252" lon="-0.034348">
        <ele>2672.773167577674</ele>
        <extensions>
          <gpxtpx:TrackPointExtension>
            <gpxtpx:Extensions>
              <highway>path</highway>
              <surface>dirt</surface>
              <sac_scale>demanding_mountain_hiking</sac_scale>
            </gpxtpx:Extensions>
          </gpxtpx:TrackPointExtension>
        </extensions>
      </trkpt>
      <trkpt lat="42.687932" lon="-0.034381">
        <ele>2659.083029259405</ele>
        <extensions>
          <gpxtpx:TrackPointExtension>
            <gpxtpx:Extensions>
              <highway>path</highway>
              <surface>dirt</surface>
              <sac_scale>demanding_mountain_hiking</sac_scale>
            </gpxtpx:Extensions>
          </gpxtpx:TrackPointExtension>
        </extensions>
      </trkpt>
      <trkpt lat="42.687842" lon="-0.034284">
        <ele>2653.0656684943015</ele>
        <extensions>
          <gpxtpx:TrackPointExtension>
            <gpxtpx:Extensions>
              <highway>path</highway>
              <surface>dirt</surface>
              <sac_scale>demanding_mountain_hiking</sac_scale>
            </gpxtpx:Extensions>
          </gpxtpx:TrackPointExtension>
        </extensions>
      </trkpt>
      <trkpt lat="42.687716" lon="-0.034295">
        <ele>2648.582711778844</ele>
        <extensions>
          <gpxtpx:TrackPointExtension>
            <gpxtpx:Extensions>
              <highway>path</highway>
              <surface>dirt</surface>
              <sac_scale>demanding_mountain_hiking</sac_scale>
            </gpxtpx:Extensions>
          </gpxtpx:TrackPointExtension>
        </extensions>
      </trkpt>
      <trkpt lat="42.687231" lon="-0.034085">
        <ele>2640.6148113110094</ele>
        <extensions>
          <gpxtpx:TrackPointExtension>
            <gpxtpx:Extensions>
              <highway>path</highway>
              <surface>dirt</surface>
              <sac_scale>demanding_mountain_hiking</sac_scale>
            </gpxtpx:Extensions>
          </gpxtpx:TrackPointExtension>
        </extensions>
      </trkpt>
      <trkpt lat="42.687096" lon="-0.034048">
        <ele>2637.434984547025</ele>
        <extensions>
          <gpxtpx:TrackPointExtension>
            <gpxtpx:Extensions>
              <highway>path</highway>
              <surface>dirt</surface>
              <sac_scale>demanding_mountain_hiking</sac_scale>
            </gpxtpx:Extensions>
          </gpxtpx:TrackPointExtension>
        </extensions>
      </trkpt>
      <trkpt lat="42.686966" lon="-0.03393">
        <ele>2631.854118471317</ele>
        <extensions>
          <gpxtpx:TrackPointExtension>
            <gpxtpx:Extensions>
              <highway>path</highway>
              <surface>dirt</surface>
              <sac_scale>demanding_mountain_hiking</sac_scale>
            </gpxtpx:Extensions>
          </gpxtpx:TrackPointExtension>
        </extensions>
      </trkpt>
      <trkpt lat="42.686651" lon="-0.034069">
        <ele>2620.5103321944985</ele>
        <extensions>
          <gpxtpx:TrackPointExtension>
            <gpxtpx:Extensions>
              <highway>path</highway>
              <surface>dirt</surface>
              <sac_scale>demanding_mountain_hiking</sac_scale>
            </gpxtpx:Extensions>
          </gpxtpx:TrackPointExtension>
        </extensions>
      </trkpt>
      <trkpt lat="42.686304" lon="-0.033715">
        <ele>2609.592597369759</ele>
        <extensions>
          <gpxtpx:TrackPointExtension>
            <gpxtpx:Extensions>
              <highway>path</highway>
              <surface>dirt</surface>
              <sac_scale>demanding_mountain_hiking</sac_scale>
            </gpxtpx:Extensions>
          </gpxtpx:TrackPointExtension>
        </extensions>
      </trkpt>
      <trkpt lat="42.686004" lon="-0.03364">
        <ele>2604.169078548379</ele>
        <extensions>
          <gpxtpx:TrackPointExtension>
            <gpxtpx:Extensions>
              <highway>path</highway>
              <surface>dirt</surface>
              <sac_scale>demanding_mountain_hiking</sac_scale>
            </gpxtpx:Extensions>
          </gpxtpx:TrackPointExtension>
        </extensions>
      </trkpt>
      <trkpt lat="42.685697" lon="-0.033638">
        <ele>2600.005216076903</ele>
        <extensions>
          <gpxtpx:TrackPointExtension>
            <gpxtpx:Extensions>
              <highway>path</highway>
              <surface>dirt</surface>
              <sac_scale>demanding_mountain_hiking</sac_scale>
            </gpxtpx:Extensions>
          </gpxtpx:TrackPointExtension>
        </extensions>
      </trkpt>
      <trkpt lat="42.685363" lon="-0.033557">
        <ele>2592.2469571488336</ele>
        <extensions>
          <gpxtpx:TrackPointExtension>
            <gpxtpx:Extensions>
              <highway>path</highway>
              <surface>dirt</surface>
              <sac_scale>demanding_mountain_hiking</sac_scale>
            </gpxtpx:Extensions>
          </gpxtpx:TrackPointExtension>
        </extensions>
      </trkpt>
      <trkpt lat="42.68516" lon="-0.033646">
        <ele>2586.0260624896237</ele>
        <extensions>
          <gpxtpx:TrackPointExtension>
            <gpxtpx:Extensions>
              <highway>path</highway>
              <surface>dirt</surface>
              <sac_scale>demanding_mountain_hiking</sac_scale>
            </gpxtpx:Extensions>
          </gpxtpx:TrackPointExtension>
        </extensions>
      </trkpt>
      <trkpt lat="42.685058" lon="-0.033635">
        <ele>2582.7749774463646</ele>
        <extensions>
          <gpxtpx:TrackPointExtension>
            <gpxtpx:Extensions>
              <highway>path</highway>
              <surface>dirt</surface>
              <sac_scale>demanding_mountain_hiking</sac_scale>
            </gpxtpx:Extensions>
          </gpxtpx:TrackPointExtension>
        </extensions>
      </trkpt>
      <trkpt lat="42.684835" lon="-0.033729">
        <ele>2580.45950863658</ele>
        <extensions>
          <gpxtpx:TrackPointExtension>
            <gpxtpx:Extensions>
              <highway>path</highway>
              <surface>dirt</surface>
              <sac_scale>demanding_mountain_hiking</sac_scale>
            </gpxtpx:Extensions>
          </gpxtpx:TrackPointExtension>
        </extensions>
      </trkpt>
      <trkpt lat="42.684532" lon="-0.033731">
        <ele>2577.990919028593</ele>
        <extensions>
          <gpxtpx:TrackPointExtension>
            <gpxtpx:Extensions>
              <highway>path</highway>
              <surface>dirt</surface>
              <sac_scale>demanding_mountain_hiking</sac_scale>
            </gpxtpx:Extensions>
          </gpxtpx:TrackPointExtension>
        </extensions>
      </trkpt>
      <trkpt lat="42.68449" lon="-0.033774">
        <ele>2577.2801084428893</ele>
        <extensions>
          <gpxtpx:TrackPointExtension>
            <gpxtpx:Extensions>
              <highway>path</highway>
              <surface>dirt</surface>
              <sac_scale>demanding_mountain_hiking</sac_scale>
            </gpxtpx:Extensions>
          </gpxtpx:TrackPointExtension>
        </extensions>
      </trkpt>
      <trkpt lat="42.684347" lon="-0.034036">
        <ele>2572.4845810729194</ele>
        <extensions>
          <gpxtpx:TrackPointExtension>
            <gpxtpx:Extensions>
              <highway>path</highway>
              <surface>dirt</surface>
              <sac_scale>demanding_mountain_hiking</sac_scale>
            </gpxtpx:Extensions>
          </gpxtpx:TrackPointExtension>
        </extensions>
      </trkpt>
      <trkpt lat="42.684213" lon="-0.034024">
        <ele>2566.743222031033</ele>
        <extensions>
          <gpxtpx:TrackPointExtension>
            <gpxtpx:Extensions>
              <highway>path</highway>
              <surface>dirt</surface>
              <sac_scale>demanding_mountain_hiking</sac_scale>
            </gpxtpx:Extensions>
          </gpxtpx:TrackPointExtension>
        </extensions>
      </trkpt>
      <trkpt lat="42.684072" lon="-0.033983">
        <ele>2561.797035590284</ele>
        <extensions>
          <gpxtpx:TrackPointExtension>
            <gpxtpx:Extensions>
              <highway>path</highway>
              <surface>dirt</surface>
              <sac_scale>demanding_mountain_hiking</sac_scale>
            </gpxtpx:Extensions>
          </gpxtpx:TrackPointExtension>
        </extensions>
      </trkpt>
      <trkpt lat="42.683562" lon="-0.034099">
        <ele>2545.9684569446413</ele>
        <extensions>
          <gpxtpx:TrackPointExtension>
            <gpxtpx:Extensions>
              <highway>path</highway>
              <surface>dirt</surface>
              <sac_scale>demanding_mountain_hiking</sac_scale>
            </gpxtpx:Extensions>
          </gpxtpx:TrackPointExtension>
        </extensions>
      </trkpt>
      <trkpt lat="42.683528" lon="-0.034107">
        <ele>2544.5477155131207</ele>
        <extensions>
          <gpxtpx:TrackPointExtension>
            <gpxtpx:Extensions>
              <highway>path</highway>
              <surface>dirt</surface>
              <sac_scale>demanding_mountain_hiking</sac_scale>
            </gpxtpx:Extensions>
          </gpxtpx:TrackPointExtension>
        </extensions>
      </trkpt>
      <trkpt lat="42.683398" lon="-0.034212">
        <ele>2538.1337199671557</ele>
        <extensions>
          <gpxtpx:TrackPointExtension>
            <gpxtpx:Extensions>
              <highway>path</highway>
              <surface>dirt</surface>
              <sac_scale>demanding_mountain_hiking</sac_scale>
            </gpxtpx:Extensions>
          </gpxtpx:TrackPointExtension>
        </extensions>
      </trkpt>
      <trkpt lat="42.683229" lon="-0.034425">
        <ele>2529.325524770881</ele>
        <extensions>
          <gpxtpx:TrackPointExtension>
            <gpxtpx:Extensions>
              <highway>path</highway>
              <surface>dirt</surface>
              <sac_scale>demanding_mountain_hiking</sac_scale>
            </gpxtpx:Extensions>
          </gpxtpx:TrackPointExtension>
        </extensions>
      </trkpt>
      <trkpt lat="42.68315" lon="-0.03461">
        <ele>2523.905054875758</ele>
        <extensions>
          <gpxtpx:TrackPointExtension>
            <gpxtpx:Extensions>
              <highway>path</highway>
              <surface>dirt</surface>
              <sac_scale>demanding_mountain_hiking</sac_scale>
            </gpxtpx:Extensions>
          </gpxtpx:TrackPointExtension>
        </extensions>
      </trkpt>
      <trkpt lat="42.683009" lon="-0.034591">
        <ele>2517.6091016978644</ele>
        <extensions>
          <gpxtpx:TrackPointExtension>
            <gpxtpx:Extensions>
              <highway>path</highway>
              <surface>dirt</surface>
              <sac_scale>demanding_mountain_hiking</sac_scale>
            </gpxtpx:Extensions>
          </gpxtpx:TrackPointExtension>
        </extensions>
      </trkpt>
      <trkpt lat="42.682923" lon="-0.034716">
        <ele>2509.2580536639375</ele>
        <extensions>
          <gpxtpx:TrackPointExtension>
            <gpxtpx:Extensions>
              <highway>path</highway>
              <surface>dirt</surface>
              <sac_scale>demanding_mountain_hiking</sac_scale>
            </gpxtpx:Extensions>
          </gpxtpx:TrackPointExtension>
        </extensions>
      </trkpt>
      <trkpt lat="42.682869" lon="-0.03488">
        <ele>2505.24012405164</ele>
        <extensions>
          <gpxtpx:TrackPointExtension>
            <gpxtpx:Extensions>
              <highway>path</highway>
              <surface>dirt</surface>
              <sac_scale>demanding_mountain_hiking</sac_scale>
            </gpxtpx:Extensions>
          </gpxtpx:TrackPointExtension>
        </extensions>
      </trkpt>
      <trkpt lat="42.682801" lon="-0.034908">
        <ele>2502.497666570889</ele>
        <extensions>
          <gpxtpx:TrackPointExtension>
            <gpxtpx:Extensions>
              <highway>path</highway>
              <surface>dirt</surface>
              <sac_scale>demanding_mountain_hiking</sac_scale>
            </gpxtpx:Extensions>
          </gpxtpx:TrackPointExtension>
        </extensions>
      </trkpt>
      <trkpt lat="42.682692" lon="-0.034872">
        <ele>2498.744844224201</ele>
        <extensions>
          <gpxtpx:TrackPointExtension>
            <gpxtpx:Extensions>
              <highway>path</highway>
              <surface>dirt</surface>
              <sac_scale>demanding_mountain_hiking</sac_scale>
            </gpxtpx:Extensions>
          </gpxtpx:TrackPointExtension>
        </extensions>
      </trkpt>
      <trkpt lat="42.682635" lon="-0.034938">
        <ele>2494.627779027765</ele>
        <extensions>
          <gpxtpx:TrackPointExtension>
            <gpxtpx:Extensions>
              <highway>path</highway>
              <surface>dirt</surface>
              <sac_scale>demanding_mountain_hiking</sac_scale>
            </gpxtpx:Extensions>
          </gpxtpx:TrackPointExtension>
        </extensions>
      </trkpt>
      <trkpt lat="42.682601" lon="-0.035293">
        <ele>2482.998644503579</ele>
        <extensions>
          <gpxtpx:TrackPointExtension>
            <gpxtpx:Extensions>
              <highway>path</highway>
              <surface>dirt</surface>
              <sac_scale>demanding_mountain_hiking</sac_scale>
            </gpxtpx:Extensions>
          </gpxtpx:TrackPointExtension>
        </extensions>
      </trkpt>
      <trkpt lat="42.682468" lon="-0.035504">
        <ele>2475.056760055473</ele>
        <extensions>
          <gpxtpx:TrackPointExtension>
            <gpxtpx:Extensions>
              <highway>path</highway>
              <surface>dirt</surface>
              <sac_scale>demanding_mountain_hiking</sac_scale>
            </gpxtpx:Extensions>
          </gpxtpx:TrackPointExtension>
        </extensions>
      </trkpt>
      <trkpt lat="42.682071" lon="-0.035689">
        <ele>2464.8939840404855</ele>
        <extensions>
          <gpxtpx:TrackPointExtension>
            <gpxtpx:Extensions>
              <highway>path</highway>
              <surface>dirt</surface>
              <sac_scale>demanding_mountain_hiking</sac_scale>
            </gpxtpx:Extensions>
          </gpxtpx:TrackPointExtension>
        </extensions>
      </trkpt>
      <trkpt lat="42.68204" lon="-0.035842">
        <ele>2463.4998261777923</ele>
        <extensions>
          <gpxtpx:TrackPointExtension>
            <gpxtpx:Extensions>
              <highway>path</highway>
              <surface>dirt</surface>
              <sac_scale>demanding_mountain_hiking</sac_scale>
            </gpxtpx:Extensions>
          </gpxtpx:TrackPointExtension>
        </extensions>
      </trkpt>
      <trkpt lat="42.681995" lon="-0.036139">
        <ele>2462.03782379598</ele>
        <extensions>
          <gpxtpx:TrackPointExtension>
            <gpxtpx:Extensions>
              <highway>path</highway>
              <surface>dirt</surface>
              <sac_scale>demanding_mountain_hiking</sac_scale>
            </gpxtpx:Extensions>
          </gpxtpx:TrackPointExtension>
        </extensions>
      </trkpt>
      <trkpt lat="42.681931" lon="-0.036361">
        <ele>2459.955621218952</ele>
        <extensions>
          <gpxtpx:TrackPointExtension>
            <gpxtpx:Extensions>
              <highway>path</highway>
              <surface>dirt</surface>
              <sac_scale>demanding_mountain_hiking</sac_scale>
            </gpxtpx:Extensions>
          </gpxtpx:TrackPointExtension>
        </extensions>
      </trkpt>
      <trkpt lat="42.681841" lon="-0.036521">
        <ele>2456.8331123586977</ele>
        <extensions>
          <gpxtpx:TrackPointExtension>
            <gpxtpx:Extensions>
              <highway>path</highway>
              <surface>dirt</surface>
              <sac_scale>demanding_mountain_hiking</sac_scale>
            </gpxtpx:Extensions>
          </gpxtpx:TrackPointExtension>
        </extensions>
      </trkpt>
      <trkpt lat="42.681771" lon="-0.036591">
        <ele>2454.066806889222</ele>
        <extensions>
          <gpxtpx:TrackPointExtension>
            <gpxtpx:Extensions>
              <highway>path</highway>
              <surface>dirt</surface>
              <sac_scale>demanding_mountain_hiking</sac_scale>
            </gpxtpx:Extensions>
          </gpxtpx:TrackPointExtension>
        </extensions>
      </trkpt>
      <trkpt lat="42.681578" lon="-0.036783">
        <ele>2446.4536667713423</ele>
        <extensions>
          <gpxtpx:TrackPointExtension>
            <gpxtpx:Extensions>
              <highway>path</highway>
              <surface>dirt</surface>
              <sac_scale>demanding_mountain_hiking</sac_scale>
            </gpxtpx:Extensions>
          </gpxtpx:TrackPointExtension>
        </extensions>
      </trkpt>
      <trkpt lat="42.681487" lon="-0.036897">
        <ele>2440.5104239438665</ele>
        <extensions>
          <gpxtpx:TrackPointExtension>
            <gpxtpx:Extensions>
              <highway>path</highway>
              <surface>dirt</surface>
              <sac_scale>demanding_mountain_hiking</sac_scale>
            </gpxtpx:Extensions>
          </gpxtpx:TrackPointExtension>
        </extensions>
      </trkpt>
      <trkpt lat="42.681384" lon="-0.037072">
        <ele>2433.4110118516387</ele>
        <extensions>
          <gpxtpx:TrackPointExtension>
            <gpxtpx:Extensions>
              <highway>path</highway>
              <surface>dirt</surface>
              <sac_scale>demanding_mountain_hiking</sac_scale>
            </gpxtpx:Extensions>
          </gpxtpx:TrackPointExtension>
        </extensions>
      </trkpt>
      <trkpt lat="42.681256" lon="-0.037344">
        <ele>2424.0961999588826</ele>
        <extensions>
          <gpxtpx:TrackPointExtension>
            <gpxtpx:Extensions>
              <highway>path</highway>
              <surface>dirt</surface>
              <sac_scale>demanding_mountain_hiking</sac_scale>
            </gpxtpx:Extensions>
          </gpxtpx:TrackPointExtension>
        </extensions>
      </trkpt>
      <trkpt lat="42.681206" lon="-0.037396">
        <ele>2421.1300840187896</ele>
        <extensions>
          <gpxtpx:TrackPointExtension>
            <gpxtpx:Extensions>
              <highway>path</highway>
              <surface>dirt</surface>
              <sac_scale>demanding_mountain_hiking</sac_scale>
            </gpxtpx:Extensions>
          </gpxtpx:TrackPointExtension>
        </extensions>
      </trkpt>
      <trkpt lat="42.681143" lon="-0.037487">
        <ele>2418.5850295113664</ele>
        <extensions>
          <gpxtpx:TrackPointExtension>
            <gpxtpx:Extensions>
              <highway>path</highway>
              <surface>dirt</surface>
              <sac_scale>demanding_mountain_hiking</sac_scale>
            </gpxtpx:Extensions>
          </gpxtpx:TrackPointExtension>
        </extensions>
      </trkpt>
      <trkpt lat="42.681063" lon="-0.037645">
        <ele>2416.244359887026</ele>
        <extensions>
          <gpxtpx:TrackPointExtension>
            <gpxtpx:Extensions>
              <highway>path</highway>
              <surface>dirt</surface>
              <sac_scale>demanding_mountain_hiking</sac_scale>
            </gpxtpx:Extensions>
          </gpxtpx:TrackPointExtension>
        </extensions>
      </trkpt>
      <trkpt lat="42.680906" lon="-0.037897">
        <ele>2413.387188887644</ele>
        <extensions>
          <gpxtpx:TrackPointExtension>
            <gpxtpx:Extensions>
              <highway>path</highway>
              <surface>dirt</surface>
              <sac_scale>demanding_mountain_hiking</sac_scale>
            </gpxtpx:Extensions>
          </gpxtpx:TrackPointExtension>
        </extensions>
      </trkpt>
      <trkpt lat="42.680639" lon="-0.038259">
        <ele>2413.2135941695738</ele>
        <extensions>
          <gpxtpx:TrackPointExtension>
            <gpxtpx:Extensions>
              <highway>path</highway>
              <sac_scale>mountain_hiking</sac_scale>
            </gpxtpx:Extensions>
          </gpxtpx:TrackPointExtension>
        </extensions>
      </trkpt>
      <trkpt lat="42.680358" lon="-0.038574">
        <ele>2410.5220230381206</ele>
        <extensions>
          <gpxtpx:TrackPointExtension>
            <gpxtpx:Extensions>
              <highway>path</highway>
              <sac_scale>mountain_hiking</sac_scale>
            </gpxtpx:Extensions>
          </gpxtpx:TrackPointExtension>
        </extensions>
      </trkpt>
      <trkpt lat="42.680263" lon="-0.03861">
        <ele>2409.400287050487</ele>
        <extensions>
          <gpxtpx:TrackPointExtension>
            <gpxtpx:Extensions>
              <highway>path</highway>
              <sac_scale>mountain_hiking</sac_scale>
            </gpxtpx:Extensions>
          </gpxtpx:TrackPointExtension>
        </extensions>
      </trkpt>
      <trkpt lat="42.680144" lon="-0.038687">
        <ele>2408.0068950943214</ele>
        <extensions>
          <gpxtpx:TrackPointExtension>
            <gpxtpx:Extensions>
              <highway>path</highway>
              <sac_scale>mountain_hiking</sac_scale>
            </gpxtpx:Extensions>
          </gpxtpx:TrackPointExtension>
        </extensions>
      </trkpt>
      <trkpt lat="42.680072" lon="-0.038775">
        <ele>2407.4527614195376</ele>
        <extensions>
          <gpxtpx:TrackPointExtension>
            <gpxtpx:Extensions>
              <highway>path</highway>
              <sac_scale>mountain_hiking</sac_scale>
            </gpxtpx:Extensions>
          </gpxtpx:TrackPointExtension>
        </extensions>
      </trkpt>
      <trkpt lat="42.679895" lon="-0.038958">
        <ele>2406.98830196132</ele>
        <extensions>
          <gpxtpx:TrackPointExtension>
            <gpxtpx:Extensions>
              <highway>path</highway>
              <sac_scale>mountain_hiking</sac_scale>
            </gpxtpx:Extensions>
          </gpxtpx:TrackPointExtension>
        </extensions>
      </trkpt>
      <trkpt lat="42.679724" lon="-0.039108">
        <ele>2406.81194350974</ele>
        <extensions>
          <gpxtpx:TrackPointExtension>
            <gpxtpx:Extensions>
              <highway>path</highway>
              <sac_scale>mountain_hiking</sac_scale>
            </gpxtpx:Extensions>
          </gpxtpx:TrackPointExtension>
        </extensions>
      </trkpt>
      <trkpt lat="42.679543" lon="-0.039254">
        <ele>2406.7760520291017</ele>
        <extensions>
          <gpxtpx:TrackPointExtension>
            <gpxtpx:Extensions>
              <highway>path</highway>
              <sac_scale>mountain_hiking</sac_scale>
            </gpxtpx:Extensions>
          </gpxtpx:TrackPointExtension>
        </extensions>
      </trkpt>
      <trkpt lat="42.679069" lon="-0.039445">
        <ele>2407.2702019957446</ele>
        <extensions>
          <gpxtpx:TrackPointExtension>
            <gpxtpx:Extensions>
              <highway>path</highway>
              <sac_scale>mountain_hiking</sac_scale>
            </gpxtpx:Extensions>
          </gpxtpx:TrackPointExtension>
        </extensions>
      </trkpt>
      <trkpt lat="42.678895" lon="-0.039584">
        <ele>2407.567122175701</ele>
        <extensions>
          <gpxtpx:TrackPointExtension>
            <gpxtpx:Extensions>
              <highway>path</highway>
              <sac_scale>mountain_hiking</sac_scale>
            </gpxtpx:Extensions>
          </gpxtpx:TrackPointExtension>
        </extensions>
      </trkpt>
      <trkpt lat="42.678786" lon="-0.039754">
        <ele>2409.4384954174584</ele>
        <extensions>
          <gpxtpx:TrackPointExtension>
            <gpxtpx:Extensions>
              <highway>path</highway>
              <surface>dirt</surface>
              <sac_scale>demanding_mountain_hiking</sac_scale>
            </gpxtpx:Extensions>
          </gpxtpx:TrackPointExtension>
        </extensions>
      </trkpt>
      <trkpt lat="42.678793" lon="-0.039789">
        <ele>2409.4589071469145</ele>
        <extensions>
          <gpxtpx:TrackPointExtension>
            <gpxtpx:Extensions>
              <highway>path</highway>
              <surface>dirt</surface>
              <sac_scale>demanding_mountain_hiking</sac_scale>
            </gpxtpx:Extensions>
          </gpxtpx:TrackPointExtension>
        </extensions>
      </trkpt>
      <trkpt lat="42.678824" lon="-0.03993">
        <ele>2409.201206750998</ele>
        <extensions>
          <gpxtpx:TrackPointExtension>
            <gpxtpx:Extensions>
              <highway>path</highway>
              <surface>dirt</surface>
              <sac_scale>demanding_mountain_hiking</sac_scale>
            </gpxtpx:Extensions>
          </gpxtpx:TrackPointExtension>
        </extensions>
      </trkpt>
      <trkpt lat="42.678837" lon="-0.040272">
        <ele>2409.6402792690874</ele>
        <extensions>
          <gpxtpx:TrackPointExtension>
            <gpxtpx:Extensions>
              <highway>path</highway>
              <surface>dirt</surface>
              <sac_scale>demanding_mountain_hiking</sac_scale>
            </gpxtpx:Extensions>
          </gpxtpx:TrackPointExtension>
        </extensions>
      </trkpt>
      <trkpt lat="42.678912" lon="-0.040616">
        <ele>2409.637910027473</ele>
        <extensions>
          <gpxtpx:TrackPointExtension>
            <gpxtpx:Extensions>
              <highway>path</highway>
              <surface>dirt</surface>
              <sac_scale>demanding_mountain_hiking</sac_scale>
            </gpxtpx:Extensions>
          </gpxtpx:TrackPointExtension>
        </extensions>
      </trkpt>
      <trkpt lat="42.678949" lon="-0.041207">
        <ele>2409.148071173381</ele>
        <extensions>
          <gpxtpx:TrackPointExtension>
            <gpxtpx:Extensions>
              <highway>path</highway>
              <surface>dirt</surface>
              <sac_scale>demanding_mountain_hiking</sac_scale>
            </gpxtpx:Extensions>
          </gpxtpx:TrackPointExtension>
        </extensions>
      </trkpt>
      <trkpt lat="42.678942" lon="-0.041527">
        <ele>2411.2125872513107</ele>
        <extensions>
          <gpxtpx:TrackPointExtension>
            <gpxtpx:Extensions>
              <highway>path</highway>
              <surface>dirt</surface>
              <sac_scale>demanding_mountain_hiking</sac_scale>
            </gpxtpx:Extensions>
          </gpxtpx:TrackPointExtension>
        </extensions>
      </trkpt>
      <trkpt lat="42.678863" lon="-0.041764">
        <ele>2411.651241136374</ele>
        <extensions>
          <gpxtpx:TrackPointExtension>
            <gpxtpx:Extensions>
              <highway>path</highway>
              <surface>dirt</surface>
              <sac_scale>demanding_mountain_hiking</sac_scale>
            </gpxtpx:Extensions>
          </gpxtpx:TrackPointExtension>
        </extensions>
      </trkpt>
      <trkpt lat="42.678808" lon="-0.041865">
        <ele>2411.8995448510177</ele>
        <extensions>
          <gpxtpx:TrackPointExtension>
            <gpxtpx:Extensions>
              <highway>path</highway>
              <surface>dirt</surface>
              <sac_scale>demanding_mountain_hiking</sac_scale>
            </gpxtpx:Extensions>
          </gpxtpx:TrackPointExtension>
        </extensions>
      </trkpt>
      <trkpt lat="42.67881" lon="-0.042037">
        <ele>2411.4662497251707</ele>
        <extensions>
          <gpxtpx:TrackPointExtension>
            <gpxtpx:Extensions>
              <highway>path</highway>
              <surface>dirt</surface>
              <sac_scale>demanding_mountain_hiking</sac_scale>
            </gpxtpx:Extensions>
          </gpxtpx:TrackPointExtension>
        </extensions>
      </trkpt>
      <trkpt lat="42.678762" lon="-0.042185">
        <ele>2412.3087614779156</ele>
        <extensions>
          <gpxtpx:TrackPointExtension>
            <gpxtpx:Extensions>
              <highway>path</highway>
              <surface>dirt</surface>
              <sac_scale>demanding_mountain_hiking</sac_scale>
            </gpxtpx:Extensions>
          </gpxtpx:TrackPointExtension>
        </extensions>
      </trkpt>
      <trkpt lat="42.678693" lon="-0.042329">
        <ele>2413.7044816336274</ele>
        <extensions>
          <gpxtpx:TrackPointExtension>
            <gpxtpx:Extensions>
              <highway>path</highway>
              <surface>dirt</surface>
              <sac_scale>demanding_mountain_hiking</sac_scale>
            </gpxtpx:Extensions>
          </gpxtpx:TrackPointExtension>
        </extensions>
      </trkpt>
      <trkpt lat="42.678548" lon="-0.042749">
        <ele>2420.347802284388</ele>
        <extensions>
          <gpxtpx:TrackPointExtension>
            <gpxtpx:Extensions>
              <highway>path</highway>
              <surface>dirt</surface>
              <sac_scale>demanding_mountain_hiking</sac_scale>
            </gpxtpx:Extensions>
          </gpxtpx:TrackPointExtension>
        </extensions>
      </trkpt>
      <trkpt lat="42.678557" lon="-0.042844">
        <ele>2420.5014289814726</ele>
        <extensions>
          <gpxtpx:TrackPointExtension>
            <gpxtpx:Extensions>
              <highway>path</highway>
              <surface>dirt</surface>
              <sac_scale>demanding_mountain_hiking</sac_scale>
            </gpxtpx:Extensions>
          </gpxtpx:TrackPointExtension>
        </extensions>
      </trkpt>
      <trkpt lat="42.678554" lon="-0.042924">
        <ele>2420.847903667456</ele>
        <extensions>
          <gpxtpx:TrackPointExtension>
            <gpxtpx:Extensions>
              <highway>path</highway>
              <surface>dirt</surface>
              <sac_scale>demanding_mountain_hiking</sac_scale>
            </gpxtpx:Extensions>
          </gpxtpx:TrackPointExtension>
        </extensions>
      </trkpt>
      <trkpt lat="42.678604" lon="-0.04336">
        <ele>2418.6050920063135</ele>
        <extensions>
          <gpxtpx:TrackPointExtension>
            <gpxtpx:Extensions>
              <highway>path</highway>
              <surface>dirt</surface>
              <sac_scale>demanding_mountain_hiking</sac_scale>
            </gpxtpx:Extensions>
          </gpxtpx:TrackPointExtension>
        </extensions>
      </trkpt>
      <trkpt lat="42.678576" lon="-0.043555">
        <ele>2414.55351918957</ele>
        <extensions>
          <gpxtpx:TrackPointExtension>
            <gpxtpx:Extensions>
              <highway>path</highway>
              <surface>dirt</surface>
              <sac_scale>demanding_mountain_hiking</sac_scale>
            </gpxtpx:Extensions>
          </gpxtpx:TrackPointExtension>
        </extensions>
      </trkpt>
      <trkpt lat="42.678541" lon="-0.043604">
        <ele>2411.6587296237076</ele>
        <extensions>
          <gpxtpx:TrackPointExtension>
            <gpxtpx:Extensions>
              <highway>path</highway>
              <surface>dirt</surface>
              <sac_scale>demanding_mountain_hiking</sac_scale>
            </gpxtpx:Extensions>
          </gpxtpx:TrackPointExtension>
        </extensions>
      </trkpt>
      <trkpt lat="42.678507" lon="-0.043606">
        <ele>2410.028375075901</ele>
        <extensions>
          <gpxtpx:TrackPointExtension>
            <gpxtpx:Extensions>
              <highway>path</highway>
              <surface>dirt</surface>
              <sac_scale>demanding_mountain_hiking</sac_scale>
            </gpxtpx:Extensions>
          </gpxtpx:TrackPointExtension>
        </extensions>
      </trkpt>
      <trkpt lat="42.678482" lon="-0.043565">
        <ele>2409.520860446456</ele>
        <extensions>
          <gpxtpx:TrackPointExtension>
            <gpxtpx:Extensions>
              <highway>path</highway>
              <surface>dirt</surface>
              <sac_scale>demanding_mountain_hiking</sac_scale>
            </gpxtpx:Extensions>
          </gpxtpx:TrackPointExtension>
        </extensions>
      </trkpt>
      <trkpt lat="42.678449" lon="-0.043541">
        <ele>2408.2473412318245</ele>
        <extensions>
          <gpxtpx:TrackPointExtension>
            <gpxtpx:Extensions>
              <highway>path</highway>
              <surface>dirt</surface>
              <sac_scale>demanding_mountain_hiking</sac_scale>
            </gpxtpx:Extensions>
          </gpxtpx:TrackPointExtension>
        </extensions>
      </trkpt>
      <trkpt lat="42.678385" lon="-0.043554">
        <ele>2405.6433372795877</ele>
        <extensions>
          <gpxtpx:TrackPointExtension>
            <gpxtpx:Extensions>
              <highway>path</highway>
              <surface>dirt</surface>
              <sac_scale>demanding_mountain_hiking</sac_scale>
            </gpxtpx:Extensions>
          </gpxtpx:TrackPointExtension>
        </extensions>
      </trkpt>
      <trkpt lat="42.678353" lon="-0.04354">
        <ele>2404.9864786570542</ele>
        <extensions>
          <gpxtpx:TrackPointExtension>
            <gpxtpx:Extensions>
              <highway>path</highway>
              <surface>dirt</surface>
              <sac_scale>demanding_mountain_hiking</sac_scale>
            </gpxtpx:Extensions>
          </gpxtpx:TrackPointExtension>
        </extensions>
      </trkpt>
      <trkpt lat="42.678322" lon="-0.043466">
        <ele>2403.1792133651506</ele>
        <extensions>
          <gpxtpx:TrackPointExtension>
            <gpxtpx:Extensions>
              <highway>path</highway>
              <surface>dirt</surface>
              <sac_scale>demanding_mountain_hiking</sac_scale>
            </gpxtpx:Extensions>
          </gpxtpx:TrackPointExtension>
        </extensions>
      </trkpt>
      <trkpt lat="42.678174" lon="-0.04321">
        <ele>2396.1374856967605</ele>
        <extensions>
          <gpxtpx:TrackPointExtension>
            <gpxtpx:Extensions>
              <highway>path</highway>
              <surface>dirt</surface>
              <sac_scale>demanding_mountain_hiking</sac_scale>
            </gpxtpx:Extensions>
          </gpxtpx:TrackPointExtension>
        </extensions>
      </trkpt>
      <trkpt lat="42.678128" lon="-0.043031">
        <ele>2392.2628618614103</ele>
        <extensions>
          <gpxtpx:TrackPointExtension>
            <gpxtpx:Extensions>
              <highway>path</highway>
              <surface>dirt</surface>
              <sac_scale>demanding_mountain_hiking</sac_scale>
            </gpxtpx:Extensions>
          </gpxtpx:TrackPointExtension>
        </extensions>
      </trkpt>
      <trkpt lat="42.678072" lon="-0.042929">
        <ele>2389.333586701907</ele>
        <extensions>
          <gpxtpx:TrackPointExtension>
            <gpxtpx:Extensions>
              <highway>path</highway>
              <surface>dirt</surface>
              <sac_scale>demanding_mountain_hiking</sac_scale>
            </gpxtpx:Extensions>
          </gpxtpx:TrackPointExtension>
        </extensions>
      </trkpt>
      <trkpt lat="42.678028" lon="-0.042784">
        <ele>2387.1698431406794</ele>
        <extensions>
          <gpxtpx:TrackPointExtension>
            <gpxtpx:Extensions>
              <highway>path</highway>
              <surface>dirt</surface>
              <sac_scale>demanding_mountain_hiking</sac_scale>
            </gpxtpx:Extensions>
          </gpxtpx:TrackPointExtension>
        </extensions>
      </trkpt>
      <trkpt lat="42.677995" lon="-0.042725">
        <ele>2386.142910283533</ele>
        <extensions>
          <gpxtpx:TrackPointExtension>
            <gpxtpx:Extensions>
              <highway>path</highway>
              <surface>dirt</surface>
              <sac_scale>demanding_mountain_hiking</sac_scale>
            </gpxtpx:Extensions>
          </gpxtpx:TrackPointExtension>
        </extensions>
      </trkpt>
      <trkpt lat="42.677934" lon="-0.042643">
        <ele>2384.426179997138</ele>
        <extensions>
          <gpxtpx:TrackPointExtension>
            <gpxtpx:Extensions>
              <highway>path</highway>
              <surface>dirt</surface>
              <sac_scale>demanding_mountain_hiking</sac_scale>
            </gpxtpx:Extensions>
          </gpxtpx:TrackPointExtension>
        </extensions>
      </trkpt>
      <trkpt lat="42.67787" lon="-0.04253">
        <ele>2380.893998953764</ele>
        <extensions>
          <gpxtpx:TrackPointExtension>
            <gpxtpx:Extensions>
              <highway>path</highway>
              <surface>dirt</surface>
              <sac_scale>demanding_mountain_hiking</sac_scale>
            </gpxtpx:Extensions>
          </gpxtpx:TrackPointExtension>
        </extensions>
      </trkpt>
      <trkpt lat="42.677853" lon="-0.042395">
        <ele>2374.392582619178</ele>
        <extensions>
          <gpxtpx:TrackPointExtension>
            <gpxtpx:Extensions>
              <highway>path</highway>
              <surface>dirt</surface>
              <sac_scale>demanding_mountain_hiking</sac_scale>
            </gpxtpx:Extensions>
          </gpxtpx:TrackPointExtension>
        </extensions>
      </trkpt>
      <trkpt lat="42.677857" lon="-0.04226">
        <ele>2368.9083733855305</ele>
        <extensions>
          <gpxtpx:TrackPointExtension>
            <gpxtpx:Extensions>
              <highway>path</highway>
              <surface>dirt</surface>
              <sac_scale>demanding_mountain_hiking</sac_scale>
            </gpxtpx:Extensions>
          </gpxtpx:TrackPointExtension>
        </extensions>
      </trkpt>
      <trkpt lat="42.677871" lon="-0.042174">
        <ele>2367.51920706018</ele>
        <extensions>
          <gpxtpx:TrackPointExtension>
            <gpxtpx:Extensions>
              <highway>path</highway>
              <surface>dirt</surface>
              <sac_scale>demanding_mountain_hiking</sac_scale>
            </gpxtpx:Extensions>
          </gpxtpx:TrackPointExtension>
        </extensions>
      </trkpt>
      <trkpt lat="42.677769" lon="-0.042061">
        <ele>2361.1871048263156</ele>
        <extensions>
          <gpxtpx:TrackPointExtension>
            <gpxtpx:Extensions>
              <highway>path</highway>
              <surface>dirt</surface>
              <sac_scale>demanding_mountain_hiking</sac_scale>
            </gpxtpx:Extensions>
          </gpxtpx:TrackPointExtension>
        </extensions>
      </trkpt>
      <trkpt lat="42.677649" lon="-0.041844">
        <ele>2357.069736120165</ele>
        <extensions>
          <gpxtpx:TrackPointExtension>
            <gpxtpx:Extensions>
              <highway>path</highway>
              <surface>dirt</surface>
              <sac_scale>demanding_mountain_hiking</sac_scale>
            </gpxtpx:Extensions>
          </gpxtpx:TrackPointExtension>
        </extensions>
      </trkpt>
      <trkpt lat="42.677313" lon="-0.041762">
        <ele>2353.21875</ele>
        <extensions>
          <gpxtpx:TrackPointExtension>
            <gpxtpx:Extensions>
              <highway>path</highway>
              <surface>dirt</surface>
              <sac_scale>demanding_mountain_hiking</sac_scale>
            </gpxtpx:Extensions>
          </gpxtpx:TrackPointExtension>
        </extensions>
      </trkpt>
      <trkpt lat="42.676861" lon="-0.041711">
        <ele>2353.21875</ele>
        <extensions>
          <gpxtpx:TrackPointExtension>
            <gpxtpx:Extensions>
              <highway>path</highway>
              <surface>dirt</surface>
              <sac_scale>demanding_mountain_hiking</sac_scale>
            </gpxtpx:Extensions>
          </gpxtpx:TrackPointExtension>
        </extensions>
      </trkpt>
      <trkpt lat="42.67677" lon="-0.0417">
        <ele>2353.21875</ele>
        <extensions>
          <gpxtpx:TrackPointExtension>
            <gpxtpx:Extensions>
              <highway>path</highway>
              <surface>dirt</surface>
              <sac_scale>demanding_mountain_hiking</sac_scale>
            </gpxtpx:Extensions>
          </gpxtpx:TrackPointExtension>
        </extensions>
      </trkpt>
      <trkpt lat="42.676277" lon="-0.041591">
        <ele>2353.21875</ele>
        <extensions>
          <gpxtpx:TrackPointExtension>
            <gpxtpx:Extensions>
              <highway>path</highway>
              <surface>dirt</surface>
              <sac_scale>demanding_mountain_hiking</sac_scale>
            </gpxtpx:Extensions>
          </gpxtpx:TrackPointExtension>
        </extensions>
      </trkpt>
      <trkpt lat="42.675388" lon="-0.041681">
        <ele>2353.21875</ele>
        <extensions>
          <gpxtpx:TrackPointExtension>
            <gpxtpx:Extensions>
              <highway>path</highway>
              <surface>dirt</surface>
              <sac_scale>demanding_mountain_hiking</sac_scale>
            </gpxtpx:Extensions>
          </gpxtpx:TrackPointExtension>
        </extensions>
      </trkpt>
      <trkpt lat="42.674419" lon="-0.041426">
        <ele>2353.21875</ele>
        <extensions>
          <gpxtpx:TrackPointExtension>
            <gpxtpx:Extensions>
              <highway>path</highway>
              <surface>dirt</surface>
              <sac_scale>demanding_mountain_hiking</sac_scale>
            </gpxtpx:Extensions>
          </gpxtpx:TrackPointExtension>
        </extensions>
      </trkpt>
      <trkpt lat="42.674389" lon="-0.041418">
        <ele>2353.21875</ele>
        <extensions>
          <gpxtpx:TrackPointExtension>
            <gpxtpx:Extensions>
              <highway>path</highway>
              <sac_scale>demanding_mountain_hiking</sac_scale>
            </gpxtpx:Extensions>
          </gpxtpx:TrackPointExtension>
        </extensions>
      </trkpt>
      <trkpt lat="42.673969" lon="-0.041583">
        <ele>2353.446587583571</ele>
        <extensions>
          <gpxtpx:TrackPointExtension>
            <gpxtpx:Extensions>
              <highway>path</highway>
              <sac_scale>demanding_mountain_hiking</sac_scale>
            </gpxtpx:Extensions>
          </gpxtpx:TrackPointExtension>
        </extensions>
      </trkpt>
      <trkpt lat="42.673695" lon="-0.041651">
        <ele>2354.031031707093</ele>
        <extensions>
          <gpxtpx:TrackPointExtension>
            <gpxtpx:Extensions>
              <highway>path</highway>
              <sac_scale>demanding_mountain_hiking</sac_scale>
            </gpxtpx:Extensions>
          </gpxtpx:TrackPointExtension>
        </extensions>
      </trkpt>
      <trkpt lat="42.673541" lon="-0.04175">
        <ele>2353.5502952016177</ele>
        <extensions>
          <gpxtpx:TrackPointExtension>
            <gpxtpx:Extensions>
              <highway>path</highway>
              <surface>dirt</surface>
              <sac_scale>demanding_mountain_hiking</sac_scale>
            </gpxtpx:Extensions>
          </gpxtpx:TrackPointExtension>
        </extensions>
      </trkpt>
      <trkpt lat="42.673541" lon="-0.042135">
        <ele>2353.3470741708884</ele>
        <extensions>
          <gpxtpx:TrackPointExtension>
            <gpxtpx:Extensions>
              <highway>path</highway>
              <surface>dirt</surface>
              <sac_scale>demanding_mountain_hiking</sac_scale>
            </gpxtpx:Extensions>
          </gpxtpx:TrackPointExtension>
        </extensions>
      </trkpt>
      <trkpt lat="42.673465" lon="-0.042342">
        <ele>2353.331418381852</ele>
        <extensions>
          <gpxtpx:TrackPointExtension>
            <gpxtpx:Extensions>
              <highway>path</highway>
              <surface>dirt</surface>
              <sac_scale>demanding_mountain_hiking</sac_scale>
            </gpxtpx:Extensions>
          </gpxtpx:TrackPointExtension>
        </extensions>
      </trkpt>
      <trkpt lat="42.67319" lon="-0.042539">
        <ele>2353.3384604451517</ele>
        <extensions>
          <gpxtpx:TrackPointExtension>
            <gpxtpx:Extensions>
              <highway>path</highway>
              <surface>dirt</surface>
              <sac_scale>mountain_hiking</sac_scale>
            </gpxtpx:Extensions>
          </gpxtpx:TrackPointExtension>
        </extensions>
      </trkpt>
      <trkpt lat="42.672857" lon="-0.042534">
        <ele>2350.4455914791056</ele>
        <extensions>
          <gpxtpx:TrackPointExtension>
            <gpxtpx:Extensions>
              <highway>path</highway>
              <surface>dirt</surface>
              <sac_scale>mountain_hiking</sac_scale>
            </gpxtpx:Extensions>
          </gpxtpx:TrackPointExtension>
        </extensions>
      </trkpt>
      <trkpt lat="42.672581" lon="-0.042457">
        <ele>2342.0354413779546</ele>
        <extensions>
          <gpxtpx:TrackPointExtension>
            <gpxtpx:Extensions>
              <highway>path</highway>
              <surface>dirt</surface>
              <sac_scale>mountain_hiking</sac_scale>
            </gpxtpx:Extensions>
          </gpxtpx:TrackPointExtension>
        </extensions>
      </trkpt>
      <trkpt lat="42.672461" lon="-0.042378">
        <ele>2340.032132111673</ele>
        <extensions>
          <gpxtpx:TrackPointExtension>
            <gpxtpx:Extensions>
              <highway>path</highway>
              <surface>dirt</surface>
              <sac_scale>mountain_hiking</sac_scale>
            </gpxtpx:Extensions>
          </gpxtpx:TrackPointExtension>
        </extensions>
      </trkpt>
      <trkpt lat="42.672232" lon="-0.042436">
        <ele>2341.4742945500893</ele>
        <extensions>
          <gpxtpx:TrackPointExtension>
            <gpxtpx:Extensions>
              <highway>path</highway>
              <surface>dirt</surface>
              <sac_scale>mountain_hiking</sac_scale>
            </gpxtpx:Extensions>
          </gpxtpx:TrackPointExtension>
        </extensions>
      </trkpt>
      <trkpt lat="42.671974" lon="-0.042295">
        <ele>2337.522676706808</ele>
        <extensions>
          <gpxtpx:TrackPointExtension>
            <gpxtpx:Extensions>
              <highway>path</highway>
              <surface>dirt</surface>
              <sac_scale>mountain_hiking</sac_scale>
            </gpxtpx:Extensions>
          </gpxtpx:TrackPointExtension>
        </extensions>
      </trkpt>
      <trkpt lat="42.671513" lon="-0.041581">
        <ele>2325.649196100695</ele>
        <extensions>
          <gpxtpx:TrackPointExtension>
            <gpxtpx:Extensions>
              <highway>path</highway>
              <surface>dirt</surface>
              <sac_scale>demanding_mountain_hiking</sac_scale>
            </gpxtpx:Extensions>
          </gpxtpx:TrackPointExtension>
        </extensions>
      </trkpt>
      <trkpt lat="42.671518" lon="-0.04156">
        <ele>2326.116268687624</ele>
        <extensions>
          <gpxtpx:TrackPointExtension>
            <gpxtpx:Extensions>
              <highway>path</highway>
              <surface>dirt</surface>
              <sac_scale>demanding_mountain_hiking</sac_scale>
            </gpxtpx:Extensions>
          </gpxtpx:TrackPointExtension>
        </extensions>
      </trkpt>
      <trkpt lat="42.671513" lon="-0.041581">
        <ele>2325.649196100695</ele>
        <extensions>
          <gpxtpx:TrackPointExtension>
            <gpxtpx:Extensions>
              <highway>path</highway>
              <surface>dirt</surface>
              <sac_scale>mountain_hiking</sac_scale>
            </gpxtpx:Extensions>
          </gpxtpx:TrackPointExtension>
        </extensions>
      </trkpt>
      <trkpt lat="42.671419" lon="-0.041607">
        <ele>2321.2993533090935</ele>
        <extensions>
          <gpxtpx:TrackPointExtension>
            <gpxtpx:Extensions>
              <highway>path</highway>
              <surface>dirt</surface>
              <sac_scale>mountain_hiking</sac_scale>
            </gpxtpx:Extensions>
          </gpxtpx:TrackPointExtension>
        </extensions>
      </trkpt>
      <trkpt lat="42.671197" lon="-0.042251">
        <ele>2309.5995635467884</ele>
        <extensions>
          <gpxtpx:TrackPointExtension>
            <gpxtpx:Extensions>
              <highway>path</highway>
              <surface>dirt</surface>
              <sac_scale>mountain_hiking</sac_scale>
            </gpxtpx:Extensions>
          </gpxtpx:TrackPointExtension>
        </extensions>
      </trkpt>
      <trkpt lat="42.671181" lon="-0.042227">
        <ele>2309.909235590671</ele>
        <extensions>
          <gpxtpx:TrackPointExtension>
            <gpxtpx:Extensions>
              <highway>path</highway>
              <surface>dirt</surface>
              <sac_scale>mountain_hiking</sac_scale>
            </gpxtpx:Extensions>
          </gpxtpx:TrackPointExtension>
        </extensions>
      </trkpt>
      <trkpt lat="42.671197" lon="-0.042251">
        <ele>2309.5995635467884</ele>
        <extensions>
          <gpxtpx:TrackPointExtension>
            <gpxtpx:Extensions>
              <highway>path</highway>
              <surface>dirt</surface>
              <sac_scale>mountain_hiking</sac_scale>
            </gpxtpx:Extensions>
          </gpxtpx:TrackPointExtension>
        </extensions>
      </trkpt>
      <trkpt lat="42.671173" lon="-0.042414">
        <ele>2306.4345829652198</ele>
        <extensions>
          <gpxtpx:TrackPointExtension>
            <gpxtpx:Extensions>
              <highway>path</highway>
              <surface>dirt</surface>
              <sac_scale>mountain_hiking</sac_scale>
            </gpxtpx:Extensions>
          </gpxtpx:TrackPointExtension>
        </extensions>
      </trkpt>
      <trkpt lat="42.671197" lon="-0.042642">
        <ele>2307.561954047234</ele>
        <extensions>
          <gpxtpx:TrackPointExtension>
            <gpxtpx:Extensions>
              <highway>path</highway>
              <surface>dirt</surface>
              <sac_scale>mountain_hiking</sac_scale>
            </gpxtpx:Extensions>
          </gpxtpx:TrackPointExtension>
        </extensions>
      </trkpt>
      <trkpt lat="42.67125" lon="-0.042905">
        <ele>2308.913987383617</ele>
        <extensions>
          <gpxtpx:TrackPointExtension>
            <gpxtpx:Extensions>
              <highway>path</highway>
              <surface>dirt</surface>
              <sac_scale>mountain_hiking</sac_scale>
            </gpxtpx:Extensions>
          </gpxtpx:TrackPointExtension>
        </extensions>
      </trkpt>
      <trkpt lat="42.671256" lon="-0.043154">
        <ele>2309.970579028281</ele>
        <extensions>
          <gpxtpx:TrackPointExtension>
            <gpxtpx:Extensions>
              <highway>path</highway>
              <surface>dirt</surface>
              <sac_scale>mountain_hiking</sac_scale>
            </gpxtpx:Extensions>
          </gpxtpx:TrackPointExtension>
        </extensions>
      </trkpt>
      <trkpt lat="42.671288" lon="-0.043404">
        <ele>2310.9799130607435</ele>
        <extensions>
          <gpxtpx:TrackPointExtension>
            <gpxtpx:Extensions>
              <highway>path</highway>
              <surface>dirt</surface>
              <sac_scale>mountain_hiking</sac_scale>
            </gpxtpx:Extensions>
          </gpxtpx:TrackPointExtension>
        </extensions>
      </trkpt>
      <trkpt lat="42.671262" lon="-0.043546">
        <ele>2311.182466302862</ele>
        <extensions>
          <gpxtpx:TrackPointExtension>
            <gpxtpx:Extensions>
              <highway>path</highway>
              <surface>dirt</surface>
              <sac_scale>mountain_hiking</sac_scale>
            </gpxtpx:Extensions>
          </gpxtpx:TrackPointExtension>
        </extensions>
      </trkpt>
      <trkpt lat="42.671312" lon="-0.043725">
        <ele>2311.400269810504</ele>
        <extensions>
          <gpxtpx:TrackPointExtension>
            <gpxtpx:Extensions>
              <highway>path</highway>
              <surface>dirt</surface>
              <sac_scale>mountain_hiking</sac_scale>
            </gpxtpx:Extensions>
          </gpxtpx:TrackPointExtension>
        </extensions>
      </trkpt>
      <trkpt lat="42.671315" lon="-0.043814">
        <ele>2311.4743424526923</ele>
        <extensions>
          <gpxtpx:TrackPointExtension>
            <gpxtpx:Extensions>
              <highway>path</highway>
              <surface>dirt</surface>
              <sac_scale>mountain_hiking</sac_scale>
            </gpxtpx:Extensions>
          </gpxtpx:TrackPointExtension>
        </extensions>
      </trkpt>
      <trkpt lat="42.6713" lon="-0.043967">
        <ele>2311.341916062687</ele>
        <extensions>
          <gpxtpx:TrackPointExtension>
            <gpxtpx:Extensions>
              <highway>path</highway>
              <surface>dirt</surface>
              <sac_scale>mountain_hiking</sac_scale>
            </gpxtpx:Extensions>
          </gpxtpx:TrackPointExtension>
        </extensions>
      </trkpt>
      <trkpt lat="42.671319" lon="-0.044144">
        <ele>2310.316947405229</ele>
        <extensions>
          <gpxtpx:TrackPointExtension>
            <gpxtpx:Extensions>
              <highway>path</highway>
              <surface>dirt</surface>
              <sac_scale>mountain_hiking</sac_scale>
            </gpxtpx:Extensions>
          </gpxtpx:TrackPointExtension>
        </extensions>
      </trkpt>
      <trkpt lat="42.671294" lon="-0.044369">
        <ele>2309.811298558696</ele>
        <extensions>
          <gpxtpx:TrackPointExtension>
            <gpxtpx:Extensions>
              <highway>path</highway>
              <surface>dirt</surface>
              <sac_scale>mountain_hiking</sac_scale>
            </gpxtpx:Extensions>
          </gpxtpx:TrackPointExtension>
        </extensions>
      </trkpt>
      <trkpt lat="42.671296" lon="-0.044549">
        <ele>2310.2558820279432</ele>
        <extensions>
          <gpxtpx:TrackPointExtension>
            <gpxtpx:Extensions>
              <highway>path</highway>
              <surface>dirt</surface>
              <sac_scale>mountain_hiking</sac_scale>
            </gpxtpx:Extensions>
          </gpxtpx:TrackPointExtension>
        </extensions>
      </trkpt>
      <trkpt lat="42.671282" lon="-0.044753">
        <ele>2311.028796039716</ele>
        <extensions>
          <gpxtpx:TrackPointExtension>
            <gpxtpx:Extensions>
              <highway>path</highway>
              <surface>dirt</surface>
              <sac_scale>mountain_hiking</sac_scale>
            </gpxtpx:Extensions>
          </gpxtpx:TrackPointExtension>
        </extensions>
      </trkpt>
      <trkpt lat="42.671304" lon="-0.044981">
        <ele>2311.144585385209</ele>
        <extensions>
          <gpxtpx:TrackPointExtension>
            <gpxtpx:Extensions>
              <highway>path</highway>
              <surface>dirt</surface>
              <sac_scale>mountain_hiking</sac_scale>
            </gpxtpx:Extensions>
          </gpxtpx:TrackPointExtension>
        </extensions>
      </trkpt>
      <trkpt lat="42.671357" lon="-0.045136">
        <ele>2312.0683264297627</ele>
        <extensions>
          <gpxtpx:TrackPointExtension>
            <gpxtpx:Extensions>
              <highway>path</highway>
              <surface>dirt</surface>
              <sac_scale>mountain_hiking</sac_scale>
            </gpxtpx:Extensions>
          </gpxtpx:TrackPointExtension>
        </extensions>
      </trkpt>
      <trkpt lat="42.671365" lon="-0.045246">
        <ele>2312.2542815649886</ele>
        <extensions>
          <gpxtpx:TrackPointExtension>
            <gpxtpx:Extensions>
              <highway>path</highway>
              <surface>dirt</surface>
              <sac_scale>mountain_hiking</sac_scale>
            </gpxtpx:Extensions>
          </gpxtpx:TrackPointExtension>
        </extensions>
      </trkpt>
      <trkpt lat="42.671452" lon="-0.045919">
        <ele>2312.9623789454863</ele>
        <extensions>
          <gpxtpx:TrackPointExtension>
            <gpxtpx:Extensions>
              <highway>path</highway>
              <surface>dirt</surface>
              <sac_scale>mountain_hiking</sac_scale>
            </gpxtpx:Extensions>
          </gpxtpx:TrackPointExtension>
        </extensions>
      </trkpt>
      <trkpt lat="42.671503" lon="-0.046048">
        <ele>2313.4479070473217</ele>
        <extensions>
          <gpxtpx:TrackPointExtension>
            <gpxtpx:Extensions>
              <highway>path</highway>
              <surface>dirt</surface>
              <sac_scale>mountain_hiking</sac_scale>
            </gpxtpx:Extensions>
          </gpxtpx:TrackPointExtension>
        </extensions>
      </trkpt>
      <trkpt lat="42.671505" lon="-0.046297">
        <ele>2314.351234991017</ele>
        <extensions>
          <gpxtpx:TrackPointExtension>
            <gpxtpx:Extensions>
              <highway>path</highway>
              <surface>dirt</surface>
              <sac_scale>mountain_hiking</sac_scale>
            </gpxtpx:Extensions>
          </gpxtpx:TrackPointExtension>
        </extensions>
      </trkpt>
      <trkpt lat="42.671527" lon="-0.046418">
        <ele>2314.6255471250565</ele>
        <extensions>
          <gpxtpx:TrackPointExtension>
            <gpxtpx:Extensions>
              <highway>path</highway>
              <surface>dirt</surface>
              <sac_scale>mountain_hiking</sac_scale>
            </gpxtpx:Extensions>
          </gpxtpx:TrackPointExtension>
        </extensions>
      </trkpt>
      <trkpt lat="42.671519" lon="-0.046588">
        <ele>2314.7059780141017</ele>
        <extensions>
          <gpxtpx:TrackPointExtension>
            <gpxtpx:Extensions>
              <highway>path</highway>
              <surface>dirt</surface>
              <sac_scale>mountain_hiking</sac_scale>
            </gpxtpx:Extensions>
          </gpxtpx:TrackPointExtension>
        </extensions>
      </trkpt>
      <trkpt lat="42.671534" lon="-0.046775">
        <ele>2315.226559124765</ele>
        <extensions>
          <gpxtpx:TrackPointExtension>
            <gpxtpx:Extensions>
              <highway>path</highway>
              <surface>dirt</surface>
              <sac_scale>mountain_hiking</sac_scale>
            </gpxtpx:Extensions>
          </gpxtpx:TrackPointExtension>
        </extensions>
      </trkpt>
      <trkpt lat="42.671523" lon="-0.046861">
        <ele>2315.72828094703</ele>
        <extensions>
          <gpxtpx:TrackPointExtension>
            <gpxtpx:Extensions>
              <highway>path</highway>
              <surface>dirt</surface>
              <sac_scale>mountain_hiking</sac_scale>
            </gpxtpx:Extensions>
          </gpxtpx:TrackPointExtension>
        </extensions>
      </trkpt>
      <trkpt lat="42.671498" lon="-0.046925">
        <ele>2316.196652907014</ele>
        <extensions>
          <gpxtpx:TrackPointExtension>
            <gpxtpx:Extensions>
              <highway>path</highway>
              <surface>dirt</surface>
              <sac_scale>mountain_hiking</sac_scale>
            </gpxtpx:Extensions>
          </gpxtpx:TrackPointExtension>
        </extensions>
      </trkpt>
      <trkpt lat="42.67145" lon="-0.046979">
        <ele>2316.6860482811544</ele>
        <extensions>
          <gpxtpx:TrackPointExtension>
            <gpxtpx:Extensions>
              <highway>path</highway>
              <surface>dirt</surface>
              <sac_scale>mountain_hiking</sac_scale>
            </gpxtpx:Extensions>
          </gpxtpx:TrackPointExtension>
        </extensions>
      </trkpt>
      <trkpt lat="42.671408" lon="-0.047046">
        <ele>2316.8541826624664</ele>
        <extensions>
          <gpxtpx:TrackPointExtension>
            <gpxtpx:Extensions>
              <highway>path</highway>
              <surface>dirt</surface>
              <sac_scale>mountain_hiking</sac_scale>
            </gpxtpx:Extensions>
          </gpxtpx:TrackPointExtension>
        </extensions>
      </trkpt>
      <trkpt lat="42.671402" lon="-0.04721">
        <ele>2316.758519143517</ele>
        <extensions>
          <gpxtpx:TrackPointExtension>
            <gpxtpx:Extensions>
              <highway>path</highway>
              <surface>dirt</surface>
              <sac_scale>mountain_hiking</sac_scale>
            </gpxtpx:Extensions>
          </gpxtpx:TrackPointExtension>
        </extensions>
      </trkpt>
      <trkpt lat="42.671386" lon="-0.047314">
        <ele>2317.0297895628464</ele>
        <extensions>
          <gpxtpx:TrackPointExtension>
            <gpxtpx:Extensions>
              <highway>path</highway>
              <surface>dirt</surface>
              <sac_scale>mountain_hiking</sac_scale>
            </gpxtpx:Extensions>
          </gpxtpx:TrackPointExtension>
        </extensions>
      </trkpt>
      <trkpt lat="42.67131" lon="-0.047529">
        <ele>2318.7615894452047</ele>
        <extensions>
          <gpxtpx:TrackPointExtension>
            <gpxtpx:Extensions>
              <highway>path</highway>
              <surface>dirt</surface>
              <sac_scale>mountain_hiking</sac_scale>
            </gpxtpx:Extensions>
          </gpxtpx:TrackPointExtension>
        </extensions>
      </trkpt>
      <trkpt lat="42.671282" lon="-0.047564">
        <ele>2319.2970192738608</ele>
        <extensions>
          <gpxtpx:TrackPointExtension>
            <gpxtpx:Extensions>
              <highway>path</highway>
              <surface>dirt</surface>
              <sac_scale>mountain_hiking</sac_scale>
            </gpxtpx:Extensions>
          </gpxtpx:TrackPointExtension>
        </extensions>
      </trkpt>
      <trkpt lat="42.671227" lon="-0.04773">
        <ele>2320.6439598424995</ele>
        <extensions>
          <gpxtpx:TrackPointExtension>
            <gpxtpx:Extensions>
              <highway>path</highway>
              <surface>dirt</surface>
              <sac_scale>mountain_hiking</sac_scale>
            </gpxtpx:Extensions>
          </gpxtpx:TrackPointExtension>
        </extensions>
      </trkpt>
      <trkpt lat="42.671148" lon="-0.048087">
        <ele>2321.845823625316</ele>
        <extensions>
          <gpxtpx:TrackPointExtension>
            <gpxtpx:Extensions>
              <highway>path</highway>
              <surface>dirt</surface>
              <sac_scale>mountain_hiking</sac_scale>
            </gpxtpx:Extensions>
          </gpxtpx:TrackPointExtension>
        </extensions>
      </trkpt>
      <trkpt lat="42.670962" lon="-0.048218">
        <ele>2324.262719258568</ele>
        <extensions>
          <gpxtpx:TrackPointExtension>
            <gpxtpx:Extensions>
              <highway>path</highway>
              <surface>dirt</surface>
              <sac_scale>mountain_hiking</sac_scale>
            </gpxtpx:Extensions>
          </gpxtpx:TrackPointExtension>
        </extensions>
      </trkpt>
      <trkpt lat="42.670704" lon="-0.048377">
        <ele>2325.5462167918254</ele>
        <extensions>
          <gpxtpx:TrackPointExtension>
            <gpxtpx:Extensions>
              <highway>path</highway>
              <surface>dirt</surface>
              <sac_scale>mountain_hiking</sac_scale>
            </gpxtpx:Extensions>
          </gpxtpx:TrackPointExtension>
        </extensions>
      </trkpt>
      <trkpt lat="42.670516" lon="-0.048337">
        <ele>2327.3144926898253</ele>
        <extensions>
          <gpxtpx:TrackPointExtension>
            <gpxtpx:Extensions>
              <highway>path</highway>
              <surface>dirt</surface>
              <sac_scale>mountain_hiking</sac_scale>
            </gpxtpx:Extensions>
          </gpxtpx:TrackPointExtension>
        </extensions>
      </trkpt>
      <trkpt lat="42.670382" lon="-0.048337">
        <ele>2328.8322009310514</ele>
        <extensions>
          <gpxtpx:TrackPointExtension>
            <gpxtpx:Extensions>
              <highway>path</highway>
              <surface>dirt</surface>
              <sac_scale>mountain_hiking</sac_scale>
            </gpxtpx:Extensions>
          </gpxtpx:TrackPointExtension>
        </extensions>
      </trkpt>
      <trkpt lat="42.670171" lon="-0.048218">
        <ele>2331.444964158125</ele>
        <extensions>
          <gpxtpx:TrackPointExtension>
            <gpxtpx:Extensions>
              <highway>path</highway>
              <surface>dirt</surface>
              <sac_scale>mountain_hiking</sac_scale>
            </gpxtpx:Extensions>
          </gpxtpx:TrackPointExtension>
        </extensions>
      </trkpt>
      <trkpt lat="42.670024" lon="-0.048226">
        <ele>2332.408433047498</ele>
        <extensions>
          <gpxtpx:TrackPointExtension>
            <gpxtpx:Extensions>
              <highway>path</highway>
              <surface>dirt</surface>
              <sac_scale>mountain_hiking</sac_scale>
            </gpxtpx:Extensions>
          </gpxtpx:TrackPointExtension>
        </extensions>
      </trkpt>
      <trkpt lat="42.669871" lon="-0.047843">
        <ele>2331.8031523449977</ele>
        <extensions>
          <gpxtpx:TrackPointExtension>
            <gpxtpx:Extensions>
              <highway>path</highway>
              <surface>dirt</surface>
              <sac_scale>mountain_hiking</sac_scale>
            </gpxtpx:Extensions>
          </gpxtpx:TrackPointExtension>
        </extensions>
      </trkpt>
      <trkpt lat="42.669789" lon="-0.04746">
        <ele>2328.8502623375075</ele>
        <extensions>
          <gpxtpx:TrackPointExtension>
            <gpxtpx:Extensions>
              <highway>path</highway>
              <surface>dirt</surface>
              <sac_scale>mountain_hiking</sac_scale>
            </gpxtpx:Extensions>
          </gpxtpx:TrackPointExtension>
        </extensions>
      </trkpt>
      <trkpt lat="42.669731" lon="-0.047253">
        <ele>2328.328284079778</ele>
        <extensions>
          <gpxtpx:TrackPointExtension>
            <gpxtpx:Extensions>
              <highway>path</highway>
              <surface>dirt</surface>
              <sac_scale>mountain_hiking</sac_scale>
            </gpxtpx:Extensions>
          </gpxtpx:TrackPointExtension>
        </extensions>
      </trkpt>
      <trkpt lat="42.669555" lon="-0.046814">
        <ele>2326.6363232455037</ele>
        <extensions>
          <gpxtpx:TrackPointExtension>
            <gpxtpx:Extensions>
              <highway>path</highway>
              <surface>dirt</surface>
              <sac_scale>mountain_hiking</sac_scale>
            </gpxtpx:Extensions>
          </gpxtpx:TrackPointExtension>
        </extensions>
      </trkpt>
      <trkpt lat="42.669461" lon="-0.046806">
        <ele>2326.7174763582943</ele>
        <extensions>
          <gpxtpx:TrackPointExtension>
            <gpxtpx:Extensions>
              <highway>path</highway>
              <surface>dirt</surface>
              <sac_scale>mountain_hiking</sac_scale>
            </gpxtpx:Extensions>
          </gpxtpx:TrackPointExtension>
        </extensions>
      </trkpt>
      <trkpt lat="42.669356" lon="-0.046854">
        <ele>2328.475266673154</ele>
        <extensions>
          <gpxtpx:TrackPointExtension>
            <gpxtpx:Extensions>
              <highway>path</highway>
              <surface>dirt</surface>
              <sac_scale>mountain_hiking</sac_scale>
            </gpxtpx:Extensions>
          </gpxtpx:TrackPointExtension>
        </extensions>
      </trkpt>
      <trkpt lat="42.669256" lon="-0.047045">
        <ele>2331.6703510576526</ele>
        <extensions>
          <gpxtpx:TrackPointExtension>
            <gpxtpx:Extensions>
              <highway>path</highway>
              <surface>dirt</surface>
              <sac_scale>mountain_hiking</sac_scale>
            </gpxtpx:Extensions>
          </gpxtpx:TrackPointExtension>
        </extensions>
      </trkpt>
      <trkpt lat="42.668992" lon="-0.047045">
        <ele>2337.1843149801052</ele>
        <extensions>
          <gpxtpx:TrackPointExtension>
            <gpxtpx:Extensions>
              <highway>path</highway>
              <surface>dirt</surface>
              <sac_scale>mountain_hiking</sac_scale>
            </gpxtpx:Extensions>
          </gpxtpx:TrackPointExtension>
        </extensions>
      </trkpt>
      <trkpt lat="42.668886" lon="-0.047029">
        <ele>2339.0380477021768</ele>
        <extensions>
          <gpxtpx:TrackPointExtension>
            <gpxtpx:Extensions>
              <highway>path</highway>
              <surface>dirt</surface>
              <sac_scale>mountain_hiking</sac_scale>
            </gpxtpx:Extensions>
          </gpxtpx:TrackPointExtension>
        </extensions>
      </trkpt>
      <trkpt lat="42.668752" lon="-0.047029">
        <ele>2341.69097444547</ele>
        <extensions>
          <gpxtpx:TrackPointExtension>
            <gpxtpx:Extensions>
              <highway>path</highway>
              <surface>dirt</surface>
              <sac_scale>mountain_hiking</sac_scale>
            </gpxtpx:Extensions>
          </gpxtpx:TrackPointExtension>
        </extensions>
      </trkpt>
      <trkpt lat="42.668652" lon="-0.047053">
        <ele>2344.7516514441227</ele>
        <extensions>
          <gpxtpx:TrackPointExtension>
            <gpxtpx:Extensions>
              <highway>path</highway>
              <surface>dirt</surface>
              <sac_scale>mountain_hiking</sac_scale>
            </gpxtpx:Extensions>
          </gpxtpx:TrackPointExtension>
        </extensions>
      </trkpt>
      <trkpt lat="42.668558" lon="-0.047093">
        <ele>2348.399380415663</ele>
        <extensions>
          <gpxtpx:TrackPointExtension>
            <gpxtpx:Extensions>
              <highway>path</highway>
              <surface>dirt</surface>
              <sac_scale>mountain_hiking</sac_scale>
            </gpxtpx:Extensions>
          </gpxtpx:TrackPointExtension>
        </extensions>
      </trkpt>
      <trkpt lat="42.66847" lon="-0.047117">
        <ele>2350.82717872105</ele>
        <extensions>
          <gpxtpx:TrackPointExtension>
            <gpxtpx:Extensions>
              <highway>path</highway>
              <surface>dirt</surface>
              <sac_scale>mountain_hiking</sac_scale>
            </gpxtpx:Extensions>
          </gpxtpx:TrackPointExtension>
        </extensions>
      </trkpt>
      <trkpt lat="42.668383" lon="-0.047191">
        <ele>2353.4687600512866</ele>
        <extensions>
          <gpxtpx:TrackPointExtension>
            <gpxtpx:Extensions>
              <highway>path</highway>
              <surface>dirt</surface>
              <sac_scale>mountain_hiking</sac_scale>
            </gpxtpx:Extensions>
          </gpxtpx:TrackPointExtension>
        </extensions>
      </trkpt>
      <trkpt lat="42.668357" lon="-0.047156">
        <ele>2353.747917433757</ele>
        <extensions>
          <gpxtpx:TrackPointExtension>
            <gpxtpx:Extensions>
              <highway>path</highway>
              <surface>dirt</surface>
              <sac_scale>mountain_hiking</sac_scale>
            </gpxtpx:Extensions>
          </gpxtpx:TrackPointExtension>
        </extensions>
      </trkpt>
      <trkpt lat="42.668229" lon="-0.047065">
        <ele>2356.0185460450202</ele>
        <extensions>
          <gpxtpx:TrackPointExtension>
            <gpxtpx:Extensions>
              <highway>path</highway>
              <surface>dirt</surface>
              <sac_scale>mountain_hiking</sac_scale>
            </gpxtpx:Extensions>
          </gpxtpx:TrackPointExtension>
        </extensions>
      </trkpt>
      <trkpt lat="42.668127" lon="-0.046912">
        <ele>2356.1339223973728</ele>
        <extensions>
          <gpxtpx:TrackPointExtension>
            <gpxtpx:Extensions>
              <highway>path</highway>
              <surface>dirt</surface>
              <sac_scale>mountain_hiking</sac_scale>
            </gpxtpx:Extensions>
          </gpxtpx:TrackPointExtension>
        </extensions>
      </trkpt>
      <trkpt lat="42.667983" lon="-0.046848">
        <ele>2356.1445515784208</ele>
        <extensions>
          <gpxtpx:TrackPointExtension>
            <gpxtpx:Extensions>
              <highway>path</highway>
              <surface>dirt</surface>
              <sac_scale>mountain_hiking</sac_scale>
            </gpxtpx:Extensions>
          </gpxtpx:TrackPointExtension>
        </extensions>
      </trkpt>
      <trkpt lat="42.667789" lon="-0.046971">
        <ele>2352.267070510501</ele>
        <extensions>
          <gpxtpx:TrackPointExtension>
            <gpxtpx:Extensions>
              <highway>path</highway>
              <surface>dirt</surface>
              <sac_scale>mountain_hiking</sac_scale>
            </gpxtpx:Extensions>
          </gpxtpx:TrackPointExtension>
        </extensions>
      </trkpt>
      <trkpt lat="42.667704" lon="-0.04692">
        <ele>2351.6248150268975</ele>
        <extensions>
          <gpxtpx:TrackPointExtension>
            <gpxtpx:Extensions>
              <highway>path</highway>
              <surface>dirt</surface>
              <sac_scale>mountain_hiking</sac_scale>
            </gpxtpx:Extensions>
          </gpxtpx:TrackPointExtension>
        </extensions>
      </trkpt>
      <trkpt lat="42.667491" lon="-0.046633">
        <ele>2349.6439850370934</ele>
        <extensions>
          <gpxtpx:TrackPointExtension>
            <gpxtpx:Extensions>
              <highway>path</highway>
              <surface>dirt</surface>
              <sac_scale>mountain_hiking</sac_scale>
            </gpxtpx:Extensions>
          </gpxtpx:TrackPointExtension>
        </extensions>
      </trkpt>
      <trkpt lat="42.667361" lon="-0.046434">
        <ele>2349.3683427226542</ele>
        <extensions>
          <gpxtpx:TrackPointExtension>
            <gpxtpx:Extensions>
              <highway>path</highway>
              <surface>dirt</surface>
              <sac_scale>mountain_hiking</sac_scale>
            </gpxtpx:Extensions>
          </gpxtpx:TrackPointExtension>
        </extensions>
      </trkpt>
      <trkpt lat="42.667273" lon="-0.046239">
        <ele>2348.2674661162328</ele>
        <extensions>
          <gpxtpx:TrackPointExtension>
            <gpxtpx:Extensions>
              <highway>path</highway>
              <surface>dirt</surface>
              <sac_scale>mountain_hiking</sac_scale>
            </gpxtpx:Extensions>
          </gpxtpx:TrackPointExtension>
        </extensions>
      </trkpt>
      <trkpt lat="42.667223" lon="-0.046064">
        <ele>2346.456459679096</ele>
        <extensions>
          <gpxtpx:TrackPointExtension>
            <gpxtpx:Extensions>
              <highway>path</highway>
              <surface>dirt</surface>
              <sac_scale>mountain_hiking</sac_scale>
            </gpxtpx:Extensions>
          </gpxtpx:TrackPointExtension>
        </extensions>
      </trkpt>
      <trkpt lat="42.667138" lon="-0.045962">
        <ele>2341.6668216945504</ele>
        <extensions>
          <gpxtpx:TrackPointExtension>
            <gpxtpx:Extensions>
              <highway>path</highway>
              <surface>dirt</surface>
              <sac_scale>mountain_hiking</sac_scale>
            </gpxtpx:Extensions>
          </gpxtpx:TrackPointExtension>
        </extensions>
      </trkpt>
      <trkpt lat="42.66704" lon="-0.04592">
        <ele>2341.1931827460166</ele>
        <extensions>
          <gpxtpx:TrackPointExtension>
            <gpxtpx:Extensions>
              <highway>path</highway>
              <surface>dirt</surface>
              <sac_scale>mountain_hiking</sac_scale>
            </gpxtpx:Extensions>
          </gpxtpx:TrackPointExtension>
        </extensions>
      </trkpt>
      <trkpt lat="42.666989" lon="-0.045871">
        <ele>2341.4849680758202</ele>
        <extensions>
          <gpxtpx:TrackPointExtension>
            <gpxtpx:Extensions>
              <highway>path</highway>
              <surface>dirt</surface>
              <sac_scale>mountain_hiking</sac_scale>
            </gpxtpx:Extensions>
          </gpxtpx:TrackPointExtension>
        </extensions>
      </trkpt>
      <trkpt lat="42.666912" lon="-0.045797">
        <ele>2341.043669359769</ele>
        <extensions>
          <gpxtpx:TrackPointExtension>
            <gpxtpx:Extensions>
              <highway>path</highway>
              <surface>dirt</surface>
              <sac_scale>alpine_hiking</sac_scale>
            </gpxtpx:Extensions>
          </gpxtpx:TrackPointExtension>
        </extensions>
      </trkpt>
      <trkpt lat="42.666702" lon="-0.045608">
        <ele>2340.582270572021</ele>
        <extensions>
          <gpxtpx:TrackPointExtension>
            <gpxtpx:Extensions>
              <highway>path</highway>
              <surface>dirt</surface>
              <sac_scale>alpine_hiking</sac_scale>
            </gpxtpx:Extensions>
          </gpxtpx:TrackPointExtension>
        </extensions>
      </trkpt>
      <trkpt lat="42.666454" lon="-0.045568">
        <ele>2343.0573280237927</ele>
        <extensions>
          <gpxtpx:TrackPointExtension>
            <gpxtpx:Extensions>
              <highway>path</highway>
              <surface>dirt</surface>
              <sac_scale>alpine_hiking</sac_scale>
            </gpxtpx:Extensions>
          </gpxtpx:TrackPointExtension>
        </extensions>
      </trkpt>
      <trkpt lat="42.666272" lon="-0.04563">
        <ele>2346.5023802030055</ele>
        <extensions>
          <gpxtpx:TrackPointExtension>
            <gpxtpx:Extensions>
              <highway>path</highway>
              <surface>dirt</surface>
              <sac_scale>alpine_hiking</sac_scale>
            </gpxtpx:Extensions>
          </gpxtpx:TrackPointExtension>
        </extensions>
      </trkpt>
      <trkpt lat="42.666195" lon="-0.045761">
        <ele>2350.335990509492</ele>
        <extensions>
          <gpxtpx:TrackPointExtension>
            <gpxtpx:Extensions>
              <highway>path</highway>
              <surface>dirt</surface>
              <sac_scale>alpine_hiking</sac_scale>
            </gpxtpx:Extensions>
          </gpxtpx:TrackPointExtension>
        </extensions>
      </trkpt>
      <trkpt lat="42.666041" lon="-0.045848">
        <ele>2354.7353529468196</ele>
        <extensions>
          <gpxtpx:TrackPointExtension>
            <gpxtpx:Extensions>
              <highway>path</highway>
              <surface>dirt</surface>
              <sac_scale>alpine_hiking</sac_scale>
            </gpxtpx:Extensions>
          </gpxtpx:TrackPointExtension>
        </extensions>
      </trkpt>
      <trkpt lat="42.665947" lon="-0.045865">
        <ele>2356.547411020057</ele>
        <extensions>
          <gpxtpx:TrackPointExtension>
            <gpxtpx:Extensions>
              <highway>path</highway>
              <surface>dirt</surface>
              <sac_scale>alpine_hiking</sac_scale>
            </gpxtpx:Extensions>
          </gpxtpx:TrackPointExtension>
        </extensions>
      </trkpt>
      <trkpt lat="42.665787" lon="-0.045885">
        <ele>2358.6563357735586</ele>
        <extensions>
          <gpxtpx:TrackPointExtension>
            <gpxtpx:Extensions>
              <highway>path</highway>
              <surface>dirt</surface>
              <sac_scale>alpine_hiking</sac_scale>
            </gpxtpx:Extensions>
          </gpxtpx:TrackPointExtension>
        </extensions>
      </trkpt>
      <trkpt lat="42.665641" lon="-0.045873">
        <ele>2358.657000121593</ele>
        <extensions>
          <gpxtpx:TrackPointExtension>
            <gpxtpx:Extensions>
              <highway>path</highway>
              <surface>dirt</surface>
              <sac_scale>alpine_hiking</sac_scale>
            </gpxtpx:Extensions>
          </gpxtpx:TrackPointExtension>
        </extensions>
      </trkpt>
      <trkpt lat="42.665585" lon="-0.045905">
        <ele>2358.7539886596337</ele>
        <extensions>
          <gpxtpx:TrackPointExtension>
            <gpxtpx:Extensions>
              <highway>path</highway>
              <surface>dirt</surface>
              <sac_scale>alpine_hiking</sac_scale>
            </gpxtpx:Extensions>
          </gpxtpx:TrackPointExtension>
        </extensions>
      </trkpt>
      <trkpt lat="42.665534" lon="-0.045858">
        <ele>2357.0513745929757</ele>
        <extensions>
          <gpxtpx:TrackPointExtension>
            <gpxtpx:Extensions>
              <highway>path</highway>
              <surface>dirt</surface>
              <sac_scale>alpine_hiking</sac_scale>
            </gpxtpx:Extensions>
          </gpxtpx:TrackPointExtension>
        </extensions>
      </trkpt>
      <trkpt lat="42.665269" lon="-0.045809">
        <ele>2360.5065683682296</ele>
        <extensions>
          <gpxtpx:TrackPointExtension>
            <gpxtpx:Extensions>
              <highway>path</highway>
              <surface>dirt</surface>
              <sac_scale>alpine_hiking</sac_scale>
            </gpxtpx:Extensions>
          </gpxtpx:TrackPointExtension>
        </extensions>
      </trkpt>
      <trkpt lat="42.665223" lon="-0.045787">
        <ele>2361.1287735133646</ele>
        <extensions>
          <gpxtpx:TrackPointExtension>
            <gpxtpx:Extensions>
              <highway>path</highway>
              <surface>dirt</surface>
              <sac_scale>alpine_hiking</sac_scale>
            </gpxtpx:Extensions>
          </gpxtpx:TrackPointExtension>
        </extensions>
      </trkpt>
      <trkpt lat="42.665183" lon="-0.045794">
        <ele>2361.8856070782117</ele>
        <extensions>
          <gpxtpx:TrackPointExtension>
            <gpxtpx:Extensions>
              <highway>path</highway>
              <surface>dirt</surface>
              <sac_scale>alpine_hiking</sac_scale>
            </gpxtpx:Extensions>
          </gpxtpx:TrackPointExtension>
        </extensions>
      </trkpt>
      <trkpt lat="42.665018" lon="-0.046018">
        <ele>2364.317247714306</ele>
        <extensions>
          <gpxtpx:TrackPointExtension>
            <gpxtpx:Extensions>
              <highway>path</highway>
              <surface>dirt</surface>
              <sac_scale>alpine_hiking</sac_scale>
            </gpxtpx:Extensions>
          </gpxtpx:TrackPointExtension>
        </extensions>
      </trkpt>
      <trkpt lat="42.664919" lon="-0.046039">
        <ele>2366.8327850081205</ele>
        <extensions>
          <gpxtpx:TrackPointExtension>
            <gpxtpx:Extensions>
              <highway>path</highway>
              <surface>dirt</surface>
              <sac_scale>alpine_hiking</sac_scale>
            </gpxtpx:Extensions>
          </gpxtpx:TrackPointExtension>
        </extensions>
      </trkpt>
      <trkpt lat="42.664768" lon="-0.046183">
        <ele>2370.18814293351</ele>
        <extensions>
          <gpxtpx:TrackPointExtension>
            <gpxtpx:Extensions>
              <highway>path</highway>
              <surface>dirt</surface>
              <sac_scale>alpine_hiking</sac_scale>
            </gpxtpx:Extensions>
          </gpxtpx:TrackPointExtension>
        </extensions>
      </trkpt>
      <trkpt lat="42.664641" lon="-0.046283">
        <ele>2373.7248660567093</ele>
        <extensions>
          <gpxtpx:TrackPointExtension>
            <gpxtpx:Extensions>
              <highway>path</highway>
              <surface>dirt</surface>
              <sac_scale>alpine_hiking</sac_scale>
            </gpxtpx:Extensions>
          </gpxtpx:TrackPointExtension>
        </extensions>
      </trkpt>
      <trkpt lat="42.664522" lon="-0.046356">
        <ele>2376.6237988659163</ele>
        <extensions>
          <gpxtpx:TrackPointExtension>
            <gpxtpx:Extensions>
              <highway>path</highway>
              <surface>dirt</surface>
              <sac_scale>alpine_hiking</sac_scale>
            </gpxtpx:Extensions>
          </gpxtpx:TrackPointExtension>
        </extensions>
      </trkpt>
      <trkpt lat="42.664426" lon="-0.046346">
        <ele>2379.470299079888</ele>
        <extensions>
          <gpxtpx:TrackPointExtension>
            <gpxtpx:Extensions>
              <highway>path</highway>
              <surface>dirt</surface>
              <sac_scale>alpine_hiking</sac_scale>
            </gpxtpx:Extensions>
          </gpxtpx:TrackPointExtension>
        </extensions>
      </trkpt>
      <trkpt lat="42.664331" lon="-0.046251">
        <ele>2380.6402868709433</ele>
        <extensions>
          <gpxtpx:TrackPointExtension>
            <gpxtpx:Extensions>
              <highway>path</highway>
              <surface>dirt</surface>
              <sac_scale>alpine_hiking</sac_scale>
            </gpxtpx:Extensions>
          </gpxtpx:TrackPointExtension>
        </extensions>
      </trkpt>
      <trkpt lat="42.664139" lon="-0.045915">
        <ele>2380.248073962273</ele>
        <extensions>
          <gpxtpx:TrackPointExtension>
            <gpxtpx:Extensions>
              <highway>path</highway>
              <surface>dirt</surface>
              <sac_scale>alpine_hiking</sac_scale>
            </gpxtpx:Extensions>
          </gpxtpx:TrackPointExtension>
        </extensions>
      </trkpt>
      <trkpt lat="42.664062" lon="-0.045882">
        <ele>2382.449574687184</ele>
        <extensions>
          <gpxtpx:TrackPointExtension>
            <gpxtpx:Extensions>
              <highway>path</highway>
              <surface>dirt</surface>
              <sac_scale>alpine_hiking</sac_scale>
            </gpxtpx:Extensions>
          </gpxtpx:TrackPointExtension>
        </extensions>
      </trkpt>
      <trkpt lat="42.663966" lon="-0.045751">
        <ele>2383.9685680550156</ele>
        <extensions>
          <gpxtpx:TrackPointExtension>
            <gpxtpx:Extensions>
              <highway>path</highway>
              <surface>dirt</surface>
              <sac_scale>alpine_hiking</sac_scale>
            </gpxtpx:Extensions>
          </gpxtpx:TrackPointExtension>
        </extensions>
      </trkpt>
      <trkpt lat="42.663933" lon="-0.045627">
        <ele>2381.0034762204177</ele>
        <extensions>
          <gpxtpx:TrackPointExtension>
            <gpxtpx:Extensions>
              <highway>path</highway>
              <surface>dirt</surface>
              <sac_scale>alpine_hiking</sac_scale>
            </gpxtpx:Extensions>
          </gpxtpx:TrackPointExtension>
        </extensions>
      </trkpt>
      <trkpt lat="42.663762" lon="-0.045411">
        <ele>2383.3807182439377</ele>
        <extensions>
          <gpxtpx:TrackPointExtension>
            <gpxtpx:Extensions>
              <highway>path</highway>
              <surface>dirt</surface>
              <sac_scale>alpine_hiking</sac_scale>
            </gpxtpx:Extensions>
          </gpxtpx:TrackPointExtension>
        </extensions>
      </trkpt>
      <trkpt lat="42.663682" lon="-0.04529">
        <ele>2383.4797702997917</ele>
        <extensions>
          <gpxtpx:TrackPointExtension>
            <gpxtpx:Extensions>
              <highway>path</highway>
              <surface>dirt</surface>
              <sac_scale>alpine_hiking</sac_scale>
            </gpxtpx:Extensions>
          </gpxtpx:TrackPointExtension>
        </extensions>
      </trkpt>
      <trkpt lat="42.663442" lon="-0.045001">
        <ele>2381.7305230163074</ele>
        <extensions>
          <gpxtpx:TrackPointExtension>
            <gpxtpx:Extensions>
              <highway>path</highway>
              <surface>dirt</surface>
              <sac_scale>alpine_hiking</sac_scale>
            </gpxtpx:Extensions>
          </gpxtpx:TrackPointExtension>
        </extensions>
      </trkpt>
      <trkpt lat="42.663356" lon="-0.044959">
        <ele>2381.5506165368374</ele>
        <extensions>
          <gpxtpx:TrackPointExtension>
            <gpxtpx:Extensions>
              <highway>path</highway>
              <surface>dirt</surface>
              <sac_scale>alpine_hiking</sac_scale>
            </gpxtpx:Extensions>
          </gpxtpx:TrackPointExtension>
        </extensions>
      </trkpt>
      <trkpt lat="42.663167" lon="-0.044907">
        <ele>2377.3783874555043</ele>
        <extensions>
          <gpxtpx:TrackPointExtension>
            <gpxtpx:Extensions>
              <highway>path</highway>
              <surface>dirt</surface>
              <sac_scale>alpine_hiking</sac_scale>
            </gpxtpx:Extensions>
          </gpxtpx:TrackPointExtension>
        </extensions>
      </trkpt>
      <trkpt lat="42.663038" lon="-0.044902">
        <ele>2379.6345869221936</ele>
        <extensions>
          <gpxtpx:TrackPointExtension>
            <gpxtpx:Extensions>
              <highway>path</highway>
              <surface>dirt</surface>
              <sac_scale>alpine_hiking</sac_scale>
            </gpxtpx:Extensions>
          </gpxtpx:TrackPointExtension>
        </extensions>
      </trkpt>
      <trkpt lat="42.662871" lon="-0.044827">
        <ele>2384.2737473678353</ele>
        <extensions>
          <gpxtpx:TrackPointExtension>
            <gpxtpx:Extensions>
              <highway>path</highway>
              <surface>dirt</surface>
              <sac_scale>alpine_hiking</sac_scale>
            </gpxtpx:Extensions>
          </gpxtpx:TrackPointExtension>
        </extensions>
      </trkpt>
      <trkpt lat="42.662742" lon="-0.044653">
        <ele>2383.9295688325014</ele>
        <extensions>
          <gpxtpx:TrackPointExtension>
            <gpxtpx:Extensions>
              <highway>path</highway>
              <surface>dirt</surface>
              <sac_scale>alpine_hiking</sac_scale>
            </gpxtpx:Extensions>
          </gpxtpx:TrackPointExtension>
        </extensions>
      </trkpt>
      <trkpt lat="42.662674" lon="-0.044594">
        <ele>2373.522908574249</ele>
        <extensions>
          <gpxtpx:TrackPointExtension>
            <gpxtpx:Extensions>
              <highway>path</highway>
              <surface>dirt</surface>
              <sac_scale>alpine_hiking</sac_scale>
            </gpxtpx:Extensions>
          </gpxtpx:TrackPointExtension>
        </extensions>
      </trkpt>
      <trkpt lat="42.6626" lon="-0.044637">
        <ele>2375.7505844704797</ele>
        <extensions>
          <gpxtpx:TrackPointExtension>
            <gpxtpx:Extensions>
              <highway>path</highway>
              <surface>dirt</surface>
              <sac_scale>alpine_hiking</sac_scale>
            </gpxtpx:Extensions>
          </gpxtpx:TrackPointExtension>
        </extensions>
      </trkpt>
      <trkpt lat="42.662462" lon="-0.044662">
        <ele>2377.6114090149736</ele>
        <extensions>
          <gpxtpx:TrackPointExtension>
            <gpxtpx:Extensions>
              <highway>path</highway>
              <surface>dirt</surface>
              <sac_scale>alpine_hiking</sac_scale>
            </gpxtpx:Extensions>
          </gpxtpx:TrackPointExtension>
        </extensions>
      </trkpt>
      <trkpt lat="42.662455" lon="-0.044663">
        <ele>2377.0561458557563</ele>
        <extensions>
          <gpxtpx:TrackPointExtension>
            <gpxtpx:Extensions>
              <highway>path</highway>
              <surface>dirt</surface>
              <sac_scale>alpine_hiking</sac_scale>
            </gpxtpx:Extensions>
          </gpxtpx:TrackPointExtension>
        </extensions>
      </trkpt>
      <trkpt lat="42.662397" lon="-0.044777">
        <ele>2375.2481058406665</ele>
        <extensions>
          <gpxtpx:TrackPointExtension>
            <gpxtpx:Extensions>
              <highway>path</highway>
              <surface>dirt</surface>
              <sac_scale>alpine_hiking</sac_scale>
            </gpxtpx:Extensions>
          </gpxtpx:TrackPointExtension>
        </extensions>
      </trkpt>
      <trkpt lat="42.662345" lon="-0.044986">
        <ele>2371.931134296299</ele>
        <extensions>
          <gpxtpx:TrackPointExtension>
            <gpxtpx:Extensions>
              <highway>path</highway>
              <surface>dirt</surface>
              <sac_scale>alpine_hiking</sac_scale>
            </gpxtpx:Extensions>
          </gpxtpx:TrackPointExtension>
        </extensions>
      </trkpt>
      <trkpt lat="42.662315" lon="-0.045071">
        <ele>2375.53784900573</ele>
        <extensions>
          <gpxtpx:TrackPointExtension>
            <gpxtpx:Extensions>
              <highway>path</highway>
              <surface>dirt</surface>
              <sac_scale>alpine_hiking</sac_scale>
            </gpxtpx:Extensions>
          </gpxtpx:TrackPointExtension>
        </extensions>
      </trkpt>
      <trkpt lat="42.66225" lon="-0.045127">
        <ele>2375.3434290054115</ele>
        <extensions>
          <gpxtpx:TrackPointExtension>
            <gpxtpx:Extensions>
              <highway>path</highway>
              <surface>dirt</surface>
              <sac_scale>alpine_hiking</sac_scale>
            </gpxtpx:Extensions>
          </gpxtpx:TrackPointExtension>
        </extensions>
      </trkpt>
      <trkpt lat="42.662116" lon="-0.045219">
        <ele>2382.8683677230374</ele>
        <extensions>
          <gpxtpx:TrackPointExtension>
            <gpxtpx:Extensions>
              <highway>path</highway>
              <surface>dirt</surface>
              <sac_scale>alpine_hiking</sac_scale>
            </gpxtpx:Extensions>
          </gpxtpx:TrackPointExtension>
        </extensions>
      </trkpt>
      <trkpt lat="42.662023" lon="-0.04522">
        <ele>2383.999023695212</ele>
        <extensions>
          <gpxtpx:TrackPointExtension>
            <gpxtpx:Extensions>
              <highway>path</highway>
              <surface>dirt</surface>
              <sac_scale>alpine_hiking</sac_scale>
            </gpxtpx:Extensions>
          </gpxtpx:TrackPointExtension>
        </extensions>
      </trkpt>
      <trkpt lat="42.661991" lon="-0.045197">
        <ele>2383.831922117318</ele>
        <extensions>
          <gpxtpx:TrackPointExtension>
            <gpxtpx:Extensions>
              <highway>path</highway>
              <surface>dirt</surface>
              <sac_scale>alpine_hiking</sac_scale>
            </gpxtpx:Extensions>
          </gpxtpx:TrackPointExtension>
        </extensions>
      </trkpt>
      <trkpt lat="42.661961" lon="-0.045223">
        <ele>2381.1756114484283</ele>
        <extensions>
          <gpxtpx:TrackPointExtension>
            <gpxtpx:Extensions>
              <highway>path</highway>
              <surface>dirt</surface>
              <sac_scale>alpine_hiking</sac_scale>
            </gpxtpx:Extensions>
          </gpxtpx:TrackPointExtension>
        </extensions>
      </trkpt>
      <trkpt lat="42.661942" lon="-0.045294">
        <ele>2381.4420492520057</ele>
        <extensions>
          <gpxtpx:TrackPointExtension>
            <gpxtpx:Extensions>
              <highway>path</highway>
              <surface>dirt</surface>
              <sac_scale>alpine_hiking</sac_scale>
            </gpxtpx:Extensions>
          </gpxtpx:TrackPointExtension>
        </extensions>
      </trkpt>
      <trkpt lat="42.661814" lon="-0.04541">
        <ele>2378.198821461993</ele>
        <extensions>
          <gpxtpx:TrackPointExtension>
            <gpxtpx:Extensions>
              <highway>path</highway>
              <surface>dirt</surface>
              <sac_scale>alpine_hiking</sac_scale>
            </gpxtpx:Extensions>
          </gpxtpx:TrackPointExtension>
        </extensions>
      </trkpt>
      <trkpt lat="42.661788" lon="-0.045535">
        <ele>2382.33690488963</ele>
        <extensions>
          <gpxtpx:TrackPointExtension>
            <gpxtpx:Extensions>
              <highway>path</highway>
              <surface>dirt</surface>
              <sac_scale>alpine_hiking</sac_scale>
            </gpxtpx:Extensions>
          </gpxtpx:TrackPointExtension>
        </extensions>
      </trkpt>
      <trkpt lat="42.661728" lon="-0.045651">
        <ele>2380.4009566120512</ele>
        <extensions>
          <gpxtpx:TrackPointExtension>
            <gpxtpx:Extensions>
              <highway>path</highway>
              <surface>dirt</surface>
              <sac_scale>alpine_hiking</sac_scale>
            </gpxtpx:Extensions>
          </gpxtpx:TrackPointExtension>
        </extensions>
      </trkpt>
      <trkpt lat="42.6615" lon="-0.045932">
        <ele>2381.029981779979</ele>
        <extensions>
          <gpxtpx:TrackPointExtension>
            <gpxtpx:Extensions>
              <highway>path</highway>
              <surface>dirt</surface>
              <sac_scale>alpine_hiking</sac_scale>
            </gpxtpx:Extensions>
          </gpxtpx:TrackPointExtension>
        </extensions>
      </trkpt>
      <trkpt lat="42.66144" lon="-0.045976">
        <ele>2370.1492232510413</ele>
        <extensions>
          <gpxtpx:TrackPointExtension>
            <gpxtpx:Extensions>
              <highway>path</highway>
              <surface>dirt</surface>
              <sac_scale>alpine_hiking</sac_scale>
            </gpxtpx:Extensions>
          </gpxtpx:TrackPointExtension>
        </extensions>
      </trkpt>
      <trkpt lat="42.661418" lon="-0.046014">
        <ele>2371.6980320729226</ele>
        <extensions>
          <gpxtpx:TrackPointExtension>
            <gpxtpx:Extensions>
              <highway>path</highway>
              <surface>dirt</surface>
              <sac_scale>alpine_hiking</sac_scale>
            </gpxtpx:Extensions>
          </gpxtpx:TrackPointExtension>
        </extensions>
      </trkpt>
      <trkpt lat="42.661348" lon="-0.046182">
        <ele>2383.715960601612</ele>
        <extensions>
          <gpxtpx:TrackPointExtension>
            <gpxtpx:Extensions>
              <highway>path</highway>
              <surface>dirt</surface>
              <sac_scale>alpine_hiking</sac_scale>
            </gpxtpx:Extensions>
          </gpxtpx:TrackPointExtension>
        </extensions>
      </trkpt>
      <trkpt lat="42.661268" lon="-0.046316">
        <ele>2377.133584099446</ele>
        <extensions>
          <gpxtpx:TrackPointExtension>
            <gpxtpx:Extensions>
              <highway>path</highway>
              <surface>dirt</surface>
              <sac_scale>alpine_hiking</sac_scale>
            </gpxtpx:Extensions>
          </gpxtpx:TrackPointExtension>
        </extensions>
      </trkpt>
      <trkpt lat="42.661241" lon="-0.046545">
        <ele>2388.961748973066</ele>
        <extensions>
          <gpxtpx:TrackPointExtension>
            <gpxtpx:Extensions>
              <highway>path</highway>
              <surface>dirt</surface>
              <sac_scale>alpine_hiking</sac_scale>
            </gpxtpx:Extensions>
          </gpxtpx:TrackPointExtension>
        </extensions>
      </trkpt>
      <trkpt lat="42.66125" lon="-0.046584">
        <ele>2389.997281567623</ele>
        <extensions>
          <gpxtpx:TrackPointExtension>
            <gpxtpx:Extensions>
              <highway>path</highway>
              <surface>dirt</surface>
              <sac_scale>alpine_hiking</sac_scale>
            </gpxtpx:Extensions>
          </gpxtpx:TrackPointExtension>
        </extensions>
      </trkpt>
      <trkpt lat="42.661297" lon="-0.046631">
        <ele>2394.395506977937</ele>
        <extensions>
          <gpxtpx:TrackPointExtension>
            <gpxtpx:Extensions>
              <highway>path</highway>
              <surface>dirt</surface>
              <sac_scale>alpine_hiking</sac_scale>
            </gpxtpx:Extensions>
          </gpxtpx:TrackPointExtension>
        </extensions>
      </trkpt>
      <trkpt lat="42.661329" lon="-0.046691">
        <ele>2396.4440140483143</ele>
        <extensions>
          <gpxtpx:TrackPointExtension>
            <gpxtpx:Extensions>
              <highway>path</highway>
              <surface>dirt</surface>
              <sac_scale>alpine_hiking</sac_scale>
            </gpxtpx:Extensions>
          </gpxtpx:TrackPointExtension>
        </extensions>
      </trkpt>
      <trkpt lat="42.661313" lon="-0.04681">
        <ele>2391.6977907614137</ele>
        <extensions>
          <gpxtpx:TrackPointExtension>
            <gpxtpx:Extensions>
              <highway>path</highway>
              <surface>dirt</surface>
              <sac_scale>alpine_hiking</sac_scale>
            </gpxtpx:Extensions>
          </gpxtpx:TrackPointExtension>
        </extensions>
      </trkpt>
      <trkpt lat="42.661246" lon="-0.046956">
        <ele>2387.9305945444603</ele>
        <extensions>
          <gpxtpx:TrackPointExtension>
            <gpxtpx:Extensions>
              <highway>path</highway>
              <surface>dirt</surface>
              <sac_scale>alpine_hiking</sac_scale>
            </gpxtpx:Extensions>
          </gpxtpx:TrackPointExtension>
        </extensions>
      </trkpt>
      <trkpt lat="42.661202" lon="-0.047008">
        <ele>2387.1258857902944</ele>
        <extensions>
          <gpxtpx:TrackPointExtension>
            <gpxtpx:Extensions>
              <highway>path</highway>
              <surface>dirt</surface>
              <sac_scale>alpine_hiking</sac_scale>
            </gpxtpx:Extensions>
          </gpxtpx:TrackPointExtension>
        </extensions>
      </trkpt>
      <trkpt lat="42.661169" lon="-0.047115">
        <ele>2389.271429413069</ele>
        <extensions>
          <gpxtpx:TrackPointExtension>
            <gpxtpx:Extensions>
              <highway>path</highway>
              <surface>dirt</surface>
              <sac_scale>alpine_hiking</sac_scale>
            </gpxtpx:Extensions>
          </gpxtpx:TrackPointExtension>
        </extensions>
      </trkpt>
      <trkpt lat="42.661022" lon="-0.047357">
        <ele>2385.4753266405396</ele>
        <extensions>
          <gpxtpx:TrackPointExtension>
            <gpxtpx:Extensions>
              <highway>path</highway>
              <surface>dirt</surface>
              <sac_scale>alpine_hiking</sac_scale>
            </gpxtpx:Extensions>
          </gpxtpx:TrackPointExtension>
        </extensions>
      </trkpt>
      <trkpt lat="42.661003" lon="-0.047408">
        <ele>2386.9908040488667</ele>
        <extensions>
          <gpxtpx:TrackPointExtension>
            <gpxtpx:Extensions>
              <highway>path</highway>
              <surface>dirt</surface>
              <sac_scale>alpine_hiking</sac_scale>
            </gpxtpx:Extensions>
          </gpxtpx:TrackPointExtension>
        </extensions>
      </trkpt>
      <trkpt lat="42.660942" lon="-0.047459">
        <ele>2386.019550608212</ele>
        <extensions>
          <gpxtpx:TrackPointExtension>
            <gpxtpx:Extensions>
              <highway>path</highway>
              <surface>dirt</surface>
              <sac_scale>alpine_hiking</sac_scale>
            </gpxtpx:Extensions>
          </gpxtpx:TrackPointExtension>
        </extensions>
      </trkpt>
      <trkpt lat="42.660888" lon="-0.047534">
        <ele>2389.957720854309</ele>
        <extensions>
          <gpxtpx:TrackPointExtension>
            <gpxtpx:Extensions>
              <highway>path</highway>
              <surface>dirt</surface>
              <sac_scale>alpine_hiking</sac_scale>
            </gpxtpx:Extensions>
          </gpxtpx:TrackPointExtension>
        </extensions>
      </trkpt>
      <trkpt lat="42.660869" lon="-0.047631">
        <ele>2392.265941552496</ele>
        <extensions>
          <gpxtpx:TrackPointExtension>
            <gpxtpx:Extensions>
              <highway>path</highway>
              <surface>dirt</surface>
              <sac_scale>alpine_hiking</sac_scale>
            </gpxtpx:Extensions>
          </gpxtpx:TrackPointExtension>
        </extensions>
      </trkpt>
      <trkpt lat="42.660775" lon="-0.047781">
        <ele>2394.980167166612</ele>
        <extensions>
          <gpxtpx:TrackPointExtension>
            <gpxtpx:Extensions>
              <highway>path</highway>
              <surface>dirt</surface>
              <sac_scale>alpine_hiking</sac_scale>
            </gpxtpx:Extensions>
          </gpxtpx:TrackPointExtension>
        </extensions>
      </trkpt>
      <trkpt lat="42.660657" lon="-0.047821">
        <ele>2401.263519663384</ele>
        <extensions>
          <gpxtpx:TrackPointExtension>
            <gpxtpx:Extensions>
              <highway>path</highway>
              <surface>dirt</surface>
              <sac_scale>alpine_hiking</sac_scale>
            </gpxtpx:Extensions>
          </gpxtpx:TrackPointExtension>
        </extensions>
      </trkpt>
      <trkpt lat="42.660494" lon="-0.047698">
        <ele>2400.033677810662</ele>
        <extensions>
          <gpxtpx:TrackPointExtension>
            <gpxtpx:Extensions>
              <highway>path</highway>
              <surface>dirt</surface>
              <sac_scale>alpine_hiking</sac_scale>
            </gpxtpx:Extensions>
          </gpxtpx:TrackPointExtension>
        </extensions>
      </trkpt>
      <trkpt lat="42.660373" lon="-0.047684">
        <ele>2399.673976725465</ele>
        <extensions>
          <gpxtpx:TrackPointExtension>
            <gpxtpx:Extensions>
              <highway>path</highway>
              <surface>dirt</surface>
              <sac_scale>alpine_hiking</sac_scale>
            </gpxtpx:Extensions>
          </gpxtpx:TrackPointExtension>
        </extensions>
      </trkpt>
      <trkpt lat="42.660112" lon="-0.047704">
        <ele>2400.284075465026</ele>
        <extensions>
          <gpxtpx:TrackPointExtension>
            <gpxtpx:Extensions>
              <highway>path</highway>
              <surface>dirt</surface>
              <sac_scale>alpine_hiking</sac_scale>
            </gpxtpx:Extensions>
          </gpxtpx:TrackPointExtension>
        </extensions>
      </trkpt>
      <trkpt lat="42.660101" lon="-0.047772">
        <ele>2401.690436315568</ele>
        <extensions>
          <gpxtpx:TrackPointExtension>
            <gpxtpx:Extensions>
              <highway>path</highway>
              <surface>dirt</surface>
              <sac_scale>alpine_hiking</sac_scale>
            </gpxtpx:Extensions>
          </gpxtpx:TrackPointExtension>
        </extensions>
      </trkpt>
      <trkpt lat="42.660113" lon="-0.047853">
        <ele>2402.059701441368</ele>
        <extensions>
          <gpxtpx:TrackPointExtension>
            <gpxtpx:Extensions>
              <highway>path</highway>
              <surface>dirt</surface>
              <sac_scale>alpine_hiking</sac_scale>
            </gpxtpx:Extensions>
          </gpxtpx:TrackPointExtension>
        </extensions>
      </trkpt>
      <trkpt lat="42.660147" lon="-0.047911">
        <ele>2402.4835037734556</ele>
        <extensions>
          <gpxtpx:TrackPointExtension>
            <gpxtpx:Extensions>
              <highway>path</highway>
              <surface>dirt</surface>
              <sac_scale>alpine_hiking</sac_scale>
            </gpxtpx:Extensions>
          </gpxtpx:TrackPointExtension>
        </extensions>
      </trkpt>
      <trkpt lat="42.660249" lon="-0.04802">
        <ele>2404.0129409927754</ele>
        <extensions>
          <gpxtpx:TrackPointExtension>
            <gpxtpx:Extensions>
              <highway>path</highway>
              <surface>dirt</surface>
              <sac_scale>alpine_hiking</sac_scale>
            </gpxtpx:Extensions>
          </gpxtpx:TrackPointExtension>
        </extensions>
      </trkpt>
      <trkpt lat="42.66031" lon="-0.048124">
        <ele>2404.0253138144776</ele>
        <extensions>
          <gpxtpx:TrackPointExtension>
            <gpxtpx:Extensions>
              <highway>path</highway>
              <surface>dirt</surface>
              <sac_scale>alpine_hiking</sac_scale>
            </gpxtpx:Extensions>
          </gpxtpx:TrackPointExtension>
        </extensions>
      </trkpt>
      <trkpt lat="42.660401" lon="-0.048296">
        <ele>2402.935239443169</ele>
        <extensions>
          <gpxtpx:TrackPointExtension>
            <gpxtpx:Extensions>
              <highway>path</highway>
              <surface>dirt</surface>
              <sac_scale>alpine_hiking</sac_scale>
            </gpxtpx:Extensions>
          </gpxtpx:TrackPointExtension>
        </extensions>
      </trkpt>
      <trkpt lat="42.660451" lon="-0.048465">
        <ele>2398.638807502374</ele>
        <extensions>
          <gpxtpx:TrackPointExtension>
            <gpxtpx:Extensions>
              <highway>path</highway>
              <surface>dirt</surface>
              <sac_scale>alpine_hiking</sac_scale>
            </gpxtpx:Extensions>
          </gpxtpx:TrackPointExtension>
        </extensions>
      </trkpt>
      <trkpt lat="42.66047" lon="-0.048597">
        <ele>2395.8627365794555</ele>
        <extensions>
          <gpxtpx:TrackPointExtension>
            <gpxtpx:Extensions>
              <highway>path</highway>
              <surface>dirt</surface>
              <sac_scale>alpine_hiking</sac_scale>
            </gpxtpx:Extensions>
          </gpxtpx:TrackPointExtension>
        </extensions>
      </trkpt>
      <trkpt lat="42.660476" lon="-0.048847">
        <ele>2394.427487163238</ele>
        <extensions>
          <gpxtpx:TrackPointExtension>
            <gpxtpx:Extensions>
              <highway>path</highway>
              <surface>dirt</surface>
              <sac_scale>alpine_hiking</sac_scale>
            </gpxtpx:Extensions>
          </gpxtpx:TrackPointExtension>
        </extensions>
      </trkpt>
      <trkpt lat="42.660427" lon="-0.049019">
        <ele>2390.4589965050554</ele>
        <extensions>
          <gpxtpx:TrackPointExtension>
            <gpxtpx:Extensions>
              <highway>path</highway>
              <surface>dirt</surface>
              <sac_scale>alpine_hiking</sac_scale>
            </gpxtpx:Extensions>
          </gpxtpx:TrackPointExtension>
        </extensions>
      </trkpt>
      <trkpt lat="42.660377" lon="-0.049259">
        <ele>2391.7356746463597</ele>
        <extensions>
          <gpxtpx:TrackPointExtension>
            <gpxtpx:Extensions>
              <highway>path</highway>
              <surface>dirt</surface>
              <sac_scale>alpine_hiking</sac_scale>
            </gpxtpx:Extensions>
          </gpxtpx:TrackPointExtension>
        </extensions>
      </trkpt>
      <trkpt lat="42.660354" lon="-0.049323">
        <ele>2391.0679603186427</ele>
        <extensions>
          <gpxtpx:TrackPointExtension>
            <gpxtpx:Extensions>
              <highway>path</highway>
              <surface>dirt</surface>
              <sac_scale>alpine_hiking</sac_scale>
            </gpxtpx:Extensions>
          </gpxtpx:TrackPointExtension>
        </extensions>
      </trkpt>
      <trkpt lat="42.660341" lon="-0.049389">
        <ele>2391.0547394355535</ele>
        <extensions>
          <gpxtpx:TrackPointExtension>
            <gpxtpx:Extensions>
              <highway>path</highway>
              <surface>dirt</surface>
              <sac_scale>alpine_hiking</sac_scale>
            </gpxtpx:Extensions>
          </gpxtpx:TrackPointExtension>
        </extensions>
      </trkpt>
      <trkpt lat="42.660325" lon="-0.049575">
        <ele>2391.343510546228</ele>
        <extensions>
          <gpxtpx:TrackPointExtension>
            <gpxtpx:Extensions>
              <highway>path</highway>
              <surface>dirt</surface>
              <sac_scale>alpine_hiking</sac_scale>
            </gpxtpx:Extensions>
          </gpxtpx:TrackPointExtension>
        </extensions>
      </trkpt>
      <trkpt lat="42.660305" lon="-0.049659">
        <ele>2390.8425312521786</ele>
        <extensions>
          <gpxtpx:TrackPointExtension>
            <gpxtpx:Extensions>
              <highway>path</highway>
              <surface>dirt</surface>
              <sac_scale>alpine_hiking</sac_scale>
            </gpxtpx:Extensions>
          </gpxtpx:TrackPointExtension>
        </extensions>
      </trkpt>
      <trkpt lat="42.660305" lon="-0.049727">
        <ele>2393.241118232178</ele>
        <extensions>
          <gpxtpx:TrackPointExtension>
            <gpxtpx:Extensions>
              <highway>path</highway>
              <surface>dirt</surface>
              <sac_scale>alpine_hiking</sac_scale>
            </gpxtpx:Extensions>
          </gpxtpx:TrackPointExtension>
        </extensions>
      </trkpt>
      <trkpt lat="42.660335" lon="-0.049824">
        <ele>2397.0749201503018</ele>
        <extensions>
          <gpxtpx:TrackPointExtension>
            <gpxtpx:Extensions>
              <highway>path</highway>
              <surface>dirt</surface>
              <sac_scale>alpine_hiking</sac_scale>
            </gpxtpx:Extensions>
          </gpxtpx:TrackPointExtension>
        </extensions>
      </trkpt>
      <trkpt lat="42.660382" lon="-0.04992">
        <ele>2398.1481727537475</ele>
        <extensions>
          <gpxtpx:TrackPointExtension>
            <gpxtpx:Extensions>
              <highway>path</highway>
              <surface>dirt</surface>
              <sac_scale>alpine_hiking</sac_scale>
            </gpxtpx:Extensions>
          </gpxtpx:TrackPointExtension>
        </extensions>
      </trkpt>
      <trkpt lat="42.660438" lon="-0.049976">
        <ele>2397.4334023846436</ele>
        <extensions>
          <gpxtpx:TrackPointExtension>
            <gpxtpx:Extensions>
              <highway>path</highway>
              <surface>dirt</surface>
              <sac_scale>alpine_hiking</sac_scale>
            </gpxtpx:Extensions>
          </gpxtpx:TrackPointExtension>
        </extensions>
      </trkpt>
      <trkpt lat="42.66048" lon="-0.050083">
        <ele>2395.273263637961</ele>
        <extensions>
          <gpxtpx:TrackPointExtension>
            <gpxtpx:Extensions>
              <highway>path</highway>
              <surface>dirt</surface>
              <sac_scale>alpine_hiking</sac_scale>
            </gpxtpx:Extensions>
          </gpxtpx:TrackPointExtension>
        </extensions>
      </trkpt>
      <trkpt lat="42.660583" lon="-0.050247">
        <ele>2395.7762283452703</ele>
        <extensions>
          <gpxtpx:TrackPointExtension>
            <gpxtpx:Extensions>
              <highway>path</highway>
              <surface>dirt</surface>
              <sac_scale>alpine_hiking</sac_scale>
            </gpxtpx:Extensions>
          </gpxtpx:TrackPointExtension>
        </extensions>
      </trkpt>
      <trkpt lat="42.660618" lon="-0.050336">
        <ele>2395.364573800064</ele>
        <extensions>
          <gpxtpx:TrackPointExtension>
            <gpxtpx:Extensions>
              <highway>path</highway>
              <surface>dirt</surface>
              <sac_scale>alpine_hiking</sac_scale>
            </gpxtpx:Extensions>
          </gpxtpx:TrackPointExtension>
        </extensions>
      </trkpt>
      <trkpt lat="42.660626" lon="-0.050481">
        <ele>2390.012689286542</ele>
        <extensions>
          <gpxtpx:TrackPointExtension>
            <gpxtpx:Extensions>
              <highway>path</highway>
              <surface>dirt</surface>
              <sac_scale>alpine_hiking</sac_scale>
            </gpxtpx:Extensions>
          </gpxtpx:TrackPointExtension>
        </extensions>
      </trkpt>
      <trkpt lat="42.660589" lon="-0.050672">
        <ele>2393.341000351169</ele>
        <extensions>
          <gpxtpx:TrackPointExtension>
            <gpxtpx:Extensions>
              <highway>path</highway>
              <surface>dirt</surface>
              <sac_scale>alpine_hiking</sac_scale>
            </gpxtpx:Extensions>
          </gpxtpx:TrackPointExtension>
        </extensions>
      </trkpt>
      <trkpt lat="42.660599" lon="-0.050773">
        <ele>2394.293587528906</ele>
        <extensions>
          <gpxtpx:TrackPointExtension>
            <gpxtpx:Extensions>
              <highway>path</highway>
              <surface>dirt</surface>
              <sac_scale>alpine_hiking</sac_scale>
            </gpxtpx:Extensions>
          </gpxtpx:TrackPointExtension>
        </extensions>
      </trkpt>
      <trkpt lat="42.660594" lon="-0.050846">
        <ele>2393.153449828639</ele>
        <extensions>
          <gpxtpx:TrackPointExtension>
            <gpxtpx:Extensions>
              <highway>path</highway>
              <surface>dirt</surface>
              <sac_scale>alpine_hiking</sac_scale>
            </gpxtpx:Extensions>
          </gpxtpx:TrackPointExtension>
        </extensions>
      </trkpt>
      <trkpt lat="42.660607" lon="-0.050941">
        <ele>2393.160281591524</ele>
        <extensions>
          <gpxtpx:TrackPointExtension>
            <gpxtpx:Extensions>
              <highway>path</highway>
              <surface>dirt</surface>
              <sac_scale>alpine_hiking</sac_scale>
            </gpxtpx:Extensions>
          </gpxtpx:TrackPointExtension>
        </extensions>
      </trkpt>
      <trkpt lat="42.660554" lon="-0.050958">
        <ele>2391.8064462601783</ele>
        <extensions>
          <gpxtpx:TrackPointExtension>
            <gpxtpx:Extensions>
              <highway>path</highway>
              <surface>dirt</surface>
              <sac_scale>alpine_hiking</sac_scale>
            </gpxtpx:Extensions>
          </gpxtpx:TrackPointExtension>
        </extensions>
      </trkpt>
      <trkpt lat="42.660518" lon="-0.050955">
        <ele>2391.1085494768145</ele>
        <extensions>
          <gpxtpx:TrackPointExtension>
            <gpxtpx:Extensions>
              <highway>path</highway>
              <surface>dirt</surface>
              <sac_scale>alpine_hiking</sac_scale>
            </gpxtpx:Extensions>
          </gpxtpx:TrackPointExtension>
        </extensions>
      </trkpt>
      <trkpt lat="42.660455" lon="-0.051012">
        <ele>2392.5252301604523</ele>
        <extensions>
          <gpxtpx:TrackPointExtension>
            <gpxtpx:Extensions>
              <highway>path</highway>
              <surface>dirt</surface>
              <sac_scale>alpine_hiking</sac_scale>
            </gpxtpx:Extensions>
          </gpxtpx:TrackPointExtension>
        </extensions>
      </trkpt>
      <trkpt lat="42.66044" lon="-0.051066">
        <ele>2391.6685855783758</ele>
        <extensions>
          <gpxtpx:TrackPointExtension>
            <gpxtpx:Extensions>
              <highway>path</highway>
              <surface>dirt</surface>
              <sac_scale>alpine_hiking</sac_scale>
            </gpxtpx:Extensions>
          </gpxtpx:TrackPointExtension>
        </extensions>
      </trkpt>
      <trkpt lat="42.660448" lon="-0.051111">
        <ele>2392.3623838921203</ele>
        <extensions>
          <gpxtpx:TrackPointExtension>
            <gpxtpx:Extensions>
              <highway>path</highway>
              <surface>dirt</surface>
              <sac_scale>alpine_hiking</sac_scale>
            </gpxtpx:Extensions>
          </gpxtpx:TrackPointExtension>
        </extensions>
      </trkpt>
      <trkpt lat="42.660486" lon="-0.051207">
        <ele>2396.020841801252</ele>
        <extensions>
          <gpxtpx:TrackPointExtension>
            <gpxtpx:Extensions>
              <highway>path</highway>
              <surface>dirt</surface>
              <sac_scale>alpine_hiking</sac_scale>
            </gpxtpx:Extensions>
          </gpxtpx:TrackPointExtension>
        </extensions>
      </trkpt>
      <trkpt lat="42.660459" lon="-0.05124">
        <ele>2394.314557397285</ele>
        <extensions>
          <gpxtpx:TrackPointExtension>
            <gpxtpx:Extensions>
              <highway>path</highway>
              <surface>dirt</surface>
              <sac_scale>alpine_hiking</sac_scale>
            </gpxtpx:Extensions>
          </gpxtpx:TrackPointExtension>
        </extensions>
      </trkpt>
      <trkpt lat="42.660419" lon="-0.051251">
        <ele>2392.377063024411</ele>
        <extensions>
          <gpxtpx:TrackPointExtension>
            <gpxtpx:Extensions>
              <highway>path</highway>
              <surface>dirt</surface>
              <sac_scale>alpine_hiking</sac_scale>
            </gpxtpx:Extensions>
          </gpxtpx:TrackPointExtension>
        </extensions>
      </trkpt>
      <trkpt lat="42.660391" lon="-0.051248">
        <ele>2390.8167430967897</ele>
        <extensions>
          <gpxtpx:TrackPointExtension>
            <gpxtpx:Extensions>
              <highway>path</highway>
              <surface>dirt</surface>
              <sac_scale>alpine_hiking</sac_scale>
            </gpxtpx:Extensions>
          </gpxtpx:TrackPointExtension>
        </extensions>
      </trkpt>
      <trkpt lat="42.66034" lon="-0.051268">
        <ele>2389.734662879268</ele>
        <extensions>
          <gpxtpx:TrackPointExtension>
            <gpxtpx:Extensions>
              <highway>path</highway>
              <surface>dirt</surface>
              <sac_scale>alpine_hiking</sac_scale>
            </gpxtpx:Extensions>
          </gpxtpx:TrackPointExtension>
        </extensions>
      </trkpt>
      <trkpt lat="42.660246" lon="-0.051331">
        <ele>2395.378520332272</ele>
        <extensions>
          <gpxtpx:TrackPointExtension>
            <gpxtpx:Extensions>
              <highway>path</highway>
              <surface>dirt</surface>
              <sac_scale>alpine_hiking</sac_scale>
            </gpxtpx:Extensions>
          </gpxtpx:TrackPointExtension>
        </extensions>
      </trkpt>
      <trkpt lat="42.6602" lon="-0.051422">
        <ele>2395.048958632036</ele>
        <extensions>
          <gpxtpx:TrackPointExtension>
            <gpxtpx:Extensions>
              <highway>path</highway>
              <surface>dirt</surface>
              <sac_scale>alpine_hiking</sac_scale>
            </gpxtpx:Extensions>
          </gpxtpx:TrackPointExtension>
        </extensions>
      </trkpt>
      <trkpt lat="42.66016" lon="-0.051629">
        <ele>2393.7792996495145</ele>
        <extensions>
          <gpxtpx:TrackPointExtension>
            <gpxtpx:Extensions>
              <highway>path</highway>
              <surface>dirt</surface>
              <sac_scale>alpine_hiking</sac_scale>
            </gpxtpx:Extensions>
          </gpxtpx:TrackPointExtension>
        </extensions>
      </trkpt>
      <trkpt lat="42.660167" lon="-0.051716">
        <ele>2396.0282996439114</ele>
        <extensions>
          <gpxtpx:TrackPointExtension>
            <gpxtpx:Extensions>
              <highway>path</highway>
              <surface>dirt</surface>
              <sac_scale>alpine_hiking</sac_scale>
            </gpxtpx:Extensions>
          </gpxtpx:TrackPointExtension>
        </extensions>
      </trkpt>
      <trkpt lat="42.660107" lon="-0.051753">
        <ele>2394.0260584457747</ele>
        <extensions>
          <gpxtpx:TrackPointExtension>
            <gpxtpx:Extensions>
              <highway>path</highway>
              <surface>dirt</surface>
              <sac_scale>alpine_hiking</sac_scale>
            </gpxtpx:Extensions>
          </gpxtpx:TrackPointExtension>
        </extensions>
      </trkpt>
      <trkpt lat="42.660032" lon="-0.051915">
        <ele>2394.1275291569564</ele>
        <extensions>
          <gpxtpx:TrackPointExtension>
            <gpxtpx:Extensions>
              <highway>path</highway>
              <surface>dirt</surface>
              <sac_scale>alpine_hiking</sac_scale>
            </gpxtpx:Extensions>
          </gpxtpx:TrackPointExtension>
        </extensions>
      </trkpt>
      <trkpt lat="42.660002" lon="-0.052051">
        <ele>2392.4184586198426</ele>
        <extensions>
          <gpxtpx:TrackPointExtension>
            <gpxtpx:Extensions>
              <highway>path</highway>
              <surface>dirt</surface>
              <sac_scale>alpine_hiking</sac_scale>
            </gpxtpx:Extensions>
          </gpxtpx:TrackPointExtension>
        </extensions>
      </trkpt>
      <trkpt lat="42.659977" lon="-0.052125">
        <ele>2391.576084521911</ele>
        <extensions>
          <gpxtpx:TrackPointExtension>
            <gpxtpx:Extensions>
              <highway>path</highway>
              <surface>dirt</surface>
              <sac_scale>alpine_hiking</sac_scale>
            </gpxtpx:Extensions>
          </gpxtpx:TrackPointExtension>
        </extensions>
      </trkpt>
      <trkpt lat="42.659989" lon="-0.05229">
        <ele>2394.0058734243994</ele>
        <extensions>
          <gpxtpx:TrackPointExtension>
            <gpxtpx:Extensions>
              <highway>path</highway>
              <surface>dirt</surface>
              <sac_scale>alpine_hiking</sac_scale>
            </gpxtpx:Extensions>
          </gpxtpx:TrackPointExtension>
        </extensions>
      </trkpt>
      <trkpt lat="42.659926" lon="-0.052387">
        <ele>2388.687922883521</ele>
        <extensions>
          <gpxtpx:TrackPointExtension>
            <gpxtpx:Extensions>
              <highway>path</highway>
              <surface>dirt</surface>
              <sac_scale>alpine_hiking</sac_scale>
            </gpxtpx:Extensions>
          </gpxtpx:TrackPointExtension>
        </extensions>
      </trkpt>
      <trkpt lat="42.659761" lon="-0.052536">
        <ele>2392.3170969570874</ele>
        <extensions>
          <gpxtpx:TrackPointExtension>
            <gpxtpx:Extensions>
              <highway>path</highway>
              <surface>dirt</surface>
              <sac_scale>alpine_hiking</sac_scale>
            </gpxtpx:Extensions>
          </gpxtpx:TrackPointExtension>
        </extensions>
      </trkpt>
      <trkpt lat="42.659653" lon="-0.05256">
        <ele>2389.3948816235734</ele>
        <extensions>
          <gpxtpx:TrackPointExtension>
            <gpxtpx:Extensions>
              <highway>path</highway>
              <surface>dirt</surface>
              <sac_scale>alpine_hiking</sac_scale>
            </gpxtpx:Extensions>
          </gpxtpx:TrackPointExtension>
        </extensions>
      </trkpt>
      <trkpt lat="42.659606" lon="-0.052607">
        <ele>2389.8827968359765</ele>
        <extensions>
          <gpxtpx:TrackPointExtension>
            <gpxtpx:Extensions>
              <highway>path</highway>
              <surface>dirt</surface>
              <sac_scale>alpine_hiking</sac_scale>
            </gpxtpx:Extensions>
          </gpxtpx:TrackPointExtension>
        </extensions>
      </trkpt>
      <trkpt lat="42.659443" lon="-0.052695">
        <ele>2394.3641899321233</ele>
        <extensions>
          <gpxtpx:TrackPointExtension>
            <gpxtpx:Extensions>
              <highway>path</highway>
              <surface>dirt</surface>
              <sac_scale>alpine_hiking</sac_scale>
            </gpxtpx:Extensions>
          </gpxtpx:TrackPointExtension>
        </extensions>
      </trkpt>
      <trkpt lat="42.65932" lon="-0.052706">
        <ele>2400.6537318301143</ele>
        <extensions>
          <gpxtpx:TrackPointExtension>
            <gpxtpx:Extensions>
              <highway>path</highway>
              <surface>dirt</surface>
              <sac_scale>alpine_hiking</sac_scale>
            </gpxtpx:Extensions>
          </gpxtpx:TrackPointExtension>
        </extensions>
      </trkpt>
      <trkpt lat="42.659132" lon="-0.052601">
        <ele>2402.332578900274</ele>
        <extensions>
          <gpxtpx:TrackPointExtension>
            <gpxtpx:Extensions>
              <highway>path</highway>
              <surface>dirt</surface>
              <sac_scale>alpine_hiking</sac_scale>
            </gpxtpx:Extensions>
          </gpxtpx:TrackPointExtension>
        </extensions>
      </trkpt>
      <trkpt lat="42.658947" lon="-0.052481">
        <ele>2396.889966104334</ele>
        <extensions>
          <gpxtpx:TrackPointExtension>
            <gpxtpx:Extensions>
              <highway>path</highway>
              <surface>dirt</surface>
              <sac_scale>alpine_hiking</sac_scale>
            </gpxtpx:Extensions>
          </gpxtpx:TrackPointExtension>
        </extensions>
      </trkpt>
      <trkpt lat="42.658646" lon="-0.052416">
        <ele>2406.0194880262297</ele>
        <extensions>
          <gpxtpx:TrackPointExtension>
            <gpxtpx:Extensions>
              <highway>path</highway>
              <surface>dirt</surface>
              <sac_scale>alpine_hiking</sac_scale>
            </gpxtpx:Extensions>
          </gpxtpx:TrackPointExtension>
        </extensions>
      </trkpt>
      <trkpt lat="42.658495" lon="-0.052305">
        <ele>2397.1561445486414</ele>
        <extensions>
          <gpxtpx:TrackPointExtension>
            <gpxtpx:Extensions>
              <highway>path</highway>
              <surface>dirt</surface>
              <sac_scale>alpine_hiking</sac_scale>
            </gpxtpx:Extensions>
          </gpxtpx:TrackPointExtension>
        </extensions>
      </trkpt>
      <trkpt lat="42.658355" lon="-0.052231">
        <ele>2397.079374080672</ele>
        <extensions>
          <gpxtpx:TrackPointExtension>
            <gpxtpx:Extensions>
              <highway>path</highway>
              <surface>dirt</surface>
              <sac_scale>alpine_hiking</sac_scale>
            </gpxtpx:Extensions>
          </gpxtpx:TrackPointExtension>
        </extensions>
      </trkpt>
      <trkpt lat="42.658174" lon="-0.052242">
        <ele>2377.6604584806437</ele>
        <extensions>
          <gpxtpx:TrackPointExtension>
            <gpxtpx:Extensions>
              <highway>path</highway>
              <surface>dirt</surface>
              <sac_scale>alpine_hiking</sac_scale>
            </gpxtpx:Extensions>
          </gpxtpx:TrackPointExtension>
        </extensions>
      </trkpt>
      <trkpt lat="42.6581" lon="-0.052272">
        <ele>2362.970957475125</ele>
        <extensions>
          <gpxtpx:TrackPointExtension>
            <gpxtpx:Extensions>
              <highway>path</highway>
              <surface>dirt</surface>
              <sac_scale>alpine_hiking</sac_scale>
            </gpxtpx:Extensions>
          </gpxtpx:TrackPointExtension>
        </extensions>
      </trkpt>
      <trkpt lat="42.658092" lon="-0.052275">
        <ele>2361.470691252707</ele>
        <extensions>
          <gpxtpx:TrackPointExtension>
            <gpxtpx:Extensions>
              <highway>path</highway>
              <surface>dirt</surface>
              <sac_scale>alpine_hiking</sac_scale>
            </gpxtpx:Extensions>
          </gpxtpx:TrackPointExtension>
        </extensions>
      </trkpt>
      <trkpt lat="42.658078" lon="-0.052359">
        <ele>2376.1761013523633</ele>
        <extensions>
          <gpxtpx:TrackPointExtension>
            <gpxtpx:Extensions>
              <highway>path</highway>
              <surface>dirt</surface>
              <sac_scale>alpine_hiking</sac_scale>
            </gpxtpx:Extensions>
          </gpxtpx:TrackPointExtension>
        </extensions>
      </trkpt>
      <trkpt lat="42.658091" lon="-0.052446">
        <ele>2385.1106433506425</ele>
        <extensions>
          <gpxtpx:TrackPointExtension>
            <gpxtpx:Extensions>
              <highway>path</highway>
              <surface>dirt</surface>
              <sac_scale>alpine_hiking</sac_scale>
            </gpxtpx:Extensions>
          </gpxtpx:TrackPointExtension>
        </extensions>
      </trkpt>
      <trkpt lat="42.658138" lon="-0.052624">
        <ele>2396.381187300218</ele>
        <extensions>
          <gpxtpx:TrackPointExtension>
            <gpxtpx:Extensions>
              <highway>path</highway>
              <surface>dirt</surface>
              <sac_scale>alpine_hiking</sac_scale>
            </gpxtpx:Extensions>
          </gpxtpx:TrackPointExtension>
        </extensions>
      </trkpt>
      <trkpt lat="42.658228" lon="-0.052766">
        <ele>2406.0475075297463</ele>
        <extensions>
          <gpxtpx:TrackPointExtension>
            <gpxtpx:Extensions>
              <highway>path</highway>
              <surface>dirt</surface>
              <sac_scale>alpine_hiking</sac_scale>
            </gpxtpx:Extensions>
          </gpxtpx:TrackPointExtension>
        </extensions>
      </trkpt>
      <trkpt lat="42.658336" lon="-0.053005">
        <ele>2405.916569407706</ele>
        <extensions>
          <gpxtpx:TrackPointExtension>
            <gpxtpx:Extensions>
              <highway>path</highway>
              <surface>dirt</surface>
              <sac_scale>alpine_hiking</sac_scale>
            </gpxtpx:Extensions>
          </gpxtpx:TrackPointExtension>
        </extensions>
      </trkpt>
      <trkpt lat="42.658583" lon="-0.053157">
        <ele>2418.8455304455824</ele>
        <extensions>
          <gpxtpx:TrackPointExtension>
            <gpxtpx:Extensions>
              <highway>path</highway>
              <surface>dirt</surface>
              <sac_scale>alpine_hiking</sac_scale>
            </gpxtpx:Extensions>
          </gpxtpx:TrackPointExtension>
        </extensions>
      </trkpt>
      <trkpt lat="42.658879" lon="-0.053374">
        <ele>2432.944438965409</ele>
        <extensions>
          <gpxtpx:TrackPointExtension>
            <gpxtpx:Extensions>
              <highway>path</highway>
              <surface>dirt</surface>
              <sac_scale>alpine_hiking</sac_scale>
            </gpxtpx:Extensions>
          </gpxtpx:TrackPointExtension>
        </extensions>
      </trkpt>
      <trkpt lat="42.659225" lon="-0.053775">
        <ele>2415.1513040490563</ele>
        <extensions>
          <gpxtpx:TrackPointExtension>
            <gpxtpx:Extensions>
              <highway>path</highway>
              <surface>dirt</surface>
              <sac_scale>alpine_hiking</sac_scale>
            </gpxtpx:Extensions>
          </gpxtpx:TrackPointExtension>
        </extensions>
      </trkpt>
      <trkpt lat="42.659411" lon="-0.053918">
        <ele>2424.334559644029</ele>
        <extensions>
          <gpxtpx:TrackPointExtension>
            <gpxtpx:Extensions>
              <highway>path</highway>
              <surface>dirt</surface>
              <sac_scale>alpine_hiking</sac_scale>
            </gpxtpx:Extensions>
          </gpxtpx:TrackPointExtension>
        </extensions>
      </trkpt>
      <trkpt lat="42.659645" lon="-0.054157">
        <ele>2411.7720022145795</ele>
        <extensions>
          <gpxtpx:TrackPointExtension>
            <gpxtpx:Extensions>
              <highway>path</highway>
              <surface>dirt</surface>
              <sac_scale>alpine_hiking</sac_scale>
            </gpxtpx:Extensions>
          </gpxtpx:TrackPointExtension>
        </extensions>
      </trkpt>
      <trkpt lat="42.659785" lon="-0.054217">
        <ele>2420.228404600986</ele>
        <extensions>
          <gpxtpx:TrackPointExtension>
            <gpxtpx:Extensions>
              <highway>path</highway>
              <surface>dirt</surface>
              <sac_scale>alpine_hiking</sac_scale>
            </gpxtpx:Extensions>
          </gpxtpx:TrackPointExtension>
        </extensions>
      </trkpt>
      <trkpt lat="42.65996" lon="-0.054257">
        <ele>2427.4290802898413</ele>
        <extensions>
          <gpxtpx:TrackPointExtension>
            <gpxtpx:Extensions>
              <highway>path</highway>
              <surface>dirt</surface>
              <sac_scale>alpine_hiking</sac_scale>
            </gpxtpx:Extensions>
          </gpxtpx:TrackPointExtension>
        </extensions>
      </trkpt>
      <trkpt lat="42.660068" lon="-0.054315">
        <ele>2424.9964330314747</ele>
        <extensions>
          <gpxtpx:TrackPointExtension>
            <gpxtpx:Extensions>
              <highway>path</highway>
              <surface>dirt</surface>
              <sac_scale>alpine_hiking</sac_scale>
            </gpxtpx:Extensions>
          </gpxtpx:TrackPointExtension>
        </extensions>
      </trkpt>
      <trkpt lat="42.660182" lon="-0.054424">
        <ele>2425.15027451518</ele>
        <extensions>
          <gpxtpx:TrackPointExtension>
            <gpxtpx:Extensions>
              <highway>path</highway>
              <surface>dirt</surface>
              <sac_scale>alpine_hiking</sac_scale>
            </gpxtpx:Extensions>
          </gpxtpx:TrackPointExtension>
        </extensions>
      </trkpt>
      <trkpt lat="42.660228" lon="-0.054497">
        <ele>2420.5587516864543</ele>
        <extensions>
          <gpxtpx:TrackPointExtension>
            <gpxtpx:Extensions>
              <highway>path</highway>
              <surface>dirt</surface>
              <sac_scale>alpine_hiking</sac_scale>
            </gpxtpx:Extensions>
          </gpxtpx:TrackPointExtension>
        </extensions>
      </trkpt>
      <trkpt lat="42.660286" lon="-0.054617">
        <ele>2418.447267418183</ele>
        <extensions>
          <gpxtpx:TrackPointExtension>
            <gpxtpx:Extensions>
              <highway>path</highway>
              <surface>dirt</surface>
              <sac_scale>alpine_hiking</sac_scale>
            </gpxtpx:Extensions>
          </gpxtpx:TrackPointExtension>
        </extensions>
      </trkpt>
      <trkpt lat="42.660346" lon="-0.054798">
        <ele>2412.7016813705486</ele>
        <extensions>
          <gpxtpx:TrackPointExtension>
            <gpxtpx:Extensions>
              <highway>path</highway>
              <surface>dirt</surface>
              <sac_scale>alpine_hiking</sac_scale>
            </gpxtpx:Extensions>
          </gpxtpx:TrackPointExtension>
        </extensions>
      </trkpt>
      <trkpt lat="42.660381" lon="-0.055039">
        <ele>2409.930231558891</ele>
        <extensions>
          <gpxtpx:TrackPointExtension>
            <gpxtpx:Extensions>
              <highway>path</highway>
              <surface>dirt</surface>
              <sac_scale>alpine_hiking</sac_scale>
            </gpxtpx:Extensions>
          </gpxtpx:TrackPointExtension>
        </extensions>
      </trkpt>
      <trkpt lat="42.660365" lon="-0.055175">
        <ele>2405.4597514673255</ele>
        <extensions>
          <gpxtpx:TrackPointExtension>
            <gpxtpx:Extensions>
              <highway>path</highway>
              <surface>dirt</surface>
              <sac_scale>alpine_hiking</sac_scale>
            </gpxtpx:Extensions>
          </gpxtpx:TrackPointExtension>
        </extensions>
      </trkpt>
      <trkpt lat="42.660277" lon="-0.055344">
        <ele>2401.346673811349</ele>
        <extensions>
          <gpxtpx:TrackPointExtension>
            <gpxtpx:Extensions>
              <highway>path</highway>
              <surface>dirt</surface>
              <sac_scale>alpine_hiking</sac_scale>
            </gpxtpx:Extensions>
          </gpxtpx:TrackPointExtension>
        </extensions>
      </trkpt>
      <trkpt lat="42.660187" lon="-0.055479">
        <ele>2402.936987121929</ele>
        <extensions>
          <gpxtpx:TrackPointExtension>
            <gpxtpx:Extensions>
              <highway>path</highway>
              <surface>dirt</surface>
              <sac_scale>alpine_hiking</sac_scale>
            </gpxtpx:Extensions>
          </gpxtpx:TrackPointExtension>
        </extensions>
      </trkpt>
      <trkpt lat="42.660156" lon="-0.055555">
        <ele>2404.0356406397964</ele>
        <extensions>
          <gpxtpx:TrackPointExtension>
            <gpxtpx:Extensions>
              <highway>path</highway>
              <surface>dirt</surface>
              <sac_scale>alpine_hiking</sac_scale>
            </gpxtpx:Extensions>
          </gpxtpx:TrackPointExtension>
        </extensions>
      </trkpt>
      <trkpt lat="42.660199" lon="-0.055839">
        <ele>2409.9606237077373</ele>
        <extensions>
          <gpxtpx:TrackPointExtension>
            <gpxtpx:Extensions>
              <highway>path</highway>
              <surface>dirt</surface>
              <sac_scale>alpine_hiking</sac_scale>
            </gpxtpx:Extensions>
          </gpxtpx:TrackPointExtension>
        </extensions>
      </trkpt>
      <trkpt lat="42.660184" lon="-0.055927">
        <ele>2398.838851077342</ele>
        <extensions>
          <gpxtpx:TrackPointExtension>
            <gpxtpx:Extensions>
              <highway>path</highway>
              <surface>dirt</surface>
              <sac_scale>alpine_hiking</sac_scale>
            </gpxtpx:Extensions>
          </gpxtpx:TrackPointExtension>
        </extensions>
      </trkpt>
      <trkpt lat="42.660227" lon="-0.056045">
        <ele>2404.0168601332225</ele>
        <extensions>
          <gpxtpx:TrackPointExtension>
            <gpxtpx:Extensions>
              <highway>path</highway>
              <surface>dirt</surface>
              <sac_scale>alpine_hiking</sac_scale>
            </gpxtpx:Extensions>
          </gpxtpx:TrackPointExtension>
        </extensions>
      </trkpt>
      <trkpt lat="42.660264" lon="-0.056252">
        <ele>2395.724234178083</ele>
        <extensions>
          <gpxtpx:TrackPointExtension>
            <gpxtpx:Extensions>
              <highway>path</highway>
              <surface>dirt</surface>
              <sac_scale>alpine_hiking</sac_scale>
            </gpxtpx:Extensions>
          </gpxtpx:TrackPointExtension>
        </extensions>
      </trkpt>
      <trkpt lat="42.660266" lon="-0.05636">
        <ele>2386.720195330306</ele>
        <extensions>
          <gpxtpx:TrackPointExtension>
            <gpxtpx:Extensions>
              <highway>path</highway>
              <surface>dirt</surface>
              <sac_scale>alpine_hiking</sac_scale>
            </gpxtpx:Extensions>
          </gpxtpx:TrackPointExtension>
        </extensions>
      </trkpt>
      <trkpt lat="42.660309" lon="-0.056473">
        <ele>2399.731638361085</ele>
        <extensions>
          <gpxtpx:TrackPointExtension>
            <gpxtpx:Extensions>
              <highway>path</highway>
              <surface>dirt</surface>
              <sac_scale>alpine_hiking</sac_scale>
            </gpxtpx:Extensions>
          </gpxtpx:TrackPointExtension>
        </extensions>
      </trkpt>
      <trkpt lat="42.660369" lon="-0.056594">
        <ele>2409.9062658176845</ele>
        <extensions>
          <gpxtpx:TrackPointExtension>
            <gpxtpx:Extensions>
              <highway>path</highway>
              <surface>dirt</surface>
              <sac_scale>alpine_hiking</sac_scale>
            </gpxtpx:Extensions>
          </gpxtpx:TrackPointExtension>
        </extensions>
      </trkpt>
      <trkpt lat="42.660501" lon="-0.056965">
        <ele>2389.23261866289</ele>
        <extensions>
          <gpxtpx:TrackPointExtension>
            <gpxtpx:Extensions>
              <highway>path</highway>
              <surface>dirt</surface>
              <sac_scale>alpine_hiking</sac_scale>
            </gpxtpx:Extensions>
          </gpxtpx:TrackPointExtension>
        </extensions>
      </trkpt>
      <trkpt lat="42.6606" lon="-0.057201">
        <ele>2402.192584645948</ele>
        <extensions>
          <gpxtpx:TrackPointExtension>
            <gpxtpx:Extensions>
              <highway>path</highway>
              <surface>dirt</surface>
              <sac_scale>alpine_hiking</sac_scale>
            </gpxtpx:Extensions>
          </gpxtpx:TrackPointExtension>
        </extensions>
      </trkpt>
      <trkpt lat="42.660733" lon="-0.057312">
        <ele>2420.870805654568</ele>
        <extensions>
          <gpxtpx:TrackPointExtension>
            <gpxtpx:Extensions>
              <highway>path</highway>
              <surface>dirt</surface>
              <sac_scale>alpine_hiking</sac_scale>
            </gpxtpx:Extensions>
          </gpxtpx:TrackPointExtension>
        </extensions>
      </trkpt>
      <trkpt lat="42.660824" lon="-0.057451">
        <ele>2416.2570338712785</ele>
        <extensions>
          <gpxtpx:TrackPointExtension>
            <gpxtpx:Extensions>
              <highway>path</highway>
              <surface>dirt</surface>
              <sac_scale>alpine_hiking</sac_scale>
            </gpxtpx:Extensions>
          </gpxtpx:TrackPointExtension>
        </extensions>
      </trkpt>
      <trkpt lat="42.660962" lon="-0.057601">
        <ele>2425.5978595413476</ele>
        <extensions>
          <gpxtpx:TrackPointExtension>
            <gpxtpx:Extensions>
              <highway>path</highway>
              <surface>dirt</surface>
              <sac_scale>alpine_hiking</sac_scale>
            </gpxtpx:Extensions>
          </gpxtpx:TrackPointExtension>
        </extensions>
      </trkpt>
      <trkpt lat="42.661066" lon="-0.057914">
        <ele>2409.8564124987597</ele>
        <extensions>
          <gpxtpx:TrackPointExtension>
            <gpxtpx:Extensions>
              <highway>path</highway>
              <surface>dirt</surface>
              <sac_scale>alpine_hiking</sac_scale>
            </gpxtpx:Extensions>
          </gpxtpx:TrackPointExtension>
        </extensions>
      </trkpt>
      <trkpt lat="42.661091" lon="-0.058106">
        <ele>2401.3373168617964</ele>
        <extensions>
          <gpxtpx:TrackPointExtension>
            <gpxtpx:Extensions>
              <highway>path</highway>
              <surface>dirt</surface>
              <sac_scale>alpine_hiking</sac_scale>
            </gpxtpx:Extensions>
          </gpxtpx:TrackPointExtension>
        </extensions>
      </trkpt>
      <trkpt lat="42.661037" lon="-0.058295">
        <ele>2380.4113580826124</ele>
        <extensions>
          <gpxtpx:TrackPointExtension>
            <gpxtpx:Extensions>
              <highway>path</highway>
              <surface>dirt</surface>
              <sac_scale>alpine_hiking</sac_scale>
            </gpxtpx:Extensions>
          </gpxtpx:TrackPointExtension>
        </extensions>
      </trkpt>
      <trkpt lat="42.661014" lon="-0.058551">
        <ele>2380.7256649119627</ele>
        <extensions>
          <gpxtpx:TrackPointExtension>
            <gpxtpx:Extensions>
              <highway>path</highway>
              <surface>dirt</surface>
              <sac_scale>alpine_hiking</sac_scale>
            </gpxtpx:Extensions>
          </gpxtpx:TrackPointExtension>
        </extensions>
      </trkpt>
      <trkpt lat="42.661034" lon="-0.05893">
        <ele>2381.101079173972</ele>
        <extensions>
          <gpxtpx:TrackPointExtension>
            <gpxtpx:Extensions>
              <highway>path</highway>
              <surface>dirt</surface>
              <sac_scale>alpine_hiking</sac_scale>
            </gpxtpx:Extensions>
          </gpxtpx:TrackPointExtension>
        </extensions>
      </trkpt>
      <trkpt lat="42.66108" lon="-0.059122">
        <ele>2393.057632088902</ele>
        <extensions>
          <gpxtpx:TrackPointExtension>
            <gpxtpx:Extensions>
              <highway>path</highway>
              <surface>dirt</surface>
              <sac_scale>alpine_hiking</sac_scale>
            </gpxtpx:Extensions>
          </gpxtpx:TrackPointExtension>
        </extensions>
      </trkpt>
      <trkpt lat="42.661124" lon="-0.059144">
        <ele>2407.897961652819</ele>
        <extensions>
          <gpxtpx:TrackPointExtension>
            <gpxtpx:Extensions>
              <highway>path</highway>
              <surface>dirt</surface>
              <sac_scale>alpine_hiking</sac_scale>
            </gpxtpx:Extensions>
          </gpxtpx:TrackPointExtension>
        </extensions>
      </trkpt>
      <trkpt lat="42.661166" lon="-0.059165">
        <ele>2413.424774878595</ele>
        <extensions>
          <gpxtpx:TrackPointExtension>
            <gpxtpx:Extensions>
              <highway>path</highway>
              <surface>dirt</surface>
              <sac_scale>alpine_hiking</sac_scale>
            </gpxtpx:Extensions>
          </gpxtpx:TrackPointExtension>
        </extensions>
      </trkpt>
      <trkpt lat="42.6613" lon="-0.05915">
        <ele>2428.8623162288272</ele>
        <extensions>
          <gpxtpx:TrackPointExtension>
            <gpxtpx:Extensions>
              <highway>path</highway>
              <surface>dirt</surface>
              <sac_scale>alpine_hiking</sac_scale>
            </gpxtpx:Extensions>
          </gpxtpx:TrackPointExtension>
        </extensions>
      </trkpt>
      <trkpt lat="42.661618" lon="-0.059075">
        <ele>2442.323363442586</ele>
        <extensions>
          <gpxtpx:TrackPointExtension>
            <gpxtpx:Extensions>
              <highway>path</highway>
              <surface>dirt</surface>
              <sac_scale>alpine_hiking</sac_scale>
            </gpxtpx:Extensions>
          </gpxtpx:TrackPointExtension>
        </extensions>
      </trkpt>
      <trkpt lat="42.661765" lon="-0.059028">
        <ele>2448.0620368060395</ele>
        <extensions>
          <gpxtpx:TrackPointExtension>
            <gpxtpx:Extensions>
              <highway>path</highway>
              <surface>dirt</surface>
              <sac_scale>alpine_hiking</sac_scale>
            </gpxtpx:Extensions>
          </gpxtpx:TrackPointExtension>
        </extensions>
      </trkpt>
      <trkpt lat="42.661959" lon="-0.059032">
        <ele>2441.6601905320736</ele>
        <extensions>
          <gpxtpx:TrackPointExtension>
            <gpxtpx:Extensions>
              <highway>path</highway>
              <surface>dirt</surface>
              <sac_scale>alpine_hiking</sac_scale>
            </gpxtpx:Extensions>
          </gpxtpx:TrackPointExtension>
        </extensions>
      </trkpt>
      <trkpt lat="42.662211" lon="-0.058973">
        <ele>2429.216848076505</ele>
        <extensions>
          <gpxtpx:TrackPointExtension>
            <gpxtpx:Extensions>
              <highway>path</highway>
              <surface>dirt</surface>
              <sac_scale>alpine_hiking</sac_scale>
            </gpxtpx:Extensions>
          </gpxtpx:TrackPointExtension>
        </extensions>
      </trkpt>
      <trkpt lat="42.662395" lon="-0.058902">
        <ele>2437.9131619952313</ele>
        <extensions>
          <gpxtpx:TrackPointExtension>
            <gpxtpx:Extensions>
              <highway>path</highway>
              <surface>dirt</surface>
              <sac_scale>alpine_hiking</sac_scale>
            </gpxtpx:Extensions>
          </gpxtpx:TrackPointExtension>
        </extensions>
      </trkpt>
      <trkpt lat="42.662502" lon="-0.058827">
        <ele>2439.636872592474</ele>
        <extensions>
          <gpxtpx:TrackPointExtension>
            <gpxtpx:Extensions>
              <highway>path</highway>
              <surface>dirt</surface>
              <sac_scale>alpine_hiking</sac_scale>
            </gpxtpx:Extensions>
          </gpxtpx:TrackPointExtension>
        </extensions>
      </trkpt>
      <trkpt lat="42.662581" lon="-0.058719">
        <ele>2435.6784535761512</ele>
        <extensions>
          <gpxtpx:TrackPointExtension>
            <gpxtpx:Extensions>
              <highway>path</highway>
              <surface>dirt</surface>
              <sac_scale>alpine_hiking</sac_scale>
            </gpxtpx:Extensions>
          </gpxtpx:TrackPointExtension>
        </extensions>
      </trkpt>
      <trkpt lat="42.662622" lon="-0.058467">
        <ele>2439.2614194115304</ele>
        <extensions>
          <gpxtpx:TrackPointExtension>
            <gpxtpx:Extensions>
              <highway>path</highway>
              <surface>dirt</surface>
              <sac_scale>alpine_hiking</sac_scale>
            </gpxtpx:Extensions>
          </gpxtpx:TrackPointExtension>
        </extensions>
      </trkpt>
      <trkpt lat="42.66273" lon="-0.058442">
        <ele>2436.7372781404383</ele>
        <extensions>
          <gpxtpx:TrackPointExtension>
            <gpxtpx:Extensions>
              <highway>path</highway>
              <surface>dirt</surface>
              <sac_scale>alpine_hiking</sac_scale>
            </gpxtpx:Extensions>
          </gpxtpx:TrackPointExtension>
        </extensions>
      </trkpt>
      <trkpt lat="42.662953" lon="-0.058511">
        <ele>2435.1581835364987</ele>
        <extensions>
          <gpxtpx:TrackPointExtension>
            <gpxtpx:Extensions>
              <highway>path</highway>
              <surface>dirt</surface>
              <sac_scale>alpine_hiking</sac_scale>
            </gpxtpx:Extensions>
          </gpxtpx:TrackPointExtension>
        </extensions>
      </trkpt>
      <trkpt lat="42.66302" lon="-0.058561">
        <ele>2431.0862152701147</ele>
        <extensions>
          <gpxtpx:TrackPointExtension>
            <gpxtpx:Extensions>
              <highway>path</highway>
              <surface>dirt</surface>
              <sac_scale>alpine_hiking</sac_scale>
            </gpxtpx:Extensions>
          </gpxtpx:TrackPointExtension>
        </extensions>
      </trkpt>
      <trkpt lat="42.663261" lon="-0.058513">
        <ele>2434.5387238139956</ele>
        <extensions>
          <gpxtpx:TrackPointExtension>
            <gpxtpx:Extensions>
              <highway>path</highway>
              <surface>dirt</surface>
              <sac_scale>alpine_hiking</sac_scale>
            </gpxtpx:Extensions>
          </gpxtpx:TrackPointExtension>
        </extensions>
      </trkpt>
      <trkpt lat="42.663321" lon="-0.058456">
        <ele>2432.741133604042</ele>
        <extensions>
          <gpxtpx:TrackPointExtension>
            <gpxtpx:Extensions>
              <highway>path</highway>
              <surface>dirt</surface>
              <sac_scale>alpine_hiking</sac_scale>
            </gpxtpx:Extensions>
          </gpxtpx:TrackPointExtension>
        </extensions>
      </trkpt>
      <trkpt lat="42.663378" lon="-0.058448">
        <ele>2429.53985256587</ele>
        <extensions>
          <gpxtpx:TrackPointExtension>
            <gpxtpx:Extensions>
              <highway>path</highway>
              <surface>dirt</surface>
              <sac_scale>alpine_hiking</sac_scale>
            </gpxtpx:Extensions>
          </gpxtpx:TrackPointExtension>
        </extensions>
      </trkpt>
      <trkpt lat="42.663487" lon="-0.0585">
        <ele>2426.122423364204</ele>
        <extensions>
          <gpxtpx:TrackPointExtension>
            <gpxtpx:Extensions>
              <highway>path</highway>
              <surface>dirt</surface>
              <sac_scale>alpine_hiking</sac_scale>
            </gpxtpx:Extensions>
          </gpxtpx:TrackPointExtension>
        </extensions>
      </trkpt>
      <trkpt lat="42.663574" lon="-0.058596">
        <ele>2426.5016713306945</ele>
        <extensions>
          <gpxtpx:TrackPointExtension>
            <gpxtpx:Extensions>
              <highway>path</highway>
              <surface>dirt</surface>
              <sac_scale>alpine_hiking</sac_scale>
            </gpxtpx:Extensions>
          </gpxtpx:TrackPointExtension>
        </extensions>
      </trkpt>
      <trkpt lat="42.66365" lon="-0.058813">
        <ele>2409.8183664696567</ele>
        <extensions>
          <gpxtpx:TrackPointExtension>
            <gpxtpx:Extensions>
              <highway>path</highway>
              <surface>dirt</surface>
              <sac_scale>alpine_hiking</sac_scale>
            </gpxtpx:Extensions>
          </gpxtpx:TrackPointExtension>
        </extensions>
      </trkpt>
      <trkpt lat="42.663705" lon="-0.058862">
        <ele>2412.7506141468057</ele>
        <extensions>
          <gpxtpx:TrackPointExtension>
            <gpxtpx:Extensions>
              <highway>path</highway>
              <surface>dirt</surface>
              <sac_scale>alpine_hiking</sac_scale>
            </gpxtpx:Extensions>
          </gpxtpx:TrackPointExtension>
        </extensions>
      </trkpt>
      <trkpt lat="42.66378" lon="-0.058884">
        <ele>2421.885709166738</ele>
        <extensions>
          <gpxtpx:TrackPointExtension>
            <gpxtpx:Extensions>
              <highway>path</highway>
              <surface>dirt</surface>
              <sac_scale>alpine_hiking</sac_scale>
            </gpxtpx:Extensions>
          </gpxtpx:TrackPointExtension>
        </extensions>
      </trkpt>
      <trkpt lat="42.664081" lon="-0.058795">
        <ele>2424.911177746813</ele>
        <extensions>
          <gpxtpx:TrackPointExtension>
            <gpxtpx:Extensions>
              <highway>path</highway>
              <surface>dirt</surface>
              <sac_scale>alpine_hiking</sac_scale>
            </gpxtpx:Extensions>
          </gpxtpx:TrackPointExtension>
        </extensions>
      </trkpt>
      <trkpt lat="42.66426" lon="-0.058784">
        <ele>2417.088975889911</ele>
        <extensions>
          <gpxtpx:TrackPointExtension>
            <gpxtpx:Extensions>
              <highway>path</highway>
              <surface>dirt</surface>
              <sac_scale>alpine_hiking</sac_scale>
            </gpxtpx:Extensions>
          </gpxtpx:TrackPointExtension>
        </extensions>
      </trkpt>
      <trkpt lat="42.664497" lon="-0.058712">
        <ele>2424.7682139666463</ele>
        <extensions>
          <gpxtpx:TrackPointExtension>
            <gpxtpx:Extensions>
              <highway>path</highway>
              <surface>dirt</surface>
              <sac_scale>alpine_hiking</sac_scale>
            </gpxtpx:Extensions>
          </gpxtpx:TrackPointExtension>
        </extensions>
      </trkpt>
      <trkpt lat="42.664601" lon="-0.058706">
        <ele>2425.2610364690977</ele>
        <extensions>
          <gpxtpx:TrackPointExtension>
            <gpxtpx:Extensions>
              <highway>path</highway>
              <surface>dirt</surface>
              <sac_scale>alpine_hiking</sac_scale>
            </gpxtpx:Extensions>
          </gpxtpx:TrackPointExtension>
        </extensions>
      </trkpt>
      <trkpt lat="42.664698" lon="-0.058732">
        <ele>2422.004091610029</ele>
        <extensions>
          <gpxtpx:TrackPointExtension>
            <gpxtpx:Extensions>
              <highway>path</highway>
              <surface>dirt</surface>
              <sac_scale>alpine_hiking</sac_scale>
            </gpxtpx:Extensions>
          </gpxtpx:TrackPointExtension>
        </extensions>
      </trkpt>
      <trkpt lat="42.664862" lon="-0.058877">
        <ele>2411.383651359288</ele>
        <extensions>
          <gpxtpx:TrackPointExtension>
            <gpxtpx:Extensions>
              <highway>path</highway>
              <surface>dirt</surface>
              <sac_scale>alpine_hiking</sac_scale>
            </gpxtpx:Extensions>
          </gpxtpx:TrackPointExtension>
        </extensions>
      </trkpt>
      <trkpt lat="42.664977" lon="-0.058998">
        <ele>2409.077371080478</ele>
        <extensions>
          <gpxtpx:TrackPointExtension>
            <gpxtpx:Extensions>
              <highway>path</highway>
              <surface>dirt</surface>
              <sac_scale>alpine_hiking</sac_scale>
            </gpxtpx:Extensions>
          </gpxtpx:TrackPointExtension>
        </extensions>
      </trkpt>
      <trkpt lat="42.665081" lon="-0.059134">
        <ele>2407.6315054985625</ele>
        <extensions>
          <gpxtpx:TrackPointExtension>
            <gpxtpx:Extensions>
              <highway>path</highway>
              <surface>dirt</surface>
              <sac_scale>alpine_hiking</sac_scale>
            </gpxtpx:Extensions>
          </gpxtpx:TrackPointExtension>
        </extensions>
      </trkpt>
      <trkpt lat="42.665157" lon="-0.05932">
        <ele>2399.625086381205</ele>
        <extensions>
          <gpxtpx:TrackPointExtension>
            <gpxtpx:Extensions>
              <highway>path</highway>
              <surface>dirt</surface>
              <sac_scale>alpine_hiking</sac_scale>
            </gpxtpx:Extensions>
          </gpxtpx:TrackPointExtension>
        </extensions>
      </trkpt>
      <trkpt lat="42.665248" lon="-0.059635">
        <ele>2392.6776611794717</ele>
        <extensions>
          <gpxtpx:TrackPointExtension>
            <gpxtpx:Extensions>
              <highway>path</highway>
              <surface>dirt</surface>
              <sac_scale>alpine_hiking</sac_scale>
            </gpxtpx:Extensions>
          </gpxtpx:TrackPointExtension>
        </extensions>
      </trkpt>
      <trkpt lat="42.665279" lon="-0.059939">
        <ele>2389.8593645290507</ele>
        <extensions>
          <gpxtpx:TrackPointExtension>
            <gpxtpx:Extensions>
              <highway>path</highway>
              <surface>dirt</surface>
              <sac_scale>alpine_hiking</sac_scale>
            </gpxtpx:Extensions>
          </gpxtpx:TrackPointExtension>
        </extensions>
      </trkpt>
      <trkpt lat="42.665275" lon="-0.060393">
        <ele>2386.9945824885413</ele>
        <extensions>
          <gpxtpx:TrackPointExtension>
            <gpxtpx:Extensions>
              <highway>path</highway>
              <surface>dirt</surface>
              <sac_scale>alpine_hiking</sac_scale>
            </gpxtpx:Extensions>
          </gpxtpx:TrackPointExtension>
        </extensions>
      </trkpt>
      <trkpt lat="42.66524" lon="-0.060514">
        <ele>2385.9050907982014</ele>
        <extensions>
          <gpxtpx:TrackPointExtension>
            <gpxtpx:Extensions>
              <highway>path</highway>
              <surface>dirt</surface>
              <sac_scale>alpine_hiking</sac_scale>
            </gpxtpx:Extensions>
          </gpxtpx:TrackPointExtension>
        </extensions>
      </trkpt>
      <trkpt lat="42.66517" lon="-0.06071">
        <ele>2388.1154139883533</ele>
        <extensions>
          <gpxtpx:TrackPointExtension>
            <gpxtpx:Extensions>
              <highway>path</highway>
              <surface>dirt</surface>
              <sac_scale>alpine_hiking</sac_scale>
            </gpxtpx:Extensions>
          </gpxtpx:TrackPointExtension>
        </extensions>
      </trkpt>
      <trkpt lat="42.665089" lon="-0.06102">
        <ele>2378.926803094503</ele>
        <extensions>
          <gpxtpx:TrackPointExtension>
            <gpxtpx:Extensions>
              <highway>path</highway>
              <surface>dirt</surface>
              <sac_scale>alpine_hiking</sac_scale>
            </gpxtpx:Extensions>
          </gpxtpx:TrackPointExtension>
        </extensions>
      </trkpt>
      <trkpt lat="42.66511" lon="-0.061099">
        <ele>2381.2990232485786</ele>
        <extensions>
          <gpxtpx:TrackPointExtension>
            <gpxtpx:Extensions>
              <highway>path</highway>
              <surface>dirt</surface>
              <sac_scale>alpine_hiking</sac_scale>
            </gpxtpx:Extensions>
          </gpxtpx:TrackPointExtension>
        </extensions>
      </trkpt>
      <trkpt lat="42.665194" lon="-0.061161">
        <ele>2396.018472917157</ele>
        <extensions>
          <gpxtpx:TrackPointExtension>
            <gpxtpx:Extensions>
              <highway>path</highway>
              <surface>dirt</surface>
              <sac_scale>alpine_hiking</sac_scale>
            </gpxtpx:Extensions>
          </gpxtpx:TrackPointExtension>
        </extensions>
      </trkpt>
      <trkpt lat="42.665406" lon="-0.061157">
        <ele>2426.950732242768</ele>
        <extensions>
          <gpxtpx:TrackPointExtension>
            <gpxtpx:Extensions>
              <highway>path</highway>
              <surface>dirt</surface>
              <sac_scale>alpine_hiking</sac_scale>
            </gpxtpx:Extensions>
          </gpxtpx:TrackPointExtension>
        </extensions>
      </trkpt>
      <trkpt lat="42.665502" lon="-0.061273">
        <ele>2415.809051657985</ele>
        <extensions>
          <gpxtpx:TrackPointExtension>
            <gpxtpx:Extensions>
              <highway>path</highway>
              <surface>dirt</surface>
              <sac_scale>alpine_hiking</sac_scale>
            </gpxtpx:Extensions>
          </gpxtpx:TrackPointExtension>
        </extensions>
      </trkpt>
      <trkpt lat="42.665583" lon="-0.061327">
        <ele>2415.6431594501173</ele>
        <extensions>
          <gpxtpx:TrackPointExtension>
            <gpxtpx:Extensions>
              <highway>path</highway>
              <surface>dirt</surface>
              <sac_scale>alpine_hiking</sac_scale>
            </gpxtpx:Extensions>
          </gpxtpx:TrackPointExtension>
        </extensions>
      </trkpt>
      <trkpt lat="42.665672" lon="-0.061385">
        <ele>2417.4114407195766</ele>
        <extensions>
          <gpxtpx:TrackPointExtension>
            <gpxtpx:Extensions>
              <highway>path</highway>
              <surface>dirt</surface>
              <sac_scale>alpine_hiking</sac_scale>
            </gpxtpx:Extensions>
          </gpxtpx:TrackPointExtension>
        </extensions>
      </trkpt>
      <trkpt lat="42.665765" lon="-0.061544">
        <ele>2396.5467872268605</ele>
        <extensions>
          <gpxtpx:TrackPointExtension>
            <gpxtpx:Extensions>
              <highway>path</highway>
              <surface>dirt</surface>
              <sac_scale>alpine_hiking</sac_scale>
            </gpxtpx:Extensions>
          </gpxtpx:TrackPointExtension>
        </extensions>
      </trkpt>
      <trkpt lat="42.665893" lon="-0.061682">
        <ele>2395.6299242218456</ele>
        <extensions>
          <gpxtpx:TrackPointExtension>
            <gpxtpx:Extensions>
              <highway>path</highway>
              <surface>dirt</surface>
              <sac_scale>alpine_hiking</sac_scale>
            </gpxtpx:Extensions>
          </gpxtpx:TrackPointExtension>
        </extensions>
      </trkpt>
      <trkpt lat="42.665991" lon="-0.06181">
        <ele>2393.4996880272092</ele>
        <extensions>
          <gpxtpx:TrackPointExtension>
            <gpxtpx:Extensions>
              <highway>path</highway>
              <surface>dirt</surface>
              <sac_scale>alpine_hiking</sac_scale>
            </gpxtpx:Extensions>
          </gpxtpx:TrackPointExtension>
        </extensions>
      </trkpt>
      <trkpt lat="42.666028" lon="-0.061917">
        <ele>2379.007559224249</ele>
        <extensions>
          <gpxtpx:TrackPointExtension>
            <gpxtpx:Extensions>
              <highway>path</highway>
              <surface>dirt</surface>
              <sac_scale>alpine_hiking</sac_scale>
            </gpxtpx:Extensions>
          </gpxtpx:TrackPointExtension>
        </extensions>
      </trkpt>
      <trkpt lat="42.666218" lon="-0.062043">
        <ele>2404.501901701116</ele>
        <extensions>
          <gpxtpx:TrackPointExtension>
            <gpxtpx:Extensions>
              <highway>path</highway>
              <surface>dirt</surface>
              <sac_scale>alpine_hiking</sac_scale>
            </gpxtpx:Extensions>
          </gpxtpx:TrackPointExtension>
        </extensions>
      </trkpt>
      <trkpt lat="42.666361" lon="-0.062252">
        <ele>2384.105302777932</ele>
        <extensions>
          <gpxtpx:TrackPointExtension>
            <gpxtpx:Extensions>
              <highway>path</highway>
              <surface>dirt</surface>
              <sac_scale>alpine_hiking</sac_scale>
            </gpxtpx:Extensions>
          </gpxtpx:TrackPointExtension>
        </extensions>
      </trkpt>
      <trkpt lat="42.666451" lon="-0.062464">
        <ele>2365.4139109073976</ele>
        <extensions>
          <gpxtpx:TrackPointExtension>
            <gpxtpx:Extensions>
              <highway>path</highway>
              <surface>dirt</surface>
              <sac_scale>alpine_hiking</sac_scale>
            </gpxtpx:Extensions>
          </gpxtpx:TrackPointExtension>
        </extensions>
      </trkpt>
      <trkpt lat="42.666621" lon="-0.062702">
        <ele>2379.0115627209416</ele>
        <extensions>
          <gpxtpx:TrackPointExtension>
            <gpxtpx:Extensions>
              <highway>path</highway>
              <surface>dirt</surface>
              <sac_scale>alpine_hiking</sac_scale>
            </gpxtpx:Extensions>
          </gpxtpx:TrackPointExtension>
        </extensions>
      </trkpt>
      <trkpt lat="42.666705" lon="-0.062864">
        <ele>2374.802509976274</ele>
        <extensions>
          <gpxtpx:TrackPointExtension>
            <gpxtpx:Extensions>
              <highway>path</highway>
              <surface>dirt</surface>
              <sac_scale>alpine_hiking</sac_scale>
            </gpxtpx:Extensions>
          </gpxtpx:TrackPointExtension>
        </extensions>
      </trkpt>
      <trkpt lat="42.666846" lon="-0.063024">
        <ele>2391.508090552843</ele>
        <extensions>
          <gpxtpx:TrackPointExtension>
            <gpxtpx:Extensions>
              <highway>path</highway>
              <surface>dirt</surface>
              <sac_scale>alpine_hiking</sac_scale>
            </gpxtpx:Extensions>
          </gpxtpx:TrackPointExtension>
        </extensions>
      </trkpt>
      <trkpt lat="42.666892" lon="-0.063121">
        <ele>2387.577339038512</ele>
        <extensions>
          <gpxtpx:TrackPointExtension>
            <gpxtpx:Extensions>
              <highway>path</highway>
              <surface>dirt</surface>
              <sac_scale>alpine_hiking</sac_scale>
            </gpxtpx:Extensions>
          </gpxtpx:TrackPointExtension>
        </extensions>
      </trkpt>
      <trkpt lat="42.666948" lon="-0.063149">
        <ele>2395.2049877586055</ele>
        <extensions>
          <gpxtpx:TrackPointExtension>
            <gpxtpx:Extensions>
              <highway>path</highway>
              <surface>dirt</surface>
              <sac_scale>alpine_hiking</sac_scale>
            </gpxtpx:Extensions>
          </gpxtpx:TrackPointExtension>
        </extensions>
      </trkpt>
      <trkpt lat="42.667212" lon="-0.06332">
        <ele>2400.3919697649267</ele>
        <extensions>
          <gpxtpx:TrackPointExtension>
            <gpxtpx:Extensions>
              <highway>path</highway>
              <surface>dirt</surface>
              <sac_scale>alpine_hiking</sac_scale>
            </gpxtpx:Extensions>
          </gpxtpx:TrackPointExtension>
        </extensions>
      </trkpt>
      <trkpt lat="42.667301" lon="-0.063341">
        <ele>2417.578111411158</ele>
        <extensions>
          <gpxtpx:TrackPointExtension>
            <gpxtpx:Extensions>
              <highway>path</highway>
              <surface>dirt</surface>
              <sac_scale>alpine_hiking</sac_scale>
            </gpxtpx:Extensions>
          </gpxtpx:TrackPointExtension>
        </extensions>
      </trkpt>
      <trkpt lat="42.66741" lon="-0.063429">
        <ele>2403.407739710318</ele>
        <extensions>
          <gpxtpx:TrackPointExtension>
            <gpxtpx:Extensions>
              <highway>path</highway>
              <surface>dirt</surface>
              <sac_scale>alpine_hiking</sac_scale>
            </gpxtpx:Extensions>
          </gpxtpx:TrackPointExtension>
        </extensions>
      </trkpt>
      <trkpt lat="42.667444" lon="-0.063499">
        <ele>2391.6844666409797</ele>
        <extensions>
          <gpxtpx:TrackPointExtension>
            <gpxtpx:Extensions>
              <highway>path</highway>
              <surface>dirt</surface>
              <sac_scale>alpine_hiking</sac_scale>
            </gpxtpx:Extensions>
          </gpxtpx:TrackPointExtension>
        </extensions>
      </trkpt>
      <trkpt lat="42.667787" lon="-0.06405">
        <ele>2354.587829002935</ele>
        <extensions>
          <gpxtpx:TrackPointExtension>
            <gpxtpx:Extensions>
              <highway>path</highway>
              <surface>dirt</surface>
              <sac_scale>alpine_hiking</sac_scale>
            </gpxtpx:Extensions>
          </gpxtpx:TrackPointExtension>
        </extensions>
      </trkpt>
      <trkpt lat="42.668071" lon="-0.064683">
        <ele>2376.0727212413212</ele>
        <extensions>
          <gpxtpx:TrackPointExtension>
            <gpxtpx:Extensions>
              <highway>path</highway>
              <surface>dirt</surface>
              <sac_scale>alpine_hiking</sac_scale>
            </gpxtpx:Extensions>
          </gpxtpx:TrackPointExtension>
        </extensions>
      </trkpt>
      <trkpt lat="42.668163" lon="-0.064808">
        <ele>2389.4287443441112</ele>
        <extensions>
          <gpxtpx:TrackPointExtension>
            <gpxtpx:Extensions>
              <highway>path</highway>
              <surface>dirt</surface>
              <sac_scale>alpine_hiking</sac_scale>
            </gpxtpx:Extensions>
          </gpxtpx:TrackPointExtension>
        </extensions>
      </trkpt>
      <trkpt lat="42.66828" lon="-0.06494">
        <ele>2391.914026866159</ele>
        <extensions>
          <gpxtpx:TrackPointExtension>
            <gpxtpx:Extensions>
              <highway>path</highway>
              <surface>dirt</surface>
              <sac_scale>alpine_hiking</sac_scale>
            </gpxtpx:Extensions>
          </gpxtpx:TrackPointExtension>
        </extensions>
      </trkpt>
      <trkpt lat="42.668363" lon="-0.065096">
        <ele>2384.316799174515</ele>
        <extensions>
          <gpxtpx:TrackPointExtension>
            <gpxtpx:Extensions>
              <highway>path</highway>
              <surface>dirt</surface>
              <sac_scale>alpine_hiking</sac_scale>
            </gpxtpx:Extensions>
          </gpxtpx:TrackPointExtension>
        </extensions>
      </trkpt>
      <trkpt lat="42.668401" lon="-0.065297">
        <ele>2379.8215882747045</ele>
        <extensions>
          <gpxtpx:TrackPointExtension>
            <gpxtpx:Extensions>
              <highway>path</highway>
              <surface>dirt</surface>
              <sac_scale>alpine_hiking</sac_scale>
            </gpxtpx:Extensions>
          </gpxtpx:TrackPointExtension>
        </extensions>
      </trkpt>
      <trkpt lat="42.668473" lon="-0.065535">
        <ele>2381.561183035028</ele>
        <extensions>
          <gpxtpx:TrackPointExtension>
            <gpxtpx:Extensions>
              <highway>path</highway>
              <surface>dirt</surface>
              <sac_scale>alpine_hiking</sac_scale>
            </gpxtpx:Extensions>
          </gpxtpx:TrackPointExtension>
        </extensions>
      </trkpt>
      <trkpt lat="42.668761" lon="-0.065841">
        <ele>2382.8017637777957</ele>
        <extensions>
          <gpxtpx:TrackPointExtension>
            <gpxtpx:Extensions>
              <highway>path</highway>
              <surface>dirt</surface>
              <sac_scale>alpine_hiking</sac_scale>
            </gpxtpx:Extensions>
          </gpxtpx:TrackPointExtension>
        </extensions>
      </trkpt>
      <trkpt lat="42.668914" lon="-0.066078">
        <ele>2380.8862928055414</ele>
        <extensions>
          <gpxtpx:TrackPointExtension>
            <gpxtpx:Extensions>
              <highway>path</highway>
              <surface>dirt</surface>
              <sac_scale>alpine_hiking</sac_scale>
            </gpxtpx:Extensions>
          </gpxtpx:TrackPointExtension>
        </extensions>
      </trkpt>
      <trkpt lat="42.668958" lon="-0.066307">
        <ele>2378.500393348922</ele>
        <extensions>
          <gpxtpx:TrackPointExtension>
            <gpxtpx:Extensions>
              <highway>path</highway>
              <surface>dirt</surface>
              <sac_scale>alpine_hiking</sac_scale>
            </gpxtpx:Extensions>
          </gpxtpx:TrackPointExtension>
        </extensions>
      </trkpt>
      <trkpt lat="42.669003" lon="-0.066394">
        <ele>2376.2736525215587</ele>
        <extensions>
          <gpxtpx:TrackPointExtension>
            <gpxtpx:Extensions>
              <highway>path</highway>
              <surface>dirt</surface>
              <sac_scale>alpine_hiking</sac_scale>
            </gpxtpx:Extensions>
          </gpxtpx:TrackPointExtension>
        </extensions>
      </trkpt>
      <trkpt lat="42.669026" lon="-0.06648">
        <ele>2373.8066659301503</ele>
        <extensions>
          <gpxtpx:TrackPointExtension>
            <gpxtpx:Extensions>
              <highway>path</highway>
              <sac_scale>mountain_hiking</sac_scale>
            </gpxtpx:Extensions>
          </gpxtpx:TrackPointExtension>
        </extensions>
      </trkpt>
      <trkpt lat="42.668997" lon="-0.06654">
        <ele>2372.7357628994555</ele>
        <extensions>
          <gpxtpx:TrackPointExtension>
            <gpxtpx:Extensions>
              <highway>path</highway>
              <sac_scale>mountain_hiking</sac_scale>
            </gpxtpx:Extensions>
          </gpxtpx:TrackPointExtension>
        </extensions>
      </trkpt>
      <trkpt lat="42.668944" lon="-0.066546">
        <ele>2373.411557033382</ele>
        <extensions>
          <gpxtpx:TrackPointExtension>
            <gpxtpx:Extensions>
              <highway>path</highway>
              <sac_scale>mountain_hiking</sac_scale>
            </gpxtpx:Extensions>
          </gpxtpx:TrackPointExtension>
        </extensions>
      </trkpt>
      <trkpt lat="42.66897" lon="-0.066648">
        <ele>2368.9180721258226</ele>
        <extensions>
          <gpxtpx:TrackPointExtension>
            <gpxtpx:Extensions>
              <highway>path</highway>
              <sac_scale>mountain_hiking</sac_scale>
            </gpxtpx:Extensions>
          </gpxtpx:TrackPointExtension>
        </extensions>
      </trkpt>
      <trkpt lat="42.66898" lon="-0.066689">
        <ele>2366.6109519019424</ele>
        <extensions>
          <gpxtpx:TrackPointExtension>
            <gpxtpx:Extensions>
              <highway>path</highway>
              <sac_scale>mountain_hiking</sac_scale>
            </gpxtpx:Extensions>
          </gpxtpx:TrackPointExtension>
        </extensions>
      </trkpt>
      <trkpt lat="42.668879" lon="-0.06669">
        <ele>2365.9110919411296</ele>
        <extensions>
          <gpxtpx:TrackPointExtension>
            <gpxtpx:Extensions>
              <highway>path</highway>
              <sac_scale>mountain_hiking</sac_scale>
            </gpxtpx:Extensions>
          </gpxtpx:TrackPointExtension>
        </extensions>
      </trkpt>
      <trkpt lat="42.668723" lon="-0.066663">
        <ele>2363.145454378677</ele>
        <extensions>
          <gpxtpx:TrackPointExtension>
            <gpxtpx:Extensions>
              <highway>path</highway>
              <sac_scale>mountain_hiking</sac_scale>
            </gpxtpx:Extensions>
          </gpxtpx:TrackPointExtension>
        </extensions>
      </trkpt>
      <trkpt lat="42.668524" lon="-0.06659">
        <ele>2356.3870492855203</ele>
        <extensions>
          <gpxtpx:TrackPointExtension>
            <gpxtpx:Extensions>
              <highway>path</highway>
              <sac_scale>mountain_hiking</sac_scale>
            </gpxtpx:Extensions>
          </gpxtpx:TrackPointExtension>
        </extensions>
      </trkpt>
      <trkpt lat="42.668315" lon="-0.066539">
        <ele>2352.8428634674237</ele>
        <extensions>
          <gpxtpx:TrackPointExtension>
            <gpxtpx:Extensions>
              <highway>path</highway>
              <sac_scale>mountain_hiking</sac_scale>
            </gpxtpx:Extensions>
          </gpxtpx:TrackPointExtension>
        </extensions>
      </trkpt>
      <trkpt lat="42.668165" lon="-0.066556">
        <ele>2351.1764821327747</ele>
        <extensions>
          <gpxtpx:TrackPointExtension>
            <gpxtpx:Extensions>
              <highway>path</highway>
              <sac_scale>mountain_hiking</sac_scale>
            </gpxtpx:Extensions>
          </gpxtpx:TrackPointExtension>
        </extensions>
      </trkpt>
      <trkpt lat="42.668066" lon="-0.066472">
        <ele>2349.5327635722633</ele>
        <extensions>
          <gpxtpx:TrackPointExtension>
            <gpxtpx:Extensions>
              <highway>path</highway>
              <sac_scale>mountain_hiking</sac_scale>
            </gpxtpx:Extensions>
          </gpxtpx:TrackPointExtension>
        </extensions>
      </trkpt>
      <trkpt lat="42.667845" lon="-0.066225">
        <ele>2346.4151956158107</ele>
        <extensions>
          <gpxtpx:TrackPointExtension>
            <gpxtpx:Extensions>
              <highway>path</highway>
              <sac_scale>mountain_hiking</sac_scale>
            </gpxtpx:Extensions>
          </gpxtpx:TrackPointExtension>
        </extensions>
      </trkpt>
      <trkpt lat="42.667715" lon="-0.066168">
        <ele>2344.0514105371576</ele>
        <extensions>
          <gpxtpx:TrackPointExtension>
            <gpxtpx:Extensions>
              <highway>path</highway>
              <sac_scale>mountain_hiking</sac_scale>
            </gpxtpx:Extensions>
          </gpxtpx:TrackPointExtension>
        </extensions>
      </trkpt>
      <trkpt lat="42.667641" lon="-0.066001">
        <ele>2339.141918087929</ele>
        <extensions>
          <gpxtpx:TrackPointExtension>
            <gpxtpx:Extensions>
              <highway>path</highway>
              <sac_scale>mountain_hiking</sac_scale>
            </gpxtpx:Extensions>
          </gpxtpx:TrackPointExtension>
        </extensions>
      </trkpt>
      <trkpt lat="42.667597" lon="-0.065867">
        <ele>2338.0549296049953</ele>
        <extensions>
          <gpxtpx:TrackPointExtension>
            <gpxtpx:Extensions>
              <highway>path</highway>
              <sac_scale>mountain_hiking</sac_scale>
            </gpxtpx:Extensions>
          </gpxtpx:TrackPointExtension>
        </extensions>
      </trkpt>
      <trkpt lat="42.667419" lon="-0.065716">
        <ele>2335.023558285358</ele>
        <extensions>
          <gpxtpx:TrackPointExtension>
            <gpxtpx:Extensions>
              <highway>path</highway>
              <sac_scale>mountain_hiking</sac_scale>
            </gpxtpx:Extensions>
          </gpxtpx:TrackPointExtension>
        </extensions>
      </trkpt>
      <trkpt lat="42.667348" lon="-0.065632">
        <ele>2332.44745694852</ele>
        <extensions>
          <gpxtpx:TrackPointExtension>
            <gpxtpx:Extensions>
              <highway>path</highway>
              <sac_scale>mountain_hiking</sac_scale>
            </gpxtpx:Extensions>
          </gpxtpx:TrackPointExtension>
        </extensions>
      </trkpt>
      <trkpt lat="42.667254" lon="-0.065164">
        <ele>2322.3174335521035</ele>
        <extensions>
          <gpxtpx:TrackPointExtension>
            <gpxtpx:Extensions>
              <highway>path</highway>
              <sac_scale>mountain_hiking</sac_scale>
            </gpxtpx:Extensions>
          </gpxtpx:TrackPointExtension>
        </extensions>
      </trkpt>
      <trkpt lat="42.667296" lon="-0.064984">
        <ele>2321.6789830434645</ele>
        <extensions>
          <gpxtpx:TrackPointExtension>
            <gpxtpx:Extensions>
              <highway>path</highway>
              <sac_scale>mountain_hiking</sac_scale>
            </gpxtpx:Extensions>
          </gpxtpx:TrackPointExtension>
        </extensions>
      </trkpt>
      <trkpt lat="42.667284" lon="-0.064712">
        <ele>2314.616833988918</ele>
        <extensions>
          <gpxtpx:TrackPointExtension>
            <gpxtpx:Extensions>
              <highway>path</highway>
              <sac_scale>demanding_mountain_hiking</sac_scale>
            </gpxtpx:Extensions>
          </gpxtpx:TrackPointExtension>
        </extensions>
      </trkpt>
      <trkpt lat="42.667229" lon="-0.064647">
        <ele>2312.726734530976</ele>
        <extensions>
          <gpxtpx:TrackPointExtension>
            <gpxtpx:Extensions>
              <highway>path</highway>
              <sac_scale>demanding_mountain_hiking</sac_scale>
            </gpxtpx:Extensions>
          </gpxtpx:TrackPointExtension>
        </extensions>
      </trkpt>
      <trkpt lat="42.66703" lon="-0.06458">
        <ele>2302.562920868917</ele>
        <extensions>
          <gpxtpx:TrackPointExtension>
            <gpxtpx:Extensions>
              <highway>path</highway>
              <sac_scale>demanding_mountain_hiking</sac_scale>
            </gpxtpx:Extensions>
          </gpxtpx:TrackPointExtension>
        </extensions>
      </trkpt>
      <trkpt lat="42.666997" lon="-0.064524">
        <ele>2299.093518410621</ele>
        <extensions>
          <gpxtpx:TrackPointExtension>
            <gpxtpx:Extensions>
              <highway>path</highway>
              <sac_scale>demanding_mountain_hiking</sac_scale>
            </gpxtpx:Extensions>
          </gpxtpx:TrackPointExtension>
        </extensions>
      </trkpt>
      <trkpt lat="42.666888" lon="-0.064388">
        <ele>2291.8470530791656</ele>
        <extensions>
          <gpxtpx:TrackPointExtension>
            <gpxtpx:Extensions>
              <highway>path</highway>
              <sac_scale>demanding_mountain_hiking</sac_scale>
            </gpxtpx:Extensions>
          </gpxtpx:TrackPointExtension>
        </extensions>
      </trkpt>
      <trkpt lat="42.666861" lon="-0.064284">
        <ele>2292.2079173560755</ele>
        <extensions>
          <gpxtpx:TrackPointExtension>
            <gpxtpx:Extensions>
              <highway>path</highway>
              <sac_scale>demanding_mountain_hiking</sac_scale>
            </gpxtpx:Extensions>
          </gpxtpx:TrackPointExtension>
        </extensions>
      </trkpt>
      <trkpt lat="42.666824" lon="-0.064266">
        <ele>2290.7491211012866</ele>
        <extensions>
          <gpxtpx:TrackPointExtension>
            <gpxtpx:Extensions>
              <highway>path</highway>
              <sac_scale>demanding_mountain_hiking</sac_scale>
            </gpxtpx:Extensions>
          </gpxtpx:TrackPointExtension>
        </extensions>
      </trkpt>
      <trkpt lat="42.666768" lon="-0.064304">
        <ele>2287.836501702036</ele>
        <extensions>
          <gpxtpx:TrackPointExtension>
            <gpxtpx:Extensions>
              <highway>path</highway>
              <sac_scale>demanding_mountain_hiking</sac_scale>
            </gpxtpx:Extensions>
          </gpxtpx:TrackPointExtension>
        </extensions>
      </trkpt>
      <trkpt lat="42.666632" lon="-0.064272">
        <ele>2284.371148303286</ele>
        <extensions>
          <gpxtpx:TrackPointExtension>
            <gpxtpx:Extensions>
              <highway>path</highway>
              <sac_scale>demanding_mountain_hiking</sac_scale>
            </gpxtpx:Extensions>
          </gpxtpx:TrackPointExtension>
        </extensions>
      </trkpt>
      <trkpt lat="42.666549" lon="-0.064365">
        <ele>2281.1204465928727</ele>
        <extensions>
          <gpxtpx:TrackPointExtension>
            <gpxtpx:Extensions>
              <highway>path</highway>
              <sac_scale>demanding_mountain_hiking</sac_scale>
            </gpxtpx:Extensions>
          </gpxtpx:TrackPointExtension>
        </extensions>
      </trkpt>
      <trkpt lat="42.66648" lon="-0.064378">
        <ele>2278.1960616732968</ele>
        <extensions>
          <gpxtpx:TrackPointExtension>
            <gpxtpx:Extensions>
              <highway>path</highway>
              <sac_scale>demanding_mountain_hiking</sac_scale>
            </gpxtpx:Extensions>
          </gpxtpx:TrackPointExtension>
        </extensions>
      </trkpt>
      <trkpt lat="42.666438" lon="-0.06432">
        <ele>2276.518259674782</ele>
        <extensions>
          <gpxtpx:TrackPointExtension>
            <gpxtpx:Extensions>
              <highway>path</highway>
              <sac_scale>demanding_mountain_hiking</sac_scale>
            </gpxtpx:Extensions>
          </gpxtpx:TrackPointExtension>
        </extensions>
      </trkpt>
      <trkpt lat="42.666409" lon="-0.064306">
        <ele>2275.113869852198</ele>
        <extensions>
          <gpxtpx:TrackPointExtension>
            <gpxtpx:Extensions>
              <highway>path</highway>
              <sac_scale>demanding_mountain_hiking</sac_scale>
            </gpxtpx:Extensions>
          </gpxtpx:TrackPointExtension>
        </extensions>
      </trkpt>
      <trkpt lat="42.66637" lon="-0.064358">
        <ele>2272.899975244034</ele>
        <extensions>
          <gpxtpx:TrackPointExtension>
            <gpxtpx:Extensions>
              <highway>path</highway>
              <sac_scale>demanding_mountain_hiking</sac_scale>
            </gpxtpx:Extensions>
          </gpxtpx:TrackPointExtension>
        </extensions>
      </trkpt>
      <trkpt lat="42.66635" lon="-0.064371">
        <ele>2271.8227068621723</ele>
        <extensions>
          <gpxtpx:TrackPointExtension>
            <gpxtpx:Extensions>
              <highway>path</highway>
              <sac_scale>demanding_mountain_hiking</sac_scale>
            </gpxtpx:Extensions>
          </gpxtpx:TrackPointExtension>
        </extensions>
      </trkpt>
      <trkpt lat="42.666306" lon="-0.064346">
        <ele>2269.362652860333</ele>
        <extensions>
          <gpxtpx:TrackPointExtension>
            <gpxtpx:Extensions>
              <highway>path</highway>
              <sac_scale>demanding_mountain_hiking</sac_scale>
            </gpxtpx:Extensions>
          </gpxtpx:TrackPointExtension>
        </extensions>
      </trkpt>
      <trkpt lat="42.666277" lon="-0.064312">
        <ele>2267.620173968563</ele>
        <extensions>
          <gpxtpx:TrackPointExtension>
            <gpxtpx:Extensions>
              <highway>path</highway>
              <sac_scale>demanding_mountain_hiking</sac_scale>
            </gpxtpx:Extensions>
          </gpxtpx:TrackPointExtension>
        </extensions>
      </trkpt>
      <trkpt lat="42.666256" lon="-0.064317">
        <ele>2266.604513471983</ele>
        <extensions>
          <gpxtpx:TrackPointExtension>
            <gpxtpx:Extensions>
              <highway>path</highway>
              <sac_scale>demanding_mountain_hiking</sac_scale>
            </gpxtpx:Extensions>
          </gpxtpx:TrackPointExtension>
        </extensions>
      </trkpt>
      <trkpt lat="42.666245" lon="-0.06434">
        <ele>2266.1682605711076</ele>
        <extensions>
          <gpxtpx:TrackPointExtension>
            <gpxtpx:Extensions>
              <highway>path</highway>
              <sac_scale>demanding_mountain_hiking</sac_scale>
            </gpxtpx:Extensions>
          </gpxtpx:TrackPointExtension>
        </extensions>
      </trkpt>
      <trkpt lat="42.666228" lon="-0.064345">
        <ele>2265.349666718386</ele>
        <extensions>
          <gpxtpx:TrackPointExtension>
            <gpxtpx:Extensions>
              <highway>path</highway>
              <sac_scale>demanding_mountain_hiking</sac_scale>
            </gpxtpx:Extensions>
          </gpxtpx:TrackPointExtension>
        </extensions>
      </trkpt>
      <trkpt lat="42.666231" lon="-0.064288">
        <ele>2265.2312745973536</ele>
        <extensions>
          <gpxtpx:TrackPointExtension>
            <gpxtpx:Extensions>
              <highway>path</highway>
              <sac_scale>demanding_mountain_hiking</sac_scale>
            </gpxtpx:Extensions>
          </gpxtpx:TrackPointExtension>
        </extensions>
      </trkpt>
      <trkpt lat="42.666202" lon="-0.064215">
        <ele>2263.4582131378656</ele>
        <extensions>
          <gpxtpx:TrackPointExtension>
            <gpxtpx:Extensions>
              <highway>path</highway>
              <sac_scale>demanding_mountain_hiking</sac_scale>
            </gpxtpx:Extensions>
          </gpxtpx:TrackPointExtension>
        </extensions>
      </trkpt>
      <trkpt lat="42.666101" lon="-0.064055">
        <ele>2258.7694906853158</ele>
        <extensions>
          <gpxtpx:TrackPointExtension>
            <gpxtpx:Extensions>
              <highway>path</highway>
              <sac_scale>demanding_mountain_hiking</sac_scale>
            </gpxtpx:Extensions>
          </gpxtpx:TrackPointExtension>
        </extensions>
      </trkpt>
      <trkpt lat="42.66606" lon="-0.063974">
        <ele>2256.967705223948</ele>
        <extensions>
          <gpxtpx:TrackPointExtension>
            <gpxtpx:Extensions>
              <highway>path</highway>
              <sac_scale>demanding_mountain_hiking</sac_scale>
            </gpxtpx:Extensions>
          </gpxtpx:TrackPointExtension>
        </extensions>
      </trkpt>
      <trkpt lat="42.666004" lon="-0.063926">
        <ele>2254.1411332343027</ele>
        <extensions>
          <gpxtpx:TrackPointExtension>
            <gpxtpx:Extensions>
              <highway>path</highway>
              <sac_scale>demanding_mountain_hiking</sac_scale>
            </gpxtpx:Extensions>
          </gpxtpx:TrackPointExtension>
        </extensions>
      </trkpt>
      <trkpt lat="42.665975" lon="-0.063878">
        <ele>2252.3990413888896</ele>
        <extensions>
          <gpxtpx:TrackPointExtension>
            <gpxtpx:Extensions>
              <highway>path</highway>
              <sac_scale>demanding_mountain_hiking</sac_scale>
            </gpxtpx:Extensions>
          </gpxtpx:TrackPointExtension>
        </extensions>
      </trkpt>
      <trkpt lat="42.665957" lon="-0.063878">
        <ele>2251.4158986485318</ele>
        <extensions>
          <gpxtpx:TrackPointExtension>
            <gpxtpx:Extensions>
              <highway>path</highway>
              <sac_scale>demanding_mountain_hiking</sac_scale>
            </gpxtpx:Extensions>
          </gpxtpx:TrackPointExtension>
        </extensions>
      </trkpt>
      <trkpt lat="42.665931" lon="-0.063836">
        <ele>2249.8656728311744</ele>
        <extensions>
          <gpxtpx:TrackPointExtension>
            <gpxtpx:Extensions>
              <highway>path</highway>
              <sac_scale>demanding_mountain_hiking</sac_scale>
            </gpxtpx:Extensions>
          </gpxtpx:TrackPointExtension>
        </extensions>
      </trkpt>
      <trkpt lat="42.665825" lon="-0.063942">
        <ele>2244.1511697955393</ele>
        <extensions>
          <gpxtpx:TrackPointExtension>
            <gpxtpx:Extensions>
              <highway>path</highway>
              <sac_scale>demanding_mountain_hiking</sac_scale>
            </gpxtpx:Extensions>
          </gpxtpx:TrackPointExtension>
        </extensions>
      </trkpt>
      <trkpt lat="42.6658" lon="-0.063944">
        <ele>2242.65137434163</ele>
        <extensions>
          <gpxtpx:TrackPointExtension>
            <gpxtpx:Extensions>
              <highway>path</highway>
              <sac_scale>demanding_mountain_hiking</sac_scale>
            </gpxtpx:Extensions>
          </gpxtpx:TrackPointExtension>
        </extensions>
      </trkpt>
      <trkpt lat="42.665768" lon="-0.06397">
        <ele>2241.016792721267</ele>
        <extensions>
          <gpxtpx:TrackPointExtension>
            <gpxtpx:Extensions>
              <highway>path</highway>
              <sac_scale>demanding_mountain_hiking</sac_scale>
            </gpxtpx:Extensions>
          </gpxtpx:TrackPointExtension>
        </extensions>
      </trkpt>
      <trkpt lat="42.665765" lon="-0.063922">
        <ele>2240.298717024249</ele>
        <extensions>
          <gpxtpx:TrackPointExtension>
            <gpxtpx:Extensions>
              <highway>path</highway>
              <sac_scale>demanding_mountain_hiking</sac_scale>
            </gpxtpx:Extensions>
          </gpxtpx:TrackPointExtension>
        </extensions>
      </trkpt>
      <trkpt lat="42.665744" lon="-0.063909">
        <ele>2238.9328115833073</ele>
        <extensions>
          <gpxtpx:TrackPointExtension>
            <gpxtpx:Extensions>
              <highway>path</highway>
              <sac_scale>demanding_mountain_hiking</sac_scale>
            </gpxtpx:Extensions>
          </gpxtpx:TrackPointExtension>
        </extensions>
      </trkpt>
      <trkpt lat="42.665744" lon="-0.063875">
        <ele>2238.56431559088</ele>
        <extensions>
          <gpxtpx:TrackPointExtension>
            <gpxtpx:Extensions>
              <highway>path</highway>
              <sac_scale>demanding_mountain_hiking</sac_scale>
            </gpxtpx:Extensions>
          </gpxtpx:TrackPointExtension>
        </extensions>
      </trkpt>
      <trkpt lat="42.665707" lon="-0.063824">
        <ele>2236.3266991597607</ele>
        <extensions>
          <gpxtpx:TrackPointExtension>
            <gpxtpx:Extensions>
              <highway>path</highway>
              <sac_scale>demanding_mountain_hiking</sac_scale>
            </gpxtpx:Extensions>
          </gpxtpx:TrackPointExtension>
        </extensions>
      </trkpt>
      <trkpt lat="42.665669" lon="-0.063853">
        <ele>2234.104469287621</ele>
        <extensions>
          <gpxtpx:TrackPointExtension>
            <gpxtpx:Extensions>
              <highway>path</highway>
              <sac_scale>demanding_mountain_hiking</sac_scale>
            </gpxtpx:Extensions>
          </gpxtpx:TrackPointExtension>
        </extensions>
      </trkpt>
      <trkpt lat="42.665628" lon="-0.063768">
        <ele>2231.416481532682</ele>
        <extensions>
          <gpxtpx:TrackPointExtension>
            <gpxtpx:Extensions>
              <highway>path</highway>
              <sac_scale>demanding_mountain_hiking</sac_scale>
            </gpxtpx:Extensions>
          </gpxtpx:TrackPointExtension>
        </extensions>
      </trkpt>
      <trkpt lat="42.665565" lon="-0.063668">
        <ele>2228.1972044790377</ele>
        <extensions>
          <gpxtpx:TrackPointExtension>
            <gpxtpx:Extensions>
              <highway>path</highway>
              <sac_scale>demanding_mountain_hiking</sac_scale>
            </gpxtpx:Extensions>
          </gpxtpx:TrackPointExtension>
        </extensions>
      </trkpt>
      <trkpt lat="42.665464" lon="-0.063556">
        <ele>2227.1010348955606</ele>
        <extensions>
          <gpxtpx:TrackPointExtension>
            <gpxtpx:Extensions>
              <highway>path</highway>
              <sac_scale>demanding_mountain_hiking</sac_scale>
            </gpxtpx:Extensions>
          </gpxtpx:TrackPointExtension>
        </extensions>
      </trkpt>
      <trkpt lat="42.665359" lon="-0.063479">
        <ele>2225.1112837382257</ele>
        <extensions>
          <gpxtpx:TrackPointExtension>
            <gpxtpx:Extensions>
              <highway>path</highway>
              <sac_scale>demanding_mountain_hiking</sac_scale>
            </gpxtpx:Extensions>
          </gpxtpx:TrackPointExtension>
        </extensions>
      </trkpt>
      <trkpt lat="42.665263" lon="-0.063517">
        <ele>2219.6024681275585</ele>
        <extensions>
          <gpxtpx:TrackPointExtension>
            <gpxtpx:Extensions>
              <highway>path</highway>
              <sac_scale>demanding_mountain_hiking</sac_scale>
            </gpxtpx:Extensions>
          </gpxtpx:TrackPointExtension>
        </extensions>
      </trkpt>
      <trkpt lat="42.665237" lon="-0.063609">
        <ele>2215.5989731988084</ele>
        <extensions>
          <gpxtpx:TrackPointExtension>
            <gpxtpx:Extensions>
              <highway>path</highway>
              <sac_scale>demanding_mountain_hiking</sac_scale>
            </gpxtpx:Extensions>
          </gpxtpx:TrackPointExtension>
        </extensions>
      </trkpt>
      <trkpt lat="42.665186" lon="-0.06369">
        <ele>2210.9092612856466</ele>
        <extensions>
          <gpxtpx:TrackPointExtension>
            <gpxtpx:Extensions>
              <highway>path</highway>
              <sac_scale>demanding_mountain_hiking</sac_scale>
            </gpxtpx:Extensions>
          </gpxtpx:TrackPointExtension>
        </extensions>
      </trkpt>
      <trkpt lat="42.665147" lon="-0.063701">
        <ele>2208.963127207569</ele>
        <extensions>
          <gpxtpx:TrackPointExtension>
            <gpxtpx:Extensions>
              <highway>path</highway>
              <sac_scale>demanding_mountain_hiking</sac_scale>
            </gpxtpx:Extensions>
          </gpxtpx:TrackPointExtension>
        </extensions>
      </trkpt>
      <trkpt lat="42.665112" lon="-0.063685">
        <ele>2207.769634471406</ele>
        <extensions>
          <gpxtpx:TrackPointExtension>
            <gpxtpx:Extensions>
              <highway>path</highway>
              <sac_scale>demanding_mountain_hiking</sac_scale>
            </gpxtpx:Extensions>
          </gpxtpx:TrackPointExtension>
        </extensions>
      </trkpt>
      <trkpt lat="42.665078" lon="-0.0637">
        <ele>2205.893104689754</ele>
        <extensions>
          <gpxtpx:TrackPointExtension>
            <gpxtpx:Extensions>
              <highway>path</highway>
              <sac_scale>demanding_mountain_hiking</sac_scale>
            </gpxtpx:Extensions>
          </gpxtpx:TrackPointExtension>
        </extensions>
      </trkpt>
      <trkpt lat="42.665038" lon="-0.063853">
        <ele>2200.7050027958226</ele>
        <extensions>
          <gpxtpx:TrackPointExtension>
            <gpxtpx:Extensions>
              <highway>path</highway>
              <sac_scale>demanding_mountain_hiking</sac_scale>
            </gpxtpx:Extensions>
          </gpxtpx:TrackPointExtension>
        </extensions>
      </trkpt>
      <trkpt lat="42.665045" lon="-0.063886">
        <ele>2200.3541960041202</ele>
        <extensions>
          <gpxtpx:TrackPointExtension>
            <gpxtpx:Extensions>
              <highway>path</highway>
              <sac_scale>demanding_mountain_hiking</sac_scale>
            </gpxtpx:Extensions>
          </gpxtpx:TrackPointExtension>
        </extensions>
      </trkpt>
      <trkpt lat="42.665023" lon="-0.063912">
        <ele>2198.948179481579</ele>
        <extensions>
          <gpxtpx:TrackPointExtension>
            <gpxtpx:Extensions>
              <highway>path</highway>
              <sac_scale>demanding_mountain_hiking</sac_scale>
            </gpxtpx:Extensions>
          </gpxtpx:TrackPointExtension>
        </extensions>
      </trkpt>
      <trkpt lat="42.664922" lon="-0.063882">
        <ele>2195.090384674065</ele>
        <extensions>
          <gpxtpx:TrackPointExtension>
            <gpxtpx:Extensions>
              <highway>path</highway>
              <sac_scale>demanding_mountain_hiking</sac_scale>
            </gpxtpx:Extensions>
          </gpxtpx:TrackPointExtension>
        </extensions>
      </trkpt>
      <trkpt lat="42.664874" lon="-0.063888">
        <ele>2192.9063487556605</ele>
        <extensions>
          <gpxtpx:TrackPointExtension>
            <gpxtpx:Extensions>
              <highway>path</highway>
              <sac_scale>demanding_mountain_hiking</sac_scale>
            </gpxtpx:Extensions>
          </gpxtpx:TrackPointExtension>
        </extensions>
      </trkpt>
      <trkpt lat="42.664831" lon="-0.063916">
        <ele>2190.6085646406455</ele>
        <extensions>
          <gpxtpx:TrackPointExtension>
            <gpxtpx:Extensions>
              <highway>path</highway>
              <sac_scale>demanding_mountain_hiking</sac_scale>
            </gpxtpx:Extensions>
          </gpxtpx:TrackPointExtension>
        </extensions>
      </trkpt>
      <trkpt lat="42.664784" lon="-0.063916">
        <ele>2188.6051678582435</ele>
        <extensions>
          <gpxtpx:TrackPointExtension>
            <gpxtpx:Extensions>
              <highway>path</highway>
              <sac_scale>demanding_mountain_hiking</sac_scale>
            </gpxtpx:Extensions>
          </gpxtpx:TrackPointExtension>
        </extensions>
      </trkpt>
      <trkpt lat="42.664723" lon="-0.063873">
        <ele>2186.796459937709</ele>
        <extensions>
          <gpxtpx:TrackPointExtension>
            <gpxtpx:Extensions>
              <highway>path</highway>
              <sac_scale>demanding_mountain_hiking</sac_scale>
            </gpxtpx:Extensions>
          </gpxtpx:TrackPointExtension>
        </extensions>
      </trkpt>
      <trkpt lat="42.664683" lon="-0.063886">
        <ele>2185.0128442175132</ele>
        <extensions>
          <gpxtpx:TrackPointExtension>
            <gpxtpx:Extensions>
              <highway>path</highway>
              <sac_scale>demanding_mountain_hiking</sac_scale>
            </gpxtpx:Extensions>
          </gpxtpx:TrackPointExtension>
        </extensions>
      </trkpt>
      <trkpt lat="42.664634" lon="-0.063869">
        <ele>2183.323956395095</ele>
        <extensions>
          <gpxtpx:TrackPointExtension>
            <gpxtpx:Extensions>
              <highway>path</highway>
              <sac_scale>demanding_mountain_hiking</sac_scale>
            </gpxtpx:Extensions>
          </gpxtpx:TrackPointExtension>
        </extensions>
      </trkpt>
      <trkpt lat="42.664569" lon="-0.063881">
        <ele>2180.5815646473366</ele>
        <extensions>
          <gpxtpx:TrackPointExtension>
            <gpxtpx:Extensions>
              <highway>path</highway>
              <sac_scale>demanding_mountain_hiking</sac_scale>
            </gpxtpx:Extensions>
          </gpxtpx:TrackPointExtension>
        </extensions>
      </trkpt>
      <trkpt lat="42.66449" lon="-0.063875">
        <ele>2177.5320394649866</ele>
        <extensions>
          <gpxtpx:TrackPointExtension>
            <gpxtpx:Extensions>
              <highway>path</highway>
              <sac_scale>demanding_mountain_hiking</sac_scale>
            </gpxtpx:Extensions>
          </gpxtpx:TrackPointExtension>
        </extensions>
      </trkpt>
      <trkpt lat="42.664371" lon="-0.06393">
        <ele>2172.442454591401</ele>
        <extensions>
          <gpxtpx:TrackPointExtension>
            <gpxtpx:Extensions>
              <highway>path</highway>
              <sac_scale>demanding_mountain_hiking</sac_scale>
            </gpxtpx:Extensions>
          </gpxtpx:TrackPointExtension>
        </extensions>
      </trkpt>
      <trkpt lat="42.66435" lon="-0.06396">
        <ele>2171.5573156833852</ele>
        <extensions>
          <gpxtpx:TrackPointExtension>
            <gpxtpx:Extensions>
              <highway>path</highway>
              <sac_scale>demanding_mountain_hiking</sac_scale>
            </gpxtpx:Extensions>
          </gpxtpx:TrackPointExtension>
        </extensions>
      </trkpt>
      <trkpt lat="42.664289" lon="-0.064004">
        <ele>2169.449915489646</ele>
        <extensions>
          <gpxtpx:TrackPointExtension>
            <gpxtpx:Extensions>
              <highway>path</highway>
              <sac_scale>demanding_mountain_hiking</sac_scale>
            </gpxtpx:Extensions>
          </gpxtpx:TrackPointExtension>
        </extensions>
      </trkpt>
      <trkpt lat="42.664292" lon="-0.064044">
        <ele>2169.306616726414</ele>
        <extensions>
          <gpxtpx:TrackPointExtension>
            <gpxtpx:Extensions>
              <highway>path</highway>
              <sac_scale>demanding_mountain_hiking</sac_scale>
            </gpxtpx:Extensions>
          </gpxtpx:TrackPointExtension>
        </extensions>
      </trkpt>
      <trkpt lat="42.664296" lon="-0.064087">
        <ele>2169.0087981176325</ele>
        <extensions>
          <gpxtpx:TrackPointExtension>
            <gpxtpx:Extensions>
              <highway>path</highway>
              <sac_scale>demanding_mountain_hiking</sac_scale>
            </gpxtpx:Extensions>
          </gpxtpx:TrackPointExtension>
        </extensions>
      </trkpt>
      <trkpt lat="42.664322" lon="-0.064165">
        <ele>2168.857084517813</ele>
        <extensions>
          <gpxtpx:TrackPointExtension>
            <gpxtpx:Extensions>
              <highway>path</highway>
              <sac_scale>demanding_mountain_hiking</sac_scale>
            </gpxtpx:Extensions>
          </gpxtpx:TrackPointExtension>
        </extensions>
      </trkpt>
      <trkpt lat="42.664318" lon="-0.064274">
        <ele>2166.5738309820863</ele>
        <extensions>
          <gpxtpx:TrackPointExtension>
            <gpxtpx:Extensions>
              <highway>path</highway>
              <sac_scale>demanding_mountain_hiking</sac_scale>
            </gpxtpx:Extensions>
          </gpxtpx:TrackPointExtension>
        </extensions>
      </trkpt>
      <trkpt lat="42.664279" lon="-0.064311">
        <ele>2164.7218486685024</ele>
        <extensions>
          <gpxtpx:TrackPointExtension>
            <gpxtpx:Extensions>
              <highway>path</highway>
              <sac_scale>demanding_mountain_hiking</sac_scale>
            </gpxtpx:Extensions>
          </gpxtpx:TrackPointExtension>
        </extensions>
      </trkpt>
      <trkpt lat="42.664283" lon="-0.064352">
        <ele>2163.7616023532596</ele>
        <extensions>
          <gpxtpx:TrackPointExtension>
            <gpxtpx:Extensions>
              <highway>path</highway>
              <sac_scale>demanding_mountain_hiking</sac_scale>
            </gpxtpx:Extensions>
          </gpxtpx:TrackPointExtension>
        </extensions>
      </trkpt>
      <trkpt lat="42.664253" lon="-0.064355">
        <ele>2162.8420076189286</ele>
        <extensions>
          <gpxtpx:TrackPointExtension>
            <gpxtpx:Extensions>
              <highway>path</highway>
              <sac_scale>demanding_mountain_hiking</sac_scale>
            </gpxtpx:Extensions>
          </gpxtpx:TrackPointExtension>
        </extensions>
      </trkpt>
      <trkpt lat="42.664238" lon="-0.064389">
        <ele>2161.4760382600903</ele>
        <extensions>
          <gpxtpx:TrackPointExtension>
            <gpxtpx:Extensions>
              <highway>path</highway>
              <sac_scale>demanding_mountain_hiking</sac_scale>
            </gpxtpx:Extensions>
          </gpxtpx:TrackPointExtension>
        </extensions>
      </trkpt>
      <trkpt lat="42.664172" lon="-0.064405">
        <ele>2158.554348819648</ele>
        <extensions>
          <gpxtpx:TrackPointExtension>
            <gpxtpx:Extensions>
              <highway>path</highway>
              <sac_scale>demanding_mountain_hiking</sac_scale>
            </gpxtpx:Extensions>
          </gpxtpx:TrackPointExtension>
        </extensions>
      </trkpt>
      <trkpt lat="42.664054" lon="-0.064384">
        <ele>2153.790094287469</ele>
        <extensions>
          <gpxtpx:TrackPointExtension>
            <gpxtpx:Extensions>
              <highway>path</highway>
              <sac_scale>demanding_mountain_hiking</sac_scale>
            </gpxtpx:Extensions>
          </gpxtpx:TrackPointExtension>
        </extensions>
      </trkpt>
      <trkpt lat="42.664" lon="-0.064399">
        <ele>2150.5036687122397</ele>
        <extensions>
          <gpxtpx:TrackPointExtension>
            <gpxtpx:Extensions>
              <highway>path</highway>
              <sac_scale>demanding_mountain_hiking</sac_scale>
            </gpxtpx:Extensions>
          </gpxtpx:TrackPointExtension>
        </extensions>
      </trkpt>
      <trkpt lat="42.663993" lon="-0.06444">
        <ele>2148.863716892079</ele>
        <extensions>
          <gpxtpx:TrackPointExtension>
            <gpxtpx:Extensions>
              <highway>path</highway>
              <sac_scale>demanding_mountain_hiking</sac_scale>
            </gpxtpx:Extensions>
          </gpxtpx:TrackPointExtension>
        </extensions>
      </trkpt>
      <trkpt lat="42.663951" lon="-0.064454">
        <ele>2145.7764669554263</ele>
        <extensions>
          <gpxtpx:TrackPointExtension>
            <gpxtpx:Extensions>
              <highway>path</highway>
              <sac_scale>demanding_mountain_hiking</sac_scale>
            </gpxtpx:Extensions>
          </gpxtpx:TrackPointExtension>
        </extensions>
      </trkpt>
      <trkpt lat="42.663916" lon="-0.06444">
        <ele>2143.6721731115595</ele>
        <extensions>
          <gpxtpx:TrackPointExtension>
            <gpxtpx:Extensions>
              <highway>path</highway>
              <sac_scale>demanding_mountain_hiking</sac_scale>
            </gpxtpx:Extensions>
          </gpxtpx:TrackPointExtension>
        </extensions>
      </trkpt>
      <trkpt lat="42.663844" lon="-0.064449">
        <ele>2139.564331791954</ele>
        <extensions>
          <gpxtpx:TrackPointExtension>
            <gpxtpx:Extensions>
              <highway>path</highway>
              <sac_scale>demanding_mountain_hiking</sac_scale>
            </gpxtpx:Extensions>
          </gpxtpx:TrackPointExtension>
        </extensions>
      </trkpt>
      <trkpt lat="42.66382" lon="-0.064437">
        <ele>2138.4135512786443</ele>
        <extensions>
          <gpxtpx:TrackPointExtension>
            <gpxtpx:Extensions>
              <highway>path</highway>
              <sac_scale>demanding_alpine_hiking</sac_scale>
            </gpxtpx:Extensions>
          </gpxtpx:TrackPointExtension>
        </extensions>
      </trkpt>
      <trkpt lat="42.66377" lon="-0.064441">
        <ele>2136.031383812304</ele>
        <extensions>
          <gpxtpx:TrackPointExtension>
            <gpxtpx:Extensions>
              <highway>path</highway>
              <sac_scale>demanding_alpine_hiking</sac_scale>
            </gpxtpx:Extensions>
          </gpxtpx:TrackPointExtension>
        </extensions>
      </trkpt>
      <trkpt lat="42.663734" lon="-0.064408">
        <ele>2132.965645089004</ele>
        <extensions>
          <gpxtpx:TrackPointExtension>
            <gpxtpx:Extensions>
              <highway>path</highway>
              <sac_scale>demanding_alpine_hiking</sac_scale>
            </gpxtpx:Extensions>
          </gpxtpx:TrackPointExtension>
        </extensions>
      </trkpt>
      <trkpt lat="42.663727" lon="-0.064376">
        <ele>2132.6916449564173</ele>
        <extensions>
          <gpxtpx:TrackPointExtension>
            <gpxtpx:Extensions>
              <highway>path</highway>
              <sac_scale>demanding_alpine_hiking</sac_scale>
            </gpxtpx:Extensions>
          </gpxtpx:TrackPointExtension>
        </extensions>
      </trkpt>
      <trkpt lat="42.663747" lon="-0.064356">
        <ele>2134.0134705379796</ele>
        <extensions>
          <gpxtpx:TrackPointExtension>
            <gpxtpx:Extensions>
              <highway>path</highway>
              <sac_scale>demanding_alpine_hiking</sac_scale>
            </gpxtpx:Extensions>
          </gpxtpx:TrackPointExtension>
        </extensions>
      </trkpt>
      <trkpt lat="42.663726" lon="-0.064283">
        <ele>2131.628747251119</ele>
        <extensions>
          <gpxtpx:TrackPointExtension>
            <gpxtpx:Extensions>
              <highway>path</highway>
              <sac_scale>demanding_alpine_hiking</sac_scale>
            </gpxtpx:Extensions>
          </gpxtpx:TrackPointExtension>
        </extensions>
      </trkpt>
      <trkpt lat="42.663666" lon="-0.064249">
        <ele>2126.4026210466614</ele>
        <extensions>
          <gpxtpx:TrackPointExtension>
            <gpxtpx:Extensions>
              <highway>path</highway>
              <sac_scale>demanding_alpine_hiking</sac_scale>
            </gpxtpx:Extensions>
          </gpxtpx:TrackPointExtension>
        </extensions>
      </trkpt>
      <trkpt lat="42.663638" lon="-0.064181">
        <ele>2123.2455446919603</ele>
        <extensions>
          <gpxtpx:TrackPointExtension>
            <gpxtpx:Extensions>
              <highway>path</highway>
              <sac_scale>demanding_alpine_hiking</sac_scale>
            </gpxtpx:Extensions>
          </gpxtpx:TrackPointExtension>
        </extensions>
      </trkpt>
      <trkpt lat="42.663616" lon="-0.064184">
        <ele>2121.232850214153</ele>
        <extensions>
          <gpxtpx:TrackPointExtension>
            <gpxtpx:Extensions>
              <highway>path</highway>
              <sac_scale>demanding_alpine_hiking</sac_scale>
            </gpxtpx:Extensions>
          </gpxtpx:TrackPointExtension>
        </extensions>
      </trkpt>
      <trkpt lat="42.663596" lon="-0.064216">
        <ele>2119.5773832301857</ele>
        <extensions>
          <gpxtpx:TrackPointExtension>
            <gpxtpx:Extensions>
              <highway>path</highway>
              <sac_scale>demanding_alpine_hiking</sac_scale>
            </gpxtpx:Extensions>
          </gpxtpx:TrackPointExtension>
        </extensions>
      </trkpt>
      <trkpt lat="42.663552" lon="-0.064229">
        <ele>2115.331807532226</ele>
        <extensions>
          <gpxtpx:TrackPointExtension>
            <gpxtpx:Extensions>
              <highway>path</highway>
              <sac_scale>demanding_alpine_hiking</sac_scale>
            </gpxtpx:Extensions>
          </gpxtpx:TrackPointExtension>
        </extensions>
      </trkpt>
      <trkpt lat="42.663521" lon="-0.064186">
        <ele>2112.0589290572725</ele>
        <extensions>
          <gpxtpx:TrackPointExtension>
            <gpxtpx:Extensions>
              <highway>path</highway>
              <sac_scale>demanding_alpine_hiking</sac_scale>
            </gpxtpx:Extensions>
          </gpxtpx:TrackPointExtension>
        </extensions>
      </trkpt>
      <trkpt lat="42.663504" lon="-0.064236">
        <ele>2110.5183052174775</ele>
        <extensions>
          <gpxtpx:TrackPointExtension>
            <gpxtpx:Extensions>
              <highway>path</highway>
              <sac_scale>demanding_alpine_hiking</sac_scale>
            </gpxtpx:Extensions>
          </gpxtpx:TrackPointExtension>
        </extensions>
      </trkpt>
      <trkpt lat="42.663433" lon="-0.064251">
        <ele>2105.791872675191</ele>
        <extensions>
          <gpxtpx:TrackPointExtension>
            <gpxtpx:Extensions>
              <highway>path</highway>
              <sac_scale>demanding_alpine_hiking</sac_scale>
            </gpxtpx:Extensions>
          </gpxtpx:TrackPointExtension>
        </extensions>
      </trkpt>
      <trkpt lat="42.663382" lon="-0.064243">
        <ele>2102.4344456716917</ele>
        <extensions>
          <gpxtpx:TrackPointExtension>
            <gpxtpx:Extensions>
              <highway>path</highway>
              <sac_scale>demanding_alpine_hiking</sac_scale>
            </gpxtpx:Extensions>
          </gpxtpx:TrackPointExtension>
        </extensions>
      </trkpt>
      <trkpt lat="42.663351" lon="-0.06426">
        <ele>2100.282426029126</ele>
        <extensions>
          <gpxtpx:TrackPointExtension>
            <gpxtpx:Extensions>
              <highway>path</highway>
              <sac_scale>demanding_alpine_hiking</sac_scale>
            </gpxtpx:Extensions>
          </gpxtpx:TrackPointExtension>
        </extensions>
      </trkpt>
      <trkpt lat="42.663338" lon="-0.064247">
        <ele>2099.427476078684</ele>
        <extensions>
          <gpxtpx:TrackPointExtension>
            <gpxtpx:Extensions>
              <highway>path</highway>
              <sac_scale>demanding_alpine_hiking</sac_scale>
            </gpxtpx:Extensions>
          </gpxtpx:TrackPointExtension>
        </extensions>
      </trkpt>
      <trkpt lat="42.663336" lon="-0.064201">
        <ele>2099.365791118286</ele>
        <extensions>
          <gpxtpx:TrackPointExtension>
            <gpxtpx:Extensions>
              <highway>path</highway>
              <sac_scale>demanding_alpine_hiking</sac_scale>
            </gpxtpx:Extensions>
          </gpxtpx:TrackPointExtension>
        </extensions>
      </trkpt>
      <trkpt lat="42.663307" lon="-0.064143">
        <ele>2094.9860159859736</ele>
        <extensions>
          <gpxtpx:TrackPointExtension>
            <gpxtpx:Extensions>
              <highway>path</highway>
              <sac_scale>demanding_alpine_hiking</sac_scale>
            </gpxtpx:Extensions>
          </gpxtpx:TrackPointExtension>
        </extensions>
      </trkpt>
      <trkpt lat="42.663289" lon="-0.06416">
        <ele>2094.131691399126</ele>
        <extensions>
          <gpxtpx:TrackPointExtension>
            <gpxtpx:Extensions>
              <highway>path</highway>
              <sac_scale>demanding_alpine_hiking</sac_scale>
            </gpxtpx:Extensions>
          </gpxtpx:TrackPointExtension>
        </extensions>
      </trkpt>
      <trkpt lat="42.663269" lon="-0.064158">
        <ele>2092.3095666421555</ele>
        <extensions>
          <gpxtpx:TrackPointExtension>
            <gpxtpx:Extensions>
              <highway>path</highway>
              <sac_scale>demanding_alpine_hiking</sac_scale>
            </gpxtpx:Extensions>
          </gpxtpx:TrackPointExtension>
        </extensions>
      </trkpt>
      <trkpt lat="42.663231" lon="-0.064177">
        <ele>2088.485685673878</ele>
        <extensions>
          <gpxtpx:TrackPointExtension>
            <gpxtpx:Extensions>
              <highway>path</highway>
              <sac_scale>demanding_alpine_hiking</sac_scale>
            </gpxtpx:Extensions>
          </gpxtpx:TrackPointExtension>
        </extensions>
      </trkpt>
      <trkpt lat="42.663201" lon="-0.064219">
        <ele>2085.4845128131415</ele>
        <extensions>
          <gpxtpx:TrackPointExtension>
            <gpxtpx:Extensions>
              <highway>path</highway>
              <sac_scale>demanding_alpine_hiking</sac_scale>
            </gpxtpx:Extensions>
          </gpxtpx:TrackPointExtension>
        </extensions>
      </trkpt>
      <trkpt lat="42.663146" lon="-0.064265">
        <ele>2078.8254639942816</ele>
        <extensions>
          <gpxtpx:TrackPointExtension>
            <gpxtpx:Extensions>
              <highway>path</highway>
              <sac_scale>demanding_alpine_hiking</sac_scale>
            </gpxtpx:Extensions>
          </gpxtpx:TrackPointExtension>
        </extensions>
      </trkpt>
      <trkpt lat="42.663122" lon="-0.064305">
        <ele>2077.690124783329</ele>
        <extensions>
          <gpxtpx:TrackPointExtension>
            <gpxtpx:Extensions>
              <highway>path</highway>
              <sac_scale>demanding_alpine_hiking</sac_scale>
            </gpxtpx:Extensions>
          </gpxtpx:TrackPointExtension>
        </extensions>
      </trkpt>
      <trkpt lat="42.66307" lon="-0.064293">
        <ele>2070.885931383722</ele>
        <extensions>
          <gpxtpx:TrackPointExtension>
            <gpxtpx:Extensions>
              <highway>path</highway>
              <sac_scale>demanding_alpine_hiking</sac_scale>
            </gpxtpx:Extensions>
          </gpxtpx:TrackPointExtension>
        </extensions>
      </trkpt>
      <trkpt lat="42.663015" lon="-0.064295">
        <ele>2064.4791696987</ele>
        <extensions>
          <gpxtpx:TrackPointExtension>
            <gpxtpx:Extensions>
              <highway>path</highway>
              <sac_scale>demanding_alpine_hiking</sac_scale>
            </gpxtpx:Extensions>
          </gpxtpx:TrackPointExtension>
        </extensions>
      </trkpt>
      <trkpt lat="42.662972" lon="-0.064309">
        <ele>2060.3814559161483</ele>
        <extensions>
          <gpxtpx:TrackPointExtension>
            <gpxtpx:Extensions>
              <highway>path</highway>
              <sac_scale>demanding_alpine_hiking</sac_scale>
            </gpxtpx:Extensions>
          </gpxtpx:TrackPointExtension>
        </extensions>
      </trkpt>
      <trkpt lat="42.66296" lon="-0.064295">
        <ele>2058.4024695229114</ele>
        <extensions>
          <gpxtpx:TrackPointExtension>
            <gpxtpx:Extensions>
              <highway>path</highway>
              <sac_scale>demanding_alpine_hiking</sac_scale>
            </gpxtpx:Extensions>
          </gpxtpx:TrackPointExtension>
        </extensions>
      </trkpt>
      <trkpt lat="42.662964" lon="-0.064255">
        <ele>2056.8931550370244</ele>
        <extensions>
          <gpxtpx:TrackPointExtension>
            <gpxtpx:Extensions>
              <highway>path</highway>
              <sac_scale>demanding_alpine_hiking</sac_scale>
            </gpxtpx:Extensions>
          </gpxtpx:TrackPointExtension>
        </extensions>
      </trkpt>
      <trkpt lat="42.663008" lon="-0.064165">
        <ele>2056.8129793150215</ele>
        <extensions>
          <gpxtpx:TrackPointExtension>
            <gpxtpx:Extensions>
              <highway>path</highway>
              <sac_scale>demanding_alpine_hiking</sac_scale>
            </gpxtpx:Extensions>
          </gpxtpx:TrackPointExtension>
        </extensions>
      </trkpt>
      <trkpt lat="42.663016" lon="-0.064065">
        <ele>2052.309400966389</ele>
        <extensions>
          <gpxtpx:TrackPointExtension>
            <gpxtpx:Extensions>
              <highway>path</highway>
              <sac_scale>demanding_alpine_hiking</sac_scale>
            </gpxtpx:Extensions>
          </gpxtpx:TrackPointExtension>
        </extensions>
      </trkpt>
      <trkpt lat="42.66301" lon="-0.064036">
        <ele>2050.337373945801</ele>
        <extensions>
          <gpxtpx:TrackPointExtension>
            <gpxtpx:Extensions>
              <highway>path</highway>
              <sac_scale>demanding_alpine_hiking</sac_scale>
            </gpxtpx:Extensions>
          </gpxtpx:TrackPointExtension>
        </extensions>
      </trkpt>
      <trkpt lat="42.662994" lon="-0.064033">
        <ele>2049.008262686285</ele>
        <extensions>
          <gpxtpx:TrackPointExtension>
            <gpxtpx:Extensions>
              <highway>path</highway>
              <sac_scale>demanding_alpine_hiking</sac_scale>
            </gpxtpx:Extensions>
          </gpxtpx:TrackPointExtension>
        </extensions>
      </trkpt>
      <trkpt lat="42.662929" lon="-0.064064">
        <ele>2044.8978066751167</ele>
        <extensions>
          <gpxtpx:TrackPointExtension>
            <gpxtpx:Extensions>
              <highway>path</highway>
              <sac_scale>demanding_alpine_hiking</sac_scale>
            </gpxtpx:Extensions>
          </gpxtpx:TrackPointExtension>
        </extensions>
      </trkpt>
      <trkpt lat="42.662832" lon="-0.064273">
        <ele>2043.6838304008772</ele>
        <extensions>
          <gpxtpx:TrackPointExtension>
            <gpxtpx:Extensions>
              <highway>path</highway>
              <sac_scale>demanding_alpine_hiking</sac_scale>
            </gpxtpx:Extensions>
          </gpxtpx:TrackPointExtension>
        </extensions>
      </trkpt>
      <trkpt lat="42.662826" lon="-0.064339">
        <ele>2044.8826807352827</ele>
        <extensions>
          <gpxtpx:TrackPointExtension>
            <gpxtpx:Extensions>
              <highway>path</highway>
              <sac_scale>demanding_alpine_hiking</sac_scale>
            </gpxtpx:Extensions>
          </gpxtpx:TrackPointExtension>
        </extensions>
      </trkpt>
      <trkpt lat="42.662866" lon="-0.064415">
        <ele>2050.0179277858488</ele>
        <extensions>
          <gpxtpx:TrackPointExtension>
            <gpxtpx:Extensions>
              <highway>path</highway>
              <sac_scale>demanding_alpine_hiking</sac_scale>
            </gpxtpx:Extensions>
          </gpxtpx:TrackPointExtension>
        </extensions>
      </trkpt>
      <trkpt lat="42.662964" lon="-0.0644">
        <ele>2060.6711392007282</ele>
        <extensions>
          <gpxtpx:TrackPointExtension>
            <gpxtpx:Extensions>
              <highway>path</highway>
              <sac_scale>demanding_alpine_hiking</sac_scale>
            </gpxtpx:Extensions>
          </gpxtpx:TrackPointExtension>
        </extensions>
      </trkpt>
      <trkpt lat="42.663052" lon="-0.064405">
        <ele>2069.2873020576976</ele>
        <extensions>
          <gpxtpx:TrackPointExtension>
            <gpxtpx:Extensions>
              <highway>path</highway>
              <sac_scale>demanding_alpine_hiking</sac_scale>
            </gpxtpx:Extensions>
          </gpxtpx:TrackPointExtension>
        </extensions>
      </trkpt>
      <trkpt lat="42.663241" lon="-0.06451">
        <ele>2069.4002560967956</ele>
        <extensions>
          <gpxtpx:TrackPointExtension>
            <gpxtpx:Extensions>
              <highway>path</highway>
              <sac_scale>demanding_alpine_hiking</sac_scale>
            </gpxtpx:Extensions>
          </gpxtpx:TrackPointExtension>
        </extensions>
      </trkpt>
      <trkpt lat="42.663561" lon="-0.064629">
        <ele>2075.172146242327</ele>
        <extensions>
          <gpxtpx:TrackPointExtension>
            <gpxtpx:Extensions>
              <highway>path</highway>
              <sac_scale>demanding_alpine_hiking</sac_scale>
            </gpxtpx:Extensions>
          </gpxtpx:TrackPointExtension>
        </extensions>
      </trkpt>
      <trkpt lat="42.663662" lon="-0.064691">
        <ele>2072.694220589059</ele>
        <extensions>
          <gpxtpx:TrackPointExtension>
            <gpxtpx:Extensions>
              <highway>path</highway>
              <sac_scale>demanding_alpine_hiking</sac_scale>
            </gpxtpx:Extensions>
          </gpxtpx:TrackPointExtension>
        </extensions>
      </trkpt>
      <trkpt lat="42.663732" lon="-0.064749">
        <ele>2074.880475844313</ele>
        <extensions>
          <gpxtpx:TrackPointExtension>
            <gpxtpx:Extensions>
              <highway>path</highway>
              <sac_scale>alpine_hiking</sac_scale>
            </gpxtpx:Extensions>
          </gpxtpx:TrackPointExtension>
        </extensions>
      </trkpt>
      <trkpt lat="42.663405" lon="-0.065015">
        <ele>2026.5133001449235</ele>
        <extensions>
          <gpxtpx:TrackPointExtension>
            <gpxtpx:Extensions>
              <highway>path</highway>
              <sac_scale>alpine_hiking</sac_scale>
            </gpxtpx:Extensions>
          </gpxtpx:TrackPointExtension>
        </extensions>
      </trkpt>
      <trkpt lat="42.663326" lon="-0.065042">
        <ele>2019.501990638604</ele>
        <extensions>
          <gpxtpx:TrackPointExtension>
            <gpxtpx:Extensions>
              <highway>path</highway>
              <sac_scale>alpine_hiking</sac_scale>
            </gpxtpx:Extensions>
          </gpxtpx:TrackPointExtension>
        </extensions>
      </trkpt>
      <trkpt lat="42.663275" lon="-0.064975">
        <ele>2021.4502025461825</ele>
        <extensions>
          <gpxtpx:TrackPointExtension>
            <gpxtpx:Extensions>
              <highway>path</highway>
              <sac_scale>alpine_hiking</sac_scale>
            </gpxtpx:Extensions>
          </gpxtpx:TrackPointExtension>
        </extensions>
      </trkpt>
      <trkpt lat="42.663147" lon="-0.064851">
        <ele>2022.6143955202704</ele>
        <extensions>
          <gpxtpx:TrackPointExtension>
            <gpxtpx:Extensions>
              <highway>path</highway>
              <sac_scale>alpine_hiking</sac_scale>
            </gpxtpx:Extensions>
          </gpxtpx:TrackPointExtension>
        </extensions>
      </trkpt>
      <trkpt lat="42.663017" lon="-0.064777">
        <ele>2021.1830846154162</ele>
        <extensions>
          <gpxtpx:TrackPointExtension>
            <gpxtpx:Extensions>
              <highway>path</highway>
              <sac_scale>alpine_hiking</sac_scale>
            </gpxtpx:Extensions>
          </gpxtpx:TrackPointExtension>
        </extensions>
      </trkpt>
      <trkpt lat="42.662906" lon="-0.06473">
        <ele>2015.7036942865182</ele>
        <extensions>
          <gpxtpx:TrackPointExtension>
            <gpxtpx:Extensions>
              <highway>path</highway>
              <sac_scale>alpine_hiking</sac_scale>
            </gpxtpx:Extensions>
          </gpxtpx:TrackPointExtension>
        </extensions>
      </trkpt>
      <trkpt lat="42.662823" lon="-0.06467">
        <ele>2017.2078804976672</ele>
        <extensions>
          <gpxtpx:TrackPointExtension>
            <gpxtpx:Extensions>
              <highway>path</highway>
              <sac_scale>alpine_hiking</sac_scale>
            </gpxtpx:Extensions>
          </gpxtpx:TrackPointExtension>
        </extensions>
      </trkpt>
      <trkpt lat="42.66265" lon="-0.06458">
        <ele>2004.160493432808</ele>
        <extensions>
          <gpxtpx:TrackPointExtension>
            <gpxtpx:Extensions>
              <highway>path</highway>
              <sac_scale>alpine_hiking</sac_scale>
            </gpxtpx:Extensions>
          </gpxtpx:TrackPointExtension>
        </extensions>
      </trkpt>
      <trkpt lat="42.662589" lon="-0.064503">
        <ele>2000.4711163189015</ele>
        <extensions>
          <gpxtpx:TrackPointExtension>
            <gpxtpx:Extensions>
              <highway>path</highway>
              <sac_scale>alpine_hiking</sac_scale>
            </gpxtpx:Extensions>
          </gpxtpx:TrackPointExtension>
        </extensions>
      </trkpt>
      <trkpt lat="42.662557" lon="-0.064225">
        <ele>2007.3567226679836</ele>
        <extensions>
          <gpxtpx:TrackPointExtension>
            <gpxtpx:Extensions>
              <highway>path</highway>
              <sac_scale>alpine_hiking</sac_scale>
            </gpxtpx:Extensions>
          </gpxtpx:TrackPointExtension>
        </extensions>
      </trkpt>
      <trkpt lat="42.662563" lon="-0.063989">
        <ele>2005.8057035179716</ele>
        <extensions>
          <gpxtpx:TrackPointExtension>
            <gpxtpx:Extensions>
              <highway>path</highway>
              <sac_scale>alpine_hiking</sac_scale>
            </gpxtpx:Extensions>
          </gpxtpx:TrackPointExtension>
        </extensions>
      </trkpt>
      <trkpt lat="42.662557" lon="-0.064225">
        <ele>2007.3567226679836</ele>
        <extensions>
          <gpxtpx:TrackPointExtension>
            <gpxtpx:Extensions>
              <highway>path</highway>
              <sac_scale>alpine_hiking</sac_scale>
            </gpxtpx:Extensions>
          </gpxtpx:TrackPointExtension>
        </extensions>
      </trkpt>
      <trkpt lat="42.662589" lon="-0.064503">
        <ele>2000.4711163189015</ele>
        <extensions>
          <gpxtpx:TrackPointExtension>
            <gpxtpx:Extensions>
              <highway>path</highway>
              <sac_scale>alpine_hiking</sac_scale>
            </gpxtpx:Extensions>
          </gpxtpx:TrackPointExtension>
        </extensions>
      </trkpt>
      <trkpt lat="42.66265" lon="-0.06458">
        <ele>2004.160493432808</ele>
        <extensions>
          <gpxtpx:TrackPointExtension>
            <gpxtpx:Extensions>
              <highway>path</highway>
              <sac_scale>alpine_hiking</sac_scale>
            </gpxtpx:Extensions>
          </gpxtpx:TrackPointExtension>
        </extensions>
      </trkpt>
      <trkpt lat="42.662823" lon="-0.06467">
        <ele>2017.2078804976672</ele>
        <extensions>
          <gpxtpx:TrackPointExtension>
            <gpxtpx:Extensions>
              <highway>path</highway>
              <sac_scale>alpine_hiking</sac_scale>
            </gpxtpx:Extensions>
          </gpxtpx:TrackPointExtension>
        </extensions>
      </trkpt>
      <trkpt lat="42.662906" lon="-0.06473">
        <ele>2015.7036942865182</ele>
        <extensions>
          <gpxtpx:TrackPointExtension>
            <gpxtpx:Extensions>
              <highway>path</highway>
              <sac_scale>alpine_hiking</sac_scale>
            </gpxtpx:Extensions>
          </gpxtpx:TrackPointExtension>
        </extensions>
      </trkpt>
      <trkpt lat="42.663017" lon="-0.064777">
        <ele>2021.1830846154162</ele>
        <extensions>
          <gpxtpx:TrackPointExtension>
            <gpxtpx:Extensions>
              <highway>path</highway>
              <sac_scale>alpine_hiking</sac_scale>
            </gpxtpx:Extensions>
          </gpxtpx:TrackPointExtension>
        </extensions>
      </trkpt>
      <trkpt lat="42.663147" lon="-0.064851">
        <ele>2022.6143955202704</ele>
        <extensions>
          <gpxtpx:TrackPointExtension>
            <gpxtpx:Extensions>
              <highway>path</highway>
              <sac_scale>alpine_hiking</sac_scale>
            </gpxtpx:Extensions>
          </gpxtpx:TrackPointExtension>
        </extensions>
      </trkpt>
      <trkpt lat="42.663275" lon="-0.064975">
        <ele>2021.4502025461825</ele>
        <extensions>
          <gpxtpx:TrackPointExtension>
            <gpxtpx:Extensions>
              <highway>path</highway>
              <sac_scale>alpine_hiking</sac_scale>
            </gpxtpx:Extensions>
          </gpxtpx:TrackPointExtension>
        </extensions>
      </trkpt>
      <trkpt lat="42.663326" lon="-0.065042">
        <ele>2019.501990638604</ele>
        <extensions>
          <gpxtpx:TrackPointExtension>
            <gpxtpx:Extensions>
              <highway>path</highway>
              <sac_scale>alpine_hiking</sac_scale>
            </gpxtpx:Extensions>
          </gpxtpx:TrackPointExtension>
        </extensions>
      </trkpt>
      <trkpt lat="42.663356" lon="-0.065164">
        <ele>2016.4461525449863</ele>
        <extensions>
          <gpxtpx:TrackPointExtension>
            <gpxtpx:Extensions>
              <highway>path</highway>
              <sac_scale>alpine_hiking</sac_scale>
            </gpxtpx:Extensions>
          </gpxtpx:TrackPointExtension>
        </extensions>
      </trkpt>
      <trkpt lat="42.663341" lon="-0.065229">
        <ele>2013.085261944489</ele>
        <extensions>
          <gpxtpx:TrackPointExtension>
            <gpxtpx:Extensions>
              <highway>path</highway>
              <sac_scale>alpine_hiking</sac_scale>
            </gpxtpx:Extensions>
          </gpxtpx:TrackPointExtension>
        </extensions>
      </trkpt>
      <trkpt lat="42.66336" lon="-0.065392">
        <ele>2012.2740130392758</ele>
        <extensions>
          <gpxtpx:TrackPointExtension>
            <gpxtpx:Extensions>
              <highway>path</highway>
              <sac_scale>alpine_hiking</sac_scale>
            </gpxtpx:Extensions>
          </gpxtpx:TrackPointExtension>
        </extensions>
      </trkpt>
      <trkpt lat="42.663348" lon="-0.065531">
        <ele>2009.4676861993814</ele>
        <extensions>
          <gpxtpx:TrackPointExtension>
            <gpxtpx:Extensions>
              <highway>path</highway>
              <sac_scale>alpine_hiking</sac_scale>
            </gpxtpx:Extensions>
          </gpxtpx:TrackPointExtension>
        </extensions>
      </trkpt>
      <trkpt lat="42.663512" lon="-0.06589">
        <ele>2008.5997519414896</ele>
        <extensions>
          <gpxtpx:TrackPointExtension>
            <gpxtpx:Extensions>
              <highway>path</highway>
              <sac_scale>alpine_hiking</sac_scale>
            </gpxtpx:Extensions>
          </gpxtpx:TrackPointExtension>
        </extensions>
      </trkpt>
      <trkpt lat="42.663518" lon="-0.066078">
        <ele>2003.084635446269</ele>
        <extensions>
          <gpxtpx:TrackPointExtension>
            <gpxtpx:Extensions>
              <highway>path</highway>
              <sac_scale>alpine_hiking</sac_scale>
            </gpxtpx:Extensions>
          </gpxtpx:TrackPointExtension>
        </extensions>
      </trkpt>
      <trkpt lat="42.663551" lon="-0.06628">
        <ele>2002.2887078012068</ele>
        <extensions>
          <gpxtpx:TrackPointExtension>
            <gpxtpx:Extensions>
              <highway>path</highway>
              <sac_scale>alpine_hiking</sac_scale>
            </gpxtpx:Extensions>
          </gpxtpx:TrackPointExtension>
        </extensions>
      </trkpt>
      <trkpt lat="42.663506" lon="-0.066318">
        <ele>1998.7542571118224</ele>
        <extensions>
          <gpxtpx:TrackPointExtension>
            <gpxtpx:Extensions>
              <highway>path</highway>
              <sac_scale>alpine_hiking</sac_scale>
            </gpxtpx:Extensions>
          </gpxtpx:TrackPointExtension>
        </extensions>
      </trkpt>
      <trkpt lat="42.663484" lon="-0.066301">
        <ele>1997.3036140503739</ele>
        <extensions>
          <gpxtpx:TrackPointExtension>
            <gpxtpx:Extensions>
              <highway>path</highway>
              <sac_scale>alpine_hiking</sac_scale>
            </gpxtpx:Extensions>
          </gpxtpx:TrackPointExtension>
        </extensions>
      </trkpt>
      <trkpt lat="42.663433" lon="-0.066328">
        <ele>1993.469501522723</ele>
        <extensions>
          <gpxtpx:TrackPointExtension>
            <gpxtpx:Extensions>
              <highway>path</highway>
              <sac_scale>alpine_hiking</sac_scale>
            </gpxtpx:Extensions>
          </gpxtpx:TrackPointExtension>
        </extensions>
      </trkpt>
      <trkpt lat="42.663413" lon="-0.066305">
        <ele>1992.199819378823</ele>
        <extensions>
          <gpxtpx:TrackPointExtension>
            <gpxtpx:Extensions>
              <highway>path</highway>
              <sac_scale>alpine_hiking</sac_scale>
            </gpxtpx:Extensions>
          </gpxtpx:TrackPointExtension>
        </extensions>
      </trkpt>
      <trkpt lat="42.66338" lon="-0.066412">
        <ele>1989.1215193232558</ele>
        <extensions>
          <gpxtpx:TrackPointExtension>
            <gpxtpx:Extensions>
              <highway>path</highway>
              <sac_scale>alpine_hiking</sac_scale>
            </gpxtpx:Extensions>
          </gpxtpx:TrackPointExtension>
        </extensions>
      </trkpt>
      <trkpt lat="42.663324" lon="-0.066373">
        <ele>1985.0267945409</ele>
        <extensions>
          <gpxtpx:TrackPointExtension>
            <gpxtpx:Extensions>
              <highway>path</highway>
              <sac_scale>alpine_hiking</sac_scale>
            </gpxtpx:Extensions>
          </gpxtpx:TrackPointExtension>
        </extensions>
      </trkpt>
      <trkpt lat="42.663267" lon="-0.066271">
        <ele>1981.3847984986523</ele>
        <extensions>
          <gpxtpx:TrackPointExtension>
            <gpxtpx:Extensions>
              <highway>path</highway>
              <sac_scale>alpine_hiking</sac_scale>
            </gpxtpx:Extensions>
          </gpxtpx:TrackPointExtension>
        </extensions>
      </trkpt>
      <trkpt lat="42.6632" lon="-0.06636">
        <ele>1975.3174142279797</ele>
        <extensions>
          <gpxtpx:TrackPointExtension>
            <gpxtpx:Extensions>
              <highway>path</highway>
              <sac_scale>alpine_hiking</sac_scale>
            </gpxtpx:Extensions>
          </gpxtpx:TrackPointExtension>
        </extensions>
      </trkpt>
      <trkpt lat="42.663175" lon="-0.066346">
        <ele>1973.415319368416</ele>
        <extensions>
          <gpxtpx:TrackPointExtension>
            <gpxtpx:Extensions>
              <highway>path</highway>
              <sac_scale>alpine_hiking</sac_scale>
            </gpxtpx:Extensions>
          </gpxtpx:TrackPointExtension>
        </extensions>
      </trkpt>
      <trkpt lat="42.663141" lon="-0.066274">
        <ele>1971.2574496699633</ele>
        <extensions>
          <gpxtpx:TrackPointExtension>
            <gpxtpx:Extensions>
              <highway>path</highway>
              <sac_scale>alpine_hiking</sac_scale>
            </gpxtpx:Extensions>
          </gpxtpx:TrackPointExtension>
        </extensions>
      </trkpt>
      <trkpt lat="42.663084" lon="-0.066211">
        <ele>1966.4270322700531</ele>
        <extensions>
          <gpxtpx:TrackPointExtension>
            <gpxtpx:Extensions>
              <highway>path</highway>
              <sac_scale>alpine_hiking</sac_scale>
            </gpxtpx:Extensions>
          </gpxtpx:TrackPointExtension>
        </extensions>
      </trkpt>
      <trkpt lat="42.663036" lon="-0.066252">
        <ele>1961.98191739541</ele>
        <extensions>
          <gpxtpx:TrackPointExtension>
            <gpxtpx:Extensions>
              <highway>path</highway>
              <sac_scale>alpine_hiking</sac_scale>
            </gpxtpx:Extensions>
          </gpxtpx:TrackPointExtension>
        </extensions>
      </trkpt>
      <trkpt lat="42.663034" lon="-0.066306">
        <ele>1960.8884572269062</ele>
        <extensions>
          <gpxtpx:TrackPointExtension>
            <gpxtpx:Extensions>
              <highway>path</highway>
              <sac_scale>alpine_hiking</sac_scale>
            </gpxtpx:Extensions>
          </gpxtpx:TrackPointExtension>
        </extensions>
      </trkpt>
      <trkpt lat="42.663025" lon="-0.066319">
        <ele>1959.7391080966556</ele>
        <extensions>
          <gpxtpx:TrackPointExtension>
            <gpxtpx:Extensions>
              <highway>path</highway>
              <sac_scale>alpine_hiking</sac_scale>
            </gpxtpx:Extensions>
          </gpxtpx:TrackPointExtension>
        </extensions>
      </trkpt>
      <trkpt lat="42.662973" lon="-0.066291">
        <ele>1954.0246906024677</ele>
        <extensions>
          <gpxtpx:TrackPointExtension>
            <gpxtpx:Extensions>
              <highway>path</highway>
              <sac_scale>alpine_hiking</sac_scale>
            </gpxtpx:Extensions>
          </gpxtpx:TrackPointExtension>
        </extensions>
      </trkpt>
      <trkpt lat="42.662907" lon="-0.066235">
        <ele>1944.948354190457</ele>
        <extensions>
          <gpxtpx:TrackPointExtension>
            <gpxtpx:Extensions>
              <highway>path</highway>
              <sac_scale>alpine_hiking</sac_scale>
            </gpxtpx:Extensions>
          </gpxtpx:TrackPointExtension>
        </extensions>
      </trkpt>
      <trkpt lat="42.66287" lon="-0.066171">
        <ele>1940.1674121165202</ele>
        <extensions>
          <gpxtpx:TrackPointExtension>
            <gpxtpx:Extensions>
              <highway>path</highway>
              <sac_scale>alpine_hiking</sac_scale>
            </gpxtpx:Extensions>
          </gpxtpx:TrackPointExtension>
        </extensions>
      </trkpt>
      <trkpt lat="42.662885" lon="-0.066114">
        <ele>1942.6402792448348</ele>
        <extensions>
          <gpxtpx:TrackPointExtension>
            <gpxtpx:Extensions>
              <highway>path</highway>
              <sac_scale>alpine_hiking</sac_scale>
            </gpxtpx:Extensions>
          </gpxtpx:TrackPointExtension>
        </extensions>
      </trkpt>
      <trkpt lat="42.662847" lon="-0.06598">
        <ele>1943.5409673311644</ele>
        <extensions>
          <gpxtpx:TrackPointExtension>
            <gpxtpx:Extensions>
              <highway>path</highway>
              <sac_scale>alpine_hiking</sac_scale>
            </gpxtpx:Extensions>
          </gpxtpx:TrackPointExtension>
        </extensions>
      </trkpt>
      <trkpt lat="42.662826" lon="-0.066069">
        <ele>1937.8592433974209</ele>
        <extensions>
          <gpxtpx:TrackPointExtension>
            <gpxtpx:Extensions>
              <highway>path</highway>
              <sac_scale>alpine_hiking</sac_scale>
            </gpxtpx:Extensions>
          </gpxtpx:TrackPointExtension>
        </extensions>
      </trkpt>
      <trkpt lat="42.662787" lon="-0.066165">
        <ele>1933.2339312582499</ele>
        <extensions>
          <gpxtpx:TrackPointExtension>
            <gpxtpx:Extensions>
              <highway>path</highway>
              <sac_scale>alpine_hiking</sac_scale>
            </gpxtpx:Extensions>
          </gpxtpx:TrackPointExtension>
        </extensions>
      </trkpt>
      <trkpt lat="42.662782" lon="-0.066205">
        <ele>1932.5148910320702</ele>
        <extensions>
          <gpxtpx:TrackPointExtension>
            <gpxtpx:Extensions>
              <highway>path</highway>
              <sac_scale>alpine_hiking</sac_scale>
            </gpxtpx:Extensions>
          </gpxtpx:TrackPointExtension>
        </extensions>
      </trkpt>
      <trkpt lat="42.662811" lon="-0.066244">
        <ele>1934.6319288494062</ele>
        <extensions>
          <gpxtpx:TrackPointExtension>
            <gpxtpx:Extensions>
              <highway>path</highway>
              <sac_scale>alpine_hiking</sac_scale>
            </gpxtpx:Extensions>
          </gpxtpx:TrackPointExtension>
        </extensions>
      </trkpt>
      <trkpt lat="42.662814" lon="-0.066295">
        <ele>1934.250511862098</ele>
        <extensions>
          <gpxtpx:TrackPointExtension>
            <gpxtpx:Extensions>
              <highway>path</highway>
              <sac_scale>alpine_hiking</sac_scale>
            </gpxtpx:Extensions>
          </gpxtpx:TrackPointExtension>
        </extensions>
      </trkpt>
      <trkpt lat="42.662775" lon="-0.066379">
        <ele>1929.8608135717473</ele>
        <extensions>
          <gpxtpx:TrackPointExtension>
            <gpxtpx:Extensions>
              <highway>path</highway>
              <sac_scale>alpine_hiking</sac_scale>
            </gpxtpx:Extensions>
          </gpxtpx:TrackPointExtension>
        </extensions>
      </trkpt>
      <trkpt lat="42.662749" lon="-0.066471">
        <ele>1926.6959589541323</ele>
        <extensions>
          <gpxtpx:TrackPointExtension>
            <gpxtpx:Extensions>
              <highway>path</highway>
              <sac_scale>alpine_hiking</sac_scale>
            </gpxtpx:Extensions>
          </gpxtpx:TrackPointExtension>
        </extensions>
      </trkpt>
      <trkpt lat="42.662751" lon="-0.066739">
        <ele>1923.8653561156675</ele>
        <extensions>
          <gpxtpx:TrackPointExtension>
            <gpxtpx:Extensions>
              <highway>path</highway>
              <sac_scale>alpine_hiking</sac_scale>
            </gpxtpx:Extensions>
          </gpxtpx:TrackPointExtension>
        </extensions>
      </trkpt>
      <trkpt lat="42.662771" lon="-0.066846">
        <ele>1924.6850694369534</ele>
        <extensions>
          <gpxtpx:TrackPointExtension>
            <gpxtpx:Extensions>
              <highway>path</highway>
              <sac_scale>alpine_hiking</sac_scale>
            </gpxtpx:Extensions>
          </gpxtpx:TrackPointExtension>
        </extensions>
      </trkpt>
      <trkpt lat="42.662729" lon="-0.066865">
        <ele>1921.2032113334299</ele>
        <extensions>
          <gpxtpx:TrackPointExtension>
            <gpxtpx:Extensions>
              <highway>path</highway>
              <sac_scale>alpine_hiking</sac_scale>
            </gpxtpx:Extensions>
          </gpxtpx:TrackPointExtension>
        </extensions>
      </trkpt>
      <trkpt lat="42.662692" lon="-0.066993">
        <ele>1918.1272289258222</ele>
        <extensions>
          <gpxtpx:TrackPointExtension>
            <gpxtpx:Extensions>
              <highway>path</highway>
              <sac_scale>alpine_hiking</sac_scale>
            </gpxtpx:Extensions>
          </gpxtpx:TrackPointExtension>
        </extensions>
      </trkpt>
      <trkpt lat="42.662663" lon="-0.067011">
        <ele>1916.0761887979575</ele>
        <extensions>
          <gpxtpx:TrackPointExtension>
            <gpxtpx:Extensions>
              <highway>path</highway>
              <sac_scale>alpine_hiking</sac_scale>
            </gpxtpx:Extensions>
          </gpxtpx:TrackPointExtension>
        </extensions>
      </trkpt>
      <trkpt lat="42.662695" lon="-0.067066">
        <ele>1917.9206981270734</ele>
        <extensions>
          <gpxtpx:TrackPointExtension>
            <gpxtpx:Extensions>
              <highway>path</highway>
              <sac_scale>alpine_hiking</sac_scale>
            </gpxtpx:Extensions>
          </gpxtpx:TrackPointExtension>
        </extensions>
      </trkpt>
      <trkpt lat="42.662641" lon="-0.067456">
        <ele>1907.8444899125154</ele>
        <extensions>
          <gpxtpx:TrackPointExtension>
            <gpxtpx:Extensions>
              <highway>path</highway>
              <sac_scale>alpine_hiking</sac_scale>
            </gpxtpx:Extensions>
          </gpxtpx:TrackPointExtension>
        </extensions>
      </trkpt>
      <trkpt lat="42.662627" lon="-0.067519">
        <ele>1906.354132666111</ele>
        <extensions>
          <gpxtpx:TrackPointExtension>
            <gpxtpx:Extensions>
              <highway>path</highway>
              <sac_scale>alpine_hiking</sac_scale>
            </gpxtpx:Extensions>
          </gpxtpx:TrackPointExtension>
        </extensions>
      </trkpt>
      <trkpt lat="42.662606" lon="-0.067764">
        <ele>1903.8746189255717</ele>
        <extensions>
          <gpxtpx:TrackPointExtension>
            <gpxtpx:Extensions>
              <highway>path</highway>
              <sac_scale>alpine_hiking</sac_scale>
            </gpxtpx:Extensions>
          </gpxtpx:TrackPointExtension>
        </extensions>
      </trkpt>
      <trkpt lat="42.662592" lon="-0.067857">
        <ele>1902.9584395931774</ele>
        <extensions>
          <gpxtpx:TrackPointExtension>
            <gpxtpx:Extensions>
              <highway>path</highway>
              <sac_scale>alpine_hiking</sac_scale>
            </gpxtpx:Extensions>
          </gpxtpx:TrackPointExtension>
        </extensions>
      </trkpt>
      <trkpt lat="42.662485" lon="-0.068075">
        <ele>1895.606487119532</ele>
        <extensions>
          <gpxtpx:TrackPointExtension>
            <gpxtpx:Extensions>
              <highway>path</highway>
              <sac_scale>alpine_hiking</sac_scale>
            </gpxtpx:Extensions>
          </gpxtpx:TrackPointExtension>
        </extensions>
      </trkpt>
      <trkpt lat="42.662459" lon="-0.068299">
        <ele>1894.035235179725</ele>
        <extensions>
          <gpxtpx:TrackPointExtension>
            <gpxtpx:Extensions>
              <highway>path</highway>
              <sac_scale>alpine_hiking</sac_scale>
            </gpxtpx:Extensions>
          </gpxtpx:TrackPointExtension>
        </extensions>
      </trkpt>
      <trkpt lat="42.662351" lon="-0.068549">
        <ele>1889.4765515256893</ele>
        <extensions>
          <gpxtpx:TrackPointExtension>
            <gpxtpx:Extensions>
              <highway>path</highway>
              <sac_scale>alpine_hiking</sac_scale>
            </gpxtpx:Extensions>
          </gpxtpx:TrackPointExtension>
        </extensions>
      </trkpt>
      <trkpt lat="42.662339" lon="-0.068666">
        <ele>1890.4814616882331</ele>
        <extensions>
          <gpxtpx:TrackPointExtension>
            <gpxtpx:Extensions>
              <highway>path</highway>
              <sac_scale>alpine_hiking</sac_scale>
            </gpxtpx:Extensions>
          </gpxtpx:TrackPointExtension>
        </extensions>
      </trkpt>
      <trkpt lat="42.662263" lon="-0.068758">
        <ele>1887.828083567135</ele>
        <extensions>
          <gpxtpx:TrackPointExtension>
            <gpxtpx:Extensions>
              <highway>path</highway>
              <sac_scale>alpine_hiking</sac_scale>
            </gpxtpx:Extensions>
          </gpxtpx:TrackPointExtension>
        </extensions>
      </trkpt>
      <trkpt lat="42.662185" lon="-0.068895">
        <ele>1884.853917345799</ele>
        <extensions>
          <gpxtpx:TrackPointExtension>
            <gpxtpx:Extensions>
              <highway>path</highway>
              <sac_scale>alpine_hiking</sac_scale>
            </gpxtpx:Extensions>
          </gpxtpx:TrackPointExtension>
        </extensions>
      </trkpt>
      <trkpt lat="42.662128" lon="-0.069028">
        <ele>1881.2419229809752</ele>
        <extensions>
          <gpxtpx:TrackPointExtension>
            <gpxtpx:Extensions>
              <highway>path</highway>
              <sac_scale>alpine_hiking</sac_scale>
            </gpxtpx:Extensions>
          </gpxtpx:TrackPointExtension>
        </extensions>
      </trkpt>
      <trkpt lat="42.662023" lon="-0.069334">
        <ele>1874.4534032596412</ele>
        <extensions>
          <gpxtpx:TrackPointExtension>
            <gpxtpx:Extensions>
              <highway>path</highway>
              <sac_scale>alpine_hiking</sac_scale>
            </gpxtpx:Extensions>
          </gpxtpx:TrackPointExtension>
        </extensions>
      </trkpt>
      <trkpt lat="42.661923" lon="-0.069423">
        <ele>1869.4645929105209</ele>
        <extensions>
          <gpxtpx:TrackPointExtension>
            <gpxtpx:Extensions>
              <highway>path</highway>
              <sac_scale>alpine_hiking</sac_scale>
            </gpxtpx:Extensions>
          </gpxtpx:TrackPointExtension>
        </extensions>
      </trkpt>
      <trkpt lat="42.661936" lon="-0.069273">
        <ele>1868.171635824563</ele>
        <extensions>
          <gpxtpx:TrackPointExtension>
            <gpxtpx:Extensions>
              <highway>path</highway>
              <sac_scale>alpine_hiking</sac_scale>
            </gpxtpx:Extensions>
          </gpxtpx:TrackPointExtension>
        </extensions>
      </trkpt>
      <trkpt lat="42.661807" lon="-0.068503">
        <ele>1855.5903512573027</ele>
        <extensions>
          <gpxtpx:TrackPointExtension>
            <gpxtpx:Extensions>
              <highway>path</highway>
              <sac_scale>alpine_hiking</sac_scale>
            </gpxtpx:Extensions>
          </gpxtpx:TrackPointExtension>
        </extensions>
      </trkpt>
      <trkpt lat="42.661816" lon="-0.068429">
        <ele>1854.215005448813</ele>
        <extensions>
          <gpxtpx:TrackPointExtension>
            <gpxtpx:Extensions>
              <highway>path</highway>
              <sac_scale>alpine_hiking</sac_scale>
            </gpxtpx:Extensions>
          </gpxtpx:TrackPointExtension>
        </extensions>
      </trkpt>
      <trkpt lat="42.661856" lon="-0.068369">
        <ele>1855.0039068708043</ele>
        <extensions>
          <gpxtpx:TrackPointExtension>
            <gpxtpx:Extensions>
              <highway>path</highway>
              <sac_scale>alpine_hiking</sac_scale>
            </gpxtpx:Extensions>
          </gpxtpx:TrackPointExtension>
        </extensions>
      </trkpt>
      <trkpt lat="42.661827" lon="-0.068258">
        <ele>1851.1538921380463</ele>
        <extensions>
          <gpxtpx:TrackPointExtension>
            <gpxtpx:Extensions>
              <highway>path</highway>
              <sac_scale>alpine_hiking</sac_scale>
            </gpxtpx:Extensions>
          </gpxtpx:TrackPointExtension>
        </extensions>
      </trkpt>
      <trkpt lat="42.661837" lon="-0.068139">
        <ele>1850.1263419223353</ele>
        <extensions>
          <gpxtpx:TrackPointExtension>
            <gpxtpx:Extensions>
              <highway>path</highway>
              <sac_scale>alpine_hiking</sac_scale>
            </gpxtpx:Extensions>
          </gpxtpx:TrackPointExtension>
        </extensions>
      </trkpt>
      <trkpt lat="42.661815" lon="-0.068119">
        <ele>1848.4798883472956</ele>
        <extensions>
          <gpxtpx:TrackPointExtension>
            <gpxtpx:Extensions>
              <highway>path</highway>
              <sac_scale>alpine_hiking</sac_scale>
            </gpxtpx:Extensions>
          </gpxtpx:TrackPointExtension>
        </extensions>
      </trkpt>
      <trkpt lat="42.661791" lon="-0.068018">
        <ele>1846.1220856982561</ele>
        <extensions>
          <gpxtpx:TrackPointExtension>
            <gpxtpx:Extensions>
              <highway>path</highway>
              <sac_scale>alpine_hiking</sac_scale>
            </gpxtpx:Extensions>
          </gpxtpx:TrackPointExtension>
        </extensions>
      </trkpt>
      <trkpt lat="42.661759" lon="-0.067833">
        <ele>1843.5923263761817</ele>
        <extensions>
          <gpxtpx:TrackPointExtension>
            <gpxtpx:Extensions>
              <highway>path</highway>
              <sac_scale>alpine_hiking</sac_scale>
            </gpxtpx:Extensions>
          </gpxtpx:TrackPointExtension>
        </extensions>
      </trkpt>
      <trkpt lat="42.661763" lon="-0.067771">
        <ele>1843.649442015377</ele>
        <extensions>
          <gpxtpx:TrackPointExtension>
            <gpxtpx:Extensions>
              <highway>path</highway>
              <sac_scale>alpine_hiking</sac_scale>
            </gpxtpx:Extensions>
          </gpxtpx:TrackPointExtension>
        </extensions>
      </trkpt>
      <trkpt lat="42.661748" lon="-0.067735">
        <ele>1842.3912417736105</ele>
        <extensions>
          <gpxtpx:TrackPointExtension>
            <gpxtpx:Extensions>
              <highway>path</highway>
              <sac_scale>alpine_hiking</sac_scale>
            </gpxtpx:Extensions>
          </gpxtpx:TrackPointExtension>
        </extensions>
      </trkpt>
      <trkpt lat="42.661718" lon="-0.067739">
        <ele>1840.46370887195</ele>
        <extensions>
          <gpxtpx:TrackPointExtension>
            <gpxtpx:Extensions>
              <highway>path</highway>
              <sac_scale>alpine_hiking</sac_scale>
            </gpxtpx:Extensions>
          </gpxtpx:TrackPointExtension>
        </extensions>
      </trkpt>
      <trkpt lat="42.661685" lon="-0.067697">
        <ele>1838.216089398233</ele>
        <extensions>
          <gpxtpx:TrackPointExtension>
            <gpxtpx:Extensions>
              <highway>path</highway>
              <sac_scale>alpine_hiking</sac_scale>
            </gpxtpx:Extensions>
          </gpxtpx:TrackPointExtension>
        </extensions>
      </trkpt>
      <trkpt lat="42.661675" lon="-0.067661">
        <ele>1837.4630632340577</ele>
        <extensions>
          <gpxtpx:TrackPointExtension>
            <gpxtpx:Extensions>
              <highway>path</highway>
              <sac_scale>alpine_hiking</sac_scale>
            </gpxtpx:Extensions>
          </gpxtpx:TrackPointExtension>
        </extensions>
      </trkpt>
      <trkpt lat="42.661682" lon="-0.067566">
        <ele>1838.0156580270746</ele>
        <extensions>
          <gpxtpx:TrackPointExtension>
            <gpxtpx:Extensions>
              <highway>path</highway>
              <sac_scale>alpine_hiking</sac_scale>
            </gpxtpx:Extensions>
          </gpxtpx:TrackPointExtension>
        </extensions>
      </trkpt>
      <trkpt lat="42.661642" lon="-0.067498">
        <ele>1835.8768723037228</ele>
        <extensions>
          <gpxtpx:TrackPointExtension>
            <gpxtpx:Extensions>
              <highway>path</highway>
              <sac_scale>alpine_hiking</sac_scale>
            </gpxtpx:Extensions>
          </gpxtpx:TrackPointExtension>
        </extensions>
      </trkpt>
      <trkpt lat="42.661622" lon="-0.067425">
        <ele>1834.9053845459396</ele>
        <extensions>
          <gpxtpx:TrackPointExtension>
            <gpxtpx:Extensions>
              <highway>path</highway>
              <sac_scale>alpine_hiking</sac_scale>
            </gpxtpx:Extensions>
          </gpxtpx:TrackPointExtension>
        </extensions>
      </trkpt>
      <trkpt lat="42.66162" lon="-0.067346">
        <ele>1835.058337763979</ele>
        <extensions>
          <gpxtpx:TrackPointExtension>
            <gpxtpx:Extensions>
              <highway>path</highway>
              <sac_scale>alpine_hiking</sac_scale>
            </gpxtpx:Extensions>
          </gpxtpx:TrackPointExtension>
        </extensions>
      </trkpt>
      <trkpt lat="42.661485" lon="-0.0673">
        <ele>1829.1936819953005</ele>
        <extensions>
          <gpxtpx:TrackPointExtension>
            <gpxtpx:Extensions>
              <highway>path</highway>
              <sac_scale>alpine_hiking</sac_scale>
            </gpxtpx:Extensions>
          </gpxtpx:TrackPointExtension>
        </extensions>
      </trkpt>
      <trkpt lat="42.661435" lon="-0.067259">
        <ele>1826.6978739227409</ele>
        <extensions>
          <gpxtpx:TrackPointExtension>
            <gpxtpx:Extensions>
              <highway>path</highway>
              <sac_scale>alpine_hiking</sac_scale>
            </gpxtpx:Extensions>
          </gpxtpx:TrackPointExtension>
        </extensions>
      </trkpt>
      <trkpt lat="42.661403" lon="-0.067218">
        <ele>1824.995697363629</ele>
        <extensions>
          <gpxtpx:TrackPointExtension>
            <gpxtpx:Extensions>
              <highway>path</highway>
              <sac_scale>alpine_hiking</sac_scale>
            </gpxtpx:Extensions>
          </gpxtpx:TrackPointExtension>
        </extensions>
      </trkpt>
      <trkpt lat="42.66133" lon="-0.06721">
        <ele>1822.1807160709582</ele>
        <extensions>
          <gpxtpx:TrackPointExtension>
            <gpxtpx:Extensions>
              <highway>path</highway>
              <sac_scale>alpine_hiking</sac_scale>
            </gpxtpx:Extensions>
          </gpxtpx:TrackPointExtension>
        </extensions>
      </trkpt>
      <trkpt lat="42.661289" lon="-0.067173">
        <ele>1820.3179310347955</ele>
        <extensions>
          <gpxtpx:TrackPointExtension>
            <gpxtpx:Extensions>
              <highway>path</highway>
              <sac_scale>alpine_hiking</sac_scale>
            </gpxtpx:Extensions>
          </gpxtpx:TrackPointExtension>
        </extensions>
      </trkpt>
      <trkpt lat="42.661256" lon="-0.067179">
        <ele>1819.0297788294806</ele>
        <extensions>
          <gpxtpx:TrackPointExtension>
            <gpxtpx:Extensions>
              <highway>path</highway>
              <sac_scale>alpine_hiking</sac_scale>
            </gpxtpx:Extensions>
          </gpxtpx:TrackPointExtension>
        </extensions>
      </trkpt>
      <trkpt lat="42.661248" lon="-0.06716">
        <ele>1818.6452169173738</ele>
        <extensions>
          <gpxtpx:TrackPointExtension>
            <gpxtpx:Extensions>
              <highway>path</highway>
              <sac_scale>alpine_hiking</sac_scale>
            </gpxtpx:Extensions>
          </gpxtpx:TrackPointExtension>
        </extensions>
      </trkpt>
      <trkpt lat="42.661231" lon="-0.067042">
        <ele>1816.611245029257</ele>
        <extensions>
          <gpxtpx:TrackPointExtension>
            <gpxtpx:Extensions>
              <highway>path</highway>
              <sac_scale>alpine_hiking</sac_scale>
            </gpxtpx:Extensions>
          </gpxtpx:TrackPointExtension>
        </extensions>
      </trkpt>
      <trkpt lat="42.661242" lon="-0.066972">
        <ele>1815.7744555340714</ele>
        <extensions>
          <gpxtpx:TrackPointExtension>
            <gpxtpx:Extensions>
              <highway>path</highway>
              <sac_scale>alpine_hiking</sac_scale>
            </gpxtpx:Extensions>
          </gpxtpx:TrackPointExtension>
        </extensions>
      </trkpt>
      <trkpt lat="42.661209" lon="-0.066939">
        <ele>1813.6970571507393</ele>
        <extensions>
          <gpxtpx:TrackPointExtension>
            <gpxtpx:Extensions>
              <highway>path</highway>
              <sac_scale>alpine_hiking</sac_scale>
            </gpxtpx:Extensions>
          </gpxtpx:TrackPointExtension>
        </extensions>
      </trkpt>
      <trkpt lat="42.66121" lon="-0.066902">
        <ele>1812.4854077922034</ele>
        <extensions>
          <gpxtpx:TrackPointExtension>
            <gpxtpx:Extensions>
              <highway>path</highway>
              <sac_scale>alpine_hiking</sac_scale>
            </gpxtpx:Extensions>
          </gpxtpx:TrackPointExtension>
        </extensions>
      </trkpt>
      <trkpt lat="42.661294" lon="-0.066842">
        <ele>1813.3556267264926</ele>
        <extensions>
          <gpxtpx:TrackPointExtension>
            <gpxtpx:Extensions>
              <highway>path</highway>
              <sac_scale>alpine_hiking</sac_scale>
            </gpxtpx:Extensions>
          </gpxtpx:TrackPointExtension>
        </extensions>
      </trkpt>
      <trkpt lat="42.661341" lon="-0.066713">
        <ele>1812.53214377207</ele>
        <extensions>
          <gpxtpx:TrackPointExtension>
            <gpxtpx:Extensions>
              <highway>path</highway>
              <sac_scale>alpine_hiking</sac_scale>
            </gpxtpx:Extensions>
          </gpxtpx:TrackPointExtension>
        </extensions>
      </trkpt>
      <trkpt lat="42.661317" lon="-0.066483">
        <ele>1809.177176828011</ele>
        <extensions>
          <gpxtpx:TrackPointExtension>
            <gpxtpx:Extensions>
              <highway>path</highway>
              <sac_scale>alpine_hiking</sac_scale>
            </gpxtpx:Extensions>
          </gpxtpx:TrackPointExtension>
        </extensions>
      </trkpt>
      <trkpt lat="42.661295" lon="-0.066437">
        <ele>1807.3855970433713</ele>
        <extensions>
          <gpxtpx:TrackPointExtension>
            <gpxtpx:Extensions>
              <highway>path</highway>
              <sac_scale>alpine_hiking</sac_scale>
            </gpxtpx:Extensions>
          </gpxtpx:TrackPointExtension>
        </extensions>
      </trkpt>
      <trkpt lat="42.661294" lon="-0.066213">
        <ele>1812.6095610252662</ele>
        <extensions>
          <gpxtpx:TrackPointExtension>
            <gpxtpx:Extensions>
              <highway>path</highway>
              <sac_scale>alpine_hiking</sac_scale>
            </gpxtpx:Extensions>
          </gpxtpx:TrackPointExtension>
        </extensions>
      </trkpt>
      <trkpt lat="42.661266" lon="-0.066178">
        <ele>1812.7791689858236</ele>
        <extensions>
          <gpxtpx:TrackPointExtension>
            <gpxtpx:Extensions>
              <highway>path</highway>
              <sac_scale>alpine_hiking</sac_scale>
            </gpxtpx:Extensions>
          </gpxtpx:TrackPointExtension>
        </extensions>
      </trkpt>
      <trkpt lat="42.661082" lon="-0.066084">
        <ele>1806.2995705537137</ele>
        <extensions>
          <gpxtpx:TrackPointExtension>
            <gpxtpx:Extensions>
              <highway>path</highway>
              <sac_scale>alpine_hiking</sac_scale>
            </gpxtpx:Extensions>
          </gpxtpx:TrackPointExtension>
        </extensions>
      </trkpt>
      <trkpt lat="42.661014" lon="-0.06596">
        <ele>1801.6535880685465</ele>
        <extensions>
          <gpxtpx:TrackPointExtension>
            <gpxtpx:Extensions>
              <highway>path</highway>
              <sac_scale>alpine_hiking</sac_scale>
            </gpxtpx:Extensions>
          </gpxtpx:TrackPointExtension>
        </extensions>
      </trkpt>
      <trkpt lat="42.660933" lon="-0.065596">
        <ele>1802.1243017804254</ele>
        <extensions>
          <gpxtpx:TrackPointExtension>
            <gpxtpx:Extensions>
              <highway>path</highway>
              <sac_scale>alpine_hiking</sac_scale>
            </gpxtpx:Extensions>
          </gpxtpx:TrackPointExtension>
        </extensions>
      </trkpt>
      <trkpt lat="42.660867" lon="-0.065471">
        <ele>1800.2279828556686</ele>
        <extensions>
          <gpxtpx:TrackPointExtension>
            <gpxtpx:Extensions>
              <highway>path</highway>
              <sac_scale>alpine_hiking</sac_scale>
            </gpxtpx:Extensions>
          </gpxtpx:TrackPointExtension>
        </extensions>
      </trkpt>
      <trkpt lat="42.660823" lon="-0.065341">
        <ele>1805.7407446556408</ele>
        <extensions>
          <gpxtpx:TrackPointExtension>
            <gpxtpx:Extensions>
              <highway>path</highway>
              <sac_scale>alpine_hiking</sac_scale>
            </gpxtpx:Extensions>
          </gpxtpx:TrackPointExtension>
        </extensions>
      </trkpt>
      <trkpt lat="42.66079" lon="-0.065287">
        <ele>1808.6652435828107</ele>
        <extensions>
          <gpxtpx:TrackPointExtension>
            <gpxtpx:Extensions>
              <highway>path</highway>
              <sac_scale>alpine_hiking</sac_scale>
            </gpxtpx:Extensions>
          </gpxtpx:TrackPointExtension>
        </extensions>
      </trkpt>
      <trkpt lat="42.660723" lon="-0.065304">
        <ele>1807.8935352777398</ele>
        <extensions>
          <gpxtpx:TrackPointExtension>
            <gpxtpx:Extensions>
              <highway>path</highway>
              <sac_scale>alpine_hiking</sac_scale>
            </gpxtpx:Extensions>
          </gpxtpx:TrackPointExtension>
        </extensions>
      </trkpt>
      <trkpt lat="42.660663" lon="-0.06532">
        <ele>1806.8328334204293</ele>
        <extensions>
          <gpxtpx:TrackPointExtension>
            <gpxtpx:Extensions>
              <highway>path</highway>
              <sac_scale>mountain_hiking</sac_scale>
            </gpxtpx:Extensions>
          </gpxtpx:TrackPointExtension>
        </extensions>
      </trkpt>
      <trkpt lat="42.660586" lon="-0.065338">
        <ele>1805.9239323113452</ele>
        <extensions>
          <gpxtpx:TrackPointExtension>
            <gpxtpx:Extensions>
              <highway>path</highway>
              <sac_scale>mountain_hiking</sac_scale>
            </gpxtpx:Extensions>
          </gpxtpx:TrackPointExtension>
        </extensions>
      </trkpt>
      <trkpt lat="42.660546" lon="-0.065325">
        <ele>1806.7413523145608</ele>
        <extensions>
          <gpxtpx:TrackPointExtension>
            <gpxtpx:Extensions>
              <highway>path</highway>
              <sac_scale>mountain_hiking</sac_scale>
            </gpxtpx:Extensions>
          </gpxtpx:TrackPointExtension>
        </extensions>
      </trkpt>
      <trkpt lat="42.660507" lon="-0.06535">
        <ele>1805.8227992057127</ele>
        <extensions>
          <gpxtpx:TrackPointExtension>
            <gpxtpx:Extensions>
              <highway>path</highway>
              <sac_scale>mountain_hiking</sac_scale>
            </gpxtpx:Extensions>
          </gpxtpx:TrackPointExtension>
        </extensions>
      </trkpt>
      <trkpt lat="42.660456" lon="-0.065413">
        <ele>1803.2171768797057</ele>
        <extensions>
          <gpxtpx:TrackPointExtension>
            <gpxtpx:Extensions>
              <highway>path</highway>
              <sac_scale>mountain_hiking</sac_scale>
            </gpxtpx:Extensions>
          </gpxtpx:TrackPointExtension>
        </extensions>
      </trkpt>
      <trkpt lat="42.660272" lon="-0.065496">
        <ele>1798.811662897151</ele>
        <extensions>
          <gpxtpx:TrackPointExtension>
            <gpxtpx:Extensions>
              <highway>path</highway>
              <sac_scale>mountain_hiking</sac_scale>
            </gpxtpx:Extensions>
          </gpxtpx:TrackPointExtension>
        </extensions>
      </trkpt>
      <trkpt lat="42.66001" lon="-0.065568">
        <ele>1790.6438980755906</ele>
        <extensions>
          <gpxtpx:TrackPointExtension>
            <gpxtpx:Extensions>
              <highway>path</highway>
              <sac_scale>mountain_hiking</sac_scale>
            </gpxtpx:Extensions>
          </gpxtpx:TrackPointExtension>
        </extensions>
      </trkpt>
      <trkpt lat="42.659884" lon="-0.065575">
        <ele>1786.2920091304886</ele>
        <extensions>
          <gpxtpx:TrackPointExtension>
            <gpxtpx:Extensions>
              <highway>path</highway>
              <sac_scale>mountain_hiking</sac_scale>
            </gpxtpx:Extensions>
          </gpxtpx:TrackPointExtension>
        </extensions>
      </trkpt>
      <trkpt lat="42.659849" lon="-0.065527">
        <ele>1787.5278730793993</ele>
        <extensions>
          <gpxtpx:TrackPointExtension>
            <gpxtpx:Extensions>
              <highway>path</highway>
              <sac_scale>mountain_hiking</sac_scale>
            </gpxtpx:Extensions>
          </gpxtpx:TrackPointExtension>
        </extensions>
      </trkpt>
      <trkpt lat="42.659831" lon="-0.06566">
        <ele>1781.2366540362236</ele>
        <extensions>
          <gpxtpx:TrackPointExtension>
            <gpxtpx:Extensions>
              <highway>path</highway>
              <sac_scale>mountain_hiking</sac_scale>
            </gpxtpx:Extensions>
          </gpxtpx:TrackPointExtension>
        </extensions>
      </trkpt>
      <trkpt lat="42.659847" lon="-0.065741">
        <ele>1778.588259446601</ele>
        <extensions>
          <gpxtpx:TrackPointExtension>
            <gpxtpx:Extensions>
              <highway>path</highway>
              <sac_scale>mountain_hiking</sac_scale>
            </gpxtpx:Extensions>
          </gpxtpx:TrackPointExtension>
        </extensions>
      </trkpt>
      <trkpt lat="42.659883" lon="-0.065768">
        <ele>1778.743551983599</ele>
        <extensions>
          <gpxtpx:TrackPointExtension>
            <gpxtpx:Extensions>
              <highway>path</highway>
              <sac_scale>mountain_hiking</sac_scale>
            </gpxtpx:Extensions>
          </gpxtpx:TrackPointExtension>
        </extensions>
      </trkpt>
      <trkpt lat="42.659879" lon="-0.065791">
        <ele>1777.7420031987144</ele>
        <extensions>
          <gpxtpx:TrackPointExtension>
            <gpxtpx:Extensions>
              <highway>path</highway>
              <sac_scale>mountain_hiking</sac_scale>
            </gpxtpx:Extensions>
          </gpxtpx:TrackPointExtension>
        </extensions>
      </trkpt>
      <trkpt lat="42.659851" lon="-0.0658">
        <ele>1776.5334564989766</ele>
        <extensions>
          <gpxtpx:TrackPointExtension>
            <gpxtpx:Extensions>
              <highway>path</highway>
              <sac_scale>mountain_hiking</sac_scale>
            </gpxtpx:Extensions>
          </gpxtpx:TrackPointExtension>
        </extensions>
      </trkpt>
      <trkpt lat="42.65969" lon="-0.065776">
        <ele>1771.9538375784248</ele>
        <extensions>
          <gpxtpx:TrackPointExtension>
            <gpxtpx:Extensions>
              <highway>path</highway>
              <sac_scale>mountain_hiking</sac_scale>
            </gpxtpx:Extensions>
          </gpxtpx:TrackPointExtension>
        </extensions>
      </trkpt>
      <trkpt lat="42.659663" lon="-0.065849">
        <ele>1768.0882741219596</ele>
        <extensions>
          <gpxtpx:TrackPointExtension>
            <gpxtpx:Extensions>
              <highway>path</highway>
              <sac_scale>mountain_hiking</sac_scale>
            </gpxtpx:Extensions>
          </gpxtpx:TrackPointExtension>
        </extensions>
      </trkpt>
      <trkpt lat="42.659611" lon="-0.065841">
        <ele>1766.4291785278956</ele>
        <extensions>
          <gpxtpx:TrackPointExtension>
            <gpxtpx:Extensions>
              <highway>path</highway>
              <sac_scale>mountain_hiking</sac_scale>
            </gpxtpx:Extensions>
          </gpxtpx:TrackPointExtension>
        </extensions>
      </trkpt>
      <trkpt lat="42.659532" lon="-0.065772">
        <ele>1767.0358399511515</ele>
        <extensions>
          <gpxtpx:TrackPointExtension>
            <gpxtpx:Extensions>
              <highway>path</highway>
              <sac_scale>mountain_hiking</sac_scale>
            </gpxtpx:Extensions>
          </gpxtpx:TrackPointExtension>
        </extensions>
      </trkpt>
      <trkpt lat="42.659482" lon="-0.065767">
        <ele>1765.882613700288</ele>
        <extensions>
          <gpxtpx:TrackPointExtension>
            <gpxtpx:Extensions>
              <highway>path</highway>
              <sac_scale>mountain_hiking</sac_scale>
            </gpxtpx:Extensions>
          </gpxtpx:TrackPointExtension>
        </extensions>
      </trkpt>
      <trkpt lat="42.659399" lon="-0.065782">
        <ele>1763.6395681441277</ele>
        <extensions>
          <gpxtpx:TrackPointExtension>
            <gpxtpx:Extensions>
              <highway>path</highway>
              <sac_scale>mountain_hiking</sac_scale>
            </gpxtpx:Extensions>
          </gpxtpx:TrackPointExtension>
        </extensions>
      </trkpt>
      <trkpt lat="42.659388" lon="-0.065823">
        <ele>1761.396728339722</ele>
        <extensions>
          <gpxtpx:TrackPointExtension>
            <gpxtpx:Extensions>
              <highway>path</highway>
              <sac_scale>mountain_hiking</sac_scale>
            </gpxtpx:Extensions>
          </gpxtpx:TrackPointExtension>
        </extensions>
      </trkpt>
      <trkpt lat="42.65943" lon="-0.065883">
        <ele>1759.1467029516184</ele>
        <extensions>
          <gpxtpx:TrackPointExtension>
            <gpxtpx:Extensions>
              <highway>path</highway>
              <sac_scale>mountain_hiking</sac_scale>
            </gpxtpx:Extensions>
          </gpxtpx:TrackPointExtension>
        </extensions>
      </trkpt>
      <trkpt lat="42.659348" lon="-0.06593">
        <ele>1755.2785548131092</ele>
        <extensions>
          <gpxtpx:TrackPointExtension>
            <gpxtpx:Extensions>
              <highway>path</highway>
              <sac_scale>mountain_hiking</sac_scale>
            </gpxtpx:Extensions>
          </gpxtpx:TrackPointExtension>
        </extensions>
      </trkpt>
      <trkpt lat="42.659349" lon="-0.065957">
        <ele>1754.0807408698302</ele>
        <extensions>
          <gpxtpx:TrackPointExtension>
            <gpxtpx:Extensions>
              <highway>path</highway>
              <sac_scale>mountain_hiking</sac_scale>
            </gpxtpx:Extensions>
          </gpxtpx:TrackPointExtension>
        </extensions>
      </trkpt>
      <trkpt lat="42.659358" lon="-0.065988">
        <ele>1752.8693387969306</ele>
        <extensions>
          <gpxtpx:TrackPointExtension>
            <gpxtpx:Extensions>
              <highway>path</highway>
              <sac_scale>mountain_hiking</sac_scale>
            </gpxtpx:Extensions>
          </gpxtpx:TrackPointExtension>
        </extensions>
      </trkpt>
      <trkpt lat="42.659458" lon="-0.066109">
        <ele>1749.668910706962</ele>
        <extensions>
          <gpxtpx:TrackPointExtension>
            <gpxtpx:Extensions>
              <highway>path</highway>
              <sac_scale>mountain_hiking</sac_scale>
            </gpxtpx:Extensions>
          </gpxtpx:TrackPointExtension>
        </extensions>
      </trkpt>
      <trkpt lat="42.659454" lon="-0.066158">
        <ele>1747.3601835155632</ele>
        <extensions>
          <gpxtpx:TrackPointExtension>
            <gpxtpx:Extensions>
              <highway>path</highway>
              <sac_scale>mountain_hiking</sac_scale>
            </gpxtpx:Extensions>
          </gpxtpx:TrackPointExtension>
        </extensions>
      </trkpt>
      <trkpt lat="42.659374" lon="-0.066222">
        <ele>1742.9087719961308</ele>
        <extensions>
          <gpxtpx:TrackPointExtension>
            <gpxtpx:Extensions>
              <highway>path</highway>
              <sac_scale>mountain_hiking</sac_scale>
            </gpxtpx:Extensions>
          </gpxtpx:TrackPointExtension>
        </extensions>
      </trkpt>
      <trkpt lat="42.659305" lon="-0.066216">
        <ele>1741.8405835156937</ele>
        <extensions>
          <gpxtpx:TrackPointExtension>
            <gpxtpx:Extensions>
              <highway>path</highway>
              <sac_scale>mountain_hiking</sac_scale>
            </gpxtpx:Extensions>
          </gpxtpx:TrackPointExtension>
        </extensions>
      </trkpt>
      <trkpt lat="42.659265" lon="-0.066246">
        <ele>1739.7822928891694</ele>
        <extensions>
          <gpxtpx:TrackPointExtension>
            <gpxtpx:Extensions>
              <highway>path</highway>
              <sac_scale>mountain_hiking</sac_scale>
            </gpxtpx:Extensions>
          </gpxtpx:TrackPointExtension>
        </extensions>
      </trkpt>
      <trkpt lat="42.659281" lon="-0.06633">
        <ele>1736.5817887226422</ele>
        <extensions>
          <gpxtpx:TrackPointExtension>
            <gpxtpx:Extensions>
              <highway>path</highway>
              <sac_scale>mountain_hiking</sac_scale>
            </gpxtpx:Extensions>
          </gpxtpx:TrackPointExtension>
        </extensions>
      </trkpt>
      <trkpt lat="42.659316" lon="-0.066372">
        <ele>1735.5782661852677</ele>
        <extensions>
          <gpxtpx:TrackPointExtension>
            <gpxtpx:Extensions>
              <highway>path</highway>
              <sac_scale>mountain_hiking</sac_scale>
            </gpxtpx:Extensions>
          </gpxtpx:TrackPointExtension>
        </extensions>
      </trkpt>
      <trkpt lat="42.659355" lon="-0.066386">
        <ele>1735.7377001281493</ele>
        <extensions>
          <gpxtpx:TrackPointExtension>
            <gpxtpx:Extensions>
              <highway>path</highway>
              <sac_scale>mountain_hiking</sac_scale>
            </gpxtpx:Extensions>
          </gpxtpx:TrackPointExtension>
        </extensions>
      </trkpt>
      <trkpt lat="42.659358" lon="-0.066432">
        <ele>1733.895323837428</ele>
        <extensions>
          <gpxtpx:TrackPointExtension>
            <gpxtpx:Extensions>
              <highway>path</highway>
              <sac_scale>mountain_hiking</sac_scale>
            </gpxtpx:Extensions>
          </gpxtpx:TrackPointExtension>
        </extensions>
      </trkpt>
      <trkpt lat="42.659326" lon="-0.066452">
        <ele>1732.487853901699</ele>
        <extensions>
          <gpxtpx:TrackPointExtension>
            <gpxtpx:Extensions>
              <highway>path</highway>
              <sac_scale>mountain_hiking</sac_scale>
            </gpxtpx:Extensions>
          </gpxtpx:TrackPointExtension>
        </extensions>
      </trkpt>
      <trkpt lat="42.659182" lon="-0.066499">
        <ele>1727.4595197598287</ele>
        <extensions>
          <gpxtpx:TrackPointExtension>
            <gpxtpx:Extensions>
              <highway>path</highway>
              <sac_scale>mountain_hiking</sac_scale>
            </gpxtpx:Extensions>
          </gpxtpx:TrackPointExtension>
        </extensions>
      </trkpt>
      <trkpt lat="42.659131" lon="-0.066499">
        <ele>1726.2794598540227</ele>
        <extensions>
          <gpxtpx:TrackPointExtension>
            <gpxtpx:Extensions>
              <highway>path</highway>
              <sac_scale>mountain_hiking</sac_scale>
            </gpxtpx:Extensions>
          </gpxtpx:TrackPointExtension>
        </extensions>
      </trkpt>
      <trkpt lat="42.659084" lon="-0.066567">
        <ele>1722.4442693263081</ele>
        <extensions>
          <gpxtpx:TrackPointExtension>
            <gpxtpx:Extensions>
              <highway>path</highway>
              <sac_scale>mountain_hiking</sac_scale>
            </gpxtpx:Extensions>
          </gpxtpx:TrackPointExtension>
        </extensions>
      </trkpt>
      <trkpt lat="42.659107" lon="-0.066614">
        <ele>1721.1471008933652</ele>
        <extensions>
          <gpxtpx:TrackPointExtension>
            <gpxtpx:Extensions>
              <highway>path</highway>
              <sac_scale>mountain_hiking</sac_scale>
            </gpxtpx:Extensions>
          </gpxtpx:TrackPointExtension>
        </extensions>
      </trkpt>
      <trkpt lat="42.659088" lon="-0.066637">
        <ele>1719.9180177590597</ele>
        <extensions>
          <gpxtpx:TrackPointExtension>
            <gpxtpx:Extensions>
              <highway>path</highway>
              <sac_scale>mountain_hiking</sac_scale>
            </gpxtpx:Extensions>
          </gpxtpx:TrackPointExtension>
        </extensions>
      </trkpt>
      <trkpt lat="42.659053" lon="-0.066623">
        <ele>1719.4754292544048</ele>
        <extensions>
          <gpxtpx:TrackPointExtension>
            <gpxtpx:Extensions>
              <highway>path</highway>
              <sac_scale>mountain_hiking</sac_scale>
            </gpxtpx:Extensions>
          </gpxtpx:TrackPointExtension>
        </extensions>
      </trkpt>
      <trkpt lat="42.658965" lon="-0.066632">
        <ele>1716.8307264626562</ele>
        <extensions>
          <gpxtpx:TrackPointExtension>
            <gpxtpx:Extensions>
              <highway>path</highway>
              <sac_scale>mountain_hiking</sac_scale>
            </gpxtpx:Extensions>
          </gpxtpx:TrackPointExtension>
        </extensions>
      </trkpt>
      <trkpt lat="42.658927" lon="-0.066654">
        <ele>1715.1035056717114</ele>
        <extensions>
          <gpxtpx:TrackPointExtension>
            <gpxtpx:Extensions>
              <highway>path</highway>
              <sac_scale>mountain_hiking</sac_scale>
            </gpxtpx:Extensions>
          </gpxtpx:TrackPointExtension>
        </extensions>
      </trkpt>
      <trkpt lat="42.658917" lon="-0.066738">
        <ele>1711.8818500300579</ele>
        <extensions>
          <gpxtpx:TrackPointExtension>
            <gpxtpx:Extensions>
              <highway>path</highway>
              <sac_scale>mountain_hiking</sac_scale>
            </gpxtpx:Extensions>
          </gpxtpx:TrackPointExtension>
        </extensions>
      </trkpt>
      <trkpt lat="42.658981" lon="-0.066999">
        <ele>1705.7725510896928</ele>
        <extensions>
          <gpxtpx:TrackPointExtension>
            <gpxtpx:Extensions>
              <highway>path</highway>
              <sac_scale>mountain_hiking</sac_scale>
            </gpxtpx:Extensions>
          </gpxtpx:TrackPointExtension>
        </extensions>
      </trkpt>
      <trkpt lat="42.658995" lon="-0.067144">
        <ele>1701.9162078473046</ele>
        <extensions>
          <gpxtpx:TrackPointExtension>
            <gpxtpx:Extensions>
              <highway>path</highway>
              <sac_scale>mountain_hiking</sac_scale>
            </gpxtpx:Extensions>
          </gpxtpx:TrackPointExtension>
        </extensions>
      </trkpt>
      <trkpt lat="42.658943" lon="-0.067243">
        <ele>1697.3531604618418</ele>
        <extensions>
          <gpxtpx:TrackPointExtension>
            <gpxtpx:Extensions>
              <highway>path</highway>
              <sac_scale>mountain_hiking</sac_scale>
            </gpxtpx:Extensions>
          </gpxtpx:TrackPointExtension>
        </extensions>
      </trkpt>
      <trkpt lat="42.658881" lon="-0.067254">
        <ele>1694.0423968810107</ele>
        <extensions>
          <gpxtpx:TrackPointExtension>
            <gpxtpx:Extensions>
              <highway>path</highway>
              <sac_scale>mountain_hiking</sac_scale>
            </gpxtpx:Extensions>
          </gpxtpx:TrackPointExtension>
        </extensions>
      </trkpt>
      <trkpt lat="42.658711" lon="-0.067095">
        <ele>1692.1139815905524</ele>
        <extensions>
          <gpxtpx:TrackPointExtension>
            <gpxtpx:Extensions>
              <highway>path</highway>
              <sac_scale>mountain_hiking</sac_scale>
            </gpxtpx:Extensions>
          </gpxtpx:TrackPointExtension>
        </extensions>
      </trkpt>
      <trkpt lat="42.658628" lon="-0.067069">
        <ele>1689.7621187538957</ele>
        <extensions>
          <gpxtpx:TrackPointExtension>
            <gpxtpx:Extensions>
              <highway>path</highway>
              <sac_scale>mountain_hiking</sac_scale>
            </gpxtpx:Extensions>
          </gpxtpx:TrackPointExtension>
        </extensions>
      </trkpt>
      <trkpt lat="42.658616" lon="-0.067177">
        <ele>1685.0083015973958</ele>
        <extensions>
          <gpxtpx:TrackPointExtension>
            <gpxtpx:Extensions>
              <highway>path</highway>
              <sac_scale>mountain_hiking</sac_scale>
            </gpxtpx:Extensions>
          </gpxtpx:TrackPointExtension>
        </extensions>
      </trkpt>
      <trkpt lat="42.658495" lon="-0.067127">
        <ele>1681.7930166252663</ele>
        <extensions>
          <gpxtpx:TrackPointExtension>
            <gpxtpx:Extensions>
              <highway>path</highway>
              <sac_scale>mountain_hiking</sac_scale>
            </gpxtpx:Extensions>
          </gpxtpx:TrackPointExtension>
        </extensions>
      </trkpt>
      <trkpt lat="42.658438" lon="-0.06716">
        <ele>1678.3260952574853</ele>
        <extensions>
          <gpxtpx:TrackPointExtension>
            <gpxtpx:Extensions>
              <highway>path</highway>
              <sac_scale>mountain_hiking</sac_scale>
            </gpxtpx:Extensions>
          </gpxtpx:TrackPointExtension>
        </extensions>
      </trkpt>
      <trkpt lat="42.658427" lon="-0.067286">
        <ele>1673.5005503693048</ele>
        <extensions>
          <gpxtpx:TrackPointExtension>
            <gpxtpx:Extensions>
              <highway>path</highway>
              <sac_scale>mountain_hiking</sac_scale>
            </gpxtpx:Extensions>
          </gpxtpx:TrackPointExtension>
        </extensions>
      </trkpt>
      <trkpt lat="42.658259" lon="-0.067264">
        <ele>1668.0294728817616</ele>
        <extensions>
          <gpxtpx:TrackPointExtension>
            <gpxtpx:Extensions>
              <highway>path</highway>
              <sac_scale>mountain_hiking</sac_scale>
            </gpxtpx:Extensions>
          </gpxtpx:TrackPointExtension>
        </extensions>
      </trkpt>
      <trkpt lat="42.658258" lon="-0.067376">
        <ele>1664.7478482431857</ele>
        <extensions>
          <gpxtpx:TrackPointExtension>
            <gpxtpx:Extensions>
              <highway>path</highway>
              <sac_scale>mountain_hiking</sac_scale>
            </gpxtpx:Extensions>
          </gpxtpx:TrackPointExtension>
        </extensions>
      </trkpt>
      <trkpt lat="42.658173" lon="-0.067406">
        <ele>1660.234094802319</ele>
        <extensions>
          <gpxtpx:TrackPointExtension>
            <gpxtpx:Extensions>
              <highway>path</highway>
              <sac_scale>mountain_hiking</sac_scale>
            </gpxtpx:Extensions>
          </gpxtpx:TrackPointExtension>
        </extensions>
      </trkpt>
      <trkpt lat="42.65811" lon="-0.067363">
        <ele>1658.662826542998</ele>
        <extensions>
          <gpxtpx:TrackPointExtension>
            <gpxtpx:Extensions>
              <highway>path</highway>
              <sac_scale>mountain_hiking</sac_scale>
            </gpxtpx:Extensions>
          </gpxtpx:TrackPointExtension>
        </extensions>
      </trkpt>
      <trkpt lat="42.657978" lon="-0.067325">
        <ele>1653.9715285637767</ele>
        <extensions>
          <gpxtpx:TrackPointExtension>
            <gpxtpx:Extensions>
              <highway>path</highway>
              <sac_scale>mountain_hiking</sac_scale>
            </gpxtpx:Extensions>
          </gpxtpx:TrackPointExtension>
        </extensions>
      </trkpt>
      <trkpt lat="42.657993" lon="-0.067486">
        <ele>1649.699499269535</ele>
        <extensions>
          <gpxtpx:TrackPointExtension>
            <gpxtpx:Extensions>
              <highway>path</highway>
              <sac_scale>mountain_hiking</sac_scale>
            </gpxtpx:Extensions>
          </gpxtpx:TrackPointExtension>
        </extensions>
      </trkpt>
      <trkpt lat="42.657939" lon="-0.067521">
        <ele>1646.3306476506784</ele>
        <extensions>
          <gpxtpx:TrackPointExtension>
            <gpxtpx:Extensions>
              <highway>path</highway>
              <sac_scale>mountain_hiking</sac_scale>
            </gpxtpx:Extensions>
          </gpxtpx:TrackPointExtension>
        </extensions>
      </trkpt>
      <trkpt lat="42.657799" lon="-0.067735">
        <ele>1634.8894123464079</ele>
        <extensions>
          <gpxtpx:TrackPointExtension>
            <gpxtpx:Extensions>
              <highway>path</highway>
              <sac_scale>mountain_hiking</sac_scale>
            </gpxtpx:Extensions>
          </gpxtpx:TrackPointExtension>
        </extensions>
      </trkpt>
      <trkpt lat="42.657679" lon="-0.067738">
        <ele>1629.9680990925153</ele>
        <extensions>
          <gpxtpx:TrackPointExtension>
            <gpxtpx:Extensions>
              <highway>path</highway>
              <sac_scale>mountain_hiking</sac_scale>
            </gpxtpx:Extensions>
          </gpxtpx:TrackPointExtension>
        </extensions>
      </trkpt>
      <trkpt lat="42.657625" lon="-0.067685">
        <ele>1629.059669895678</ele>
        <extensions>
          <gpxtpx:TrackPointExtension>
            <gpxtpx:Extensions>
              <highway>path</highway>
              <sac_scale>mountain_hiking</sac_scale>
            </gpxtpx:Extensions>
          </gpxtpx:TrackPointExtension>
        </extensions>
      </trkpt>
      <trkpt lat="42.65749" lon="-0.067673">
        <ele>1623.3558381748817</ele>
        <extensions>
          <gpxtpx:TrackPointExtension>
            <gpxtpx:Extensions>
              <highway>path</highway>
              <sac_scale>mountain_hiking</sac_scale>
            </gpxtpx:Extensions>
          </gpxtpx:TrackPointExtension>
        </extensions>
      </trkpt>
      <trkpt lat="42.657432" lon="-0.067621">
        <ele>1621.741401048126</ele>
        <extensions>
          <gpxtpx:TrackPointExtension>
            <gpxtpx:Extensions>
              <highway>path</highway>
              <sac_scale>mountain_hiking</sac_scale>
            </gpxtpx:Extensions>
          </gpxtpx:TrackPointExtension>
        </extensions>
      </trkpt>
      <trkpt lat="42.657423" lon="-0.067701">
        <ele>1619.5400379800471</ele>
        <extensions>
          <gpxtpx:TrackPointExtension>
            <gpxtpx:Extensions>
              <highway>path</highway>
              <sac_scale>mountain_hiking</sac_scale>
            </gpxtpx:Extensions>
          </gpxtpx:TrackPointExtension>
        </extensions>
      </trkpt>
      <trkpt lat="42.657331" lon="-0.06779">
        <ele>1613.0354711821844</ele>
        <extensions>
          <gpxtpx:TrackPointExtension>
            <gpxtpx:Extensions>
              <highway>path</highway>
              <sac_scale>mountain_hiking</sac_scale>
            </gpxtpx:Extensions>
          </gpxtpx:TrackPointExtension>
        </extensions>
      </trkpt>
      <trkpt lat="42.657192" lon="-0.067582">
        <ele>1610.6675605898236</ele>
        <extensions>
          <gpxtpx:TrackPointExtension>
            <gpxtpx:Extensions>
              <highway>path</highway>
              <sac_scale>mountain_hiking</sac_scale>
            </gpxtpx:Extensions>
          </gpxtpx:TrackPointExtension>
        </extensions>
      </trkpt>
      <trkpt lat="42.657182" lon="-0.067667">
        <ele>1607.8000431451637</ele>
        <extensions>
          <gpxtpx:TrackPointExtension>
            <gpxtpx:Extensions>
              <highway>path</highway>
              <sac_scale>mountain_hiking</sac_scale>
            </gpxtpx:Extensions>
          </gpxtpx:TrackPointExtension>
        </extensions>
      </trkpt>
      <trkpt lat="42.657188" lon="-0.067777">
        <ele>1605.739232259363</ele>
        <extensions>
          <gpxtpx:TrackPointExtension>
            <gpxtpx:Extensions>
              <highway>path</highway>
              <sac_scale>mountain_hiking</sac_scale>
            </gpxtpx:Extensions>
          </gpxtpx:TrackPointExtension>
        </extensions>
      </trkpt>
      <trkpt lat="42.657057" lon="-0.067668">
        <ele>1601.9503422632033</ele>
        <extensions>
          <gpxtpx:TrackPointExtension>
            <gpxtpx:Extensions>
              <highway>path</highway>
              <sac_scale>mountain_hiking</sac_scale>
            </gpxtpx:Extensions>
          </gpxtpx:TrackPointExtension>
        </extensions>
      </trkpt>
      <trkpt lat="42.656997" lon="-0.06766">
        <ele>1599.5750372259092</ele>
        <extensions>
          <gpxtpx:TrackPointExtension>
            <gpxtpx:Extensions>
              <highway>path</highway>
              <sac_scale>mountain_hiking</sac_scale>
            </gpxtpx:Extensions>
          </gpxtpx:TrackPointExtension>
        </extensions>
      </trkpt>
      <trkpt lat="42.656959" lon="-0.067809">
        <ele>1592.9103935618505</ele>
        <extensions>
          <gpxtpx:TrackPointExtension>
            <gpxtpx:Extensions>
              <highway>path</highway>
              <sac_scale>mountain_hiking</sac_scale>
            </gpxtpx:Extensions>
          </gpxtpx:TrackPointExtension>
        </extensions>
      </trkpt>
      <trkpt lat="42.657025" lon="-0.067975">
        <ele>1591.2005719686695</ele>
        <extensions>
          <gpxtpx:TrackPointExtension>
            <gpxtpx:Extensions>
              <highway>path</highway>
              <sac_scale>mountain_hiking</sac_scale>
            </gpxtpx:Extensions>
          </gpxtpx:TrackPointExtension>
        </extensions>
      </trkpt>
      <trkpt lat="42.657048" lon="-0.068077">
        <ele>1588.9775426711817</ele>
        <extensions>
          <gpxtpx:TrackPointExtension>
            <gpxtpx:Extensions>
              <highway>path</highway>
              <sac_scale>mountain_hiking</sac_scale>
            </gpxtpx:Extensions>
          </gpxtpx:TrackPointExtension>
        </extensions>
      </trkpt>
      <trkpt lat="42.657012" lon="-0.068251">
        <ele>1582.7992157720744</ele>
        <extensions>
          <gpxtpx:TrackPointExtension>
            <gpxtpx:Extensions>
              <highway>path</highway>
              <sac_scale>mountain_hiking</sac_scale>
            </gpxtpx:Extensions>
          </gpxtpx:TrackPointExtension>
        </extensions>
      </trkpt>
      <trkpt lat="42.656998" lon="-0.068408">
        <ele>1579.2528471373284</ele>
        <extensions>
          <gpxtpx:TrackPointExtension>
            <gpxtpx:Extensions>
              <highway>path</highway>
              <sac_scale>mountain_hiking</sac_scale>
            </gpxtpx:Extensions>
          </gpxtpx:TrackPointExtension>
        </extensions>
      </trkpt>
      <trkpt lat="42.656938" lon="-0.068568">
        <ele>1574.912011688008</ele>
        <extensions>
          <gpxtpx:TrackPointExtension>
            <gpxtpx:Extensions>
              <highway>path</highway>
              <sac_scale>mountain_hiking</sac_scale>
            </gpxtpx:Extensions>
          </gpxtpx:TrackPointExtension>
        </extensions>
      </trkpt>
      <trkpt lat="42.656835" lon="-0.068639">
        <ele>1569.9673471798071</ele>
        <extensions>
          <gpxtpx:TrackPointExtension>
            <gpxtpx:Extensions>
              <highway>path</highway>
              <sac_scale>mountain_hiking</sac_scale>
            </gpxtpx:Extensions>
          </gpxtpx:TrackPointExtension>
        </extensions>
      </trkpt>
      <trkpt lat="42.656839" lon="-0.068955">
        <ele>1566.3252957121654</ele>
        <extensions>
          <gpxtpx:TrackPointExtension>
            <gpxtpx:Extensions>
              <highway>path</highway>
              <sac_scale>mountain_hiking</sac_scale>
            </gpxtpx:Extensions>
          </gpxtpx:TrackPointExtension>
        </extensions>
      </trkpt>
      <trkpt lat="42.656715" lon="-0.068935">
        <ele>1561.8461270289813</ele>
        <extensions>
          <gpxtpx:TrackPointExtension>
            <gpxtpx:Extensions>
              <highway>path</highway>
              <sac_scale>mountain_hiking</sac_scale>
            </gpxtpx:Extensions>
          </gpxtpx:TrackPointExtension>
        </extensions>
      </trkpt>
      <trkpt lat="42.656703" lon="-0.068986">
        <ele>1561.1200008757005</ele>
        <extensions>
          <gpxtpx:TrackPointExtension>
            <gpxtpx:Extensions>
              <highway>path</highway>
              <sac_scale>mountain_hiking</sac_scale>
            </gpxtpx:Extensions>
          </gpxtpx:TrackPointExtension>
        </extensions>
      </trkpt>
      <trkpt lat="42.656593" lon="-0.068907">
        <ele>1557.288876417528</ele>
        <extensions>
          <gpxtpx:TrackPointExtension>
            <gpxtpx:Extensions>
              <highway>path</highway>
              <sac_scale>mountain_hiking</sac_scale>
            </gpxtpx:Extensions>
          </gpxtpx:TrackPointExtension>
        </extensions>
      </trkpt>
      <trkpt lat="42.656588" lon="-0.069145">
        <ele>1555.7828024257483</ele>
        <extensions>
          <gpxtpx:TrackPointExtension>
            <gpxtpx:Extensions>
              <highway>path</highway>
              <sac_scale>mountain_hiking</sac_scale>
            </gpxtpx:Extensions>
          </gpxtpx:TrackPointExtension>
        </extensions>
      </trkpt>
      <trkpt lat="42.656498" lon="-0.069262">
        <ele>1551.8216845486652</ele>
        <extensions>
          <gpxtpx:TrackPointExtension>
            <gpxtpx:Extensions>
              <highway>path</highway>
              <sac_scale>mountain_hiking</sac_scale>
            </gpxtpx:Extensions>
          </gpxtpx:TrackPointExtension>
        </extensions>
      </trkpt>
      <trkpt lat="42.656491" lon="-0.069309">
        <ele>1551.5472270391274</ele>
        <extensions>
          <gpxtpx:TrackPointExtension>
            <gpxtpx:Extensions>
              <highway>path</highway>
              <sac_scale>mountain_hiking</sac_scale>
            </gpxtpx:Extensions>
          </gpxtpx:TrackPointExtension>
        </extensions>
      </trkpt>
      <trkpt lat="42.656479" lon="-0.069391">
        <ele>1550.8994327615073</ele>
        <extensions>
          <gpxtpx:TrackPointExtension>
            <gpxtpx:Extensions>
              <highway>path</highway>
              <sac_scale>mountain_hiking</sac_scale>
            </gpxtpx:Extensions>
          </gpxtpx:TrackPointExtension>
        </extensions>
      </trkpt>
      <trkpt lat="42.656485" lon="-0.069493">
        <ele>1550.4163406184427</ele>
        <extensions>
          <gpxtpx:TrackPointExtension>
            <gpxtpx:Extensions>
              <highway>path</highway>
              <sac_scale>mountain_hiking</sac_scale>
            </gpxtpx:Extensions>
          </gpxtpx:TrackPointExtension>
        </extensions>
      </trkpt>
      <trkpt lat="42.656543" lon="-0.069624">
        <ele>1549.0895696628702</ele>
        <extensions>
          <gpxtpx:TrackPointExtension>
            <gpxtpx:Extensions>
              <highway>path</highway>
              <sac_scale>mountain_hiking</sac_scale>
            </gpxtpx:Extensions>
          </gpxtpx:TrackPointExtension>
        </extensions>
      </trkpt>
      <trkpt lat="42.656548" lon="-0.069649">
        <ele>1548.5881969026873</ele>
        <extensions>
          <gpxtpx:TrackPointExtension>
            <gpxtpx:Extensions>
              <highway>path</highway>
              <sac_scale>mountain_hiking</sac_scale>
            </gpxtpx:Extensions>
          </gpxtpx:TrackPointExtension>
        </extensions>
      </trkpt>
      <trkpt lat="42.656482" lon="-0.069645">
        <ele>1546.3469643930027</ele>
        <extensions>
          <gpxtpx:TrackPointExtension>
            <gpxtpx:Extensions>
              <highway>path</highway>
              <sac_scale>mountain_hiking</sac_scale>
            </gpxtpx:Extensions>
          </gpxtpx:TrackPointExtension>
        </extensions>
      </trkpt>
      <trkpt lat="42.656481" lon="-0.069681">
        <ele>1545.1921597279104</ele>
        <extensions>
          <gpxtpx:TrackPointExtension>
            <gpxtpx:Extensions>
              <highway>path</highway>
              <sac_scale>mountain_hiking</sac_scale>
            </gpxtpx:Extensions>
          </gpxtpx:TrackPointExtension>
        </extensions>
      </trkpt>
      <trkpt lat="42.656356" lon="-0.069708">
        <ele>1537.901410357463</ele>
        <extensions>
          <gpxtpx:TrackPointExtension>
            <gpxtpx:Extensions>
              <highway>path</highway>
              <sac_scale>mountain_hiking</sac_scale>
            </gpxtpx:Extensions>
          </gpxtpx:TrackPointExtension>
        </extensions>
      </trkpt>
      <trkpt lat="42.656335" lon="-0.069811">
        <ele>1533.8276794458611</ele>
        <extensions>
          <gpxtpx:TrackPointExtension>
            <gpxtpx:Extensions>
              <highway>path</highway>
              <sac_scale>mountain_hiking</sac_scale>
            </gpxtpx:Extensions>
          </gpxtpx:TrackPointExtension>
        </extensions>
      </trkpt>
      <trkpt lat="42.656308" lon="-0.069813">
        <ele>1532.482259161773</ele>
        <extensions>
          <gpxtpx:TrackPointExtension>
            <gpxtpx:Extensions>
              <highway>path</highway>
              <sac_scale>mountain_hiking</sac_scale>
            </gpxtpx:Extensions>
          </gpxtpx:TrackPointExtension>
        </extensions>
      </trkpt>
      <trkpt lat="42.656265" lon="-0.069937">
        <ele>1528.5946560951113</ele>
        <extensions>
          <gpxtpx:TrackPointExtension>
            <gpxtpx:Extensions>
              <highway>path</highway>
              <sac_scale>mountain_hiking</sac_scale>
            </gpxtpx:Extensions>
          </gpxtpx:TrackPointExtension>
        </extensions>
      </trkpt>
      <trkpt lat="42.656155" lon="-0.069972">
        <ele>1524.5154102470278</ele>
        <extensions>
          <gpxtpx:TrackPointExtension>
            <gpxtpx:Extensions>
              <highway>path</highway>
              <sac_scale>mountain_hiking</sac_scale>
            </gpxtpx:Extensions>
          </gpxtpx:TrackPointExtension>
        </extensions>
      </trkpt>
      <trkpt lat="42.656158" lon="-0.070104">
        <ele>1522.4135848922763</ele>
        <extensions>
          <gpxtpx:TrackPointExtension>
            <gpxtpx:Extensions>
              <highway>path</highway>
              <sac_scale>mountain_hiking</sac_scale>
            </gpxtpx:Extensions>
          </gpxtpx:TrackPointExtension>
        </extensions>
      </trkpt>
      <trkpt lat="42.655965" lon="-0.07016">
        <ele>1515.7500500881993</ele>
        <extensions>
          <gpxtpx:TrackPointExtension>
            <gpxtpx:Extensions>
              <highway>path</highway>
              <sac_scale>mountain_hiking</sac_scale>
            </gpxtpx:Extensions>
          </gpxtpx:TrackPointExtension>
        </extensions>
      </trkpt>
      <trkpt lat="42.655847" lon="-0.070139">
        <ele>1512.2384200046413</ele>
        <extensions>
          <gpxtpx:TrackPointExtension>
            <gpxtpx:Extensions>
              <highway>path</highway>
              <sac_scale>mountain_hiking</sac_scale>
            </gpxtpx:Extensions>
          </gpxtpx:TrackPointExtension>
        </extensions>
      </trkpt>
      <trkpt lat="42.655759" lon="-0.070047">
        <ele>1509.1937379124522</ele>
        <extensions>
          <gpxtpx:TrackPointExtension>
            <gpxtpx:Extensions>
              <highway>path</highway>
              <sac_scale>mountain_hiking</sac_scale>
            </gpxtpx:Extensions>
          </gpxtpx:TrackPointExtension>
        </extensions>
      </trkpt>
      <trkpt lat="42.655726" lon="-0.070059">
        <ele>1508.0824415906936</ele>
        <extensions>
          <gpxtpx:TrackPointExtension>
            <gpxtpx:Extensions>
              <highway>path</highway>
              <sac_scale>mountain_hiking</sac_scale>
            </gpxtpx:Extensions>
          </gpxtpx:TrackPointExtension>
        </extensions>
      </trkpt>
      <trkpt lat="42.655651" lon="-0.070009">
        <ele>1505.4338022782447</ele>
        <extensions>
          <gpxtpx:TrackPointExtension>
            <gpxtpx:Extensions>
              <highway>path</highway>
              <sac_scale>mountain_hiking</sac_scale>
            </gpxtpx:Extensions>
          </gpxtpx:TrackPointExtension>
        </extensions>
      </trkpt>
      <trkpt lat="42.655591" lon="-0.07009">
        <ele>1503.8842890102678</ele>
        <extensions>
          <gpxtpx:TrackPointExtension>
            <gpxtpx:Extensions>
              <highway>path</highway>
              <sac_scale>mountain_hiking</sac_scale>
            </gpxtpx:Extensions>
          </gpxtpx:TrackPointExtension>
        </extensions>
      </trkpt>
      <trkpt lat="42.655532" lon="-0.070011">
        <ele>1501.960614554236</ele>
        <extensions>
          <gpxtpx:TrackPointExtension>
            <gpxtpx:Extensions>
              <highway>path</highway>
              <sac_scale>mountain_hiking</sac_scale>
            </gpxtpx:Extensions>
          </gpxtpx:TrackPointExtension>
        </extensions>
      </trkpt>
      <trkpt lat="42.655507" lon="-0.069937">
        <ele>1500.8599013597213</ele>
        <extensions>
          <gpxtpx:TrackPointExtension>
            <gpxtpx:Extensions>
              <highway>path</highway>
              <sac_scale>mountain_hiking</sac_scale>
            </gpxtpx:Extensions>
          </gpxtpx:TrackPointExtension>
        </extensions>
      </trkpt>
      <trkpt lat="42.655476" lon="-0.06993">
        <ele>1500.2705830983728</ele>
        <extensions>
          <gpxtpx:TrackPointExtension>
            <gpxtpx:Extensions>
              <highway>path</highway>
              <sac_scale>mountain_hiking</sac_scale>
            </gpxtpx:Extensions>
          </gpxtpx:TrackPointExtension>
        </extensions>
      </trkpt>
      <trkpt lat="42.655328" lon="-0.070057">
        <ele>1497.1611740122462</ele>
        <extensions>
          <gpxtpx:TrackPointExtension>
            <gpxtpx:Extensions>
              <highway>path</highway>
              <sac_scale>mountain_hiking</sac_scale>
            </gpxtpx:Extensions>
          </gpxtpx:TrackPointExtension>
        </extensions>
      </trkpt>
      <trkpt lat="42.655273" lon="-0.070153">
        <ele>1494.4783798236076</ele>
        <extensions>
          <gpxtpx:TrackPointExtension>
            <gpxtpx:Extensions>
              <highway>path</highway>
              <sac_scale>mountain_hiking</sac_scale>
            </gpxtpx:Extensions>
          </gpxtpx:TrackPointExtension>
        </extensions>
      </trkpt>
      <trkpt lat="42.655104" lon="-0.07021">
        <ele>1488.0912239349225</ele>
        <extensions>
          <gpxtpx:TrackPointExtension>
            <gpxtpx:Extensions>
              <highway>path</highway>
              <sac_scale>mountain_hiking</sac_scale>
            </gpxtpx:Extensions>
          </gpxtpx:TrackPointExtension>
        </extensions>
      </trkpt>
      <trkpt lat="42.655041" lon="-0.070289">
        <ele>1486.7380277130148</ele>
        <extensions>
          <gpxtpx:TrackPointExtension>
            <gpxtpx:Extensions>
              <highway>path</highway>
              <sac_scale>mountain_hiking</sac_scale>
            </gpxtpx:Extensions>
          </gpxtpx:TrackPointExtension>
        </extensions>
      </trkpt>
      <trkpt lat="42.65502" lon="-0.070283">
        <ele>1486.0431315433311</ele>
        <extensions>
          <gpxtpx:TrackPointExtension>
            <gpxtpx:Extensions>
              <highway>path</highway>
              <sac_scale>mountain_hiking</sac_scale>
            </gpxtpx:Extensions>
          </gpxtpx:TrackPointExtension>
        </extensions>
      </trkpt>
      <trkpt lat="42.655008" lon="-0.069875">
        <ele>1482.2949638990087</ele>
        <extensions>
          <gpxtpx:TrackPointExtension>
            <gpxtpx:Extensions>
              <highway>path</highway>
              <sac_scale>mountain_hiking</sac_scale>
            </gpxtpx:Extensions>
          </gpxtpx:TrackPointExtension>
        </extensions>
      </trkpt>
      <trkpt lat="42.654919" lon="-0.069795">
        <ele>1479.2667190597328</ele>
        <extensions>
          <gpxtpx:TrackPointExtension>
            <gpxtpx:Extensions>
              <highway>path</highway>
              <sac_scale>mountain_hiking</sac_scale>
            </gpxtpx:Extensions>
          </gpxtpx:TrackPointExtension>
        </extensions>
      </trkpt>
      <trkpt lat="42.654875" lon="-0.069743">
        <ele>1477.9088088591766</ele>
        <extensions>
          <gpxtpx:TrackPointExtension>
            <gpxtpx:Extensions>
              <highway>path</highway>
              <sac_scale>mountain_hiking</sac_scale>
            </gpxtpx:Extensions>
          </gpxtpx:TrackPointExtension>
        </extensions>
      </trkpt>
      <trkpt lat="42.654856" lon="-0.069666">
        <ele>1477.4676259524485</ele>
        <extensions>
          <gpxtpx:TrackPointExtension>
            <gpxtpx:Extensions>
              <highway>path</highway>
              <sac_scale>mountain_hiking</sac_scale>
            </gpxtpx:Extensions>
          </gpxtpx:TrackPointExtension>
        </extensions>
      </trkpt>
      <trkpt lat="42.654734" lon="-0.069581">
        <ele>1473.7622411100738</ele>
        <extensions>
          <gpxtpx:TrackPointExtension>
            <gpxtpx:Extensions>
              <highway>path</highway>
              <sac_scale>mountain_hiking</sac_scale>
            </gpxtpx:Extensions>
          </gpxtpx:TrackPointExtension>
        </extensions>
      </trkpt>
      <trkpt lat="42.65468" lon="-0.069491">
        <ele>1472.1833773065614</ele>
        <extensions>
          <gpxtpx:TrackPointExtension>
            <gpxtpx:Extensions>
              <highway>path</highway>
              <sac_scale>mountain_hiking</sac_scale>
            </gpxtpx:Extensions>
          </gpxtpx:TrackPointExtension>
        </extensions>
      </trkpt>
      <trkpt lat="42.654635" lon="-0.069448">
        <ele>1470.7812399030136</ele>
        <extensions>
          <gpxtpx:TrackPointExtension>
            <gpxtpx:Extensions>
              <highway>path</highway>
              <sac_scale>mountain_hiking</sac_scale>
            </gpxtpx:Extensions>
          </gpxtpx:TrackPointExtension>
        </extensions>
      </trkpt>
      <trkpt lat="42.654604" lon="-0.069474">
        <ele>1469.630664031061</ele>
        <extensions>
          <gpxtpx:TrackPointExtension>
            <gpxtpx:Extensions>
              <highway>path</highway>
              <sac_scale>mountain_hiking</sac_scale>
            </gpxtpx:Extensions>
          </gpxtpx:TrackPointExtension>
        </extensions>
      </trkpt>
      <trkpt lat="42.654534" lon="-0.069483">
        <ele>1467.208256937796</ele>
        <extensions>
          <gpxtpx:TrackPointExtension>
            <gpxtpx:Extensions>
              <highway>path</highway>
              <sac_scale>mountain_hiking</sac_scale>
            </gpxtpx:Extensions>
          </gpxtpx:TrackPointExtension>
        </extensions>
      </trkpt>
      <trkpt lat="42.654386" lon="-0.069613">
        <ele>1461.690407552153</ele>
        <extensions>
          <gpxtpx:TrackPointExtension>
            <gpxtpx:Extensions>
              <highway>path</highway>
              <sac_scale>mountain_hiking</sac_scale>
            </gpxtpx:Extensions>
          </gpxtpx:TrackPointExtension>
        </extensions>
      </trkpt>
      <trkpt lat="42.65423" lon="-0.069718">
        <ele>1455.3491821247835</ele>
        <extensions>
          <gpxtpx:TrackPointExtension>
            <gpxtpx:Extensions>
              <highway>path</highway>
              <sac_scale>mountain_hiking</sac_scale>
            </gpxtpx:Extensions>
          </gpxtpx:TrackPointExtension>
        </extensions>
      </trkpt>
      <trkpt lat="42.654147" lon="-0.069672">
        <ele>1452.643684979405</ele>
        <extensions>
          <gpxtpx:TrackPointExtension>
            <gpxtpx:Extensions>
              <highway>path</highway>
              <sac_scale>mountain_hiking</sac_scale>
            </gpxtpx:Extensions>
          </gpxtpx:TrackPointExtension>
        </extensions>
      </trkpt>
      <trkpt lat="42.654114" lon="-0.069706">
        <ele>1451.194705860839</ele>
        <extensions>
          <gpxtpx:TrackPointExtension>
            <gpxtpx:Extensions>
              <highway>path</highway>
              <sac_scale>mountain_hiking</sac_scale>
            </gpxtpx:Extensions>
          </gpxtpx:TrackPointExtension>
        </extensions>
      </trkpt>
      <trkpt lat="42.654105" lon="-0.069859">
        <ele>1448.9793877003142</ele>
        <extensions>
          <gpxtpx:TrackPointExtension>
            <gpxtpx:Extensions>
              <highway>path</highway>
              <sac_scale>mountain_hiking</sac_scale>
            </gpxtpx:Extensions>
          </gpxtpx:TrackPointExtension>
        </extensions>
      </trkpt>
      <trkpt lat="42.654053" lon="-0.069916">
        <ele>1446.639803792379</ele>
        <extensions>
          <gpxtpx:TrackPointExtension>
            <gpxtpx:Extensions>
              <highway>path</highway>
              <sac_scale>mountain_hiking</sac_scale>
            </gpxtpx:Extensions>
          </gpxtpx:TrackPointExtension>
        </extensions>
      </trkpt>
      <trkpt lat="42.65387" lon="-0.069916">
        <ele>1439.9912396760965</ele>
        <extensions>
          <gpxtpx:TrackPointExtension>
            <gpxtpx:Extensions>
              <highway>path</highway>
              <sac_scale>mountain_hiking</sac_scale>
            </gpxtpx:Extensions>
          </gpxtpx:TrackPointExtension>
        </extensions>
      </trkpt>
      <trkpt lat="42.653854" lon="-0.069962">
        <ele>1439.262039063449</ele>
        <extensions>
          <gpxtpx:TrackPointExtension>
            <gpxtpx:Extensions>
              <highway>path</highway>
              <sac_scale>mountain_hiking</sac_scale>
            </gpxtpx:Extensions>
          </gpxtpx:TrackPointExtension>
        </extensions>
      </trkpt>
      <trkpt lat="42.653868" lon="-0.070094">
        <ele>1439.1812713402492</ele>
        <extensions>
          <gpxtpx:TrackPointExtension>
            <gpxtpx:Extensions>
              <highway>path</highway>
              <sac_scale>mountain_hiking</sac_scale>
            </gpxtpx:Extensions>
          </gpxtpx:TrackPointExtension>
        </extensions>
      </trkpt>
      <trkpt lat="42.653856" lon="-0.070142">
        <ele>1438.5717217890906</ele>
        <extensions>
          <gpxtpx:TrackPointExtension>
            <gpxtpx:Extensions>
              <highway>path</highway>
              <sac_scale>mountain_hiking</sac_scale>
            </gpxtpx:Extensions>
          </gpxtpx:TrackPointExtension>
        </extensions>
      </trkpt>
      <trkpt lat="42.653845" lon="-0.070187">
        <ele>1438.029064310408</ele>
        <extensions>
          <gpxtpx:TrackPointExtension>
            <gpxtpx:Extensions>
              <highway>path</highway>
              <sac_scale>mountain_hiking</sac_scale>
            </gpxtpx:Extensions>
          </gpxtpx:TrackPointExtension>
        </extensions>
      </trkpt>
      <trkpt lat="42.653769" lon="-0.070146">
        <ele>1435.6120009463168</ele>
        <extensions>
          <gpxtpx:TrackPointExtension>
            <gpxtpx:Extensions>
              <highway>path</highway>
              <sac_scale>mountain_hiking</sac_scale>
            </gpxtpx:Extensions>
          </gpxtpx:TrackPointExtension>
        </extensions>
      </trkpt>
      <trkpt lat="42.65374" lon="-0.070147">
        <ele>1434.6179880861841</ele>
        <extensions>
          <gpxtpx:TrackPointExtension>
            <gpxtpx:Extensions>
              <highway>path</highway>
              <sac_scale>mountain_hiking</sac_scale>
            </gpxtpx:Extensions>
          </gpxtpx:TrackPointExtension>
        </extensions>
      </trkpt>
      <trkpt lat="42.653692" lon="-0.070198">
        <ele>1432.8641886982584</ele>
        <extensions>
          <gpxtpx:TrackPointExtension>
            <gpxtpx:Extensions>
              <highway>path</highway>
              <sac_scale>mountain_hiking</sac_scale>
            </gpxtpx:Extensions>
          </gpxtpx:TrackPointExtension>
        </extensions>
      </trkpt>
      <trkpt lat="42.653651" lon="-0.070199">
        <ele>1431.4961831471014</ele>
        <extensions>
          <gpxtpx:TrackPointExtension>
            <gpxtpx:Extensions>
              <highway>path</highway>
              <sac_scale>mountain_hiking</sac_scale>
            </gpxtpx:Extensions>
          </gpxtpx:TrackPointExtension>
        </extensions>
      </trkpt>
      <trkpt lat="42.653629" lon="-0.070151">
        <ele>1430.9802509259744</ele>
        <extensions>
          <gpxtpx:TrackPointExtension>
            <gpxtpx:Extensions>
              <highway>path</highway>
              <sac_scale>mountain_hiking</sac_scale>
            </gpxtpx:Extensions>
          </gpxtpx:TrackPointExtension>
        </extensions>
      </trkpt>
      <trkpt lat="42.653613" lon="-0.070036">
        <ele>1430.8777111309253</ele>
        <extensions>
          <gpxtpx:TrackPointExtension>
            <gpxtpx:Extensions>
              <highway>path</highway>
              <sac_scale>mountain_hiking</sac_scale>
            </gpxtpx:Extensions>
          </gpxtpx:TrackPointExtension>
        </extensions>
      </trkpt>
      <trkpt lat="42.653592" lon="-0.069964">
        <ele>1430.4497237919559</ele>
        <extensions>
          <gpxtpx:TrackPointExtension>
            <gpxtpx:Extensions>
              <highway>path</highway>
              <sac_scale>mountain_hiking</sac_scale>
            </gpxtpx:Extensions>
          </gpxtpx:TrackPointExtension>
        </extensions>
      </trkpt>
      <trkpt lat="42.653541" lon="-0.069895">
        <ele>1429.16342679304</ele>
        <extensions>
          <gpxtpx:TrackPointExtension>
            <gpxtpx:Extensions>
              <highway>path</highway>
              <sac_scale>mountain_hiking</sac_scale>
            </gpxtpx:Extensions>
          </gpxtpx:TrackPointExtension>
        </extensions>
      </trkpt>
      <trkpt lat="42.653495" lon="-0.069861">
        <ele>1427.7798013644704</ele>
        <extensions>
          <gpxtpx:TrackPointExtension>
            <gpxtpx:Extensions>
              <highway>path</highway>
              <sac_scale>mountain_hiking</sac_scale>
            </gpxtpx:Extensions>
          </gpxtpx:TrackPointExtension>
        </extensions>
      </trkpt>
      <trkpt lat="42.653439" lon="-0.069851">
        <ele>1426.0001556651027</ele>
        <extensions>
          <gpxtpx:TrackPointExtension>
            <gpxtpx:Extensions>
              <highway>path</highway>
              <sac_scale>mountain_hiking</sac_scale>
            </gpxtpx:Extensions>
          </gpxtpx:TrackPointExtension>
        </extensions>
      </trkpt>
      <trkpt lat="42.653379" lon="-0.069825">
        <ele>1424.2232583821094</ele>
        <extensions>
          <gpxtpx:TrackPointExtension>
            <gpxtpx:Extensions>
              <highway>path</highway>
              <sac_scale>mountain_hiking</sac_scale>
            </gpxtpx:Extensions>
          </gpxtpx:TrackPointExtension>
        </extensions>
      </trkpt>
      <trkpt lat="42.653273" lon="-0.069813">
        <ele>1421.387179805945</ele>
        <extensions>
          <gpxtpx:TrackPointExtension>
            <gpxtpx:Extensions>
              <highway>path</highway>
              <sac_scale>mountain_hiking</sac_scale>
            </gpxtpx:Extensions>
          </gpxtpx:TrackPointExtension>
        </extensions>
      </trkpt>
      <trkpt lat="42.653174" lon="-0.06978">
        <ele>1417.5620125291496</ele>
        <extensions>
          <gpxtpx:TrackPointExtension>
            <gpxtpx:Extensions>
              <highway>path</highway>
              <sac_scale>mountain_hiking</sac_scale>
            </gpxtpx:Extensions>
          </gpxtpx:TrackPointExtension>
        </extensions>
      </trkpt>
      <trkpt lat="42.653122" lon="-0.0698">
        <ele>1415.6272724220266</ele>
        <extensions>
          <gpxtpx:TrackPointExtension>
            <gpxtpx:Extensions>
              <highway>path</highway>
              <sac_scale>mountain_hiking</sac_scale>
            </gpxtpx:Extensions>
          </gpxtpx:TrackPointExtension>
        </extensions>
      </trkpt>
      <trkpt lat="42.653085" lon="-0.069893">
        <ele>1414.1744071073977</ele>
        <extensions>
          <gpxtpx:TrackPointExtension>
            <gpxtpx:Extensions>
              <highway>path</highway>
              <sac_scale>mountain_hiking</sac_scale>
            </gpxtpx:Extensions>
          </gpxtpx:TrackPointExtension>
        </extensions>
      </trkpt>
      <trkpt lat="42.653087" lon="-0.069785">
        <ele>1414.3973396802187</ele>
        <extensions>
          <gpxtpx:TrackPointExtension>
            <gpxtpx:Extensions>
              <highway>path</highway>
              <sac_scale>mountain_hiking</sac_scale>
            </gpxtpx:Extensions>
          </gpxtpx:TrackPointExtension>
        </extensions>
      </trkpt>
      <trkpt lat="42.653054" lon="-0.06968">
        <ele>1413.434124379243</ele>
        <extensions>
          <gpxtpx:TrackPointExtension>
            <gpxtpx:Extensions>
              <highway>path</highway>
              <sac_scale>mountain_hiking</sac_scale>
            </gpxtpx:Extensions>
          </gpxtpx:TrackPointExtension>
        </extensions>
      </trkpt>
      <trkpt lat="42.653008" lon="-0.069618">
        <ele>1411.4894723310235</ele>
        <extensions>
          <gpxtpx:TrackPointExtension>
            <gpxtpx:Extensions>
              <highway>path</highway>
              <sac_scale>mountain_hiking</sac_scale>
            </gpxtpx:Extensions>
          </gpxtpx:TrackPointExtension>
        </extensions>
      </trkpt>
      <trkpt lat="42.652958" lon="-0.069488">
        <ele>1408.935980088921</ele>
        <extensions>
          <gpxtpx:TrackPointExtension>
            <gpxtpx:Extensions>
              <highway>path</highway>
              <sac_scale>mountain_hiking</sac_scale>
            </gpxtpx:Extensions>
          </gpxtpx:TrackPointExtension>
        </extensions>
      </trkpt>
      <trkpt lat="42.652942" lon="-0.069413">
        <ele>1408.4298524354317</ele>
        <extensions>
          <gpxtpx:TrackPointExtension>
            <gpxtpx:Extensions>
              <highway>path</highway>
              <sac_scale>mountain_hiking</sac_scale>
            </gpxtpx:Extensions>
          </gpxtpx:TrackPointExtension>
        </extensions>
      </trkpt>
      <trkpt lat="42.652977" lon="-0.069114">
        <ele>1410.1624301229922</ele>
        <extensions>
          <gpxtpx:TrackPointExtension>
            <gpxtpx:Extensions>
              <highway>path</highway>
              <sac_scale>mountain_hiking</sac_scale>
            </gpxtpx:Extensions>
          </gpxtpx:TrackPointExtension>
        </extensions>
      </trkpt>
      <trkpt lat="42.652948" lon="-0.069009">
        <ele>1407.920969838691</ele>
        <extensions>
          <gpxtpx:TrackPointExtension>
            <gpxtpx:Extensions>
              <highway>path</highway>
              <sac_scale>mountain_hiking</sac_scale>
            </gpxtpx:Extensions>
          </gpxtpx:TrackPointExtension>
        </extensions>
      </trkpt>
      <trkpt lat="42.652867" lon="-0.068888">
        <ele>1403.7434513635726</ele>
        <extensions>
          <gpxtpx:TrackPointExtension>
            <gpxtpx:Extensions>
              <highway>path</highway>
              <sac_scale>mountain_hiking</sac_scale>
            </gpxtpx:Extensions>
          </gpxtpx:TrackPointExtension>
        </extensions>
      </trkpt>
      <trkpt lat="42.652734" lon="-0.068719">
        <ele>1397.71536257636</ele>
        <extensions>
          <gpxtpx:TrackPointExtension>
            <gpxtpx:Extensions>
              <highway>path</highway>
              <sac_scale>mountain_hiking</sac_scale>
            </gpxtpx:Extensions>
          </gpxtpx:TrackPointExtension>
        </extensions>
      </trkpt>
      <trkpt lat="42.652634" lon="-0.068562">
        <ele>1392.4924621945838</ele>
        <extensions>
          <gpxtpx:TrackPointExtension>
            <gpxtpx:Extensions>
              <highway>path</highway>
              <sac_scale>mountain_hiking</sac_scale>
            </gpxtpx:Extensions>
          </gpxtpx:TrackPointExtension>
        </extensions>
      </trkpt>
      <trkpt lat="42.652624" lon="-0.068415">
        <ele>1391.956366902879</ele>
        <extensions>
          <gpxtpx:TrackPointExtension>
            <gpxtpx:Extensions>
              <highway>path</highway>
              <sac_scale>mountain_hiking</sac_scale>
            </gpxtpx:Extensions>
          </gpxtpx:TrackPointExtension>
        </extensions>
      </trkpt>
      <trkpt lat="42.652625" lon="-0.068258">
        <ele>1393.7900776562446</ele>
        <extensions>
          <gpxtpx:TrackPointExtension>
            <gpxtpx:Extensions>
              <highway>path</highway>
              <sac_scale>mountain_hiking</sac_scale>
            </gpxtpx:Extensions>
          </gpxtpx:TrackPointExtension>
        </extensions>
      </trkpt>
      <trkpt lat="42.652597" lon="-0.068172">
        <ele>1393.0900523979053</ele>
        <extensions>
          <gpxtpx:TrackPointExtension>
            <gpxtpx:Extensions>
              <highway>path</highway>
              <sac_scale>mountain_hiking</sac_scale>
            </gpxtpx:Extensions>
          </gpxtpx:TrackPointExtension>
        </extensions>
      </trkpt>
      <trkpt lat="42.652543" lon="-0.068105">
        <ele>1389.8334346003967</ele>
        <extensions>
          <gpxtpx:TrackPointExtension>
            <gpxtpx:Extensions>
              <highway>path</highway>
              <sac_scale>mountain_hiking</sac_scale>
            </gpxtpx:Extensions>
          </gpxtpx:TrackPointExtension>
        </extensions>
      </trkpt>
      <trkpt lat="42.652476" lon="-0.067987">
        <ele>1385.9420582796133</ele>
        <extensions>
          <gpxtpx:TrackPointExtension>
            <gpxtpx:Extensions>
              <highway>path</highway>
              <sac_scale>mountain_hiking</sac_scale>
            </gpxtpx:Extensions>
          </gpxtpx:TrackPointExtension>
        </extensions>
      </trkpt>
      <trkpt lat="42.65244" lon="-0.067975">
        <ele>1383.4174064032056</ele>
        <extensions>
          <gpxtpx:TrackPointExtension>
            <gpxtpx:Extensions>
              <highway>path</highway>
              <sac_scale>mountain_hiking</sac_scale>
            </gpxtpx:Extensions>
          </gpxtpx:TrackPointExtension>
        </extensions>
      </trkpt>
      <trkpt lat="42.652361" lon="-0.067994">
        <ele>1378.1968895371297</ele>
        <extensions>
          <gpxtpx:TrackPointExtension>
            <gpxtpx:Extensions>
              <highway>path</highway>
              <sac_scale>mountain_hiking</sac_scale>
            </gpxtpx:Extensions>
          </gpxtpx:TrackPointExtension>
        </extensions>
      </trkpt>
      <trkpt lat="42.652325" lon="-0.067984">
        <ele>1375.8117177159677</ele>
        <extensions>
          <gpxtpx:TrackPointExtension>
            <gpxtpx:Extensions>
              <highway>path</highway>
              <sac_scale>mountain_hiking</sac_scale>
            </gpxtpx:Extensions>
          </gpxtpx:TrackPointExtension>
        </extensions>
      </trkpt>
      <trkpt lat="42.652276" lon="-0.067877">
        <ele>1370.8109407747825</ele>
        <extensions>
          <gpxtpx:TrackPointExtension>
            <gpxtpx:Extensions>
              <highway>path</highway>
              <sac_scale>mountain_hiking</sac_scale>
            </gpxtpx:Extensions>
          </gpxtpx:TrackPointExtension>
        </extensions>
      </trkpt>
      <trkpt lat="42.65228" lon="-0.067643">
        <ele>1369.10771000095</ele>
        <extensions>
          <gpxtpx:TrackPointExtension>
            <gpxtpx:Extensions>
              <highway>path</highway>
              <sac_scale>mountain_hiking</sac_scale>
            </gpxtpx:Extensions>
          </gpxtpx:TrackPointExtension>
        </extensions>
      </trkpt>
      <trkpt lat="42.652271" lon="-0.067534">
        <ele>1368.6841539056911</ele>
        <extensions>
          <gpxtpx:TrackPointExtension>
            <gpxtpx:Extensions>
              <highway>path</highway>
              <sac_scale>mountain_hiking</sac_scale>
            </gpxtpx:Extensions>
          </gpxtpx:TrackPointExtension>
        </extensions>
      </trkpt>
      <trkpt lat="42.652141" lon="-0.067134">
        <ele>1365.9588949078432</ele>
        <extensions>
          <gpxtpx:TrackPointExtension>
            <gpxtpx:Extensions>
              <highway>path</highway>
              <sac_scale>mountain_hiking</sac_scale>
            </gpxtpx:Extensions>
          </gpxtpx:TrackPointExtension>
        </extensions>
      </trkpt>
      <trkpt lat="42.652092" lon="-0.067049">
        <ele>1363.2033768813299</ele>
        <extensions>
          <gpxtpx:TrackPointExtension>
            <gpxtpx:Extensions>
              <highway>path</highway>
              <sac_scale>mountain_hiking</sac_scale>
            </gpxtpx:Extensions>
          </gpxtpx:TrackPointExtension>
        </extensions>
      </trkpt>
      <trkpt lat="42.65205" lon="-0.06708">
        <ele>1360.4725742583307</ele>
        <extensions>
          <gpxtpx:TrackPointExtension>
            <gpxtpx:Extensions>
              <highway>path</highway>
              <sac_scale>mountain_hiking</sac_scale>
            </gpxtpx:Extensions>
          </gpxtpx:TrackPointExtension>
        </extensions>
      </trkpt>
      <trkpt lat="42.651996" lon="-0.067189">
        <ele>1356.8210439204086</ele>
        <extensions>
          <gpxtpx:TrackPointExtension>
            <gpxtpx:Extensions>
              <highway>path</highway>
              <sac_scale>mountain_hiking</sac_scale>
            </gpxtpx:Extensions>
          </gpxtpx:TrackPointExtension>
        </extensions>
      </trkpt>
      <trkpt lat="42.651963" lon="-0.067312">
        <ele>1354.3218839091728</ele>
        <extensions>
          <gpxtpx:TrackPointExtension>
            <gpxtpx:Extensions>
              <highway>path</highway>
              <sac_scale>mountain_hiking</sac_scale>
            </gpxtpx:Extensions>
          </gpxtpx:TrackPointExtension>
        </extensions>
      </trkpt>
      <trkpt lat="42.651947" lon="-0.067323">
        <ele>1353.249970869808</ele>
        <extensions>
          <gpxtpx:TrackPointExtension>
            <gpxtpx:Extensions>
              <highway>path</highway>
              <sac_scale>mountain_hiking</sac_scale>
            </gpxtpx:Extensions>
          </gpxtpx:TrackPointExtension>
        </extensions>
      </trkpt>
      <trkpt lat="42.651882" lon="-0.067223">
        <ele>1349.9589059253137</ele>
        <extensions>
          <gpxtpx:TrackPointExtension>
            <gpxtpx:Extensions>
              <highway>path</highway>
              <sac_scale>mountain_hiking</sac_scale>
            </gpxtpx:Extensions>
          </gpxtpx:TrackPointExtension>
        </extensions>
      </trkpt>
      <trkpt lat="42.651904" lon="-0.067373">
        <ele>1350.2356147901146</ele>
        <extensions>
          <gpxtpx:TrackPointExtension>
            <gpxtpx:Extensions>
              <highway>path</highway>
              <sac_scale>mountain_hiking</sac_scale>
            </gpxtpx:Extensions>
          </gpxtpx:TrackPointExtension>
        </extensions>
      </trkpt>
      <trkpt lat="42.651878" lon="-0.067416">
        <ele>1348.3824878577814</ele>
        <extensions>
          <gpxtpx:TrackPointExtension>
            <gpxtpx:Extensions>
              <highway>path</highway>
              <sac_scale>mountain_hiking</sac_scale>
            </gpxtpx:Extensions>
          </gpxtpx:TrackPointExtension>
        </extensions>
      </trkpt>
      <trkpt lat="42.65185" lon="-0.067441">
        <ele>1346.6583430799603</ele>
        <extensions>
          <gpxtpx:TrackPointExtension>
            <gpxtpx:Extensions>
              <highway>path</highway>
              <sac_scale>mountain_hiking</sac_scale>
            </gpxtpx:Extensions>
          </gpxtpx:TrackPointExtension>
        </extensions>
      </trkpt>
      <trkpt lat="42.651761" lon="-0.067385">
        <ele>1342.4065595747309</ele>
        <extensions>
          <gpxtpx:TrackPointExtension>
            <gpxtpx:Extensions>
              <highway>path</highway>
              <sac_scale>mountain_hiking</sac_scale>
            </gpxtpx:Extensions>
          </gpxtpx:TrackPointExtension>
        </extensions>
      </trkpt>
      <trkpt lat="42.651766" lon="-0.067441">
        <ele>1342.297885593679</ele>
        <extensions>
          <gpxtpx:TrackPointExtension>
            <gpxtpx:Extensions>
              <highway>path</highway>
              <sac_scale>mountain_hiking</sac_scale>
            </gpxtpx:Extensions>
          </gpxtpx:TrackPointExtension>
        </extensions>
      </trkpt>
      <trkpt lat="42.6517" lon="-0.067526">
        <ele>1338.9851843259576</ele>
        <extensions>
          <gpxtpx:TrackPointExtension>
            <gpxtpx:Extensions>
              <highway>path</highway>
              <sac_scale>mountain_hiking</sac_scale>
            </gpxtpx:Extensions>
          </gpxtpx:TrackPointExtension>
        </extensions>
      </trkpt>
      <trkpt lat="42.65168" lon="-0.0676">
        <ele>1337.9651051461715</ele>
        <extensions>
          <gpxtpx:TrackPointExtension>
            <gpxtpx:Extensions>
              <highway>path</highway>
              <sac_scale>mountain_hiking</sac_scale>
            </gpxtpx:Extensions>
          </gpxtpx:TrackPointExtension>
        </extensions>
      </trkpt>
      <trkpt lat="42.651658" lon="-0.06763">
        <ele>1336.9038394446131</ele>
        <extensions>
          <gpxtpx:TrackPointExtension>
            <gpxtpx:Extensions>
              <highway>path</highway>
              <sac_scale>mountain_hiking</sac_scale>
            </gpxtpx:Extensions>
          </gpxtpx:TrackPointExtension>
        </extensions>
      </trkpt>
      <trkpt lat="42.651629" lon="-0.067629">
        <ele>1335.6011810551104</ele>
        <extensions>
          <gpxtpx:TrackPointExtension>
            <gpxtpx:Extensions>
              <highway>path</highway>
              <sac_scale>mountain_hiking</sac_scale>
            </gpxtpx:Extensions>
          </gpxtpx:TrackPointExtension>
        </extensions>
      </trkpt>
      <trkpt lat="42.651597" lon="-0.067616">
        <ele>1334.3059203598684</ele>
        <extensions>
          <gpxtpx:TrackPointExtension>
            <gpxtpx:Extensions>
              <highway>path</highway>
              <sac_scale>mountain_hiking</sac_scale>
            </gpxtpx:Extensions>
          </gpxtpx:TrackPointExtension>
        </extensions>
      </trkpt>
      <trkpt lat="42.651563" lon="-0.067509">
        <ele>1332.8207461929449</ele>
        <extensions>
          <gpxtpx:TrackPointExtension>
            <gpxtpx:Extensions>
              <highway>path</highway>
              <sac_scale>mountain_hiking</sac_scale>
            </gpxtpx:Extensions>
          </gpxtpx:TrackPointExtension>
        </extensions>
      </trkpt>
      <trkpt lat="42.651533" lon="-0.067255">
        <ele>1329.901075914871</ele>
        <extensions>
          <gpxtpx:TrackPointExtension>
            <gpxtpx:Extensions>
              <highway>path</highway>
              <sac_scale>mountain_hiking</sac_scale>
            </gpxtpx:Extensions>
          </gpxtpx:TrackPointExtension>
        </extensions>
      </trkpt>
      <trkpt lat="42.651495" lon="-0.067054">
        <ele>1328.9121866938735</ele>
        <extensions>
          <gpxtpx:TrackPointExtension>
            <gpxtpx:Extensions>
              <highway>path</highway>
              <sac_scale>mountain_hiking</sac_scale>
            </gpxtpx:Extensions>
          </gpxtpx:TrackPointExtension>
        </extensions>
      </trkpt>
      <trkpt lat="42.651429" lon="-0.066831">
        <ele>1326.7200903177718</ele>
        <extensions>
          <gpxtpx:TrackPointExtension>
            <gpxtpx:Extensions>
              <highway>path</highway>
              <sac_scale>mountain_hiking</sac_scale>
            </gpxtpx:Extensions>
          </gpxtpx:TrackPointExtension>
        </extensions>
      </trkpt>
      <trkpt lat="42.651386" lon="-0.066647">
        <ele>1324.4548064014662</ele>
        <extensions>
          <gpxtpx:TrackPointExtension>
            <gpxtpx:Extensions>
              <highway>path</highway>
              <sac_scale>mountain_hiking</sac_scale>
            </gpxtpx:Extensions>
          </gpxtpx:TrackPointExtension>
        </extensions>
      </trkpt>
      <trkpt lat="42.65136" lon="-0.066464">
        <ele>1324.5461039066379</ele>
        <extensions>
          <gpxtpx:TrackPointExtension>
            <gpxtpx:Extensions>
              <highway>path</highway>
              <sac_scale>mountain_hiking</sac_scale>
            </gpxtpx:Extensions>
          </gpxtpx:TrackPointExtension>
        </extensions>
      </trkpt>
      <trkpt lat="42.651258" lon="-0.066395">
        <ele>1322.2592925438016</ele>
        <extensions>
          <gpxtpx:TrackPointExtension>
            <gpxtpx:Extensions>
              <highway>path</highway>
              <sac_scale>mountain_hiking</sac_scale>
            </gpxtpx:Extensions>
          </gpxtpx:TrackPointExtension>
        </extensions>
      </trkpt>
      <trkpt lat="42.651174" lon="-0.066194">
        <ele>1323.3348845877358</ele>
        <extensions>
          <gpxtpx:TrackPointExtension>
            <gpxtpx:Extensions>
              <highway>path</highway>
              <sac_scale>mountain_hiking</sac_scale>
            </gpxtpx:Extensions>
          </gpxtpx:TrackPointExtension>
        </extensions>
      </trkpt>
      <trkpt lat="42.651025" lon="-0.066025">
        <ele>1321.408080576849</ele>
        <extensions>
          <gpxtpx:TrackPointExtension>
            <gpxtpx:Extensions>
              <highway>path</highway>
              <sac_scale>mountain_hiking</sac_scale>
            </gpxtpx:Extensions>
          </gpxtpx:TrackPointExtension>
        </extensions>
      </trkpt>
      <trkpt lat="42.650877" lon="-0.065894">
        <ele>1320.2487498036598</ele>
        <extensions>
          <gpxtpx:TrackPointExtension>
            <gpxtpx:Extensions>
              <highway>path</highway>
              <sac_scale>mountain_hiking</sac_scale>
            </gpxtpx:Extensions>
          </gpxtpx:TrackPointExtension>
        </extensions>
      </trkpt>
      <trkpt lat="42.650814" lon="-0.0658">
        <ele>1320.1936653811392</ele>
        <extensions>
          <gpxtpx:TrackPointExtension>
            <gpxtpx:Extensions>
              <highway>track</highway>
            </gpxtpx:Extensions>
          </gpxtpx:TrackPointExtension>
        </extensions>
      </trkpt>
      <trkpt lat="42.650779" lon="-0.065802">
        <ele>1319.763153011972</ele>
        <extensions>
          <gpxtpx:TrackPointExtension>
            <gpxtpx:Extensions>
              <highway>track</highway>
            </gpxtpx:Extensions>
          </gpxtpx:TrackPointExtension>
        </extensions>
      </trkpt>
      <trkpt lat="42.65074" lon="-0.065784">
        <ele>1319.4329842088025</ele>
        <extensions>
          <gpxtpx:TrackPointExtension>
            <gpxtpx:Extensions>
              <highway>track</highway>
            </gpxtpx:Extensions>
          </gpxtpx:TrackPointExtension>
        </extensions>
      </trkpt>
      <trkpt lat="42.650658" lon="-0.065676">
        <ele>1319.3676493405073</ele>
        <extensions>
          <gpxtpx:TrackPointExtension>
            <gpxtpx:Extensions>
              <highway>track</highway>
            </gpxtpx:Extensions>
          </gpxtpx:TrackPointExtension>
        </extensions>
      </trkpt>
      <trkpt lat="42.650491" lon="-0.065401">
        <ele>1319.410494763771</ele>
        <extensions>
          <gpxtpx:TrackPointExtension>
            <gpxtpx:Extensions>
              <highway>track</highway>
            </gpxtpx:Extensions>
          </gpxtpx:TrackPointExtension>
        </extensions>
      </trkpt>
      <trkpt lat="42.650339" lon="-0.064935">
        <ele>1321.621946431103</ele>
        <extensions>
          <gpxtpx:TrackPointExtension>
            <gpxtpx:Extensions>
              <highway>track</highway>
            </gpxtpx:Extensions>
          </gpxtpx:TrackPointExtension>
        </extensions>
      </trkpt>
      <trkpt lat="42.650239" lon="-0.064815">
        <ele>1320.8816053258943</ele>
        <extensions>
          <gpxtpx:TrackPointExtension>
            <gpxtpx:Extensions>
              <highway>track</highway>
            </gpxtpx:Extensions>
          </gpxtpx:TrackPointExtension>
        </extensions>
      </trkpt>
      <trkpt lat="42.650126" lon="-0.064707">
        <ele>1319.5241474344862</ele>
        <extensions>
          <gpxtpx:TrackPointExtension>
            <gpxtpx:Extensions>
              <highway>track</highway>
            </gpxtpx:Extensions>
          </gpxtpx:TrackPointExtension>
        </extensions>
      </trkpt>
      <trkpt lat="42.650025" lon="-0.064659">
        <ele>1315.8548000270773</ele>
        <extensions>
          <gpxtpx:TrackPointExtension>
            <gpxtpx:Extensions>
              <highway>track</highway>
            </gpxtpx:Extensions>
          </gpxtpx:TrackPointExtension>
        </extensions>
      </trkpt>
      <trkpt lat="42.649859" lon="-0.064283">
        <ele>1311.9093766896424</ele>
        <extensions>
          <gpxtpx:TrackPointExtension>
            <gpxtpx:Extensions>
              <highway>track</highway>
            </gpxtpx:Extensions>
          </gpxtpx:TrackPointExtension>
        </extensions>
      </trkpt>
      <trkpt lat="42.649855" lon="-0.064148">
        <ele>1313.0644630725915</ele>
        <extensions>
          <gpxtpx:TrackPointExtension>
            <gpxtpx:Extensions>
              <highway>track</highway>
            </gpxtpx:Extensions>
          </gpxtpx:TrackPointExtension>
        </extensions>
      </trkpt>
      <trkpt lat="42.649788" lon="-0.063865">
        <ele>1312.180811743021</ele>
        <extensions>
          <gpxtpx:TrackPointExtension>
            <gpxtpx:Extensions>
              <highway>track</highway>
            </gpxtpx:Extensions>
          </gpxtpx:TrackPointExtension>
        </extensions>
      </trkpt>
      <trkpt lat="42.649585" lon="-0.063704">
        <ele>1309.8911624351458</ele>
        <extensions>
          <gpxtpx:TrackPointExtension>
            <gpxtpx:Extensions>
              <highway>track</highway>
            </gpxtpx:Extensions>
          </gpxtpx:TrackPointExtension>
        </extensions>
      </trkpt>
      <trkpt lat="42.64956" lon="-0.063684">
        <ele>1309.8223457910628</ele>
        <extensions>
          <gpxtpx:TrackPointExtension>
            <gpxtpx:Extensions>
              <highway>track</highway>
            </gpxtpx:Extensions>
          </gpxtpx:TrackPointExtension>
        </extensions>
      </trkpt>
      <trkpt lat="42.649585" lon="-0.063704">
        <ele>1309.8911624351458</ele>
        <extensions>
          <gpxtpx:TrackPointExtension>
            <gpxtpx:Extensions>
              <highway>path</highway>
              <sac_scale>hiking</sac_scale>
            </gpxtpx:Extensions>
          </gpxtpx:TrackPointExtension>
        </extensions>
      </trkpt>
      <trkpt lat="42.649532" lon="-0.063483">
        <ele>1310.871022146206</ele>
        <extensions>
          <gpxtpx:TrackPointExtension>
            <gpxtpx:Extensions>
              <highway>path</highway>
              <sac_scale>hiking</sac_scale>
            </gpxtpx:Extensions>
          </gpxtpx:TrackPointExtension>
        </extensions>
      </trkpt>
      <trkpt lat="42.649536" lon="-0.063401">
        <ele>1311.4613555425904</ele>
        <extensions>
          <gpxtpx:TrackPointExtension>
            <gpxtpx:Extensions>
              <highway>path</highway>
              <sac_scale>hiking</sac_scale>
            </gpxtpx:Extensions>
          </gpxtpx:TrackPointExtension>
        </extensions>
      </trkpt>
      <trkpt lat="42.649476" lon="-0.063026">
        <ele>1314.8739526058926</ele>
        <extensions>
          <gpxtpx:TrackPointExtension>
            <gpxtpx:Extensions>
              <highway>path</highway>
              <sac_scale>hiking</sac_scale>
            </gpxtpx:Extensions>
          </gpxtpx:TrackPointExtension>
        </extensions>
      </trkpt>
      <trkpt lat="42.649339" lon="-0.062744">
        <ele>1313.3070715177232</ele>
        <extensions>
          <gpxtpx:TrackPointExtension>
            <gpxtpx:Extensions>
              <highway>path</highway>
              <sac_scale>hiking</sac_scale>
            </gpxtpx:Extensions>
          </gpxtpx:TrackPointExtension>
        </extensions>
      </trkpt>
      <trkpt lat="42.649395" lon="-0.06251">
        <ele>1313.8623006098128</ele>
        <extensions>
          <gpxtpx:TrackPointExtension>
            <gpxtpx:Extensions>
              <highway>path</highway>
              <sac_scale>hiking</sac_scale>
            </gpxtpx:Extensions>
          </gpxtpx:TrackPointExtension>
        </extensions>
      </trkpt>
      <trkpt lat="42.649387" lon="-0.06215">
        <ele>1312.3169987356237</ele>
        <extensions>
          <gpxtpx:TrackPointExtension>
            <gpxtpx:Extensions>
              <highway>path</highway>
              <sac_scale>hiking</sac_scale>
            </gpxtpx:Extensions>
          </gpxtpx:TrackPointExtension>
        </extensions>
      </trkpt>
      <trkpt lat="42.649331" lon="-0.061975">
        <ele>1311.5870751107816</ele>
        <extensions>
          <gpxtpx:TrackPointExtension>
            <gpxtpx:Extensions>
              <highway>path</highway>
              <sac_scale>hiking</sac_scale>
            </gpxtpx:Extensions>
          </gpxtpx:TrackPointExtension>
        </extensions>
      </trkpt>
      <trkpt lat="42.649284" lon="-0.061797">
        <ele>1310.981244968628</ele>
        <extensions>
          <gpxtpx:TrackPointExtension>
            <gpxtpx:Extensions>
              <highway>path</highway>
              <sac_scale>hiking</sac_scale>
            </gpxtpx:Extensions>
          </gpxtpx:TrackPointExtension>
        </extensions>
      </trkpt>
      <trkpt lat="42.649298" lon="-0.06172">
        <ele>1311.0065374771139</ele>
        <extensions>
          <gpxtpx:TrackPointExtension>
            <gpxtpx:Extensions>
              <highway>path</highway>
              <sac_scale>hiking</sac_scale>
            </gpxtpx:Extensions>
          </gpxtpx:TrackPointExtension>
        </extensions>
      </trkpt>
      <trkpt lat="42.649354" lon="-0.061581">
        <ele>1311.2296344090296</ele>
        <extensions>
          <gpxtpx:TrackPointExtension>
            <gpxtpx:Extensions>
              <highway>path</highway>
              <sac_scale>hiking</sac_scale>
            </gpxtpx:Extensions>
          </gpxtpx:TrackPointExtension>
        </extensions>
      </trkpt>
      <trkpt lat="42.649344" lon="-0.061465">
        <ele>1311.208799868599</ele>
        <extensions>
          <gpxtpx:TrackPointExtension>
            <gpxtpx:Extensions>
              <highway>path</highway>
              <sac_scale>hiking</sac_scale>
            </gpxtpx:Extensions>
          </gpxtpx:TrackPointExtension>
        </extensions>
      </trkpt>
      <trkpt lat="42.649322" lon="-0.061387">
        <ele>1311.0977103044947</ele>
        <extensions>
          <gpxtpx:TrackPointExtension>
            <gpxtpx:Extensions>
              <highway>path</highway>
              <sac_scale>hiking</sac_scale>
            </gpxtpx:Extensions>
          </gpxtpx:TrackPointExtension>
        </extensions>
      </trkpt>
    </trkseg>
  </trk>
</gpx>
