<?xml version="1.0" encoding="UTF-8"?>
<gpx creator="Garmin Desktop App" version="1.1" schemaLocation="http://www.topografix.com/GPX/1/1 http://www.topografix.com/GPX/1/1/gpx.xsd http://www.garmin.com/xmlschemas/WaypointExtension/v1 http://www8.garmin.com/xmlschemas/WaypointExtensionv1.xsd http://www.garmin.com/xmlschemas/TrackPointExtension/v1 http://www.garmin.com/xmlschemas/TrackPointExtensionv1.xsd http://www.garmin.com/xmlschemas/GpxExtensions/v3 http://www8.garmin.com/xmlschemas/GpxExtensionsv3.xsd http://www.garmin.com/xmlschemas/ActivityExtension/v1 http://www8.garmin.com/xmlschemas/ActivityExtensionv1.xsd http://www.garmin.com/xmlschemas/AdventuresExtensions/v1 http://www8.garmin.com/xmlschemas/AdventuresExtensionv1.xsd http://www.garmin.com/xmlschemas/PressureExtension/v1 http://www.garmin.com/xmlschemas/PressureExtensionv1.xsd http://www.garmin.com/xmlschemas/TripExtensions/v1 http://www.garmin.com/xmlschemas/TripExtensionsv1.xsd http://www.garmin.com/xmlschemas/TripMetaDataExtensions/v1 http://www.garmin.com/xmlschemas/TripMetaDataExtensionsv1.xsd http://www.garmin.com/xmlschemas/ViaPointTransportationModeExtensions/v1 http://www.garmin.com/xmlschemas/ViaPointTransportationModeExtensionsv1.xsd http://www.garmin.com/xmlschemas/CreationTimeExtension/v1 http://www.garmin.com/xmlschemas/CreationTimeExtensionsv1.xsd http://www.garmin.com/xmlschemas/AccelerationExtension/v1 http://www.garmin.com/xmlschemas/AccelerationExtensionv1.xsd http://www.garmin.com/xmlschemas/PowerExtension/v1 http://www.garmin.com/xmlschemas/PowerExtensionv1.xsd http://www.garmin.com/xmlschemas/VideoExtension/v1 http://www.garmin.com/xmlschemas/VideoExtensionv1.xsd" xmlns="http://www.topografix.com/GPX/1/1" xmlns:xsi="http://www.w3.org/2001/XMLSchema-instance" xsi:schemaLocation="http://www.topografix.com/GPX/1/1 http://www.topografix.com/GPX/1/1/gpx.xsd http://www.garmin.com/xmlschemas/GpxExtensions/v3 http://www.garmin.com/xmlschemas/GpxExtensionsv3.xsd http://www.garmin.com/xmlschemas/TrackPointExtension/v1 http://www.garmin.com/xmlschemas/TrackPointExtensionv1.xsd http://www.garmin.com/xmlschemas/PowerExtension/v1 http://www.garmin.com/xmlschemas/PowerExtensionv1.xsd http://www.topografix.com/GPX/gpx_style/0/2 http://www.topografix.com/GPX/gpx_style/0/2/gpx_style.xsd" xmlns:gpxtpx="http://www.garmin.com/xmlschemas/TrackPointExtension/v1" xmlns:gpxx="http://www.garmin.com/xmlschemas/GpxExtensions/v3" xmlns:gpxpx="http://www.garmin.com/xmlschemas/PowerExtension/v1" xmlns:gpx_style="http://www.topografix.com/GPX/gpx_style/0/2">
  <metadata>
    <name>Día 2c - Pirineos</name>
    <author>
      <name>gpx.studio</name>
      <link href="https://gpx.studio"/>
    </author>
    <link href="http://www.garmin.com">
      <text>Garmin International</text>
    </link>
    <time>2026-06-16T21:24:19.000Z</time>
  </metadata>
  <wpt lat="42.682343" lon="0.027438">
    <ele>3068.549547457552</ele>
    <name>Collado del Cilindro</name>
    <sym>Information</sym>
  </wpt>
  <wpt lat="42.681255" lon="0.026832">
    <ele>2985.6472650518112</ele>
    <name>Lago Helado</name>
    <sym>Information</sym>
  </wpt>
  <trk>
    <name>Día 2c - Pirineos</name>
    <trkseg>
      <trkpt lat="42.697677025571465" lon="0.040153004229069">
        <ele>2667.45348279217</ele>
        <time>1989-12-31T00:00:00.000Z</time>
      </trkpt>
      <trkpt lat="42.69755498506129" lon="0.040083015337586">
        <ele>2658.208483997791</ele>
        <time>1989-12-31T00:00:02.000Z</time>
      </trkpt>
      <trkpt lat="42.6975320186466" lon="0.040111010894179">
        <ele>2658.630611163797</ele>
        <time>1989-12-31T00:00:03.000Z</time>
      </trkpt>
      <trkpt lat="42.69747502170503" lon="0.040110005065799">
        <ele>2653.53120971128</ele>
        <time>1989-12-31T00:00:04.000Z</time>
      </trkpt>
      <trkpt lat="42.69743202254176" lon="0.040073040872812">
        <ele>2645.9641040732554</ele>
        <time>1989-12-31T00:00:05.000Z</time>
      </trkpt>
      <trkpt lat="42.697400003671646" lon="0.040073040872812">
        <ele>2642.406578562299</ele>
        <time>1989-12-31T00:00:06.000Z</time>
      </trkpt>
      <trkpt lat="42.69736496731639" lon="0.040116962045431">
        <ele>2641.8941110999867</ele>
        <time>1989-12-31T00:00:07.000Z</time>
      </trkpt>
      <trkpt lat="42.697312999516726" lon="0.040101958438754">
        <ele>2634.5089435450077</ele>
        <time>1989-12-31T00:00:08.000Z</time>
      </trkpt>
      <trkpt lat="42.69729598425329" lon="0.040066000074148">
        <ele>2630.0689613392037</ele>
        <time>1989-12-31T00:00:09.000Z</time>
      </trkpt>
      <trkpt lat="42.69721501506865" lon="0.040070023387671">
        <ele>2620.376323876542</ele>
        <time>1989-12-31T00:00:11.000Z</time>
      </trkpt>
      <trkpt lat="42.697073025628924" lon="0.040219975635409">
        <ele>2612.9930443502435</ele>
        <time>1989-12-31T00:00:14.000Z</time>
      </trkpt>
      <trkpt lat="42.69699901342392" lon="0.04024101421237">
        <ele>2609.7958952133686</ele>
        <time>1989-12-31T00:00:16.000Z</time>
      </trkpt>
      <trkpt lat="42.69693899899721" lon="0.040323995053768">
        <ele>2610.110568324187</ele>
        <time>1989-12-31T00:00:18.000Z</time>
      </trkpt>
      <trkpt lat="42.696858029812574" lon="0.040352996438742">
        <ele>2607.4204171750653</ele>
        <time>1989-12-31T00:00:20.000Z</time>
      </trkpt>
      <trkpt lat="42.69681201316416" lon="0.040355008095503">
        <ele>2605.2499141688204</ele>
        <time>1989-12-31T00:00:21.000Z</time>
      </trkpt>
      <trkpt lat="42.69675803370774" lon="0.040424996986985">
        <ele>2604.818562937141</ele>
        <time>1989-12-31T00:00:22.000Z</time>
      </trkpt>
      <trkpt lat="42.69655200652778" lon="0.04056497476995">
        <ele>2597.785806672348</ele>
        <time>1989-12-31T00:00:27.000Z</time>
      </trkpt>
      <trkpt lat="42.69651495851576" lon="0.040624989196658">
        <ele>2596.9882329830493</ele>
        <time>1989-12-31T00:00:28.000Z</time>
      </trkpt>
      <trkpt lat="42.696468019858" lon="0.040630018338561">
        <ele>2594.6291578897994</ele>
        <time>1989-12-31T00:00:29.000Z</time>
      </trkpt>
      <trkpt lat="42.69642099738121" lon="0.040670000016689">
        <ele>2593.2701472143294</ele>
        <time>1989-12-31T00:00:30.000Z</time>
      </trkpt>
      <trkpt lat="42.69637003540993" lon="0.040723979473114">
        <ele>2593.0280965100364</ele>
        <time>1989-12-31T00:00:32.000Z</time>
      </trkpt>
      <trkpt lat="42.696258975192904" lon="0.041030002757907">
        <ele>2592.6815804952294</ele>
        <time>1989-12-31T00:00:37.000Z</time>
      </trkpt>
      <trkpt lat="42.69608002156019" lon="0.041183978319168">
        <ele>2592.724778103293</ele>
        <time>1989-12-31T00:00:41.000Z</time>
      </trkpt>
      <trkpt lat="42.69596200436354" lon="0.041373996064067">
        <ele>2592.6790484359353</ele>
        <time>1989-12-31T00:00:45.000Z</time>
      </trkpt>
      <trkpt lat="42.69577098079026" lon="0.041580023244023">
        <ele>2592.7011071497236</ele>
        <time>1989-12-31T00:00:50.000Z</time>
      </trkpt>
      <trkpt lat="42.69560895860195" lon="0.041928039863706">
        <ele>2592.6666071002883</ele>
        <time>1989-12-31T00:00:56.000Z</time>
      </trkpt>
      <trkpt lat="42.69552597776055" lon="0.04217597655952">
        <ele>2592.59066498053</ele>
        <time>1989-12-31T00:01:01.000Z</time>
      </trkpt>
      <trkpt lat="42.69526798278093" lon="0.04254000261426">
        <ele>2592.625</ele>
        <time>1989-12-31T00:01:08.000Z</time>
      </trkpt>
      <trkpt lat="42.69497998058796" lon="0.043149031698704">
        <ele>2592.625590869353</ele>
        <time>1989-12-31T00:01:19.000Z</time>
      </trkpt>
      <trkpt lat="42.69493295811117" lon="0.043384982272983">
        <ele>2592.643001396356</ele>
        <time>1989-12-31T00:01:23.000Z</time>
      </trkpt>
      <trkpt lat="42.69483296200633" lon="0.043495036661625">
        <ele>2592.633580438659</ele>
        <time>1989-12-31T00:01:26.000Z</time>
      </trkpt>
      <trkpt lat="42.69462903030217" lon="0.043582962825894">
        <ele>2592.625</ele>
        <time>1989-12-31T00:01:30.000Z</time>
      </trkpt>
      <trkpt lat="42.69447103142738" lon="0.043583968654275">
        <ele>2592.625</ele>
        <time>1989-12-31T00:01:33.000Z</time>
      </trkpt>
      <trkpt lat="42.69434203393757" lon="0.043535018339753">
        <ele>2592.625</ele>
        <time>1989-12-31T00:01:36.000Z</time>
      </trkpt>
      <trkpt lat="42.69435200840235" lon="0.043397974222898">
        <ele>2592.625</ele>
        <time>1989-12-31T00:01:38.000Z</time>
      </trkpt>
      <trkpt lat="42.69420800730586" lon="0.04346301779151">
        <ele>2592.625</ele>
        <time>1989-12-31T00:01:41.000Z</time>
      </trkpt>
      <trkpt lat="42.694002985954285" lon="0.043684970587492">
        <ele>2592.625</ele>
        <time>1989-12-31T00:01:47.000Z</time>
      </trkpt>
      <trkpt lat="42.69390399567783" lon="0.043826960027218">
        <ele>2592.625</ele>
        <time>1989-12-31T00:01:50.000Z</time>
      </trkpt>
      <trkpt lat="42.69379897043109" lon="0.043827965855598">
        <ele>2592.625</ele>
        <time>1989-12-31T00:01:52.000Z</time>
      </trkpt>
      <trkpt lat="42.69376301206648" lon="0.043799970299006">
        <ele>2592.625</ele>
        <time>1989-12-31T00:01:53.000Z</time>
      </trkpt>
      <trkpt lat="42.693721018731594" lon="0.043728975579143">
        <ele>2592.625</ele>
        <time>1989-12-31T00:01:54.000Z</time>
      </trkpt>
      <trkpt lat="42.69369897432625" lon="0.043554967269301">
        <ele>2592.625</ele>
        <time>1989-12-31T00:01:57.000Z</time>
      </trkpt>
      <trkpt lat="42.69372898153961" lon="0.042915008962154">
        <ele>2592.625</ele>
        <time>1989-12-31T00:02:07.000Z</time>
      </trkpt>
      <trkpt lat="42.69371498376131" lon="0.042617032304406">
        <ele>2592.625</ele>
        <time>1989-12-31T00:02:11.000Z</time>
      </trkpt>
      <trkpt lat="42.69355899654329" lon="0.042523993179202">
        <ele>2593.0824060244304</ele>
        <time>1989-12-31T00:02:15.000Z</time>
      </trkpt>
      <trkpt lat="42.693693023175" lon="0.04236800596118">
        <ele>2592.6022023790283</ele>
        <time>1989-12-31T00:02:19.000Z</time>
      </trkpt>
      <trkpt lat="42.693724958226085" lon="0.0421960093081">
        <ele>2592.5609888142526</ele>
        <time>1989-12-31T00:02:21.000Z</time>
      </trkpt>
      <trkpt lat="42.69381497986615" lon="0.041824020445347">
        <ele>2592.625</ele>
        <time>1989-12-31T00:02:27.000Z</time>
      </trkpt>
      <trkpt lat="42.693764017894864" lon="0.041501987725496">
        <ele>2592.6469056836268</ele>
        <time>1989-12-31T00:02:32.000Z</time>
      </trkpt>
      <trkpt lat="42.69378396682441" lon="0.04129302687943">
        <ele>2592.6571353434374</ele>
        <time>1989-12-31T00:02:35.000Z</time>
      </trkpt>
      <trkpt lat="42.69378002732992" lon="0.04108096472919">
        <ele>2592.7163008242383</ele>
        <time>1989-12-31T00:02:39.000Z</time>
      </trkpt>
      <trkpt lat="42.693811962381005" lon="0.040876027196646">
        <ele>2592.625</ele>
        <time>1989-12-31T00:02:42.000Z</time>
      </trkpt>
      <trkpt lat="42.69378597848117" lon="0.040791034698486">
        <ele>2592.667554603431</ele>
        <time>1989-12-31T00:02:43.000Z</time>
      </trkpt>
      <trkpt lat="42.69354399293661" lon="0.040674023330212">
        <ele>2597.9683047199705</ele>
        <time>1989-12-31T00:02:49.000Z</time>
      </trkpt>
      <trkpt lat="42.693507028743625" lon="0.040476964786649">
        <ele>2596.8382509544754</ele>
        <time>1989-12-31T00:02:52.000Z</time>
      </trkpt>
      <trkpt lat="42.693532006815076" lon="0.04060797393322">
        <ele>2597.6529346258753</ele>
        <time>1989-12-31T00:02:54.000Z</time>
      </trkpt>
      <trkpt lat="42.69346998073161" lon="0.04028401337564">
        <ele>2595.2544952651224</ele>
        <time>1989-12-31T00:02:59.000Z</time>
      </trkpt>
      <trkpt lat="42.693422958254814" lon="0.040216958150268">
        <ele>2593.2049195746476</ele>
        <time>1989-12-31T00:03:00.000Z</time>
      </trkpt>
      <trkpt lat="42.69341097213328" lon="0.039947982877493">
        <ele>2588.3598433413376</ele>
        <time>1989-12-31T00:03:04.000Z</time>
      </trkpt>
      <trkpt lat="42.69339102320373" lon="0.039785038679838">
        <ele>2588.808506286705</ele>
        <time>1989-12-31T00:03:07.000Z</time>
      </trkpt>
      <trkpt lat="42.69340803846717" lon="0.03972502425313">
        <ele>2591.235157085745</ele>
        <time>1989-12-31T00:03:08.000Z</time>
      </trkpt>
      <trkpt lat="42.69343796186149" lon="0.039728041738272">
        <ele>2591.5196080379583</ele>
        <time>1989-12-31T00:03:09.000Z</time>
      </trkpt>
      <trkpt lat="42.69342999905348" lon="0.039509022608399">
        <ele>2593.9386356824743</ele>
        <time>1989-12-31T00:03:12.000Z</time>
      </trkpt>
      <trkpt lat="42.69350501708686" lon="0.039265025407076">
        <ele>2592.0062383029476</ele>
        <time>1989-12-31T00:03:16.000Z</time>
      </trkpt>
      <trkpt lat="42.69356603734195" lon="0.03910300321877">
        <ele>2591.439448842897</ele>
        <time>1989-12-31T00:03:19.000Z</time>
      </trkpt>
      <trkpt lat="42.6935220323503" lon="0.039052041247487">
        <ele>2590.279030803951</ele>
        <time>1989-12-31T00:03:20.000Z</time>
      </trkpt>
      <trkpt lat="42.6935030054301" lon="0.038986997678876">
        <ele>2589.286489844138</ele>
        <time>1989-12-31T00:03:21.000Z</time>
      </trkpt>
      <trkpt lat="42.6935220323503" lon="0.038902005180717">
        <ele>2588.6223309767424</ele>
        <time>1989-12-31T00:03:22.000Z</time>
      </trkpt>
      <trkpt lat="42.69351599738002" lon="0.038732020184398">
        <ele>2587.108118735465</ele>
        <time>1989-12-31T00:03:25.000Z</time>
      </trkpt>
      <trkpt lat="42.6934839785099" lon="0.038621965795755">
        <ele>2587.294757303452</ele>
        <time>1989-12-31T00:03:27.000Z</time>
      </trkpt>
      <trkpt lat="42.693356992676854" lon="0.038434965535998">
        <ele>2588.925689015445</ele>
        <time>1989-12-31T00:03:31.000Z</time>
      </trkpt>
      <trkpt lat="42.69324199296534" lon="0.03839498385787">
        <ele>2587.0348474062716</ele>
        <time>1989-12-31T00:03:33.000Z</time>
      </trkpt>
      <trkpt lat="42.69296203739941" lon="0.038275038823485">
        <ele>2584.3573212690058</ele>
        <time>1989-12-31T00:03:39.000Z</time>
      </trkpt>
      <trkpt lat="42.692908979952335" lon="0.038232039660215">
        <ele>2582.9530163813265</ele>
        <time>1989-12-31T00:03:40.000Z</time>
      </trkpt>
      <trkpt lat="42.69276397302747" lon="0.038197003304958">
        <ele>2579.3878670472095</ele>
        <time>1989-12-31T00:03:44.000Z</time>
      </trkpt>
      <trkpt lat="42.69263899885118" lon="0.038188034668565">
        <ele>2575.365077407533</ele>
        <time>1989-12-31T00:03:46.000Z</time>
      </trkpt>
      <trkpt lat="42.692628018558025" lon="0.038146041333675">
        <ele>2573.3129694123936</ele>
        <time>1989-12-31T00:03:47.000Z</time>
      </trkpt>
      <trkpt lat="42.69248200580478" lon="0.03815601579845">
        <ele>2565.0184496299607</ele>
        <time>1989-12-31T00:03:50.000Z</time>
      </trkpt>
      <trkpt lat="42.69227899610996" lon="0.038348967209458">
        <ele>2559.649075779305</ele>
        <time>1989-12-31T00:03:55.000Z</time>
      </trkpt>
      <trkpt lat="42.691447008401155" lon="0.038339998573065">
        <ele>2541.479582057933</ele>
        <time>1989-12-31T00:04:12.000Z</time>
      </trkpt>
      <trkpt lat="42.69136302173138" lon="0.03837201744318">
        <ele>2541.0963542335544</ele>
        <time>1989-12-31T00:04:14.000Z</time>
      </trkpt>
      <trkpt lat="42.691294038668275" lon="0.038358019664884">
        <ele>2541.2355798737644</ele>
        <time>1989-12-31T00:04:15.000Z</time>
      </trkpt>
      <trkpt lat="42.69121399149299" lon="0.038278978317976">
        <ele>2539.196046851959</ele>
        <time>1989-12-31T00:04:18.000Z</time>
      </trkpt>
      <trkpt lat="42.69113201647997" lon="0.038246959447861">
        <ele>2536.6415792100806</ele>
        <time>1989-12-31T00:04:19.000Z</time>
      </trkpt>
      <trkpt lat="42.69104802981019" lon="0.038267998024821">
        <ele>2534.079003375663</ele>
        <time>1989-12-31T00:04:21.000Z</time>
      </trkpt>
      <trkpt lat="42.690974017605186" lon="0.038256011903286">
        <ele>2531.4511549692897</ele>
        <time>1989-12-31T00:04:23.000Z</time>
      </trkpt>
      <trkpt lat="42.69085600040853" lon="0.038146041333675">
        <ele>2528.6503701101797</ele>
        <time>1989-12-31T00:04:26.000Z</time>
      </trkpt>
      <trkpt lat="42.69077000208199" lon="0.038043027743697">
        <ele>2527.0812941494796</ele>
        <time>1989-12-31T00:04:28.000Z</time>
      </trkpt>
      <trkpt lat="42.690631030127406" lon="0.038022994995117">
        <ele>2523.9545903926582</ele>
        <time>1989-12-31T00:04:31.000Z</time>
      </trkpt>
      <trkpt lat="42.69068299792707" lon="0.037550004199147">
        <ele>2520.0904120021505</ele>
        <time>1989-12-31T00:04:38.000Z</time>
      </trkpt>
      <trkpt lat="42.690695989876986" lon="0.037424024194479">
        <ele>2519.2993120504457</ele>
        <time>1989-12-31T00:04:40.000Z</time>
      </trkpt>
      <trkpt lat="42.690565986558795" lon="0.037352023646235">
        <ele>2519.237640752731</ele>
        <time>1989-12-31T00:04:43.000Z</time>
      </trkpt>
      <trkpt lat="42.690264992415905" lon="0.036928988993168">
        <ele>2523.33954364703</ele>
        <time>1989-12-31T00:04:52.000Z</time>
      </trkpt>
      <trkpt lat="42.690028036013246" lon="0.036664037033916">
        <ele>2522.099657800103</ele>
        <time>1989-12-31T00:04:58.000Z</time>
      </trkpt>
      <trkpt lat="42.689920999109745" lon="0.036552976816893">
        <ele>2521.908696412039</ele>
        <time>1989-12-31T00:05:01.000Z</time>
      </trkpt>
      <trkpt lat="42.689728969708085" lon="0.036381985992193">
        <ele>2522.3945273257837</ele>
        <time>1989-12-31T00:05:06.000Z</time>
      </trkpt>
      <trkpt lat="42.68945496529341" lon="0.03609599545598">
        <ele>2524.264413574469</ele>
        <time>1989-12-31T00:05:13.000Z</time>
      </trkpt>
      <trkpt lat="42.68927902914584" lon="0.03605199046433">
        <ele>2524.577547253596</ele>
        <time>1989-12-31T00:05:17.000Z</time>
      </trkpt>
      <trkpt lat="42.689213985577226" lon="0.036004967987537">
        <ele>2524.9386299850275</ele>
        <time>1989-12-31T00:05:18.000Z</time>
      </trkpt>
      <trkpt lat="42.68918003886938" lon="0.036026006564498">
        <ele>2524.8179665315674</ele>
        <time>1989-12-31T00:05:19.000Z</time>
      </trkpt>
      <trkpt lat="42.68906503915787" lon="0.035980995744467">
        <ele>2525.7105839356695</ele>
        <time>1989-12-31T00:05:22.000Z</time>
      </trkpt>
      <trkpt lat="42.68902698531747" lon="0.035842023789883">
        <ele>2527.70186793583</ele>
        <time>1989-12-31T00:05:24.000Z</time>
      </trkpt>
      <trkpt lat="42.68903796561062" lon="0.035733981058002">
        <ele>2529.2548937979145</ele>
        <time>1989-12-31T00:05:26.000Z</time>
      </trkpt>
      <trkpt lat="42.68898800946772" lon="0.035624010488391">
        <ele>2532.232006382275</ele>
        <time>1989-12-31T00:05:27.000Z</time>
      </trkpt>
      <trkpt lat="42.68889698199928" lon="0.035567013546824">
        <ele>2534.7357004512423</ele>
        <time>1989-12-31T00:05:30.000Z</time>
      </trkpt>
      <trkpt lat="42.68873596563935" lon="0.035263001918793">
        <ele>2545.401491611924</ele>
        <time>1989-12-31T00:05:35.000Z</time>
      </trkpt>
      <trkpt lat="42.688674023374915" lon="0.035241963341832">
        <ele>2547.761908599114</ele>
        <time>1989-12-31T00:05:37.000Z</time>
      </trkpt>
      <trkpt lat="42.68861602060497" lon="0.035221008583903">
        <ele>2550.0029862653532</ele>
        <time>1989-12-31T00:05:38.000Z</time>
      </trkpt>
      <trkpt lat="42.68851200118661" lon="0.034984974190593">
        <ele>2558.869831191108</ele>
        <time>1989-12-31T00:05:42.000Z</time>
      </trkpt>
      <trkpt lat="42.688268003985286" lon="0.034752041101456">
        <ele>2569.877247124252</ele>
        <time>1989-12-31T00:05:48.000Z</time>
      </trkpt>
      <trkpt lat="42.688248977065086" lon="0.034669982269406">
        <ele>2572.99076127437</ele>
        <time>1989-12-31T00:05:50.000Z</time>
      </trkpt>
      <trkpt lat="42.68815401010215" lon="0.034555988386273">
        <ele>2577.856134173526</ele>
        <time>1989-12-31T00:05:52.000Z</time>
      </trkpt>
      <trkpt lat="42.68810296431184" lon="0.034493040293455">
        <ele>2580.733672242769</ele>
        <time>1989-12-31T00:05:54.000Z</time>
      </trkpt>
      <trkpt lat="42.6880359929055" lon="0.034337975084782">
        <ele>2587.4888995476135</ele>
        <time>1989-12-31T00:05:56.000Z</time>
      </trkpt>
      <trkpt lat="42.687986958771944" lon="0.034319031983614">
        <ele>2588.689662396384</ele>
        <time>1989-12-31T00:05:57.000Z</time>
      </trkpt>
      <trkpt lat="42.68798000179231" lon="0.034221969544888">
        <ele>2593.3607745864388</ele>
        <time>1989-12-31T00:05:59.000Z</time>
      </trkpt>
      <trkpt lat="42.68795401789248" lon="0.034171007573605">
        <ele>2596.068887817637</ele>
        <time>1989-12-31T00:06:00.000Z</time>
      </trkpt>
      <trkpt lat="42.68788696266711" lon="0.034158015623689">
        <ele>2597.4516091483874</ele>
        <time>1989-12-31T00:06:01.000Z</time>
      </trkpt>
      <trkpt lat="42.6878650020808" lon="0.03405500203371">
        <ele>2602.5603975899858</ele>
        <time>1989-12-31T00:06:03.000Z</time>
      </trkpt>
      <trkpt lat="42.68779098987579" lon="0.034023988991976">
        <ele>2605.649174691737</ele>
        <time>1989-12-31T00:06:05.000Z</time>
      </trkpt>
      <trkpt lat="42.687752014026046" lon="0.033974032849073">
        <ele>2608.758879082614</ele>
        <time>1989-12-31T00:06:06.000Z</time>
      </trkpt>
      <trkpt lat="42.687664004042745" lon="0.033957017585635">
        <ele>2609.7589222032175</ele>
        <time>1989-12-31T00:06:08.000Z</time>
      </trkpt>
      <trkpt lat="42.687555039301515" lon="0.033811004832387">
        <ele>2616.2018806370916</ele>
        <time>1989-12-31T00:06:11.000Z</time>
      </trkpt>
      <trkpt lat="42.68742403015494" lon="0.033545969054103">
        <ele>2626.474990920612</ele>
        <time>1989-12-31T00:06:16.000Z</time>
      </trkpt>
      <trkpt lat="42.68718900159001" lon="0.033301971852779">
        <ele>2639.015012633992</ele>
        <time>1989-12-31T00:06:22.000Z</time>
      </trkpt>
      <trkpt lat="42.68711800687015" lon="0.033141039311886">
        <ele>2645.3220107355874</ele>
        <time>1989-12-31T00:06:25.000Z</time>
      </trkpt>
      <trkpt lat="42.6870930287987" lon="0.032983040437102">
        <ele>2646.5453026639607</ele>
        <time>1989-12-31T00:06:27.000Z</time>
      </trkpt>
      <trkpt lat="42.68711096607149" lon="0.032820012420416">
        <ele>2648.0058383063265</ele>
        <time>1989-12-31T00:06:30.000Z</time>
      </trkpt>
      <trkpt lat="42.687104009091854" lon="0.032711969688535">
        <ele>2649.496185296741</ele>
        <time>1989-12-31T00:06:31.000Z</time>
      </trkpt>
      <trkpt lat="42.68699496053159" lon="0.032340986654162">
        <ele>2658.4901736233182</ele>
        <time>1989-12-31T00:06:37.000Z</time>
      </trkpt>
      <trkpt lat="42.68694399856031" lon="0.032243002206087">
        <ele>2662.1677761353358</ele>
        <time>1989-12-31T00:06:39.000Z</time>
      </trkpt>
      <trkpt lat="42.68683603964746" lon="0.032134959474206">
        <ele>2666.9663816009834</ele>
        <time>1989-12-31T00:06:42.000Z</time>
      </trkpt>
      <trkpt lat="42.68675004132092" lon="0.031971009448171">
        <ele>2673.2190595568854</ele>
        <time>1989-12-31T00:06:45.000Z</time>
      </trkpt>
      <trkpt lat="42.686657002195716" lon="0.031673032790422">
        <ele>2681.9494338478708</ele>
        <time>1989-12-31T00:06:50.000Z</time>
      </trkpt>
      <trkpt lat="42.68652901053429" lon="0.031512016430497">
        <ele>2688.2329395137003</ele>
        <time>1989-12-31T00:06:54.000Z</time>
      </trkpt>
      <trkpt lat="42.686458015814424" lon="0.031488966196775">
        <ele>2690.349096626476</ele>
        <time>1989-12-31T00:06:55.000Z</time>
      </trkpt>
      <trkpt lat="42.68616900779307" lon="0.031611006706953">
        <ele>2699.320463976439</ele>
        <time>1989-12-31T00:07:01.000Z</time>
      </trkpt>
      <trkpt lat="42.68612399697304" lon="0.031766993924975">
        <ele>2700.067807215314</ele>
        <time>1989-12-31T00:07:04.000Z</time>
      </trkpt>
      <trkpt lat="42.68604797311127" lon="0.031976960599422">
        <ele>2702.227920791015</ele>
        <time>1989-12-31T00:07:08.000Z</time>
      </trkpt>
      <trkpt lat="42.685903972014785" lon="0.032219029963017">
        <ele>2706.3628637785773</ele>
        <time>1989-12-31T00:07:12.000Z</time>
      </trkpt>
      <trkpt lat="42.685773968696594" lon="0.032286001369357">
        <ele>2713.3437414623654</ele>
        <time>1989-12-31T00:07:15.000Z</time>
      </trkpt>
      <trkpt lat="42.6856579631567" lon="0.032482976093888">
        <ele>2716.882819888335</ele>
        <time>1989-12-31T00:07:19.000Z</time>
      </trkpt>
      <trkpt lat="42.68555101007223" lon="0.032666958868504">
        <ele>2722.3130577552806</ele>
        <time>1989-12-31T00:07:23.000Z</time>
      </trkpt>
      <trkpt lat="42.685431987047195" lon="0.032825041562319">
        <ele>2725.804033953306</ele>
        <time>1989-12-31T00:07:26.000Z</time>
      </trkpt>
      <trkpt lat="42.685197964310646" lon="0.033055962994695">
        <ele>2724.5253683923247</ele>
        <time>1989-12-31T00:07:32.000Z</time>
      </trkpt>
      <trkpt lat="42.68502797931433" lon="0.033320998772979">
        <ele>2719.976543263007</ele>
        <time>1989-12-31T00:07:38.000Z</time>
      </trkpt>
      <trkpt lat="42.68496100790799" lon="0.033363997936249">
        <ele>2721.164131649694</ele>
        <time>1989-12-31T00:07:39.000Z</time>
      </trkpt>
      <trkpt lat="42.68492002040148" lon="0.033390987664461">
        <ele>2724.086444520436</ele>
        <time>1989-12-31T00:07:40.000Z</time>
      </trkpt>
      <trkpt lat="42.684769397601485" lon="0.033446056768298">
        <ele>2739.3517410982513</ele>
        <time>1989-12-31T00:07:43.000Z</time>
      </trkpt>
      <trkpt lat="42.684669233858585" lon="0.033572036772966">
        <ele>2743.695026886336</ele>
        <time>1989-12-31T00:07:46.000Z</time>
      </trkpt>
      <trkpt lat="42.684540236368775" lon="0.033634733408689">
        <ele>2757.0986553571756</ele>
        <time>1989-12-31T00:07:49.000Z</time>
      </trkpt>
      <trkpt lat="42.68438257277012" lon="0.03366650082171">
        <ele>2770.4239847055655</ele>
        <time>1989-12-31T00:07:52.000Z</time>
      </trkpt>
      <trkpt lat="42.68423396162689" lon="0.033819302916527">
        <ele>2774.051588231886</ele>
        <time>1989-12-31T00:07:56.000Z</time>
      </trkpt>
      <trkpt lat="42.68413396552205" lon="0.033821649849415">
        <ele>2778.555029022975</ele>
        <time>1989-12-31T00:07:58.000Z</time>
      </trkpt>
      <trkpt lat="42.684024162590504" lon="0.033729281276464">
        <ele>2786.0749721926554</ele>
        <time>1989-12-31T00:08:01.000Z</time>
      </trkpt>
      <trkpt lat="42.68391611985862" lon="0.033616879954934">
        <ele>2790.3767810189897</ele>
        <time>1989-12-31T00:08:04.000Z</time>
      </trkpt>
      <trkpt lat="42.68392098136246" lon="0.033144978806376">
        <ele>2807.128542573056</ele>
        <time>1989-12-31T00:08:11.000Z</time>
      </trkpt>
      <trkpt lat="42.68393397331238" lon="0.033109020441771">
        <ele>2808.896285583982</ele>
        <time>1989-12-31T00:08:12.000Z</time>
      </trkpt>
      <trkpt lat="42.68388703465462" lon="0.032948004081845">
        <ele>2812.557150253926</ele>
        <time>1989-12-31T00:08:14.000Z</time>
      </trkpt>
      <trkpt lat="42.6839519944042" lon="0.032730996608734">
        <ele>2817.7891404264124</ele>
        <time>1989-12-31T00:08:18.000Z</time>
      </trkpt>
      <trkpt lat="42.68387898802757" lon="0.032580960541964">
        <ele>2819.551583549814</ele>
        <time>1989-12-31T00:08:21.000Z</time>
      </trkpt>
      <trkpt lat="42.68397697247565" lon="0.032352972775698">
        <ele>2821.3917193530324</ele>
        <time>1989-12-31T00:08:25.000Z</time>
      </trkpt>
      <trkpt lat="42.683990970253944" lon="0.031979978084564">
        <ele>2823.1520548214003</ele>
        <time>1989-12-31T00:08:31.000Z</time>
      </trkpt>
      <trkpt lat="42.68394000828266" lon="0.031330967321992">
        <ele>2830.342972856634</ele>
        <time>1989-12-31T00:08:40.000Z</time>
      </trkpt>
      <trkpt lat="42.68405199050903" lon="0.031208004802465">
        <ele>2833.176887297792</ele>
        <time>1989-12-31T00:08:43.000Z</time>
      </trkpt>
      <trkpt lat="42.68414502963424" lon="0.031036008149385">
        <ele>2841.528439588993</ele>
        <time>1989-12-31T00:08:47.000Z</time>
      </trkpt>
      <trkpt lat="42.68411099910736" lon="0.030880020931363">
        <ele>2847.143233685207</ele>
        <time>1989-12-31T00:08:49.000Z</time>
      </trkpt>
      <trkpt lat="42.684054002165794" lon="0.030783964321017">
        <ele>2850.805922506947</ele>
        <time>1989-12-31T00:08:51.000Z</time>
      </trkpt>
      <trkpt lat="42.68396004103124" lon="0.030738031491637">
        <ele>2852.4909727705895</ele>
        <time>1989-12-31T00:08:53.000Z</time>
      </trkpt>
      <trkpt lat="42.68389298580587" lon="0.030609034001827">
        <ele>2860.268292125282</ele>
        <time>1989-12-31T00:08:56.000Z</time>
      </trkpt>
      <trkpt lat="42.683907989412546" lon="0.030491016805172">
        <ele>2865.5483675658706</ele>
        <time>1989-12-31T00:08:57.000Z</time>
      </trkpt>
      <trkpt lat="42.68399901688099" lon="0.03020703792572">
        <ele>2878.3251580433425</ele>
        <time>1989-12-31T00:09:02.000Z</time>
      </trkpt>
      <trkpt lat="42.68401703797281" lon="0.029861032962799">
        <ele>2892.2690113996023</ele>
        <time>1989-12-31T00:09:07.000Z</time>
      </trkpt>
      <trkpt lat="42.68396196886897" lon="0.029789032414556">
        <ele>2895.5455764363437</ele>
        <time>1989-12-31T00:09:09.000Z</time>
      </trkpt>
      <trkpt lat="42.68389700911939" lon="0.029770005494356">
        <ele>2899.145081127305</ele>
        <time>1989-12-31T00:09:10.000Z</time>
      </trkpt>
      <trkpt lat="42.68369701690972" lon="0.029493989422917">
        <ele>2914.245729304193</ele>
        <time>1989-12-31T00:09:16.000Z</time>
      </trkpt>
      <trkpt lat="42.68372300080955" lon="0.029321992769837">
        <ele>2917.01627697742</ele>
        <time>1989-12-31T00:09:19.000Z</time>
      </trkpt>
      <trkpt lat="42.683690981939435" lon="0.029074978083372">
        <ele>2921.5234998458486</ele>
        <time>1989-12-31T00:09:23.000Z</time>
      </trkpt>
      <trkpt lat="42.68375803716481" lon="0.028780018910766">
        <ele>2925.470318949822</ele>
        <time>1989-12-31T00:09:28.000Z</time>
      </trkpt>
      <trkpt lat="42.68365804105997" lon="0.0283810403198">
        <ele>2936.348198620891</ele>
        <time>1989-12-31T00:09:34.000Z</time>
      </trkpt>
      <trkpt lat="42.683668015524745" lon="0.027897991240025">
        <ele>2952.2352466502352</ele>
        <time>1989-12-31T00:09:41.000Z</time>
      </trkpt>
      <trkpt lat="42.683649994432926" lon="0.027560032904148">
        <ele>2968.030633358555</ele>
        <time>1989-12-31T00:09:46.000Z</time>
      </trkpt>
      <trkpt lat="42.68361998721957" lon="0.027327015995979">
        <ele>2981.6998689747506</ele>
        <time>1989-12-31T00:09:50.000Z</time>
      </trkpt>
      <trkpt lat="42.68355896696448" lon="0.027110008522868">
        <ele>2993.65990065217</ele>
        <time>1989-12-31T00:09:54.000Z</time>
      </trkpt>
      <trkpt lat="42.68341597169638" lon="0.027011018246412">
        <ele>3006.8140261658114</ele>
        <time>1989-12-31T00:09:57.000Z</time>
      </trkpt>
      <trkpt lat="42.68334195949137" lon="0.027030967175961">
        <ele>3013.2428978598928</ele>
        <time>1989-12-31T00:09:59.000Z</time>
      </trkpt>
      <trkpt lat="42.68325596116483" lon="0.027129035443068">
        <ele>3020.3451780668934</ele>
        <time>1989-12-31T00:10:01.000Z</time>
      </trkpt>
      <trkpt lat="42.683132998645306" lon="0.027314024046063">
        <ele>3026.5622127085912</ele>
        <time>1989-12-31T00:10:05.000Z</time>
      </trkpt>
      <trkpt lat="42.682935018092394" lon="0.027563972398639">
        <ele>3032.187836258134</ele>
        <time>1989-12-31T00:10:10.000Z</time>
      </trkpt>
      <trkpt lat="42.68277802504599" lon="0.027662962675095">
        <ele>3040.959082850878</ele>
        <time>1989-12-31T00:10:14.000Z</time>
      </trkpt>
      <trkpt lat="42.68265598453581" lon="0.027460958808661">
        <ele>3053.0531285371235</ele>
        <time>1989-12-31T00:10:18.000Z</time>
      </trkpt>
      <trkpt lat="42.6825409848243" lon="0.027518039569259">
        <ele>3057.962074279785</ele>
        <time>1989-12-31T00:10:20.000Z</time>
      </trkpt>
      <trkpt lat="42.68238600343466" lon="0.027529019862413">
        <ele>3066.6947957889124</ele>
        <time>1989-12-31T00:10:24.000Z</time>
      </trkpt>
      <trkpt lat="42.68234401009977" lon="0.027426006272435">
        <ele>3068.476526361088</ele>
        <time>1989-12-31T00:10:25.000Z</time>
      </trkpt>
      <trkpt lat="42.682252982631326" lon="0.02741502597928">
        <ele>3069.529238323571</ele>
        <time>1989-12-31T00:10:27.000Z</time>
      </trkpt>
      <trkpt lat="42.682229010388255" lon="0.027298014611006">
        <ele>3066.5654856367833</ele>
        <time>1989-12-31T00:10:29.000Z</time>
      </trkpt>
      <trkpt lat="42.68219699151814" lon="0.027280999347568">
        <ele>3065.593989796176</ele>
        <time>1989-12-31T00:10:30.000Z</time>
      </trkpt>
      <trkpt lat="42.68203999847174" lon="0.02719902433455">
        <ele>3059.8939331431948</ele>
        <time>1989-12-31T00:10:33.000Z</time>
      </trkpt>
      <trkpt lat="42.68187001347542" lon="0.027125012129545">
        <ele>3043.2501587328597</ele>
        <time>1989-12-31T00:10:37.000Z</time>
      </trkpt>
      <trkpt lat="42.6820919662714" lon="0.026558982208371">
        <ele>3037.1536685000247</ele>
        <time>1989-12-31T00:10:47.000Z</time>
      </trkpt>
      <trkpt lat="42.682376028969884" lon="0.025834031403065">
        <ele>3044.681908861148</ele>
        <time>1989-12-31T00:10:59.000Z</time>
      </trkpt>
      <trkpt lat="42.68225901760161" lon="0.025764964520931">
        <ele>3033.698206260163</ele>
        <time>1989-12-31T00:11:02.000Z</time>
      </trkpt>
      <trkpt lat="42.68213898874819" lon="0.025854986160994">
        <ele>3024.2528002705144</ele>
        <time>1989-12-31T00:11:05.000Z</time>
      </trkpt>
      <trkpt lat="42.682079980149865" lon="0.026160003617406">
        <ele>3019.1154043147326</ele>
        <time>1989-12-31T00:11:10.000Z</time>
      </trkpt>
      <trkpt lat="42.68198601901531" lon="0.026290006935596">
        <ele>3013.3298571793816</ele>
        <time>1989-12-31T00:11:12.000Z</time>
      </trkpt>
      <trkpt lat="42.68189297989011" lon="0.026397965848446">
        <ele>3009.934336008867</ele>
        <time>1989-12-31T00:11:15.000Z</time>
      </trkpt>
      <trkpt lat="42.68177102319896" lon="0.026439037173986">
        <ele>3003.0721757206475</ele>
        <time>1989-12-31T00:11:18.000Z</time>
      </trkpt>
      <trkpt lat="42.681715032085776" lon="0.026496034115553">
        <ele>3001.4002913698546</ele>
        <time>1989-12-31T00:11:19.000Z</time>
      </trkpt>
      <trkpt lat="42.681588968262076" lon="0.026578009128571">
        <ele>2995.9060593040817</ele>
        <time>1989-12-31T00:11:22.000Z</time>
      </trkpt>
      <trkpt lat="42.681287974119186" lon="0.026832986623049">
        <ele>2987.2448005343826</ele>
        <time>1989-12-31T00:11:29.000Z</time>
      </trkpt>
      <trkpt lat="42.68104297108948" lon="0.026952009648085">
        <ele>2982.430254789994</ele>
        <time>1989-12-31T00:11:35.000Z</time>
      </trkpt>
      <trkpt lat="42.680963007733226" lon="0.027013029903173">
        <ele>2985.150715191906</ele>
        <time>1989-12-31T00:11:37.000Z</time>
      </trkpt>
      <trkpt lat="42.68084901385009" lon="0.026974976062775">
        <ele>2986.173275862143</ele>
        <time>1989-12-31T00:11:39.000Z</time>
      </trkpt>
      <trkpt lat="42.68078195862472" lon="0.026932982727885">
        <ele>2986.3979749981117</ele>
        <time>1989-12-31T00:11:41.000Z</time>
      </trkpt>
      <trkpt lat="42.68064399249852" lon="0.026980005204678">
        <ele>2988.470691677927</ele>
        <time>1989-12-31T00:11:44.000Z</time>
      </trkpt>
      <trkpt lat="42.68059998750687" lon="0.02696399576962">
        <ele>2989.182810956072</ele>
        <time>1989-12-31T00:11:45.000Z</time>
      </trkpt>
      <trkpt lat="42.68041600473225" lon="0.02689803019166">
        <ele>2992.697135032144</ele>
        <time>1989-12-31T00:11:48.000Z</time>
      </trkpt>
      <trkpt lat="42.68024601973593" lon="0.026845978572965">
        <ele>2986.2762884293948</ele>
        <time>1989-12-31T00:11:52.000Z</time>
      </trkpt>
      <trkpt lat="42.68015599809587" lon="0.026880009099841">
        <ele>2985.035456264336</ele>
        <time>1989-12-31T00:11:54.000Z</time>
      </trkpt>
      <trkpt lat="42.68017896451056" lon="0.026768026873469">
        <ele>2977.1657215977693</ele>
        <time>1989-12-31T00:11:56.000Z</time>
      </trkpt>
      <trkpt lat="42.67993798479438" lon="0.026736008003354">
        <ele>2968.9561565820936</ele>
        <time>1989-12-31T00:12:01.000Z</time>
      </trkpt>
      <trkpt lat="42.679845029488206" lon="0.026780012995005">
        <ele>2968.8834441999593</ele>
        <time>1989-12-31T00:12:03.000Z</time>
      </trkpt>
      <trkpt lat="42.679756013676524" lon="0.026740031316876">
        <ele>2967.4939636385448</ele>
        <time>1989-12-31T00:12:05.000Z</time>
      </trkpt>
      <trkpt lat="42.679583011195064" lon="0.026776995509863">
        <ele>2967.0183287860564</ele>
        <time>1989-12-31T00:12:08.000Z</time>
      </trkpt>
      <trkpt lat="42.679434986785054" lon="0.026761991903186">
        <ele>2962.49823648247</ele>
        <time>1989-12-31T00:12:12.000Z</time>
      </trkpt>
      <trkpt lat="42.67928000539541" lon="0.026764003559947">
        <ele>2958.04856388615</ele>
        <time>1989-12-31T00:12:15.000Z</time>
      </trkpt>
      <trkpt lat="42.679218985140324" lon="0.026784958317876">
        <ele>2956.7135531145354</ele>
        <time>1989-12-31T00:12:16.000Z</time>
      </trkpt>
      <trkpt lat="42.67882897518575" lon="0.026815971359611">
        <ele>2946.2045590991715</ele>
        <time>1989-12-31T00:12:24.000Z</time>
      </trkpt>
      <trkpt lat="42.678857976570725" lon="0.026672976091504">
        <ele>2941.572573758912</ele>
        <time>1989-12-31T00:12:26.000Z</time>
      </trkpt>
      <trkpt lat="42.67853602766991" lon="0.026561999693513">
        <ele>2931.1595515213394</ele>
        <time>1989-12-31T00:12:33.000Z</time>
      </trkpt>
      <trkpt lat="42.6782220415771" lon="0.026370976120234">
        <ele>2917.7068525909845</ele>
        <time>1989-12-31T00:12:40.000Z</time>
      </trkpt>
      <trkpt lat="42.678209971636534" lon="0.026340968906879">
        <ele>2916.458520978221</ele>
        <time>1989-12-31T00:12:41.000Z</time>
      </trkpt>
      <trkpt lat="42.67812196165323" lon="0.026352033019066">
        <ele>2914.222285691322</ele>
        <time>1989-12-31T00:12:43.000Z</time>
      </trkpt>
      <trkpt lat="42.67794895917177" lon="0.026239966973662">
        <ele>2904.6378586689098</ele>
        <time>1989-12-31T00:12:47.000Z</time>
      </trkpt>
      <trkpt lat="42.6778369769454" lon="0.026258993893862">
        <ele>2901.820734745738</ele>
        <time>1989-12-31T00:12:49.000Z</time>
      </trkpt>
      <trkpt lat="42.67768702469766" lon="0.026367958635092">
        <ele>2905.0360592985453</ele>
        <time>1989-12-31T00:12:53.000Z</time>
      </trkpt>
      <trkpt lat="42.6776020321995" lon="0.026382962241769">
        <ele>2905.5940648300843</ele>
        <time>1989-12-31T00:12:54.000Z</time>
      </trkpt>
      <trkpt lat="42.67758099362254" lon="0.026342980563641">
        <ele>2903.0220192022584</ele>
        <time>1989-12-31T00:12:55.000Z</time>
      </trkpt>
      <trkpt lat="42.677543023601174" lon="0.026270980015397">
        <ele>2898.624500938243</ele>
        <time>1989-12-31T00:12:57.000Z</time>
      </trkpt>
      <trkpt lat="42.67748401500285" lon="0.026037963107228">
        <ele>2892.2425802267503</ele>
        <time>1989-12-31T00:13:00.000Z</time>
      </trkpt>
      <trkpt lat="42.67751301638782" lon="0.025962023064494">
        <ele>2890.1088249770105</ele>
        <time>1989-12-31T00:13:02.000Z</time>
      </trkpt>
      <trkpt lat="42.67749398946762" lon="0.025872001424432">
        <ele>2888.3577517041354</ele>
        <time>1989-12-31T00:13:03.000Z</time>
      </trkpt>
      <trkpt lat="42.677544029429555" lon="0.025783991441131">
        <ele>2885.988742497648</ele>
        <time>1989-12-31T00:13:05.000Z</time>
      </trkpt>
      <trkpt lat="42.67755903303623" lon="0.025671003386378">
        <ele>2883.0580558783713</ele>
        <time>1989-12-31T00:13:07.000Z</time>
      </trkpt>
      <trkpt lat="42.677457025274634" lon="0.025564972311258">
        <ele>2879.8676460548722</ele>
        <time>1989-12-31T00:13:09.000Z</time>
      </trkpt>
      <trkpt lat="42.677458031103015" lon="0.025383001193404">
        <ele>2876.4255900768035</ele>
        <time>1989-12-31T00:13:12.000Z</time>
      </trkpt>
      <trkpt lat="42.67746800556779" lon="0.025331033393741">
        <ele>2875.693645727862</ele>
        <time>1989-12-31T00:13:13.000Z</time>
      </trkpt>
      <trkpt lat="42.67742701806128" lon="0.025312006473541">
        <ele>2875.714157617995</ele>
        <time>1989-12-31T00:13:14.000Z</time>
      </trkpt>
      <trkpt lat="42.67745099030435" lon="0.025017969310284">
        <ele>2868.9234532841474</ele>
        <time>1989-12-31T00:13:18.000Z</time>
      </trkpt>
      <trkpt lat="42.677500024437904" lon="0.024852007627487">
        <ele>2864.5339121586326</ele>
        <time>1989-12-31T00:13:21.000Z</time>
      </trkpt>
      <trkpt lat="42.67748602665961" lon="0.024743964895606">
        <ele>2862.0032418535957</ele>
        <time>1989-12-31T00:13:23.000Z</time>
      </trkpt>
      <trkpt lat="42.6775280199945" lon="0.024640029296279">
        <ele>2860.0861216829744</ele>
        <time>1989-12-31T00:13:24.000Z</time>
      </trkpt>
      <trkpt lat="42.67751603387296" lon="0.02445001155138">
        <ele>2854.419208996774</ele>
        <time>1989-12-31T00:13:27.000Z</time>
      </trkpt>
      <trkpt lat="42.677375972270966" lon="0.023980960249901">
        <ele>2843.2792936717674</ele>
        <time>1989-12-31T00:13:35.000Z</time>
      </trkpt>
      <trkpt lat="42.677354011684656" lon="0.023865960538387">
        <ele>2841.9309456420056</ele>
        <time>1989-12-31T00:13:37.000Z</time>
      </trkpt>
      <trkpt lat="42.67727999947965" lon="0.023822039365768">
        <ele>2838.962156687664</ele>
        <time>1989-12-31T00:13:39.000Z</time>
      </trkpt>
      <trkpt lat="42.67716499976814" lon="0.023822961375117">
        <ele>2835.313038148268</ele>
        <time>1989-12-31T00:13:41.000Z</time>
      </trkpt>
      <trkpt lat="42.677116971462965" lon="0.024011973291636">
        <ele>2831.9152519948793</ele>
        <time>1989-12-31T00:13:44.000Z</time>
      </trkpt>
      <trkpt lat="42.67703801393509" lon="0.024121021851897">
        <ele>2830.5846305260848</ele>
        <time>1989-12-31T00:13:46.000Z</time>
      </trkpt>
      <trkpt lat="42.6769579667598" lon="0.024199979379773">
        <ele>2827.3400005549292</ele>
        <time>1989-12-31T00:13:48.000Z</time>
      </trkpt>
      <trkpt lat="42.67685101367533" lon="0.024255970492959">
        <ele>2824.0681833652525</ele>
        <time>1989-12-31T00:13:51.000Z</time>
      </trkpt>
      <trkpt lat="42.67678395844996" lon="0.024272985756397">
        <ele>2821.349986630182</ele>
        <time>1989-12-31T00:13:52.000Z</time>
      </trkpt>
      <trkpt lat="42.67671497538686" lon="0.024311039596796">
        <ele>2819.4802546570936</ele>
        <time>1989-12-31T00:13:54.000Z</time>
      </trkpt>
      <trkpt lat="42.676620008423924" lon="0.024336017668247">
        <ele>2814.088440607198</ele>
        <time>1989-12-31T00:13:56.000Z</time>
      </trkpt>
      <trkpt lat="42.67645304091275" lon="0.024545984342694">
        <ele>2814.102154712957</ele>
        <time>1989-12-31T00:14:00.000Z</time>
      </trkpt>
      <trkpt lat="42.67645597457886" lon="0.024469960480928">
        <ele>2809.1470797026723</ele>
        <time>1989-12-31T00:14:02.000Z</time>
      </trkpt>
      <trkpt lat="42.67637299373746" lon="0.024437019601464">
        <ele>2799.810079206759</ele>
        <time>1989-12-31T00:14:03.000Z</time>
      </trkpt>
      <trkpt lat="42.67638003453612" lon="0.024391002953053">
        <ele>2798.329630712183</ele>
        <time>1989-12-31T00:14:04.000Z</time>
      </trkpt>
      <trkpt lat="42.67609898932278" lon="0.024499967694283">
        <ele>2784.983133408599</ele>
        <time>1989-12-31T00:14:10.000Z</time>
      </trkpt>
      <trkpt lat="42.67610804177821" lon="0.024379016831517">
        <ele>2782.4519992505625</ele>
        <time>1989-12-31T00:14:12.000Z</time>
      </trkpt>
      <trkpt lat="42.67589698545635" lon="0.024521006271243">
        <ele>2773.203885145027</ele>
        <time>1989-12-31T00:14:17.000Z</time>
      </trkpt>
      <trkpt lat="42.67556196078658" lon="0.024627959355712">
        <ele>2760.796959805811</ele>
        <time>1989-12-31T00:14:24.000Z</time>
      </trkpt>
      <trkpt lat="42.675504963845015" lon="0.024613039568067">
        <ele>2758.7953707157035</ele>
        <time>1989-12-31T00:14:25.000Z</time>
      </trkpt>
      <trkpt lat="42.67544997856021" lon="0.024570040404797">
        <ele>2756.364715563079</ele>
        <time>1989-12-31T00:14:27.000Z</time>
      </trkpt>
      <trkpt lat="42.67534403130412" lon="0.02457800321281">
        <ele>2753.3544534586304</ele>
        <time>1989-12-31T00:14:29.000Z</time>
      </trkpt>
      <trkpt lat="42.67523003742099" lon="0.02464103512466">
        <ele>2750.126876879426</ele>
        <time>1989-12-31T00:14:31.000Z</time>
      </trkpt>
      <trkpt lat="42.67508000135422" lon="0.024790987372398">
        <ele>2749.4275896525282</ele>
        <time>1989-12-31T00:14:35.000Z</time>
      </trkpt>
      <trkpt lat="42.67493097111583" lon="0.024777995422482">
        <ele>2746.319492242197</ele>
        <time>1989-12-31T00:14:38.000Z</time>
      </trkpt>
      <trkpt lat="42.674861988052726" lon="0.024823006242514">
        <ele>2745.482307468564</ele>
        <time>1989-12-31T00:14:40.000Z</time>
      </trkpt>
      <trkpt lat="42.67478101886809" lon="0.024774977937341">
        <ele>2742.6269300306094</ele>
        <time>1989-12-31T00:14:42.000Z</time>
      </trkpt>
      <trkpt lat="42.67473500221968" lon="0.024833986535668">
        <ele>2742.126375100417</ele>
        <time>1989-12-31T00:14:43.000Z</time>
      </trkpt>
      <trkpt lat="42.67460801638663" lon="0.02477103844285">
        <ele>2738.436756980439</ele>
        <time>1989-12-31T00:14:46.000Z</time>
      </trkpt>
      <trkpt lat="42.67441397532821" lon="0.024726027622819">
        <ele>2735.791489176583</ele>
        <time>1989-12-31T00:14:50.000Z</time>
      </trkpt>
      <trkpt lat="42.67431699670851" lon="0.024758968502283">
        <ele>2735.470500703688</ele>
        <time>1989-12-31T00:14:52.000Z</time>
      </trkpt>
      <trkpt lat="42.67418095842004" lon="0.024705994874239">
        <ele>2734.819444417195</ele>
        <time>1989-12-31T00:14:55.000Z</time>
      </trkpt>
      <trkpt lat="42.673912988975644" lon="0.024740025401115">
        <ele>2731.0779840906675</ele>
        <time>1989-12-31T00:15:01.000Z</time>
      </trkpt>
      <trkpt lat="42.67377099953592" lon="0.024709012359381">
        <ele>2725.6864907791323</ele>
        <time>1989-12-31T00:15:04.000Z</time>
      </trkpt>
      <trkpt lat="42.67366597428918" lon="0.02477003261447">
        <ele>2721.713040751897</ele>
        <time>1989-12-31T00:15:06.000Z</time>
      </trkpt>
      <trkpt lat="42.673633033409715" lon="0.024737007915974">
        <ele>2720.1238084054266</ele>
        <time>1989-12-31T00:15:07.000Z</time>
      </trkpt>
      <trkpt lat="42.67361702397466" lon="0.024631982669234">
        <ele>2717.8268245223435</ele>
        <time>1989-12-31T00:15:08.000Z</time>
      </trkpt>
      <trkpt lat="42.67355801537633" lon="0.024584960192442">
        <ele>2716.6500177720827</ele>
        <time>1989-12-31T00:15:10.000Z</time>
      </trkpt>
      <trkpt lat="42.673314018175006" lon="0.024619996547699">
        <ele>2715.36080886424</ele>
        <time>1989-12-31T00:15:15.000Z</time>
      </trkpt>
      <trkpt lat="42.67318703234196" lon="0.024528969079256">
        <ele>2712.8844390446143</ele>
        <time>1989-12-31T00:15:18.000Z</time>
      </trkpt>
      <trkpt lat="42.67305996268988" lon="0.024524023756385">
        <ele>2712.4016399027278</ele>
        <time>1989-12-31T00:15:20.000Z</time>
      </trkpt>
      <trkpt lat="42.672967007383704" lon="0.02464103512466">
        <ele>2713.4407296720346</ele>
        <time>1989-12-31T00:15:23.000Z</time>
      </trkpt>
      <trkpt lat="42.67289400100708" lon="0.024661989882588">
        <ele>2712.3673126594113</ele>
        <time>1989-12-31T00:15:25.000Z</time>
      </trkpt>
      <trkpt lat="42.67278302460909" lon="0.024597030133009">
        <ele>2710.0350655930924</ele>
        <time>1989-12-31T00:15:27.000Z</time>
      </trkpt>
      <trkpt lat="42.67259501852095" lon="0.024455962702632">
        <ele>2704.308736303709</ele>
        <time>1989-12-31T00:15:32.000Z</time>
      </trkpt>
      <trkpt lat="42.67250499688089" lon="0.024398965761065">
        <ele>2701.6888332182375</ele>
        <time>1989-12-31T00:15:34.000Z</time>
      </trkpt>
      <trkpt lat="42.67233802936971" lon="0.024381028488278">
        <ele>2698.6699584298044</ele>
        <time>1989-12-31T00:15:37.000Z</time>
      </trkpt>
      <trkpt lat="42.672218000516295" lon="0.024383962154388">
        <ele>2696.8298680059124</ele>
        <time>1989-12-31T00:15:40.000Z</time>
      </trkpt>
      <trkpt lat="42.67204198054969" lon="0.02434398047626">
        <ele>2692.8913377346134</ele>
        <time>1989-12-31T00:15:43.000Z</time>
      </trkpt>
      <trkpt lat="42.67190895974636" lon="0.024394020438194">
        <ele>2691.4179315474958</ele>
        <time>1989-12-31T00:15:46.000Z</time>
      </trkpt>
      <trkpt lat="42.671851962804794" lon="0.024402989074588">
        <ele>2690.799075416239</ele>
        <time>1989-12-31T00:15:47.000Z</time>
      </trkpt>
      <trkpt lat="42.67179002054036" lon="0.024382034316659">
        <ele>2689.343325590595</ele>
        <time>1989-12-31T00:15:49.000Z</time>
      </trkpt>
      <trkpt lat="42.67160201445222" lon="0.024393014609814">
        <ele>2682.795955786518</ele>
        <time>1989-12-31T00:15:53.000Z</time>
      </trkpt>
      <trkpt lat="42.67147796228528" lon="0.02459904178977">
        <ele>2676.910503747422</ele>
        <time>1989-12-31T00:15:57.000Z</time>
      </trkpt>
      <trkpt lat="42.67138299532235" lon="0.024615973234177">
        <ele>2674.3314268581335</ele>
        <time>1989-12-31T00:15:59.000Z</time>
      </trkpt>
      <trkpt lat="42.67125802114606" lon="0.024670958518982">
        <ele>2672.9043264159427</ele>
        <time>1989-12-31T00:16:01.000Z</time>
      </trkpt>
      <trkpt lat="42.67113296315074" lon="0.024697026237845">
        <ele>2674.1862452514515</ele>
        <time>1989-12-31T00:16:04.000Z</time>
      </trkpt>
      <trkpt lat="42.671077977865934" lon="0.024629971012473">
        <ele>2671.9044005587048</ele>
        <time>1989-12-31T00:16:06.000Z</time>
      </trkpt>
      <trkpt lat="42.67100002616644" lon="0.024574985727668">
        <ele>2670.1593530653627</ele>
        <time>1989-12-31T00:16:07.000Z</time>
      </trkpt>
      <trkpt lat="42.67094101756811" lon="0.024502985179424">
        <ele>2668.7388266399585</ele>
        <time>1989-12-31T00:16:09.000Z</time>
      </trkpt>
      <trkpt lat="42.670902041718364" lon="0.024437019601464">
        <ele>2667.6119043750314</ele>
        <time>1989-12-31T00:16:10.000Z</time>
      </trkpt>
      <trkpt lat="42.67078100703657" lon="0.024372981861234">
        <ele>2667.6358959066756</ele>
        <time>1989-12-31T00:16:13.000Z</time>
      </trkpt>
      <trkpt lat="42.67085300758481" lon="0.02427700906992">
        <ele>2661.7186775778873</ele>
        <time>1989-12-31T00:16:15.000Z</time>
      </trkpt>
      <trkpt lat="42.67071998678148" lon="0.0241709779948">
        <ele>2657.637956936498</ele>
        <time>1989-12-31T00:16:18.000Z</time>
      </trkpt>
      <trkpt lat="42.670625019818544" lon="0.024069976061583">
        <ele>2652.9507855666175</ele>
        <time>1989-12-31T00:16:21.000Z</time>
      </trkpt>
      <trkpt lat="42.670500967651606" lon="0.024069976061583">
        <ele>2655.430942299428</ele>
        <time>1989-12-31T00:16:23.000Z</time>
      </trkpt>
      <trkpt lat="42.670474983751774" lon="0.024010967463255">
        <ele>2652.1328055774416</ele>
        <time>1989-12-31T00:16:25.000Z</time>
      </trkpt>
      <trkpt lat="42.67055402509868" lon="0.023948019370437">
        <ele>2644.407249869481</ele>
        <time>1989-12-31T00:16:27.000Z</time>
      </trkpt>
      <trkpt lat="42.67052301205695" lon="0.023894961923361">
        <ele>2639.965097161936</ele>
        <time>1989-12-31T00:16:28.000Z</time>
      </trkpt>
      <trkpt lat="42.670413041487336" lon="0.02384701743722">
        <ele>2638.089883056913</ele>
        <time>1989-12-31T00:16:31.000Z</time>
      </trkpt>
      <trkpt lat="42.67036400735378" lon="0.023846011608839">
        <ele>2641.7806469005964</ele>
        <time>1989-12-31T00:16:32.000Z</time>
      </trkpt>
      <trkpt lat="42.67029200680554" lon="0.023777028545737">
        <ele>2636.666118954006</ele>
        <time>1989-12-31T00:16:34.000Z</time>
      </trkpt>
      <trkpt lat="42.67018203623593" lon="0.023716008290648">
        <ele>2632.2924596940056</ele>
        <time>1989-12-31T00:16:36.000Z</time>
      </trkpt>
      <trkpt lat="42.669959999620914" lon="0.023630009964108">
        <ele>2612.034292456312</ele>
        <time>1989-12-31T00:16:41.000Z</time>
      </trkpt>
      <trkpt lat="42.66986503265798" lon="0.02367896027863">
        <ele>2607.6315368936607</ele>
        <time>1989-12-31T00:16:43.000Z</time>
      </trkpt>
      <trkpt lat="42.66980200074613" lon="0.023634033277631">
        <ele>2598.9937405179016</ele>
        <time>1989-12-31T00:16:44.000Z</time>
      </trkpt>
      <trkpt lat="42.66965003684163" lon="0.023571001365781">
        <ele>2589.993420670889</ele>
        <time>1989-12-31T00:16:48.000Z</time>
      </trkpt>
      <trkpt lat="42.669680966064334" lon="0.023510986939073">
        <ele>2588.028863479326</ele>
        <time>1989-12-31T00:16:49.000Z</time>
      </trkpt>
      <trkpt lat="42.66963696107268" lon="0.023477040231228">
        <ele>2585.5656222263233</ele>
        <time>1989-12-31T00:16:50.000Z</time>
      </trkpt>
      <trkpt lat="42.66955699771643" lon="0.023488020524383">
        <ele>2583.8835137834467</ele>
        <time>1989-12-31T00:16:52.000Z</time>
      </trkpt>
      <trkpt lat="42.66954098828137" lon="0.02346103079617">
        <ele>2582.2211786391763</ele>
        <time>1989-12-31T00:16:53.000Z</time>
      </trkpt>
      <trkpt lat="42.66932599246502" lon="0.023366985842586">
        <ele>2572.1597704457413</ele>
        <time>1989-12-31T00:16:57.000Z</time>
      </trkpt>
      <trkpt lat="42.669102028012276" lon="0.02324603497982">
        <ele>2565.187470812443</ele>
        <time>1989-12-31T00:17:02.000Z</time>
      </trkpt>
      <trkpt lat="42.66906397417188" lon="0.02320303581655">
        <ele>2563.7354229702514</ele>
        <time>1989-12-31T00:17:03.000Z</time>
      </trkpt>
      <trkpt lat="42.668976970016956" lon="0.023156013339758">
        <ele>2560.6623935432553</ele>
        <time>1989-12-31T00:17:05.000Z</time>
      </trkpt>
      <trkpt lat="42.66889499500394" lon="0.023146960884333">
        <ele>2559.376378390366</ele>
        <time>1989-12-31T00:17:07.000Z</time>
      </trkpt>
      <trkpt lat="42.6689020358026" lon="0.023083006963134">
        <ele>2557.5530819188234</ele>
        <time>1989-12-31T00:17:08.000Z</time>
      </trkpt>
      <trkpt lat="42.66885601915419" lon="0.023084012791514">
        <ele>2557.3780051151916</ele>
        <time>1989-12-31T00:17:09.000Z</time>
      </trkpt>
      <trkpt lat="42.668734984472394" lon="0.022957026958466">
        <ele>2552.9948680882558</ele>
        <time>1989-12-31T00:17:12.000Z</time>
      </trkpt>
      <trkpt lat="42.66868301667273" lon="0.022867005318403">
        <ele>2550.1355295716967</ele>
        <time>1989-12-31T00:17:14.000Z</time>
      </trkpt>
      <trkpt lat="42.66858000308275" lon="0.022762985900044">
        <ele>2546.378634021009</ele>
        <time>1989-12-31T00:17:17.000Z</time>
      </trkpt>
      <trkpt lat="42.66859098337591" lon="0.022630970925093">
        <ele>2542.650660184867</ele>
        <time>1989-12-31T00:17:19.000Z</time>
      </trkpt>
      <trkpt lat="42.6685309689492" lon="0.022573973983526">
        <ele>2539.731466873526</ele>
        <time>1989-12-31T00:17:20.000Z</time>
      </trkpt>
      <trkpt lat="42.668434996157885" lon="0.022700037807226">
        <ele>2541.564246338173</ele>
        <time>1989-12-31T00:17:23.000Z</time>
      </trkpt>
      <trkpt lat="42.668374981731176" lon="0.022713029757142">
        <ele>2541.033078109292</ele>
        <time>1989-12-31T00:17:24.000Z</time>
      </trkpt>
      <trkpt lat="42.668308010324836" lon="0.022695008665323">
        <ele>2539.1540377415918</ele>
        <time>1989-12-31T00:17:26.000Z</time>
      </trkpt>
      <trkpt lat="42.668240033090115" lon="0.022626025602221">
        <ele>2535.681450113677</ele>
        <time>1989-12-31T00:17:27.000Z</time>
      </trkpt>
      <trkpt lat="42.66814498230815" lon="0.02264698036015">
        <ele>2535.636228362912</ele>
        <time>1989-12-31T00:17:29.000Z</time>
      </trkpt>
      <trkpt lat="42.66807499341667" lon="0.02260398119688">
        <ele>2534.146058937243</ele>
        <time>1989-12-31T00:17:31.000Z</time>
      </trkpt>
      <trkpt lat="42.66794700175524" lon="0.022582020610571">
        <ele>2532.9499360569143</ele>
        <time>1989-12-31T00:17:34.000Z</time>
      </trkpt>
      <trkpt lat="42.66782596707344" lon="0.022527035325766">
        <ele>2530.163884560751</ele>
        <time>1989-12-31T00:17:36.000Z</time>
      </trkpt>
      <trkpt lat="42.667764024809" lon="0.022511025890708">
        <ele>2529.6479682109225</ele>
        <time>1989-12-31T00:17:38.000Z</time>
      </trkpt>
      <trkpt lat="42.667663022875786" lon="0.022446988150477">
        <ele>2528.152470456926</ele>
        <time>1989-12-31T00:17:40.000Z</time>
      </trkpt>
      <trkpt lat="42.66746495850384" lon="0.022191004827619">
        <ele>2522.05440043339</ele>
        <time>1989-12-31T00:17:46.000Z</time>
      </trkpt>
      <trkpt lat="42.66735498793423" lon="0.022068964317441">
        <ele>2518.2583063117154</ele>
        <time>1989-12-31T00:17:48.000Z</time>
      </trkpt>
      <trkpt lat="42.66725800931454" lon="0.022004004567862">
        <ele>2514.5878365444246</ele>
        <time>1989-12-31T00:17:51.000Z</time>
      </trkpt>
      <trkpt lat="42.66713798046112" lon="0.022015990689397">
        <ele>2514.0260646564275</ele>
        <time>1989-12-31T00:17:53.000Z</time>
      </trkpt>
      <trkpt lat="42.666995991021395" lon="0.021947007626295">
        <ele>2510.5347841230705</ele>
        <time>1989-12-31T00:17:56.000Z</time>
      </trkpt>
      <trkpt lat="42.66681795939803" lon="0.021711979061365">
        <ele>2500.434977348822</ele>
        <time>1989-12-31T00:18:01.000Z</time>
      </trkpt>
      <trkpt lat="42.6667779777199" lon="0.02169999293983">
        <ele>2499.1230047746844</ele>
        <time>1989-12-31T00:18:02.000Z</time>
      </trkpt>
      <trkpt lat="42.66676900908351" lon="0.021648025140166">
        <ele>2496.625893633983</ele>
        <time>1989-12-31T00:18:03.000Z</time>
      </trkpt>
      <trkpt lat="42.666739001870155" lon="0.021610977128148">
        <ele>2494.1287849049886</ele>
        <time>1989-12-31T00:18:04.000Z</time>
      </trkpt>
      <trkpt lat="42.66668803989887" lon="0.021621035411954">
        <ele>2492.6566085641634</ele>
        <time>1989-12-31T00:18:05.000Z</time>
      </trkpt>
      <trkpt lat="42.66664898023009" lon="0.021601002663374">
        <ele>2490.1381214837443</ele>
        <time>1989-12-31T00:18:06.000Z</time>
      </trkpt>
      <trkpt lat="42.66662500798702" lon="0.021540988236666">
        <ele>2486.166440170541</ele>
        <time>1989-12-31T00:18:07.000Z</time>
      </trkpt>
      <trkpt lat="42.66659500077367" lon="0.021502012386918">
        <ele>2482.739297320581</ele>
        <time>1989-12-31T00:18:08.000Z</time>
      </trkpt>
      <trkpt lat="42.66652802936733" lon="0.021553980186582">
        <ele>2480.721437735885</ele>
        <time>1989-12-31T00:18:09.000Z</time>
      </trkpt>
      <trkpt lat="42.66648603603244" lon="0.021568983793259">
        <ele>2479.151257560695</ele>
        <time>1989-12-31T00:18:10.000Z</time>
      </trkpt>
      <trkpt lat="42.66635896638036" lon="0.02157099545002">
        <ele>2473.513158891792</ele>
        <time>1989-12-31T00:18:13.000Z</time>
      </trkpt>
      <trkpt lat="42.66620800830424" lon="0.021553980186582">
        <ele>2467.6336183557896</ele>
        <time>1989-12-31T00:18:16.000Z</time>
      </trkpt>
      <trkpt lat="42.66616500914097" lon="0.021579964086413">
        <ele>2466.906789672182</ele>
        <time>1989-12-31T00:18:17.000Z</time>
      </trkpt>
      <trkpt lat="42.666050009429455" lon="0.021595973521471">
        <ele>2462.9321701213494</ele>
        <time>1989-12-31T00:18:20.000Z</time>
      </trkpt>
      <trkpt lat="42.66589301638305" lon="0.021649030968547">
        <ele>2458.232999688528</ele>
        <time>1989-12-31T00:18:23.000Z</time>
      </trkpt>
      <trkpt lat="42.66582302749157" lon="0.021630004048347">
        <ele>2454.6842344328124</ele>
        <time>1989-12-31T00:18:24.000Z</time>
      </trkpt>
      <trkpt lat="42.665748009458184" lon="0.021632015705109">
        <ele>2451.74216525796</ele>
        <time>1989-12-31T00:18:26.000Z</time>
      </trkpt>
      <trkpt lat="42.66569998115301" lon="0.021676020696759">
        <ele>2451.2827606841433</ele>
        <time>1989-12-31T00:18:27.000Z</time>
      </trkpt>
      <trkpt lat="42.665580958127975" lon="0.021682977676392">
        <ele>2447.0911563174213</ele>
        <time>1989-12-31T00:18:30.000Z</time>
      </trkpt>
      <trkpt lat="42.665511975064874" lon="0.021641990169883">
        <ele>2443.2351070754926</ele>
        <time>1989-12-31T00:18:31.000Z</time>
      </trkpt>
      <trkpt lat="42.665470987558365" lon="0.021649030968547">
        <ele>2441.7719152104073</ele>
        <time>1989-12-31T00:18:32.000Z</time>
      </trkpt>
      <trkpt lat="42.66530200839043" lon="0.021727988496423">
        <ele>2436.6690978563156</ele>
        <time>1989-12-31T00:18:36.000Z</time>
      </trkpt>
      <trkpt lat="42.66527300700545" lon="0.021687000989914">
        <ele>2434.7348413979726</ele>
        <time>1989-12-31T00:18:37.000Z</time>
      </trkpt>
      <trkpt lat="42.66517602838576" lon="0.021690018475056">
        <ele>2432.3619475736155</ele>
        <time>1989-12-31T00:18:39.000Z</time>
      </trkpt>
      <trkpt lat="42.66511400230229" lon="0.021649030968547">
        <ele>2430.0768046250487</ele>
        <time>1989-12-31T00:18:40.000Z</time>
      </trkpt>
      <trkpt lat="42.66504803672433" lon="0.02165799960494">
        <ele>2428.7892668847016</ele>
        <time>1989-12-31T00:18:41.000Z</time>
      </trkpt>
      <trkpt lat="42.664996990934014" lon="0.021712984889746">
        <ele>2428.7601370030184</ele>
        <time>1989-12-31T00:18:43.000Z</time>
      </trkpt>
      <trkpt lat="42.66482097096741" lon="0.02172103151679">
        <ele>2424.083133259786</ele>
        <time>1989-12-31T00:18:46.000Z</time>
      </trkpt>
      <trkpt lat="42.66473698429763" lon="0.021749027073383">
        <ele>2422.255549128305</ele>
        <time>1989-12-31T00:18:48.000Z</time>
      </trkpt>
      <trkpt lat="42.66471301205456" lon="0.021772999316454">
        <ele>2422.2061314369967</ele>
        <time>1989-12-31T00:18:49.000Z</time>
      </trkpt>
      <trkpt lat="42.664588037878275" lon="0.021851034834981">
        <ele>2420.4136206418034</ele>
        <time>1989-12-31T00:18:52.000Z</time>
      </trkpt>
      <trkpt lat="42.66455300152302" lon="0.021882969886065">
        <ele>2420.1443873295993</ele>
        <time>1989-12-31T00:18:53.000Z</time>
      </trkpt>
      <trkpt lat="42.66449399292469" lon="0.021796971559525">
        <ele>2415.4223479057887</ele>
        <time>1989-12-31T00:18:54.000Z</time>
      </trkpt>
      <trkpt lat="42.664460968226194" lon="0.021791020408273">
        <ele>2413.9932934567523</ele>
        <time>1989-12-31T00:18:55.000Z</time>
      </trkpt>
      <trkpt lat="42.664457028731704" lon="0.021708039566875">
        <ele>2411.277902669888</ele>
        <time>1989-12-31T00:18:56.000Z</time>
      </trkpt>
      <trkpt lat="42.66441101208329" lon="0.021708039566875">
        <ele>2409.6532956888814</ele>
        <time>1989-12-31T00:18:57.000Z</time>
      </trkpt>
      <trkpt lat="42.66442199237645" lon="0.02165699377656">
        <ele>2408.5092145309177</ele>
        <time>1989-12-31T00:18:58.000Z</time>
      </trkpt>
      <trkpt lat="42.66440296545625" lon="0.02163796685636">
        <ele>2407.302102524249</ele>
        <time>1989-12-31T00:18:59.000Z</time>
      </trkpt>
      <trkpt lat="42.66442400403321" lon="0.021487008780241">
        <ele>2403.5006951490677</ele>
        <time>1989-12-31T00:19:01.000Z</time>
      </trkpt>
      <trkpt lat="42.66432995907962" lon="0.02146597020328">
        <ele>2399.309093874653</ele>
        <time>1989-12-31T00:19:03.000Z</time>
      </trkpt>
      <trkpt lat="42.664331970736384" lon="0.021428000181913">
        <ele>2398.338622157112</ele>
        <time>1989-12-31T00:19:04.000Z</time>
      </trkpt>
      <trkpt lat="42.664371030405164" lon="0.021353987976909">
        <ele>2397.9464773290706</ele>
        <time>1989-12-31T00:19:05.000Z</time>
      </trkpt>
      <trkpt lat="42.66437899321318" lon="0.021305959671736">
        <ele>2396.8836737931974</ele>
        <time>1989-12-31T00:19:06.000Z</time>
      </trkpt>
      <trkpt lat="42.664333982393146" lon="0.021305037662387">
        <ele>2395.0163732006245</ele>
        <time>1989-12-31T00:19:07.000Z</time>
      </trkpt>
      <trkpt lat="42.66429802402854" lon="0.021274024620652">
        <ele>2392.7183521898573</ele>
        <time>1989-12-31T00:19:08.000Z</time>
      </trkpt>
      <trkpt lat="42.664310010150075" lon="0.021191965788603">
        <ele>2390.942127491526</ele>
        <time>1989-12-31T00:19:09.000Z</time>
      </trkpt>
      <trkpt lat="42.66421596519649" lon="0.021211998537183">
        <ele>2387.675568274872</ele>
        <time>1989-12-31T00:19:11.000Z</time>
      </trkpt>
      <trkpt lat="42.6641980279237" lon="0.021198000758886">
        <ele>2386.5299962890713</ele>
        <time>1989-12-31T00:19:12.000Z</time>
      </trkpt>
      <trkpt lat="42.664204984903336" lon="0.020989961922169">
        <ele>2382.574007833882</ele>
        <time>1989-12-31T00:19:15.000Z</time>
      </trkpt>
      <trkpt lat="42.66411496326327" lon="0.020977975800633">
        <ele>2379.1229676464372</ele>
        <time>1989-12-31T00:19:17.000Z</time>
      </trkpt>
      <trkpt lat="42.66415301710367" lon="0.020917039364576">
        <ele>2379.702803585331</ele>
        <time>1989-12-31T00:19:18.000Z</time>
      </trkpt>
      <trkpt lat="42.66414899379015" lon="0.020854007452726">
        <ele>2378.666170515132</ele>
        <time>1989-12-31T00:19:19.000Z</time>
      </trkpt>
      <trkpt lat="42.66412996686995" lon="0.020829029381275">
        <ele>2377.8547811233657</ele>
        <time>1989-12-31T00:19:20.000Z</time>
      </trkpt>
      <trkpt lat="42.66405796632171" lon="0.020816959440708">
        <ele>2375.2216711813553</ele>
        <time>1989-12-31T00:19:21.000Z</time>
      </trkpt>
      <trkpt lat="42.66406500712037" lon="0.020738001912832">
        <ele>2374.6180993557637</ele>
        <time>1989-12-31T00:19:22.000Z</time>
      </trkpt>
      <trkpt lat="42.66402401961386" lon="0.020713023841381">
        <ele>2373.1412903571745</ele>
        <time>1989-12-31T00:19:23.000Z</time>
      </trkpt>
      <trkpt lat="42.6640550326556" lon="0.020643034949899">
        <ele>2372.996456964072</ele>
        <time>1989-12-31T00:19:24.000Z</time>
      </trkpt>
      <trkpt lat="42.66406903043389" lon="0.020590983331203">
        <ele>2372.3689851697945</ele>
        <time>1989-12-31T00:19:25.000Z</time>
      </trkpt>
      <trkpt lat="42.66406802460551" lon="0.020530968904495">
        <ele>2370.297821995422</ele>
        <time>1989-12-31T00:19:26.000Z</time>
      </trkpt>
      <trkpt lat="42.66402896493673" lon="0.020529041066766">
        <ele>2369.200023044881</ele>
        <time>1989-12-31T00:19:27.000Z</time>
      </trkpt>
      <trkpt lat="42.66391103155911" lon="0.020458968356252">
        <ele>2361.58139878748</ele>
        <time>1989-12-31T00:19:30.000Z</time>
      </trkpt>
      <trkpt lat="42.66399401240051" lon="0.020305998623371">
        <ele>2360.2063835750187</ele>
        <time>1989-12-31T00:19:33.000Z</time>
      </trkpt>
      <trkpt lat="42.66402502544224" lon="0.019971979781985">
        <ele>2355.0154580257663</ele>
        <time>1989-12-31T00:19:38.000Z</time>
      </trkpt>
      <trkpt lat="42.66397800296545" lon="0.019798977300525">
        <ele>2351.971841400167</ele>
        <time>1989-12-31T00:19:41.000Z</time>
      </trkpt>
      <trkpt lat="42.66393701545894" lon="0.019735023379326">
        <ele>2350.387079464467</ele>
        <time>1989-12-31T00:19:42.000Z</time>
      </trkpt>
      <trkpt lat="42.66389502212405" lon="0.019795959815383">
        <ele>2349.930053773978</ele>
        <time>1989-12-31T00:19:43.000Z</time>
      </trkpt>
      <trkpt lat="42.66386300325394" lon="0.019801994785666">
        <ele>2349.25073698547</ele>
        <time>1989-12-31T00:19:44.000Z</time>
      </trkpt>
      <trkpt lat="42.66384699381888" lon="0.019508963450789">
        <ele>2346.592182192788</ele>
        <time>1989-12-31T00:19:48.000Z</time>
      </trkpt>
      <trkpt lat="42.66385202296078" lon="0.019233031198382">
        <ele>2343.947246921597</ele>
        <time>1989-12-31T00:19:53.000Z</time>
      </trkpt>
      <trkpt lat="42.663798965513706" lon="0.019119037315249">
        <ele>2341.0170631451538</ele>
        <time>1989-12-31T00:19:55.000Z</time>
      </trkpt>
      <trkpt lat="42.663708021864295" lon="0.019144015386701">
        <ele>2337.45346488078</ele>
        <time>1989-12-31T00:19:57.000Z</time>
      </trkpt>
      <trkpt lat="42.663601990789175" lon="0.019071009010077">
        <ele>2328.2281206243274</ele>
        <time>1989-12-31T00:19:59.000Z</time>
      </trkpt>
      <trkpt lat="42.663561003282666" lon="0.019033038988709">
        <ele>2324.3812938984242</ele>
        <time>1989-12-31T00:20:00.000Z</time>
      </trkpt>
      <trkpt lat="42.66341800801456" lon="0.0190369784832">
        <ele>2315.538876693464</ele>
        <time>1989-12-31T00:20:03.000Z</time>
      </trkpt>
      <trkpt lat="42.663279036059976" lon="0.01897101290524">
        <ele>2304.936223805409</ele>
        <time>1989-12-31T00:20:06.000Z</time>
      </trkpt>
      <trkpt lat="42.66305800527334" lon="0.019058017060161">
        <ele>2294.2710372789256</ele>
        <time>1989-12-31T00:20:11.000Z</time>
      </trkpt>
      <trkpt lat="42.66299497336149" lon="0.019054999575019">
        <ele>2290.064402733473</ele>
        <time>1989-12-31T00:20:12.000Z</time>
      </trkpt>
      <trkpt lat="42.66296898946166" lon="0.018975958228111">
        <ele>2286.146249463383</ele>
        <time>1989-12-31T00:20:13.000Z</time>
      </trkpt>
      <trkpt lat="42.662991033867" lon="0.018854001536965">
        <ele>2283.597332599325</ele>
        <time>1989-12-31T00:20:15.000Z</time>
      </trkpt>
      <trkpt lat="42.66300695948303" lon="0.018634982407093">
        <ele>2276.645219226759</ele>
        <time>1989-12-31T00:20:19.000Z</time>
      </trkpt>
      <trkpt lat="42.66309203580022" lon="0.018230974674225">
        <ele>2266.490998405255</ele>
        <time>1989-12-31T00:20:25.000Z</time>
      </trkpt>
      <trkpt lat="42.66333603300154" lon="0.017724959179759">
        <ele>2260.811159455425</ele>
        <time>1989-12-31T00:20:34.000Z</time>
      </trkpt>
      <trkpt lat="42.66344600357115" lon="0.017512980848551">
        <ele>2258.4929406079827</ele>
        <time>1989-12-31T00:20:38.000Z</time>
      </trkpt>
      <trkpt lat="42.663428988307714" lon="0.017218021675944">
        <ele>2244.9084120428784</ele>
        <time>1989-12-31T00:20:43.000Z</time>
      </trkpt>
      <trkpt lat="42.66338397748768" lon="0.017049964517355">
        <ele>2237.5496095713743</ele>
        <time>1989-12-31T00:20:46.000Z</time>
      </trkpt>
      <trkpt lat="42.663386994972825" lon="0.016954997554421">
        <ele>2235.1813861539813</ele>
        <time>1989-12-31T00:20:47.000Z</time>
      </trkpt>
      <trkpt lat="42.663367968052626" lon="0.016824994236231">
        <ele>2231.133209913581</ele>
        <time>1989-12-31T00:20:49.000Z</time>
      </trkpt>
      <trkpt lat="42.663342989981174" lon="0.016727009788156">
        <ele>2227.9056059665427</ele>
        <time>1989-12-31T00:20:51.000Z</time>
      </trkpt>
      <trkpt lat="42.663368973881006" lon="0.016613015905023">
        <ele>2225.7872989389425</ele>
        <time>1989-12-31T00:20:52.000Z</time>
      </trkpt>
      <trkpt lat="42.66333997249603" lon="0.016597006469965">
        <ele>2224.642908019779</ele>
        <time>1989-12-31T00:20:53.000Z</time>
      </trkpt>
      <trkpt lat="42.663277024403214" lon="0.016593988984823">
        <ele>2223.0042816969244</ele>
        <time>1989-12-31T00:20:54.000Z</time>
      </trkpt>
      <trkpt lat="42.66327199526131" lon="0.016582002863288">
        <ele>2222.6357846435885</ele>
        <time>1989-12-31T00:20:55.000Z</time>
      </trkpt>
      <trkpt lat="42.66331097111106" lon="0.016532968729734">
        <ele>2222.4665196569545</ele>
        <time>1989-12-31T00:20:56.000Z</time>
      </trkpt>
      <trkpt lat="42.663409961387515" lon="0.016338005661964">
        <ele>2219.4220800561257</ele>
        <time>1989-12-31T00:20:59.000Z</time>
      </trkpt>
      <trkpt lat="42.66346896998584" lon="0.016159974038601">
        <ele>2216.21225848701</ele>
        <time>1989-12-31T00:21:02.000Z</time>
      </trkpt>
      <trkpt lat="42.66350300051272" lon="0.016124015673995">
        <ele>2216.0715974691516</ele>
        <time>1989-12-31T00:21:03.000Z</time>
      </trkpt>
      <trkpt lat="42.66348900273442" lon="0.016080010682344">
        <ele>2214.3553667234105</ele>
        <time>1989-12-31T00:21:04.000Z</time>
      </trkpt>
      <trkpt lat="42.66346301883459" lon="0.016034999862313">
        <ele>2212.3778236773937</ele>
        <time>1989-12-31T00:21:05.000Z</time>
      </trkpt>
      <trkpt lat="42.66342001967132" lon="0.015874989330769">
        <ele>2207.8048786116087</ele>
        <time>1989-12-31T00:21:07.000Z</time>
      </trkpt>
      <trkpt lat="42.663450026884675" lon="0.015775999054313">
        <ele>2206.434092420707</ele>
        <time>1989-12-31T00:21:09.000Z</time>
      </trkpt>
      <trkpt lat="42.66343301162124" lon="0.015721013769507">
        <ele>2204.849107315329</ele>
        <time>1989-12-31T00:21:10.000Z</time>
      </trkpt>
      <trkpt lat="42.66339403577149" lon="0.015651024878025">
        <ele>2202.5221954804383</ele>
        <time>1989-12-31T00:21:11.000Z</time>
      </trkpt>
      <trkpt lat="42.66340300440788" lon="0.015607019886374">
        <ele>2201.709700715222</ele>
        <time>1989-12-31T00:21:12.000Z</time>
      </trkpt>
      <trkpt lat="42.6634019985795" lon="0.015550022944808">
        <ele>2200.666112491299</ele>
        <time>1989-12-31T00:21:13.000Z</time>
      </trkpt>
      <trkpt lat="42.66332698054612" lon="0.0153190176934">
        <ele>2195.521345830852</ele>
        <time>1989-12-31T00:21:17.000Z</time>
      </trkpt>
      <trkpt lat="42.66329697333276" lon="0.015285992994905">
        <ele>2194.6319656170162</ele>
        <time>1989-12-31T00:21:18.000Z</time>
      </trkpt>
      <trkpt lat="42.663213992491364" lon="0.015277024358511">
        <ele>2193.7270744598263</ele>
        <time>1989-12-31T00:21:19.000Z</time>
      </trkpt>
      <trkpt lat="42.6631620246917" lon="0.015256991609931">
        <ele>2193.032785767369</ele>
        <time>1989-12-31T00:21:21.000Z</time>
      </trkpt>
      <trkpt lat="42.663282975554466" lon="0.015206029638648">
        <ele>2193.797288475124</ele>
        <time>1989-12-31T00:21:23.000Z</time>
      </trkpt>
      <trkpt lat="42.66331197693944" lon="0.015173004940152">
        <ele>2193.790624085792</ele>
        <time>1989-12-31T00:21:24.000Z</time>
      </trkpt>
      <trkpt lat="42.663282975554466" lon="0.015206029638648">
        <ele>2193.797288475124</ele>
        <time>1989-12-31T00:21:25.000Z</time>
      </trkpt>
      <trkpt lat="42.6631620246917" lon="0.015256991609931">
        <ele>2193.032785767369</ele>
        <time>1989-12-31T00:21:27.000Z</time>
      </trkpt>
      <trkpt lat="42.66309396363795" lon="0.015465030446649">
        <ele>2196.0762102992417</ele>
        <time>1989-12-31T00:21:31.000Z</time>
      </trkpt>
      <trkpt lat="42.663062028586864" lon="0.01566301099956">
        <ele>2199.1144771386207</ele>
        <time>1989-12-31T00:21:34.000Z</time>
      </trkpt>
      <trkpt lat="42.662998996675014" lon="0.01581396907568">
        <ele>2200.650706764735</ele>
        <time>1989-12-31T00:21:37.000Z</time>
      </trkpt>
      <trkpt lat="42.66303101554513" lon="0.015853028744459">
        <ele>2201.6936480811323</ele>
        <time>1989-12-31T00:21:38.000Z</time>
      </trkpt>
      <trkpt lat="42.663107961416245" lon="0.015885969623923">
        <ele>2203.319803638951</ele>
        <time>1989-12-31T00:21:39.000Z</time>
      </trkpt>
      <trkpt lat="42.663152972236276" lon="0.015952019020915">
        <ele>2205.0620181439135</ele>
        <time>1989-12-31T00:21:41.000Z</time>
      </trkpt>
      <trkpt lat="42.66317996196449" lon="0.016021002084017">
        <ele>2206.793003406418</ele>
        <time>1989-12-31T00:21:42.000Z</time>
      </trkpt>
      <trkpt lat="42.66320996917784" lon="0.01613600179553">
        <ele>2209.702947668725</ele>
        <time>1989-12-31T00:21:44.000Z</time>
      </trkpt>
      <trkpt lat="42.66324802301824" lon="0.016186963766813">
        <ele>2212.0022075224983</ele>
        <time>1989-12-31T00:21:45.000Z</time>
      </trkpt>
      <trkpt lat="42.66324802301824" lon="0.016282014548779">
        <ele>2215.0838217840187</ele>
        <time>1989-12-31T00:21:46.000Z</time>
      </trkpt>
      <trkpt lat="42.66326897777617" lon="0.01632702536881">
        <ele>2216.6620177523123</ele>
        <time>1989-12-31T00:21:47.000Z</time>
      </trkpt>
      <trkpt lat="42.663300996646285" lon="0.016368012875319">
        <ele>2218.151206101569</ele>
        <time>1989-12-31T00:21:48.000Z</time>
      </trkpt>
      <trkpt lat="42.663294961676" lon="0.01643599011004">
        <ele>2219.8346943134493</ele>
        <time>1989-12-31T00:21:49.000Z</time>
      </trkpt>
      <trkpt lat="42.66322396695614" lon="0.016531040892005">
        <ele>2220.7811053952955</ele>
        <time>1989-12-31T00:21:51.000Z</time>
      </trkpt>
      <trkpt lat="42.66324399970472" lon="0.016599018126726">
        <ele>2222.349385475532</ele>
        <time>1989-12-31T00:21:52.000Z</time>
      </trkpt>
      <trkpt lat="42.66329001635313" lon="0.016647968441248">
        <ele>2224.481933175221</ele>
        <time>1989-12-31T00:21:54.000Z</time>
      </trkpt>
      <trkpt lat="42.663342989981174" lon="0.016727009788156">
        <ele>2227.9056059665427</ele>
        <time>1989-12-31T00:21:55.000Z</time>
      </trkpt>
      <trkpt lat="42.663367968052626" lon="0.016824994236231">
        <ele>2231.133209913581</ele>
        <time>1989-12-31T00:21:57.000Z</time>
      </trkpt>
      <trkpt lat="42.663386994972825" lon="0.016954997554421">
        <ele>2235.1813861539813</ele>
        <time>1989-12-31T00:21:59.000Z</time>
      </trkpt>
      <trkpt lat="42.66338397748768" lon="0.017049964517355">
        <ele>2237.5496095713743</ele>
        <time>1989-12-31T00:22:00.000Z</time>
      </trkpt>
      <trkpt lat="42.663428988307714" lon="0.017218021675944">
        <ele>2244.9084120428784</ele>
        <time>1989-12-31T00:22:03.000Z</time>
      </trkpt>
      <trkpt lat="42.66344600357115" lon="0.017512980848551">
        <ele>2258.4929406079827</ele>
        <time>1989-12-31T00:22:08.000Z</time>
      </trkpt>
      <trkpt lat="42.66333603300154" lon="0.017724959179759">
        <ele>2260.811159455425</ele>
        <time>1989-12-31T00:22:12.000Z</time>
      </trkpt>
      <trkpt lat="42.66309203580022" lon="0.018230974674225">
        <ele>2266.490998405255</ele>
        <time>1989-12-31T00:22:21.000Z</time>
      </trkpt>
      <trkpt lat="42.66300695948303" lon="0.018634982407093">
        <ele>2276.645219226759</ele>
        <time>1989-12-31T00:22:27.000Z</time>
      </trkpt>
      <trkpt lat="42.662991033867" lon="0.018854001536965">
        <ele>2283.597332599325</ele>
        <time>1989-12-31T00:22:31.000Z</time>
      </trkpt>
      <trkpt lat="42.66296898946166" lon="0.018975958228111">
        <ele>2286.146249463383</ele>
        <time>1989-12-31T00:22:32.000Z</time>
      </trkpt>
      <trkpt lat="42.66299497336149" lon="0.019054999575019">
        <ele>2290.064402733473</ele>
        <time>1989-12-31T00:22:34.000Z</time>
      </trkpt>
      <trkpt lat="42.66305800527334" lon="0.019058017060161">
        <ele>2294.2710372789256</ele>
        <time>1989-12-31T00:22:35.000Z</time>
      </trkpt>
      <trkpt lat="42.663279036059976" lon="0.01897101290524">
        <ele>2304.936223805409</ele>
        <time>1989-12-31T00:22:40.000Z</time>
      </trkpt>
      <trkpt lat="42.66341800801456" lon="0.0190369784832">
        <ele>2315.538876693464</ele>
        <time>1989-12-31T00:22:43.000Z</time>
      </trkpt>
      <trkpt lat="42.663561003282666" lon="0.019033038988709">
        <ele>2324.3812938984242</ele>
        <time>1989-12-31T00:22:46.000Z</time>
      </trkpt>
      <trkpt lat="42.663601990789175" lon="0.019071009010077">
        <ele>2328.2281206243274</ele>
        <time>1989-12-31T00:22:47.000Z</time>
      </trkpt>
      <trkpt lat="42.663708021864295" lon="0.019144015386701">
        <ele>2337.45346488078</ele>
        <time>1989-12-31T00:22:49.000Z</time>
      </trkpt>
      <trkpt lat="42.663798965513706" lon="0.019119037315249">
        <ele>2341.0170631451538</ele>
        <time>1989-12-31T00:22:51.000Z</time>
      </trkpt>
      <trkpt lat="42.66385202296078" lon="0.019233031198382">
        <ele>2343.947246921597</ele>
        <time>1989-12-31T00:22:53.000Z</time>
      </trkpt>
      <trkpt lat="42.66384699381888" lon="0.019508963450789">
        <ele>2346.592182192788</ele>
        <time>1989-12-31T00:22:58.000Z</time>
      </trkpt>
      <trkpt lat="42.66386300325394" lon="0.019801994785666">
        <ele>2349.25073698547</ele>
        <time>1989-12-31T00:23:02.000Z</time>
      </trkpt>
      <trkpt lat="42.66389502212405" lon="0.019795959815383">
        <ele>2349.930053773978</ele>
        <time>1989-12-31T00:23:03.000Z</time>
      </trkpt>
      <trkpt lat="42.66393701545894" lon="0.019735023379326">
        <ele>2350.387079464467</ele>
        <time>1989-12-31T00:23:04.000Z</time>
      </trkpt>
      <trkpt lat="42.66397800296545" lon="0.019798977300525">
        <ele>2351.971841400167</ele>
        <time>1989-12-31T00:23:05.000Z</time>
      </trkpt>
      <trkpt lat="42.66402502544224" lon="0.019971979781985">
        <ele>2355.0154580257663</ele>
        <time>1989-12-31T00:23:08.000Z</time>
      </trkpt>
      <trkpt lat="42.66399401240051" lon="0.020305998623371">
        <ele>2360.2063835750187</ele>
        <time>1989-12-31T00:23:13.000Z</time>
      </trkpt>
      <trkpt lat="42.66391103155911" lon="0.020458968356252">
        <ele>2361.58139878748</ele>
        <time>1989-12-31T00:23:16.000Z</time>
      </trkpt>
      <trkpt lat="42.66402896493673" lon="0.020529041066766">
        <ele>2369.200023044881</ele>
        <time>1989-12-31T00:23:19.000Z</time>
      </trkpt>
      <trkpt lat="42.66406802460551" lon="0.020530968904495">
        <ele>2370.297821995422</ele>
        <time>1989-12-31T00:23:20.000Z</time>
      </trkpt>
      <trkpt lat="42.6640550326556" lon="0.020643034949899">
        <ele>2372.996456964072</ele>
        <time>1989-12-31T00:23:21.000Z</time>
      </trkpt>
      <trkpt lat="42.66402401961386" lon="0.020713023841381">
        <ele>2373.1412903571745</ele>
        <time>1989-12-31T00:23:23.000Z</time>
      </trkpt>
      <trkpt lat="42.66406500712037" lon="0.020738001912832">
        <ele>2374.6180993557637</ele>
        <time>1989-12-31T00:23:24.000Z</time>
      </trkpt>
      <trkpt lat="42.66405796632171" lon="0.020816959440708">
        <ele>2375.2216711813553</ele>
        <time>1989-12-31T00:23:25.000Z</time>
      </trkpt>
      <trkpt lat="42.66412996686995" lon="0.020829029381275">
        <ele>2377.8547811233657</ele>
        <time>1989-12-31T00:23:26.000Z</time>
      </trkpt>
      <trkpt lat="42.66414899379015" lon="0.020854007452726">
        <ele>2378.666170515132</ele>
        <time>1989-12-31T00:23:27.000Z</time>
      </trkpt>
      <trkpt lat="42.66415301710367" lon="0.020917039364576">
        <ele>2379.702803585331</ele>
        <time>1989-12-31T00:23:28.000Z</time>
      </trkpt>
      <trkpt lat="42.66411496326327" lon="0.020977975800633">
        <ele>2379.1229676464372</ele>
        <time>1989-12-31T00:23:29.000Z</time>
      </trkpt>
      <trkpt lat="42.664204984903336" lon="0.020989961922169">
        <ele>2382.574007833882</ele>
        <time>1989-12-31T00:23:31.000Z</time>
      </trkpt>
      <trkpt lat="42.6641980279237" lon="0.021198000758886">
        <ele>2386.5299962890713</ele>
        <time>1989-12-31T00:23:34.000Z</time>
      </trkpt>
      <trkpt lat="42.66421596519649" lon="0.021211998537183">
        <ele>2387.675568274872</ele>
        <time>1989-12-31T00:23:35.000Z</time>
      </trkpt>
      <trkpt lat="42.66432400792837" lon="0.02120403572917">
        <ele>2391.776057717954</ele>
        <time>1989-12-31T00:23:37.000Z</time>
      </trkpt>
      <trkpt lat="42.66429802402854" lon="0.021274024620652">
        <ele>2392.7183521898573</ele>
        <time>1989-12-31T00:23:38.000Z</time>
      </trkpt>
      <trkpt lat="42.664333982393146" lon="0.021305037662387">
        <ele>2395.0163732006245</ele>
        <time>1989-12-31T00:23:39.000Z</time>
      </trkpt>
      <trkpt lat="42.66437899321318" lon="0.021305959671736">
        <ele>2396.8836737931974</ele>
        <time>1989-12-31T00:23:40.000Z</time>
      </trkpt>
      <trkpt lat="42.664371030405164" lon="0.021353987976909">
        <ele>2397.9464773290706</ele>
        <time>1989-12-31T00:23:41.000Z</time>
      </trkpt>
      <trkpt lat="42.664331970736384" lon="0.021428000181913">
        <ele>2398.338622157112</ele>
        <time>1989-12-31T00:23:42.000Z</time>
      </trkpt>
      <trkpt lat="42.66432995907962" lon="0.02146597020328">
        <ele>2399.309093874653</ele>
        <time>1989-12-31T00:23:43.000Z</time>
      </trkpt>
      <trkpt lat="42.66444797627628" lon="0.021513998508453">
        <ele>2404.978638301004</ele>
        <time>1989-12-31T00:23:45.000Z</time>
      </trkpt>
      <trkpt lat="42.66440296545625" lon="0.02163796685636">
        <ele>2407.302102524249</ele>
        <time>1989-12-31T00:23:47.000Z</time>
      </trkpt>
      <trkpt lat="42.66442199237645" lon="0.02165699377656">
        <ele>2408.5092145309177</ele>
        <time>1989-12-31T00:23:48.000Z</time>
      </trkpt>
      <trkpt lat="42.66441101208329" lon="0.021708039566875">
        <ele>2409.6532956888814</ele>
        <time>1989-12-31T00:23:49.000Z</time>
      </trkpt>
      <trkpt lat="42.664457028731704" lon="0.021708039566875">
        <ele>2411.277902669888</ele>
        <time>1989-12-31T00:23:50.000Z</time>
      </trkpt>
      <trkpt lat="42.664460968226194" lon="0.021791020408273">
        <ele>2413.9932934567523</ele>
        <time>1989-12-31T00:23:51.000Z</time>
      </trkpt>
      <trkpt lat="42.66449399292469" lon="0.021796971559525">
        <ele>2415.4223479057887</ele>
        <time>1989-12-31T00:23:52.000Z</time>
      </trkpt>
      <trkpt lat="42.66455300152302" lon="0.021882969886065">
        <ele>2420.1443873295993</ele>
        <time>1989-12-31T00:23:53.000Z</time>
      </trkpt>
      <trkpt lat="42.664588037878275" lon="0.021851034834981">
        <ele>2420.4136206418034</ele>
        <time>1989-12-31T00:23:54.000Z</time>
      </trkpt>
      <trkpt lat="42.66471301205456" lon="0.021772999316454">
        <ele>2422.2061314369967</ele>
        <time>1989-12-31T00:23:57.000Z</time>
      </trkpt>
      <trkpt lat="42.66473698429763" lon="0.021749027073383">
        <ele>2422.255549128305</ele>
        <time>1989-12-31T00:23:58.000Z</time>
      </trkpt>
      <trkpt lat="42.66482097096741" lon="0.02172103151679">
        <ele>2424.083133259786</ele>
        <time>1989-12-31T00:24:00.000Z</time>
      </trkpt>
      <trkpt lat="42.664996990934014" lon="0.021712984889746">
        <ele>2428.7601370030184</ele>
        <time>1989-12-31T00:24:03.000Z</time>
      </trkpt>
      <trkpt lat="42.6650720089674" lon="0.021665040403605">
        <ele>2429.4706437670557</ele>
        <time>1989-12-31T00:24:05.000Z</time>
      </trkpt>
      <trkpt lat="42.66511400230229" lon="0.021649030968547">
        <ele>2430.0768046250487</ele>
        <time>1989-12-31T00:24:06.000Z</time>
      </trkpt>
      <trkpt lat="42.66517602838576" lon="0.021690018475056">
        <ele>2432.3619475736155</ele>
        <time>1989-12-31T00:24:07.000Z</time>
      </trkpt>
      <trkpt lat="42.66527300700545" lon="0.021687000989914">
        <ele>2434.7348413979726</ele>
        <time>1989-12-31T00:24:09.000Z</time>
      </trkpt>
      <trkpt lat="42.66530200839043" lon="0.021727988496423">
        <ele>2436.6690978563156</ele>
        <time>1989-12-31T00:24:10.000Z</time>
      </trkpt>
      <trkpt lat="42.665470987558365" lon="0.021649030968547">
        <ele>2441.7719152104073</ele>
        <time>1989-12-31T00:24:14.000Z</time>
      </trkpt>
      <trkpt lat="42.665511975064874" lon="0.021641990169883">
        <ele>2443.2351070754926</ele>
        <time>1989-12-31T00:24:15.000Z</time>
      </trkpt>
      <trkpt lat="42.665580958127975" lon="0.021682977676392">
        <ele>2447.0911563174213</ele>
        <time>1989-12-31T00:24:16.000Z</time>
      </trkpt>
      <trkpt lat="42.66569998115301" lon="0.021676020696759">
        <ele>2451.2827606841433</ele>
        <time>1989-12-31T00:24:19.000Z</time>
      </trkpt>
      <trkpt lat="42.665748009458184" lon="0.021632015705109">
        <ele>2451.74216525796</ele>
        <time>1989-12-31T00:24:20.000Z</time>
      </trkpt>
      <trkpt lat="42.66582302749157" lon="0.021630004048347">
        <ele>2454.6842344328124</ele>
        <time>1989-12-31T00:24:22.000Z</time>
      </trkpt>
      <trkpt lat="42.66589301638305" lon="0.021649030968547">
        <ele>2458.232999688528</ele>
        <time>1989-12-31T00:24:23.000Z</time>
      </trkpt>
      <trkpt lat="42.666050009429455" lon="0.021595973521471">
        <ele>2462.9321701213494</ele>
        <time>1989-12-31T00:24:26.000Z</time>
      </trkpt>
      <trkpt lat="42.66616500914097" lon="0.021579964086413">
        <ele>2466.906789672182</ele>
        <time>1989-12-31T00:24:29.000Z</time>
      </trkpt>
      <trkpt lat="42.66620800830424" lon="0.021553980186582">
        <ele>2467.6336183557896</ele>
        <time>1989-12-31T00:24:30.000Z</time>
      </trkpt>
      <trkpt lat="42.66635896638036" lon="0.02157099545002">
        <ele>2473.513158891792</ele>
        <time>1989-12-31T00:24:33.000Z</time>
      </trkpt>
      <trkpt lat="42.66648603603244" lon="0.021568983793259">
        <ele>2479.151257560695</ele>
        <time>1989-12-31T00:24:36.000Z</time>
      </trkpt>
      <trkpt lat="42.66654898412526" lon="0.021522967144847">
        <ele>2480.750298714708</ele>
        <time>1989-12-31T00:24:37.000Z</time>
      </trkpt>
      <trkpt lat="42.66659500077367" lon="0.021502012386918">
        <ele>2482.739297320581</ele>
        <time>1989-12-31T00:24:38.000Z</time>
      </trkpt>
      <trkpt lat="42.66662500798702" lon="0.021540988236666">
        <ele>2486.166440170541</ele>
        <time>1989-12-31T00:24:39.000Z</time>
      </trkpt>
      <trkpt lat="42.66664898023009" lon="0.021601002663374">
        <ele>2490.1381214837443</ele>
        <time>1989-12-31T00:24:40.000Z</time>
      </trkpt>
      <trkpt lat="42.66668803989887" lon="0.021621035411954">
        <ele>2492.6566085641634</ele>
        <time>1989-12-31T00:24:41.000Z</time>
      </trkpt>
      <trkpt lat="42.666739001870155" lon="0.021610977128148">
        <ele>2494.1287849049886</ele>
        <time>1989-12-31T00:24:42.000Z</time>
      </trkpt>
      <trkpt lat="42.66676900908351" lon="0.021648025140166">
        <ele>2496.625893633983</ele>
        <time>1989-12-31T00:24:43.000Z</time>
      </trkpt>
      <trkpt lat="42.6667779777199" lon="0.02169999293983">
        <ele>2499.1230047746844</ele>
        <time>1989-12-31T00:24:44.000Z</time>
      </trkpt>
      <trkpt lat="42.66681795939803" lon="0.021711979061365">
        <ele>2500.434977348822</ele>
        <time>1989-12-31T00:24:45.000Z</time>
      </trkpt>
      <trkpt lat="42.666995991021395" lon="0.021947007626295">
        <ele>2510.5347841230705</ele>
        <time>1989-12-31T00:24:50.000Z</time>
      </trkpt>
      <trkpt lat="42.66713798046112" lon="0.022015990689397">
        <ele>2514.0260646564275</ele>
        <time>1989-12-31T00:24:53.000Z</time>
      </trkpt>
      <trkpt lat="42.66725800931454" lon="0.022004004567862">
        <ele>2514.5878365444246</ele>
        <time>1989-12-31T00:24:55.000Z</time>
      </trkpt>
      <trkpt lat="42.66735498793423" lon="0.022068964317441">
        <ele>2518.2583063117154</ele>
        <time>1989-12-31T00:24:58.000Z</time>
      </trkpt>
      <trkpt lat="42.66746495850384" lon="0.022191004827619">
        <ele>2522.05440043339</ele>
        <time>1989-12-31T00:25:00.000Z</time>
      </trkpt>
      <trkpt lat="42.667663022875786" lon="0.022446988150477">
        <ele>2528.152470456926</ele>
        <time>1989-12-31T00:25:06.000Z</time>
      </trkpt>
      <trkpt lat="42.667764024809" lon="0.022511025890708">
        <ele>2529.6479682109225</ele>
        <time>1989-12-31T00:25:08.000Z</time>
      </trkpt>
      <trkpt lat="42.66782596707344" lon="0.022527035325766">
        <ele>2530.163884560751</ele>
        <time>1989-12-31T00:25:10.000Z</time>
      </trkpt>
      <trkpt lat="42.66794700175524" lon="0.022582020610571">
        <ele>2532.9499360569143</ele>
        <time>1989-12-31T00:25:12.000Z</time>
      </trkpt>
      <trkpt lat="42.66807499341667" lon="0.02260398119688">
        <ele>2534.146058937243</ele>
        <time>1989-12-31T00:25:15.000Z</time>
      </trkpt>
      <trkpt lat="42.66814498230815" lon="0.02264698036015">
        <ele>2535.636228362912</ele>
        <time>1989-12-31T00:25:17.000Z</time>
      </trkpt>
      <trkpt lat="42.668240033090115" lon="0.022626025602221">
        <ele>2535.681450113677</ele>
        <time>1989-12-31T00:25:19.000Z</time>
      </trkpt>
      <trkpt lat="42.668308010324836" lon="0.022695008665323">
        <ele>2539.1540377415918</ele>
        <time>1989-12-31T00:25:20.000Z</time>
      </trkpt>
      <trkpt lat="42.668374981731176" lon="0.022713029757142">
        <ele>2541.033078109292</ele>
        <time>1989-12-31T00:25:22.000Z</time>
      </trkpt>
      <trkpt lat="42.668434996157885" lon="0.022700037807226">
        <ele>2541.564246338173</ele>
        <time>1989-12-31T00:25:23.000Z</time>
      </trkpt>
      <trkpt lat="42.6685309689492" lon="0.022573973983526">
        <ele>2539.731466873526</ele>
        <time>1989-12-31T00:25:26.000Z</time>
      </trkpt>
      <trkpt lat="42.66859098337591" lon="0.022630970925093">
        <ele>2542.650660184867</ele>
        <time>1989-12-31T00:25:27.000Z</time>
      </trkpt>
      <trkpt lat="42.66858000308275" lon="0.022762985900044">
        <ele>2546.378634021009</ele>
        <time>1989-12-31T00:25:29.000Z</time>
      </trkpt>
      <trkpt lat="42.66868301667273" lon="0.022867005318403">
        <ele>2550.1355295716967</ele>
        <time>1989-12-31T00:25:32.000Z</time>
      </trkpt>
      <trkpt lat="42.668734984472394" lon="0.022957026958466">
        <ele>2552.9948680882558</ele>
        <time>1989-12-31T00:25:34.000Z</time>
      </trkpt>
      <trkpt lat="42.66885601915419" lon="0.023084012791514">
        <ele>2557.3780051151916</ele>
        <time>1989-12-31T00:25:37.000Z</time>
      </trkpt>
      <trkpt lat="42.6689020358026" lon="0.023083006963134">
        <ele>2557.5530819188234</ele>
        <time>1989-12-31T00:25:38.000Z</time>
      </trkpt>
      <trkpt lat="42.66889499500394" lon="0.023146960884333">
        <ele>2559.376378390366</ele>
        <time>1989-12-31T00:25:39.000Z</time>
      </trkpt>
      <trkpt lat="42.668976970016956" lon="0.023156013339758">
        <ele>2560.6623935432553</ele>
        <time>1989-12-31T00:25:41.000Z</time>
      </trkpt>
      <trkpt lat="42.66906397417188" lon="0.02320303581655">
        <ele>2563.7354229702514</ele>
        <time>1989-12-31T00:25:43.000Z</time>
      </trkpt>
      <trkpt lat="42.669102028012276" lon="0.02324603497982">
        <ele>2565.187470812443</ele>
        <time>1989-12-31T00:25:44.000Z</time>
      </trkpt>
      <trkpt lat="42.66932599246502" lon="0.023366985842586">
        <ele>2572.1597704457413</ele>
        <time>1989-12-31T00:25:49.000Z</time>
      </trkpt>
      <trkpt lat="42.66954098828137" lon="0.02346103079617">
        <ele>2582.2211786391763</ele>
        <time>1989-12-31T00:25:53.000Z</time>
      </trkpt>
      <trkpt lat="42.66955699771643" lon="0.023488020524383">
        <ele>2583.8835137834467</ele>
        <time>1989-12-31T00:25:54.000Z</time>
      </trkpt>
      <trkpt lat="42.66965095885098" lon="0.023517021909356">
        <ele>2587.517395139188</ele>
        <time>1989-12-31T00:25:56.000Z</time>
      </trkpt>
      <trkpt lat="42.66969001851976" lon="0.023523978888988">
        <ele>2588.809250519642</ele>
        <time>1989-12-31T00:25:57.000Z</time>
      </trkpt>
      <trkpt lat="42.66965003684163" lon="0.023571001365781">
        <ele>2589.993420670889</ele>
        <time>1989-12-31T00:25:58.000Z</time>
      </trkpt>
      <trkpt lat="42.66980200074613" lon="0.023634033277631">
        <ele>2598.9937405179016</ele>
        <time>1989-12-31T00:26:02.000Z</time>
      </trkpt>
      <trkpt lat="42.66986503265798" lon="0.02367896027863">
        <ele>2607.6315368936607</ele>
        <time>1989-12-31T00:26:03.000Z</time>
      </trkpt>
      <trkpt lat="42.669959999620914" lon="0.023630009964108">
        <ele>2612.034292456312</ele>
        <time>1989-12-31T00:26:05.000Z</time>
      </trkpt>
      <trkpt lat="42.67018203623593" lon="0.023716008290648">
        <ele>2632.2924596940056</ele>
        <time>1989-12-31T00:26:10.000Z</time>
      </trkpt>
      <trkpt lat="42.67029200680554" lon="0.023777028545737">
        <ele>2636.666118954006</ele>
        <time>1989-12-31T00:26:12.000Z</time>
      </trkpt>
      <trkpt lat="42.67036400735378" lon="0.023846011608839">
        <ele>2641.7806469005964</ele>
        <time>1989-12-31T00:26:14.000Z</time>
      </trkpt>
      <trkpt lat="42.670413041487336" lon="0.02384701743722">
        <ele>2638.089883056913</ele>
        <time>1989-12-31T00:26:15.000Z</time>
      </trkpt>
      <trkpt lat="42.67052301205695" lon="0.023894961923361">
        <ele>2639.965097161936</ele>
        <time>1989-12-31T00:26:18.000Z</time>
      </trkpt>
      <trkpt lat="42.67055000178516" lon="0.023978026583791">
        <ele>2647.045245435384</ele>
        <time>1989-12-31T00:26:19.000Z</time>
      </trkpt>
      <trkpt lat="42.67044899985194" lon="0.024038041010499">
        <ele>2655.559728693013</ele>
        <time>1989-12-31T00:26:21.000Z</time>
      </trkpt>
      <trkpt lat="42.670500967651606" lon="0.024069976061583">
        <ele>2655.430942299428</ele>
        <time>1989-12-31T00:26:23.000Z</time>
      </trkpt>
      <trkpt lat="42.670625019818544" lon="0.024069976061583">
        <ele>2652.9507855666175</ele>
        <time>1989-12-31T00:26:25.000Z</time>
      </trkpt>
      <trkpt lat="42.67071998678148" lon="0.0241709779948">
        <ele>2657.637956936498</ele>
        <time>1989-12-31T00:26:28.000Z</time>
      </trkpt>
      <trkpt lat="42.67085300758481" lon="0.02427700906992">
        <ele>2661.7186775778873</ele>
        <time>1989-12-31T00:26:31.000Z</time>
      </trkpt>
      <trkpt lat="42.67078100703657" lon="0.024372981861234">
        <ele>2667.6358959066756</ele>
        <time>1989-12-31T00:26:33.000Z</time>
      </trkpt>
      <trkpt lat="42.670902041718364" lon="0.024437019601464">
        <ele>2667.6119043750314</ele>
        <time>1989-12-31T00:26:36.000Z</time>
      </trkpt>
      <trkpt lat="42.67094101756811" lon="0.024502985179424">
        <ele>2668.7388266399585</ele>
        <time>1989-12-31T00:26:37.000Z</time>
      </trkpt>
      <trkpt lat="42.67100002616644" lon="0.024574985727668">
        <ele>2670.1593530653627</ele>
        <time>1989-12-31T00:26:39.000Z</time>
      </trkpt>
      <trkpt lat="42.671077977865934" lon="0.024629971012473">
        <ele>2671.9044005587048</ele>
        <time>1989-12-31T00:26:40.000Z</time>
      </trkpt>
      <trkpt lat="42.67113296315074" lon="0.024697026237845">
        <ele>2674.1862452514515</ele>
        <time>1989-12-31T00:26:42.000Z</time>
      </trkpt>
      <trkpt lat="42.67125802114606" lon="0.024670958518982">
        <ele>2672.9043264159427</ele>
        <time>1989-12-31T00:26:45.000Z</time>
      </trkpt>
      <trkpt lat="42.67138299532235" lon="0.024615973234177">
        <ele>2674.3314268581335</ele>
        <time>1989-12-31T00:26:47.000Z</time>
      </trkpt>
      <trkpt lat="42.67147796228528" lon="0.02459904178977">
        <ele>2676.910503747422</ele>
        <time>1989-12-31T00:26:49.000Z</time>
      </trkpt>
      <trkpt lat="42.67160201445222" lon="0.024393014609814">
        <ele>2682.795955786518</ele>
        <time>1989-12-31T00:26:53.000Z</time>
      </trkpt>
      <trkpt lat="42.67179002054036" lon="0.024382034316659">
        <ele>2689.343325590595</ele>
        <time>1989-12-31T00:26:57.000Z</time>
      </trkpt>
      <trkpt lat="42.671851962804794" lon="0.024402989074588">
        <ele>2690.799075416239</ele>
        <time>1989-12-31T00:26:59.000Z</time>
      </trkpt>
      <trkpt lat="42.67190895974636" lon="0.024394020438194">
        <ele>2691.4179315474958</ele>
        <time>1989-12-31T00:27:00.000Z</time>
      </trkpt>
      <trkpt lat="42.67204198054969" lon="0.02434398047626">
        <ele>2692.8913377346134</ele>
        <time>1989-12-31T00:27:03.000Z</time>
      </trkpt>
      <trkpt lat="42.672218000516295" lon="0.024383962154388">
        <ele>2696.8298680059124</ele>
        <time>1989-12-31T00:27:06.000Z</time>
      </trkpt>
      <trkpt lat="42.67233802936971" lon="0.024381028488278">
        <ele>2698.6699584298044</ele>
        <time>1989-12-31T00:27:09.000Z</time>
      </trkpt>
      <trkpt lat="42.67250499688089" lon="0.024398965761065">
        <ele>2701.6888332182375</ele>
        <time>1989-12-31T00:27:12.000Z</time>
      </trkpt>
      <trkpt lat="42.67259501852095" lon="0.024455962702632">
        <ele>2704.308736303709</ele>
        <time>1989-12-31T00:27:14.000Z</time>
      </trkpt>
      <trkpt lat="42.67278302460909" lon="0.024597030133009">
        <ele>2710.0350655930924</ele>
        <time>1989-12-31T00:27:19.000Z</time>
      </trkpt>
      <trkpt lat="42.67289400100708" lon="0.024661989882588">
        <ele>2712.3673126594113</ele>
        <time>1989-12-31T00:27:21.000Z</time>
      </trkpt>
      <trkpt lat="42.672967007383704" lon="0.02464103512466">
        <ele>2713.4407296720346</ele>
        <time>1989-12-31T00:27:23.000Z</time>
      </trkpt>
      <trkpt lat="42.67305996268988" lon="0.024524023756385">
        <ele>2712.4016399027278</ele>
        <time>1989-12-31T00:27:26.000Z</time>
      </trkpt>
      <trkpt lat="42.67318703234196" lon="0.024528969079256">
        <ele>2712.8844390446143</ele>
        <time>1989-12-31T00:27:28.000Z</time>
      </trkpt>
      <trkpt lat="42.673314018175006" lon="0.024619996547699">
        <ele>2715.36080886424</ele>
        <time>1989-12-31T00:27:31.000Z</time>
      </trkpt>
      <trkpt lat="42.67355801537633" lon="0.024584960192442">
        <ele>2716.6500177720827</ele>
        <time>1989-12-31T00:27:36.000Z</time>
      </trkpt>
      <trkpt lat="42.67361702397466" lon="0.024631982669234">
        <ele>2717.8268245223435</ele>
        <time>1989-12-31T00:27:38.000Z</time>
      </trkpt>
      <trkpt lat="42.673633033409715" lon="0.024737007915974">
        <ele>2720.1238084054266</ele>
        <time>1989-12-31T00:27:39.000Z</time>
      </trkpt>
      <trkpt lat="42.67366597428918" lon="0.02477003261447">
        <ele>2721.713040751897</ele>
        <time>1989-12-31T00:27:40.000Z</time>
      </trkpt>
      <trkpt lat="42.67377099953592" lon="0.024709012359381">
        <ele>2725.6864907791323</ele>
        <time>1989-12-31T00:27:43.000Z</time>
      </trkpt>
      <trkpt lat="42.673912988975644" lon="0.024740025401115">
        <ele>2731.0779840906675</ele>
        <time>1989-12-31T00:27:46.000Z</time>
      </trkpt>
      <trkpt lat="42.67418095842004" lon="0.024705994874239">
        <ele>2734.819444417195</ele>
        <time>1989-12-31T00:27:51.000Z</time>
      </trkpt>
      <trkpt lat="42.67431699670851" lon="0.024758968502283">
        <ele>2735.470500703688</ele>
        <time>1989-12-31T00:27:54.000Z</time>
      </trkpt>
      <trkpt lat="42.67441397532821" lon="0.024726027622819">
        <ele>2735.791489176583</ele>
        <time>1989-12-31T00:27:56.000Z</time>
      </trkpt>
      <trkpt lat="42.67460801638663" lon="0.02477103844285">
        <ele>2738.436756980439</ele>
        <time>1989-12-31T00:28:00.000Z</time>
      </trkpt>
      <trkpt lat="42.67473500221968" lon="0.024833986535668">
        <ele>2742.126375100417</ele>
        <time>1989-12-31T00:28:03.000Z</time>
      </trkpt>
      <trkpt lat="42.67478101886809" lon="0.024774977937341">
        <ele>2742.6269300306094</ele>
        <time>1989-12-31T00:28:04.000Z</time>
      </trkpt>
      <trkpt lat="42.674861988052726" lon="0.024823006242514">
        <ele>2745.482307468564</ele>
        <time>1989-12-31T00:28:06.000Z</time>
      </trkpt>
      <trkpt lat="42.67493097111583" lon="0.024777995422482">
        <ele>2746.319492242197</ele>
        <time>1989-12-31T00:28:08.000Z</time>
      </trkpt>
      <trkpt lat="42.67508000135422" lon="0.024790987372398">
        <ele>2749.4275896525282</ele>
        <time>1989-12-31T00:28:11.000Z</time>
      </trkpt>
      <trkpt lat="42.67523003742099" lon="0.02464103512466">
        <ele>2750.126876879426</ele>
        <time>1989-12-31T00:28:15.000Z</time>
      </trkpt>
      <trkpt lat="42.67534403130412" lon="0.02457800321281">
        <ele>2753.3544534586304</ele>
        <time>1989-12-31T00:28:17.000Z</time>
      </trkpt>
      <trkpt lat="42.67544997856021" lon="0.024570040404797">
        <ele>2756.364715563079</ele>
        <time>1989-12-31T00:28:19.000Z</time>
      </trkpt>
      <trkpt lat="42.675504963845015" lon="0.024613039568067">
        <ele>2758.7953707157035</ele>
        <time>1989-12-31T00:28:21.000Z</time>
      </trkpt>
      <trkpt lat="42.67556196078658" lon="0.024627959355712">
        <ele>2760.796959805811</ele>
        <time>1989-12-31T00:28:22.000Z</time>
      </trkpt>
      <trkpt lat="42.67589698545635" lon="0.024521006271243">
        <ele>2773.203885145027</ele>
        <time>1989-12-31T00:28:29.000Z</time>
      </trkpt>
      <trkpt lat="42.67610804177821" lon="0.024379016831517">
        <ele>2782.4519992505625</ele>
        <time>1989-12-31T00:28:34.000Z</time>
      </trkpt>
      <trkpt lat="42.67609898932278" lon="0.024499967694283">
        <ele>2784.983133408599</ele>
        <time>1989-12-31T00:28:36.000Z</time>
      </trkpt>
      <trkpt lat="42.67638003453612" lon="0.024391002953053">
        <ele>2798.329630712183</ele>
        <time>1989-12-31T00:28:42.000Z</time>
      </trkpt>
      <trkpt lat="42.67637299373746" lon="0.024437019601464">
        <ele>2799.810079206759</ele>
        <time>1989-12-31T00:28:43.000Z</time>
      </trkpt>
      <trkpt lat="42.67645597457886" lon="0.024469960480928">
        <ele>2809.1470797026723</ele>
        <time>1989-12-31T00:28:44.000Z</time>
      </trkpt>
      <trkpt lat="42.67645304091275" lon="0.024545984342694">
        <ele>2814.102154712957</ele>
        <time>1989-12-31T00:28:46.000Z</time>
      </trkpt>
      <trkpt lat="42.676620008423924" lon="0.024336017668247">
        <ele>2814.088440607198</ele>
        <time>1989-12-31T00:28:50.000Z</time>
      </trkpt>
      <trkpt lat="42.67671497538686" lon="0.024311039596796">
        <ele>2819.4802546570936</ele>
        <time>1989-12-31T00:28:52.000Z</time>
      </trkpt>
      <trkpt lat="42.67678395844996" lon="0.024272985756397">
        <ele>2821.349986630182</ele>
        <time>1989-12-31T00:28:54.000Z</time>
      </trkpt>
      <trkpt lat="42.67685101367533" lon="0.024255970492959">
        <ele>2824.0681833652525</ele>
        <time>1989-12-31T00:28:55.000Z</time>
      </trkpt>
      <trkpt lat="42.6769579667598" lon="0.024199979379773">
        <ele>2827.3400005549292</ele>
        <time>1989-12-31T00:28:58.000Z</time>
      </trkpt>
      <trkpt lat="42.67703801393509" lon="0.024121021851897">
        <ele>2830.5846305260848</ele>
        <time>1989-12-31T00:29:00.000Z</time>
      </trkpt>
      <trkpt lat="42.677116971462965" lon="0.024011973291636">
        <ele>2831.9152519948793</ele>
        <time>1989-12-31T00:29:02.000Z</time>
      </trkpt>
      <trkpt lat="42.67716499976814" lon="0.023822961375117">
        <ele>2835.313038148268</ele>
        <time>1989-12-31T00:29:05.000Z</time>
      </trkpt>
      <trkpt lat="42.67727999947965" lon="0.023822039365768">
        <ele>2838.962156687664</ele>
        <time>1989-12-31T00:29:07.000Z</time>
      </trkpt>
      <trkpt lat="42.677354011684656" lon="0.023865960538387">
        <ele>2841.9309456420056</ele>
        <time>1989-12-31T00:29:09.000Z</time>
      </trkpt>
      <trkpt lat="42.677375972270966" lon="0.023980960249901">
        <ele>2843.2792936717674</ele>
        <time>1989-12-31T00:29:11.000Z</time>
      </trkpt>
      <trkpt lat="42.67751603387296" lon="0.02445001155138">
        <ele>2854.419208996774</ele>
        <time>1989-12-31T00:29:19.000Z</time>
      </trkpt>
      <trkpt lat="42.6775280199945" lon="0.024640029296279">
        <ele>2860.0861216829744</ele>
        <time>1989-12-31T00:29:22.000Z</time>
      </trkpt>
      <trkpt lat="42.67748602665961" lon="0.024743964895606">
        <ele>2862.0032418535957</ele>
        <time>1989-12-31T00:29:23.000Z</time>
      </trkpt>
      <trkpt lat="42.677500024437904" lon="0.024852007627487">
        <ele>2864.5339121586326</ele>
        <time>1989-12-31T00:29:25.000Z</time>
      </trkpt>
      <trkpt lat="42.67745099030435" lon="0.025017969310284">
        <ele>2868.9234532841474</ele>
        <time>1989-12-31T00:29:28.000Z</time>
      </trkpt>
      <trkpt lat="42.67742701806128" lon="0.025312006473541">
        <ele>2875.714157617995</ele>
        <time>1989-12-31T00:29:32.000Z</time>
      </trkpt>
      <trkpt lat="42.67746800556779" lon="0.025331033393741">
        <ele>2875.693645727862</ele>
        <time>1989-12-31T00:29:33.000Z</time>
      </trkpt>
      <trkpt lat="42.677458031103015" lon="0.025383001193404">
        <ele>2876.4255900768035</ele>
        <time>1989-12-31T00:29:34.000Z</time>
      </trkpt>
      <trkpt lat="42.677457025274634" lon="0.025564972311258">
        <ele>2879.8676460548722</ele>
        <time>1989-12-31T00:29:37.000Z</time>
      </trkpt>
      <trkpt lat="42.67755903303623" lon="0.025671003386378">
        <ele>2883.0580558783713</ele>
        <time>1989-12-31T00:29:40.000Z</time>
      </trkpt>
      <trkpt lat="42.677544029429555" lon="0.025783991441131">
        <ele>2885.988742497648</ele>
        <time>1989-12-31T00:29:41.000Z</time>
      </trkpt>
      <trkpt lat="42.67749398946762" lon="0.025872001424432">
        <ele>2888.3577517041354</ele>
        <time>1989-12-31T00:29:43.000Z</time>
      </trkpt>
      <trkpt lat="42.67751301638782" lon="0.025962023064494">
        <ele>2890.1088249770105</ele>
        <time>1989-12-31T00:29:44.000Z</time>
      </trkpt>
      <trkpt lat="42.67748401500285" lon="0.026037963107228">
        <ele>2892.2425802267503</ele>
        <time>1989-12-31T00:29:46.000Z</time>
      </trkpt>
      <trkpt lat="42.677483009174466" lon="0.026093032211065">
        <ele>2893.546064152447</ele>
        <time>1989-12-31T00:29:47.000Z</time>
      </trkpt>
      <trkpt lat="42.677543023601174" lon="0.026270980015397">
        <ele>2898.624500938243</ele>
        <time>1989-12-31T00:29:50.000Z</time>
      </trkpt>
      <trkpt lat="42.6776020321995" lon="0.026382962241769">
        <ele>2905.5940648300843</ele>
        <time>1989-12-31T00:29:52.000Z</time>
      </trkpt>
      <trkpt lat="42.67768702469766" lon="0.026367958635092">
        <ele>2905.0360592985453</ele>
        <time>1989-12-31T00:29:53.000Z</time>
      </trkpt>
      <trkpt lat="42.6778369769454" lon="0.026258993893862">
        <ele>2901.820734745738</ele>
        <time>1989-12-31T00:29:57.000Z</time>
      </trkpt>
      <trkpt lat="42.67794895917177" lon="0.026239966973662">
        <ele>2904.6378586689098</ele>
        <time>1989-12-31T00:29:59.000Z</time>
      </trkpt>
      <trkpt lat="42.67812196165323" lon="0.026352033019066">
        <ele>2914.222285691322</ele>
        <time>1989-12-31T00:30:03.000Z</time>
      </trkpt>
      <trkpt lat="42.678209971636534" lon="0.026340968906879">
        <ele>2916.458520978221</ele>
        <time>1989-12-31T00:30:05.000Z</time>
      </trkpt>
      <trkpt lat="42.6782220415771" lon="0.026370976120234">
        <ele>2917.7068525909845</ele>
        <time>1989-12-31T00:30:06.000Z</time>
      </trkpt>
      <trkpt lat="42.67853602766991" lon="0.026561999693513">
        <ele>2931.1595515213394</ele>
        <time>1989-12-31T00:30:13.000Z</time>
      </trkpt>
      <trkpt lat="42.678857976570725" lon="0.026672976091504">
        <ele>2941.572573758912</ele>
        <time>1989-12-31T00:30:20.000Z</time>
      </trkpt>
      <trkpt lat="42.67882897518575" lon="0.026815971359611">
        <ele>2946.2045590991715</ele>
        <time>1989-12-31T00:30:22.000Z</time>
      </trkpt>
      <trkpt lat="42.679218985140324" lon="0.026784958317876">
        <ele>2956.7135531145354</ele>
        <time>1989-12-31T00:30:30.000Z</time>
      </trkpt>
      <trkpt lat="42.67928000539541" lon="0.026764003559947">
        <ele>2958.04856388615</ele>
        <time>1989-12-31T00:30:31.000Z</time>
      </trkpt>
      <trkpt lat="42.679434986785054" lon="0.026761991903186">
        <ele>2962.49823648247</ele>
        <time>1989-12-31T00:30:35.000Z</time>
      </trkpt>
      <trkpt lat="42.679583011195064" lon="0.026776995509863">
        <ele>2967.0183287860564</ele>
        <time>1989-12-31T00:30:38.000Z</time>
      </trkpt>
      <trkpt lat="42.679756013676524" lon="0.026740031316876">
        <ele>2967.4939636385448</ele>
        <time>1989-12-31T00:30:41.000Z</time>
      </trkpt>
      <trkpt lat="42.679845029488206" lon="0.026780012995005">
        <ele>2968.8834441999593</ele>
        <time>1989-12-31T00:30:43.000Z</time>
      </trkpt>
      <trkpt lat="42.67993798479438" lon="0.026736008003354">
        <ele>2968.9561565820936</ele>
        <time>1989-12-31T00:30:45.000Z</time>
      </trkpt>
      <trkpt lat="42.68017896451056" lon="0.026768026873469">
        <ele>2977.1657215977693</ele>
        <time>1989-12-31T00:30:50.000Z</time>
      </trkpt>
      <trkpt lat="42.68015599809587" lon="0.026880009099841">
        <ele>2985.035456264336</ele>
        <time>1989-12-31T00:30:52.000Z</time>
      </trkpt>
      <trkpt lat="42.68024601973593" lon="0.026845978572965">
        <ele>2986.2762884293948</ele>
        <time>1989-12-31T00:30:54.000Z</time>
      </trkpt>
      <trkpt lat="42.68041600473225" lon="0.02689803019166">
        <ele>2992.697135032144</ele>
        <time>1989-12-31T00:30:58.000Z</time>
      </trkpt>
      <trkpt lat="42.68039496615529" lon="0.027046976611018">
        <ele>2997.5094593366016</ele>
        <time>1989-12-31T00:31:00.000Z</time>
      </trkpt>
      <trkpt lat="42.68019002862275" lon="0.027188966050744">
        <ele>3005.1288917775382</ele>
        <time>1989-12-31T00:31:05.000Z</time>
      </trkpt>
      <trkpt lat="42.68009799532592" lon="0.027317041531205">
        <ele>3010.3919825969347</ele>
        <time>1989-12-31T00:31:07.000Z</time>
      </trkpt>
      <trkpt lat="42.67997997812927" lon="0.027368003502488">
        <ele>3012.133604218262</ele>
        <time>1989-12-31T00:31:10.000Z</time>
      </trkpt>
      <trkpt lat="42.6799229811877" lon="0.027540000155568">
        <ele>3014.525554353986</ele>
        <time>1989-12-31T00:31:13.000Z</time>
      </trkpt>
      <trkpt lat="42.67957798205316" lon="0.027847029268742">
        <ele>3022.4597851662356</ele>
        <time>1989-12-31T00:31:21.000Z</time>
      </trkpt>
      <trkpt lat="42.67937899567187" lon="0.02803897485137">
        <ele>3031.439474217081</ele>
        <time>1989-12-31T00:31:26.000Z</time>
      </trkpt>
      <trkpt lat="42.67915201373398" lon="0.028282972052693">
        <ele>3038.932433331518</ele>
        <time>1989-12-31T00:31:32.000Z</time>
      </trkpt>
      <trkpt lat="42.67889301292598" lon="0.028774989768863">
        <ele>3049.843135001882</ele>
        <time>1989-12-31T00:31:42.000Z</time>
      </trkpt>
      <trkpt lat="42.67880701459944" lon="0.028991997241974">
        <ele>3055.6103065661005</ele>
        <time>1989-12-31T00:31:45.000Z</time>
      </trkpt>
      <trkpt lat="42.67870802432299" lon="0.029085958376527">
        <ele>3057.3498041618323</ele>
        <time>1989-12-31T00:31:48.000Z</time>
      </trkpt>
      <trkpt lat="42.67854097299278" lon="0.029145972803235">
        <ele>3059.600299679655</ele>
        <time>1989-12-31T00:31:52.000Z</time>
      </trkpt>
      <trkpt lat="42.67846000380814" lon="0.029328027740121">
        <ele>3064.673450075402</ele>
        <time>1989-12-31T00:31:55.000Z</time>
      </trkpt>
      <trkpt lat="42.678448017686605" lon="0.029486026614904">
        <ele>3071.1819498606837</ele>
        <time>1989-12-31T00:31:57.000Z</time>
      </trkpt>
      <trkpt lat="42.67839596606791" lon="0.029744021594524">
        <ele>3081.0550687645523</ele>
        <time>1989-12-31T00:32:01.000Z</time>
      </trkpt>
      <trkpt lat="42.67819697968662" lon="0.029964968562126">
        <ele>3096.7311515564948</ele>
        <time>1989-12-31T00:32:07.000Z</time>
      </trkpt>
      <trkpt lat="42.67795700579882" lon="0.030290018767118">
        <ele>3110.3201539170645</ele>
        <time>1989-12-31T00:32:14.000Z</time>
      </trkpt>
      <trkpt lat="42.67782096751034" lon="0.030598975718021">
        <ele>3116.51575578407</ele>
        <time>1989-12-31T00:32:19.000Z</time>
      </trkpt>
      <trkpt lat="42.677824990823865" lon="0.030772984027863">
        <ele>3122.0833908453146</ele>
        <time>1989-12-31T00:32:22.000Z</time>
      </trkpt>
      <trkpt lat="42.67781602218747" lon="0.03089795820415">
        <ele>3127.058552485716</ele>
        <time>1989-12-31T00:32:24.000Z</time>
      </trkpt>
      <trkpt lat="42.67772298306227" lon="0.031056962907314">
        <ele>3135.538045039759</ele>
        <time>1989-12-31T00:32:27.000Z</time>
      </trkpt>
      <trkpt lat="42.67755601555109" lon="0.031172968447208">
        <ele>3143.2443335859994</ele>
        <time>1989-12-31T00:32:31.000Z</time>
      </trkpt>
      <trkpt lat="42.67747102305293" lon="0.031259972602129">
        <ele>3145.1634921613627</ele>
        <time>1989-12-31T00:32:33.000Z</time>
      </trkpt>
      <trkpt lat="42.67746599391103" lon="0.031331973150373">
        <ele>3148.637331510166</ele>
        <time>1989-12-31T00:32:34.000Z</time>
      </trkpt>
      <trkpt lat="42.67749700695276" lon="0.031405985355377">
        <ele>3152.8496987978915</ele>
        <time>1989-12-31T00:32:35.000Z</time>
      </trkpt>
      <trkpt lat="42.6774759683758" lon="0.031481003388762">
        <ele>3156.164497846385</ele>
        <time>1989-12-31T00:32:37.000Z</time>
      </trkpt>
      <trkpt lat="42.67739198170602" lon="0.03160203807056">
        <ele>3161.14190258074</ele>
        <time>1989-12-31T00:32:39.000Z</time>
      </trkpt>
      <trkpt lat="42.67736700363457" lon="0.031722988933325">
        <ele>3167.125844081416</ele>
        <time>1989-12-31T00:32:41.000Z</time>
      </trkpt>
      <trkpt lat="42.6773189753294" lon="0.031769005581737">
        <ele>3169.791328496298</ele>
        <time>1989-12-31T00:32:42.000Z</time>
      </trkpt>
      <trkpt lat="42.67716600559652" lon="0.031833965331316">
        <ele>3174.2452457131544</ele>
        <time>1989-12-31T00:32:46.000Z</time>
      </trkpt>
      <trkpt lat="42.67708897590637" lon="0.031978972256184">
        <ele>3182.152722271797</ele>
        <time>1989-12-31T00:32:48.000Z</time>
      </trkpt>
      <trkpt lat="42.67695897258818" lon="0.032065976411104">
        <ele>3185.0894161344568</ele>
        <time>1989-12-31T00:32:51.000Z</time>
      </trkpt>
      <trkpt lat="42.676964001730084" lon="0.032266974449158">
        <ele>3197.3057721637824</ele>
        <time>1989-12-31T00:32:54.000Z</time>
      </trkpt>
      <trkpt lat="42.676901975646615" lon="0.032449029386044">
        <ele>3207.6052012540977</ele>
        <time>1989-12-31T00:32:57.000Z</time>
      </trkpt>
      <trkpt lat="42.67678798176348" lon="0.032556988298893">
        <ele>3214.911215407943</ele>
        <time>1989-12-31T00:33:00.000Z</time>
      </trkpt>
      <trkpt lat="42.67667298205197" lon="0.032763015478849">
        <ele>3227.917136105369</ele>
        <time>1989-12-31T00:33:04.000Z</time>
      </trkpt>
      <trkpt lat="42.67656301148236" lon="0.032862005755305">
        <ele>3236.2325153380707</ele>
        <time>1989-12-31T00:33:07.000Z</time>
      </trkpt>
      <trkpt lat="42.67642001621425" lon="0.033035008236766">
        <ele>3250.1255387898796</ele>
        <time>1989-12-31T00:33:11.000Z</time>
      </trkpt>
      <trkpt lat="42.67639403231442" lon="0.033116983249784">
        <ele>3253.9113215633497</ele>
        <time>1989-12-31T00:33:12.000Z</time>
      </trkpt>
      <trkpt lat="42.67634801566601" lon="0.033390987664461">
        <ele>3267.9332317250096</ele>
        <time>1989-12-31T00:33:17.000Z</time>
      </trkpt>
      <trkpt lat="42.67635203897953" lon="0.033588968217373">
        <ele>3276.3831784795757</ele>
        <time>1989-12-31T00:33:20.000Z</time>
      </trkpt>
      <trkpt lat="42.676297975704074" lon="0.033677984029055">
        <ele>3282.9757786220366</ele>
        <time>1989-12-31T00:33:21.000Z</time>
      </trkpt>
      <trkpt lat="42.67631700262427" lon="0.033772028982639">
        <ele>3286.1580612088064</ele>
        <time>1989-12-31T00:33:23.000Z</time>
      </trkpt>
      <trkpt lat="42.676298981532454" lon="0.033822990953922">
        <ele>3289.140294424412</ele>
        <time>1989-12-31T00:33:24.000Z</time>
      </trkpt>
      <trkpt lat="42.67622203566134" lon="0.033922987058759">
        <ele>3296.7766164044724</ele>
        <time>1989-12-31T00:33:26.000Z</time>
      </trkpt>
      <trkpt lat="42.67624198459089" lon="0.0340779684484">
        <ele>3301.253578306622</ele>
        <time>1989-12-31T00:33:28.000Z</time>
      </trkpt>
      <trkpt lat="42.67630501650274" lon="0.034181987866759">
        <ele>3302.8666666369754</ele>
        <time>1989-12-31T00:33:30.000Z</time>
      </trkpt>
      <trkpt lat="42.676324965432286" lon="0.034291036427021">
        <ele>3305.3311855078505</ele>
        <time>1989-12-31T00:33:32.000Z</time>
      </trkpt>
      <trkpt lat="42.67642303369939" lon="0.034551965072751">
        <ele>3306.9390444312276</ele>
        <time>1989-12-31T00:33:37.000Z</time>
      </trkpt>
      <trkpt lat="42.676386991515756" lon="0.034678028896451">
        <ele>3308.030152237151</ele>
        <time>1989-12-31T00:33:39.000Z</time>
      </trkpt>
    </trkseg>
  </trk>
</gpx>
