<?xml version="1.0"?>
<gpx xmlns="http://www.topografix.com/GPX/1/1" xmlns:xsi="http://www.w3.org/2001/XMLSchema-instance" xmlns:wptx1="http://www.garmin.com/xmlschemas/WaypointExtension/v1" xmlns:gpxtrx="http://www.garmin.com/xmlschemas/GpxExtensions/v3" xmlns:gpxtpx="http://www.garmin.com/xmlschemas/TrackPointExtension/v1" xmlns:gpxx="http://www.garmin.com/xmlschemas/GpxExtensions/v3" xmlns:trp="http://www.garmin.com/xmlschemas/TripExtensions/v1" xmlns:adv="http://www.garmin.com/xmlschemas/AdventuresExtensions/v1" xmlns:prs="http://www.garmin.com/xmlschemas/PressureExtension/v1" xmlns:tmd="http://www.garmin.com/xmlschemas/TripMetaDataExtensions/v1" xmlns:vptm="http://www.garmin.com/xmlschemas/ViaPointTransportationModeExtensions/v1" xmlns:ctx="http://www.garmin.com/xmlschemas/CreationTimeExtension/v1" xmlns:gpxacc="http://www.garmin.com/xmlschemas/AccelerationExtension/v1" xmlns:gpxpx="http://www.garmin.com/xmlschemas/PowerExtension/v1" xmlns:vidx1="http://www.garmin.com/xmlschemas/VideoExtension/v1" creator="Garmin Desktop App" version="1.1" xsi:schemaLocation="http://www.topografix.com/GPX/1/1 http://www.topografix.com/GPX/1/1/gpx.xsd http://www.garmin.com/xmlschemas/WaypointExtension/v1 http://www8.garmin.com/xmlschemas/WaypointExtensionv1.xsd http://www.garmin.com/xmlschemas/TrackPointExtension/v1 http://www.garmin.com/xmlschemas/TrackPointExtensionv1.xsd http://www.garmin.com/xmlschemas/GpxExtensions/v3 http://www8.garmin.com/xmlschemas/GpxExtensionsv3.xsd http://www.garmin.com/xmlschemas/ActivityExtension/v1 http://www8.garmin.com/xmlschemas/ActivityExtensionv1.xsd http://www.garmin.com/xmlschemas/AdventuresExtensions/v1 http://www8.garmin.com/xmlschemas/AdventuresExtensionv1.xsd http://www.garmin.com/xmlschemas/PressureExtension/v1 http://www.garmin.com/xmlschemas/PressureExtensionv1.xsd http://www.garmin.com/xmlschemas/TripExtensions/v1 http://www.garmin.com/xmlschemas/TripExtensionsv1.xsd http://www.garmin.com/xmlschemas/TripMetaDataExtensions/v1 http://www.garmin.com/xmlschemas/TripMetaDataExtensionsv1.xsd http://www.garmin.com/xmlschemas/ViaPointTransportationModeExtensions/v1 http://www.garmin.com/xmlschemas/ViaPointTransportationModeExtensionsv1.xsd http://www.garmin.com/xmlschemas/CreationTimeExtension/v1 http://www.garmin.com/xmlschemas/CreationTimeExtensionsv1.xsd http://www.garmin.com/xmlschemas/AccelerationExtension/v1 http://www.garmin.com/xmlschemas/AccelerationExtensionv1.xsd http://www.garmin.com/xmlschemas/PowerExtension/v1 http://www.garmin.com/xmlschemas/PowerExtensionv1.xsd http://www.garmin.com/xmlschemas/VideoExtension/v1 http://www.garmin.com/xmlschemas/VideoExtensionv1.xsd">
  <metadata>
    <link href="http://www.garmin.com">
      <text>Garmin International</text>
    </link>
    <time>2026-06-12T20:03:02Z</time>
    <bounds maxlat="42.697677025571465" maxlon="0.043827965855598" minlat="42.66296898946166" minlon="0.01523301936686"/>
  </metadata>
  <trk>
    <name>Día 2a - Pirineos</name>
    <extensions>
      <gpxx:TrackExtension>
        <gpxx:DisplayColor>DarkGray</gpxx:DisplayColor>
      </gpxx:TrackExtension>
    </extensions>
    <trkseg>
      <trkpt lat="42.697677025571465" lon="0.040153004229069">
        <ele>2667.39990234375</ele>
        <time>1989-12-31T00:00:00Z</time>
      </trkpt>
      <trkpt lat="42.697554985061288" lon="0.040083015337586">
        <ele>2658.199951171875</ele>
        <time>1989-12-31T00:00:02Z</time>
      </trkpt>
      <trkpt lat="42.697532018646598" lon="0.040111010894179">
        <ele>2658.60009765625</ele>
        <time>1989-12-31T00:00:03Z</time>
      </trkpt>
      <trkpt lat="42.697475021705031" lon="0.040110005065799">
        <ele>2653.60009765625</ele>
        <time>1989-12-31T00:00:04Z</time>
      </trkpt>
      <trkpt lat="42.697432022541761" lon="0.040073040872812">
        <ele>2646</ele>
        <time>1989-12-31T00:00:05Z</time>
      </trkpt>
      <trkpt lat="42.697400003671646" lon="0.040073040872812">
        <ele>2642.39990234375</ele>
        <time>1989-12-31T00:00:06Z</time>
      </trkpt>
      <trkpt lat="42.697364967316389" lon="0.040116962045431">
        <ele>2642</ele>
        <time>1989-12-31T00:00:07Z</time>
      </trkpt>
      <trkpt lat="42.697312999516726" lon="0.040101958438754">
        <ele>2634.60009765625</ele>
        <time>1989-12-31T00:00:08Z</time>
      </trkpt>
      <trkpt lat="42.697295984253287" lon="0.040066000074148">
        <ele>2630</ele>
        <time>1989-12-31T00:00:09Z</time>
      </trkpt>
      <trkpt lat="42.69721501506865" lon="0.040070023387671">
        <ele>2620.39990234375</ele>
        <time>1989-12-31T00:00:11Z</time>
      </trkpt>
      <trkpt lat="42.697073025628924" lon="0.040219975635409">
        <ele>2613</ele>
        <time>1989-12-31T00:00:14Z</time>
      </trkpt>
      <trkpt lat="42.69699901342392" lon="0.04024101421237">
        <ele>2609.800048828125</ele>
        <time>1989-12-31T00:00:16Z</time>
      </trkpt>
      <trkpt lat="42.696938998997211" lon="0.040323995053768">
        <ele>2610.199951171875</ele>
        <time>1989-12-31T00:00:18Z</time>
      </trkpt>
      <trkpt lat="42.696858029812574" lon="0.040352996438742">
        <ele>2607.39990234375</ele>
        <time>1989-12-31T00:00:20Z</time>
      </trkpt>
      <trkpt lat="42.696812013164163" lon="0.040355008095503">
        <ele>2605.199951171875</ele>
        <time>1989-12-31T00:00:21Z</time>
      </trkpt>
      <trkpt lat="42.696758033707738" lon="0.040424996986985">
        <ele>2604.800048828125</ele>
        <time>1989-12-31T00:00:22Z</time>
      </trkpt>
      <trkpt lat="42.696552006527781" lon="0.04056497476995">
        <ele>2597.800048828125</ele>
        <time>1989-12-31T00:00:27Z</time>
      </trkpt>
      <trkpt lat="42.696514958515763" lon="0.040624989196658">
        <ele>2597</ele>
        <time>1989-12-31T00:00:28Z</time>
      </trkpt>
      <trkpt lat="42.696468019858003" lon="0.040630018338561">
        <ele>2594.60009765625</ele>
        <time>1989-12-31T00:00:29Z</time>
      </trkpt>
      <trkpt lat="42.69642099738121" lon="0.040670000016689">
        <ele>2593.199951171875</ele>
        <time>1989-12-31T00:00:30Z</time>
      </trkpt>
      <trkpt lat="42.696370035409927" lon="0.040723979473114">
        <ele>2593</ele>
        <time>1989-12-31T00:00:32Z</time>
      </trkpt>
      <trkpt lat="42.696258975192904" lon="0.041030002757907">
        <ele>2592.60009765625</ele>
        <time>1989-12-31T00:00:37Z</time>
      </trkpt>
      <trkpt lat="42.696080021560192" lon="0.041183978319168">
        <ele>2592.800048828125</ele>
        <time>1989-12-31T00:00:41Z</time>
      </trkpt>
      <trkpt lat="42.695962004363537" lon="0.041373996064067">
        <ele>2592.60009765625</ele>
        <time>1989-12-31T00:00:45Z</time>
      </trkpt>
      <trkpt lat="42.695770980790257" lon="0.041580023244023">
        <ele>2592.800048828125</ele>
        <time>1989-12-31T00:00:50Z</time>
      </trkpt>
      <trkpt lat="42.695608958601952" lon="0.041928039863706">
        <ele>2592.60009765625</ele>
        <time>1989-12-31T00:00:56Z</time>
      </trkpt>
      <trkpt lat="42.695525977760553" lon="0.04217597655952">
        <ele>2592.60009765625</ele>
        <time>1989-12-31T00:01:01Z</time>
      </trkpt>
      <trkpt lat="42.695267982780933" lon="0.04254000261426">
        <ele>2592.60009765625</ele>
        <time>1989-12-31T00:01:08Z</time>
      </trkpt>
      <trkpt lat="42.694979980587959" lon="0.043149031698704">
        <ele>2592.60009765625</ele>
        <time>1989-12-31T00:01:19Z</time>
      </trkpt>
      <trkpt lat="42.694932958111167" lon="0.043384982272983">
        <ele>2592.60009765625</ele>
        <time>1989-12-31T00:01:23Z</time>
      </trkpt>
      <trkpt lat="42.69483296200633" lon="0.043495036661625">
        <ele>2592.60009765625</ele>
        <time>1989-12-31T00:01:26Z</time>
      </trkpt>
      <trkpt lat="42.694629030302167" lon="0.043582962825894">
        <ele>2592.60009765625</ele>
        <time>1989-12-31T00:01:30Z</time>
      </trkpt>
      <trkpt lat="42.694471031427383" lon="0.043583968654275">
        <ele>2592.60009765625</ele>
        <time>1989-12-31T00:01:33Z</time>
      </trkpt>
      <trkpt lat="42.694342033937573" lon="0.043535018339753">
        <ele>2592.60009765625</ele>
        <time>1989-12-31T00:01:36Z</time>
      </trkpt>
      <trkpt lat="42.694352008402348" lon="0.043397974222898">
        <ele>2592.60009765625</ele>
        <time>1989-12-31T00:01:38Z</time>
      </trkpt>
      <trkpt lat="42.694208007305861" lon="0.04346301779151">
        <ele>2592.60009765625</ele>
        <time>1989-12-31T00:01:41Z</time>
      </trkpt>
      <trkpt lat="42.694002985954285" lon="0.043684970587492">
        <ele>2592.60009765625</ele>
        <time>1989-12-31T00:01:47Z</time>
      </trkpt>
      <trkpt lat="42.693903995677829" lon="0.043826960027218">
        <ele>2592.60009765625</ele>
        <time>1989-12-31T00:01:50Z</time>
      </trkpt>
      <trkpt lat="42.693798970431089" lon="0.043827965855598">
        <ele>2592.60009765625</ele>
        <time>1989-12-31T00:01:52Z</time>
      </trkpt>
      <trkpt lat="42.693763012066483" lon="0.043799970299006">
        <ele>2592.60009765625</ele>
        <time>1989-12-31T00:01:53Z</time>
      </trkpt>
      <trkpt lat="42.693721018731594" lon="0.043728975579143">
        <ele>2592.60009765625</ele>
        <time>1989-12-31T00:01:54Z</time>
      </trkpt>
      <trkpt lat="42.693698974326253" lon="0.043554967269301">
        <ele>2592.60009765625</ele>
        <time>1989-12-31T00:01:57Z</time>
      </trkpt>
      <trkpt lat="42.693728981539607" lon="0.042915008962154">
        <ele>2592.60009765625</ele>
        <time>1989-12-31T00:02:07Z</time>
      </trkpt>
      <trkpt lat="42.693714983761311" lon="0.042617032304406">
        <ele>2592.60009765625</ele>
        <time>1989-12-31T00:02:11Z</time>
      </trkpt>
      <trkpt lat="42.693558996543288" lon="0.042523993179202">
        <ele>2593</ele>
        <time>1989-12-31T00:02:15Z</time>
      </trkpt>
      <trkpt lat="42.693693023175001" lon="0.04236800596118">
        <ele>2592.60009765625</ele>
        <time>1989-12-31T00:02:19Z</time>
      </trkpt>
      <trkpt lat="42.693724958226085" lon="0.0421960093081">
        <ele>2592.60009765625</ele>
        <time>1989-12-31T00:02:21Z</time>
      </trkpt>
      <trkpt lat="42.693814979866147" lon="0.041824020445347">
        <ele>2592.60009765625</ele>
        <time>1989-12-31T00:02:27Z</time>
      </trkpt>
      <trkpt lat="42.693764017894864" lon="0.041501987725496">
        <ele>2592.60009765625</ele>
        <time>1989-12-31T00:02:32Z</time>
      </trkpt>
      <trkpt lat="42.693783966824412" lon="0.04129302687943">
        <ele>2592.60009765625</ele>
        <time>1989-12-31T00:02:35Z</time>
      </trkpt>
      <trkpt lat="42.693780027329922" lon="0.04108096472919">
        <ele>2592.800048828125</ele>
        <time>1989-12-31T00:02:39Z</time>
      </trkpt>
      <trkpt lat="42.693811962381005" lon="0.040876027196646">
        <ele>2592.60009765625</ele>
        <time>1989-12-31T00:02:42Z</time>
      </trkpt>
      <trkpt lat="42.693785978481174" lon="0.040791034698486">
        <ele>2592.60009765625</ele>
        <time>1989-12-31T00:02:43Z</time>
      </trkpt>
      <trkpt lat="42.693543992936611" lon="0.040674023330212">
        <ele>2598</ele>
        <time>1989-12-31T00:02:49Z</time>
      </trkpt>
      <trkpt lat="42.693507028743625" lon="0.040476964786649">
        <ele>2596.800048828125</ele>
        <time>1989-12-31T00:02:52Z</time>
      </trkpt>
      <trkpt lat="42.693532006815076" lon="0.04060797393322">
        <ele>2597.60009765625</ele>
        <time>1989-12-31T00:02:54Z</time>
      </trkpt>
      <trkpt lat="42.693341989070177" lon="0.040563968941569">
        <ele>2596.39990234375</ele>
        <time>1989-12-31T00:02:58Z</time>
      </trkpt>
      <trkpt lat="42.693188013508916" lon="0.04047897644341">
        <ele>2589.60009765625</ele>
        <time>1989-12-31T00:03:01Z</time>
      </trkpt>
      <trkpt lat="42.693077037110925" lon="0.040613003075123">
        <ele>2587.60009765625</ele>
        <time>1989-12-31T00:03:04Z</time>
      </trkpt>
      <trkpt lat="42.692987015470862" lon="0.040740994736552">
        <ele>2586.60009765625</ele>
        <time>1989-12-31T00:03:07Z</time>
      </trkpt>
      <trkpt lat="42.692841002717614" lon="0.040864963084459">
        <ele>2586.39990234375</ele>
        <time>1989-12-31T00:03:11Z</time>
      </trkpt>
      <trkpt lat="42.692703036591411" lon="0.041004018858075">
        <ele>2585.800048828125</ele>
        <time>1989-12-31T00:03:14Z</time>
      </trkpt>
      <trkpt lat="42.692569009959698" lon="0.04107903689146">
        <ele>2586.199951171875</ele>
        <time>1989-12-31T00:03:17Z</time>
      </trkpt>
      <trkpt lat="42.69242299720645" lon="0.041090017184615">
        <ele>2586.199951171875</ele>
        <time>1989-12-31T00:03:20Z</time>
      </trkpt>
      <trkpt lat="42.692242031916976" lon="0.041196970269084">
        <ele>2585.39990234375</ele>
        <time>1989-12-31T00:03:24Z</time>
      </trkpt>
      <trkpt lat="42.69208000972867" lon="0.041235024109483">
        <ele>2584</ele>
        <time>1989-12-31T00:03:28Z</time>
      </trkpt>
      <trkpt lat="42.691966015845537" lon="0.04122999496758">
        <ele>2581.60009765625</ele>
        <time>1989-12-31T00:03:30Z</time>
      </trkpt>
      <trkpt lat="42.691842969506979" lon="0.041298978030682">
        <ele>2579.199951171875</ele>
        <time>1989-12-31T00:03:33Z</time>
      </trkpt>
      <trkpt lat="42.691700980067253" lon="0.041353041306138">
        <ele>2576.60009765625</ele>
        <time>1989-12-31T00:03:36Z</time>
      </trkpt>
      <trkpt lat="42.691539963707328" lon="0.041439039632678">
        <ele>2571</ele>
        <time>1989-12-31T00:03:40Z</time>
      </trkpt>
      <trkpt lat="42.691455977037549" lon="0.041570970788598">
        <ele>2566.60009765625</ele>
        <time>1989-12-31T00:03:42Z</time>
      </trkpt>
      <trkpt lat="42.691296637058258" lon="0.041486984118819">
        <ele>2561</ele>
        <time>1989-12-31T00:03:46Z</time>
      </trkpt>
      <trkpt lat="42.691223965957761" lon="0.041427640244365">
        <ele>2560</ele>
        <time>1989-12-31T00:03:47Z</time>
      </trkpt>
      <trkpt lat="42.691127071157098" lon="0.041381539776921">
        <ele>2559.39990234375</ele>
        <time>1989-12-31T00:03:50Z</time>
      </trkpt>
      <trkpt lat="42.69094786606729" lon="0.041355136781931">
        <ele>2555.60009765625</ele>
        <time>1989-12-31T00:03:53Z</time>
      </trkpt>
      <trkpt lat="42.690652403980494" lon="0.041341977193952">
        <ele>2546.800048828125</ele>
        <time>1989-12-31T00:03:59Z</time>
      </trkpt>
      <trkpt lat="42.69043673761189" lon="0.041288333013654">
        <ele>2542.199951171875</ele>
        <time>1989-12-31T00:04:04Z</time>
      </trkpt>
      <trkpt lat="42.690184861421585" lon="0.041196132078767">
        <ele>2534.199951171875</ele>
        <time>1989-12-31T00:04:09Z</time>
      </trkpt>
      <trkpt lat="42.690025018528104" lon="0.041110469028354">
        <ele>2535.60009765625</ele>
        <time>1989-12-31T00:04:13Z</time>
      </trkpt>
      <trkpt lat="42.689913623034954" lon="0.041084066033363">
        <ele>2534.39990234375</ele>
        <time>1989-12-31T00:04:15Z</time>
      </trkpt>
      <trkpt lat="42.689789151772857" lon="0.040994295850396">
        <ele>2530.800048828125</ele>
        <time>1989-12-31T00:04:18Z</time>
      </trkpt>
      <trkpt lat="42.689653532579541" lon="0.040935035794973">
        <ele>2527.199951171875</ele>
        <time>1989-12-31T00:04:21Z</time>
      </trkpt>
      <trkpt lat="42.689542137086391" lon="0.040882313624024">
        <ele>2521.60009765625</ele>
        <time>1989-12-31T00:04:24Z</time>
      </trkpt>
      <trkpt lat="42.689416157081723" lon="0.040816431865096">
        <ele>2515.39990234375</ele>
        <time>1989-12-31T00:04:26Z</time>
      </trkpt>
      <trkpt lat="42.689295122399926" lon="0.040730768814683">
        <ele>2510</ele>
        <time>1989-12-31T00:04:29Z</time>
      </trkpt>
      <trkpt lat="42.689183726906776" lon="0.0406055431813">
        <ele>2508.39990234375</ele>
        <time>1989-12-31T00:04:32Z</time>
      </trkpt>
      <trkpt lat="42.688941489905119" lon="0.040440754964948">
        <ele>2508</ele>
        <time>1989-12-31T00:04:38Z</time>
      </trkpt>
      <trkpt lat="42.688839817419648" lon="0.040355091914535">
        <ele>2507.800048828125</ele>
        <time>1989-12-31T00:04:40Z</time>
      </trkpt>
      <trkpt lat="42.688738061115146" lon="0.040269428864121">
        <ele>2507.199951171875</ele>
        <time>1989-12-31T00:04:43Z</time>
      </trkpt>
      <trkpt lat="42.688646027818322" lon="0.040196925401688">
        <ele>2507.60009765625</ele>
        <time>1989-12-31T00:04:45Z</time>
      </trkpt>
      <trkpt lat="42.688544355332851" lon="0.040137665346265">
        <ele>2508</ele>
        <time>1989-12-31T00:04:47Z</time>
      </trkpt>
      <trkpt lat="42.688340842723846" lon="0.040025599300861">
        <ele>2508.800048828125</ele>
        <time>1989-12-31T00:04:52Z</time>
      </trkpt>
      <trkpt lat="42.688258532434702" lon="0.039972877129912">
        <ele>2510.39990234375</ele>
        <time>1989-12-31T00:04:54Z</time>
      </trkpt>
      <trkpt lat="42.688190722838044" lon="0.039920154958963">
        <ele>2511.39990234375</ele>
        <time>1989-12-31T00:04:55Z</time>
      </trkpt>
      <trkpt lat="42.688064742833376" lon="0.039860894903541">
        <ele>2511.800048828125</ele>
        <time>1989-12-31T00:04:58Z</time>
      </trkpt>
      <trkpt lat="42.68782745115459" lon="0.039814794436097">
        <ele>2516.60009765625</ele>
        <time>1989-12-31T00:05:03Z</time>
      </trkpt>
      <trkpt lat="42.687735417857766" lon="0.039821332320571">
        <ele>2517.800048828125</ele>
        <time>1989-12-31T00:05:05Z</time>
      </trkpt>
      <trkpt lat="42.687686970457435" lon="0.039801551029086">
        <ele>2518.60009765625</ele>
        <time>1989-12-31T00:05:06Z</time>
      </trkpt>
      <trkpt lat="42.687518494203687" lon="0.039754612371325">
        <ele>2521.199951171875</ele>
        <time>1989-12-31T00:05:10Z</time>
      </trkpt>
      <trkpt lat="42.687353789806366" lon="0.039721671491861">
        <ele>2522.39990234375</ele>
        <time>1989-12-31T00:05:13Z</time>
      </trkpt>
      <trkpt lat="42.687227893620729" lon="0.039688730612397">
        <ele>2523.39990234375</ele>
        <time>1989-12-31T00:05:16Z</time>
      </trkpt>
      <trkpt lat="42.687072912231088" lon="0.039662411436439">
        <ele>2525.39990234375</ele>
        <time>1989-12-31T00:05:19Z</time>
      </trkpt>
      <trkpt lat="42.686898484826088" lon="0.039636008441448">
        <ele>2523.199951171875</ele>
        <time>1989-12-31T00:05:23Z</time>
      </trkpt>
      <trkpt lat="42.68659028224647" lon="0.039616227149963">
        <ele>2520</ele>
        <time>1989-12-31T00:05:29Z</time>
      </trkpt>
      <trkpt lat="42.686260873451829" lon="0.039629470556974">
        <ele>2519.60009765625</ele>
        <time>1989-12-31T00:05:36Z</time>
      </trkpt>
      <trkpt lat="42.686159117147326" lon="0.039642630144954">
        <ele>2519.800048828125</ele>
        <time>1989-12-31T00:05:38Z</time>
      </trkpt>
      <trkpt lat="42.686008997261524" lon="0.039636008441448">
        <ele>2520.800048828125</ele>
        <time>1989-12-31T00:05:41Z</time>
      </trkpt>
      <trkpt lat="42.685883017256856" lon="0.039622848853469">
        <ele>2522.60009765625</ele>
        <time>1989-12-31T00:05:44Z</time>
      </trkpt>
      <trkpt lat="42.685776483267546" lon="0.039649251848459">
        <ele>2523.199951171875</ele>
        <time>1989-12-31T00:05:46Z</time>
      </trkpt>
      <trkpt lat="42.685698950663209" lon="0.039649251848459">
        <ele>2524.199951171875</ele>
        <time>1989-12-31T00:05:48Z</time>
      </trkpt>
      <trkpt lat="42.685616640374064" lon="0.039603067561984">
        <ele>2527</ele>
        <time>1989-12-31T00:05:50Z</time>
      </trkpt>
      <trkpt lat="42.685573054477572" lon="0.03957012668252">
        <ele>2528.800048828125</ele>
        <time>1989-12-31T00:05:51Z</time>
      </trkpt>
      <trkpt lat="42.685481021180749" lon="0.039642630144954">
        <ele>2527.199951171875</ele>
        <time>1989-12-31T00:05:53Z</time>
      </trkpt>
      <trkpt lat="42.685413127765059" lon="0.039662411436439">
        <ele>2528.39990234375</ele>
        <time>1989-12-31T00:05:54Z</time>
      </trkpt>
      <trkpt lat="42.68535990267992" lon="0.039642630144954">
        <ele>2531</ele>
        <time>1989-12-31T00:05:55Z</time>
      </trkpt>
      <trkpt lat="42.685282370075583" lon="0.039622848853469">
        <ele>2535</ele>
        <time>1989-12-31T00:05:57Z</time>
      </trkpt>
      <trkpt lat="42.685209698975086" lon="0.039649251848459">
        <ele>2537.199951171875</ele>
        <time>1989-12-31T00:05:59Z</time>
      </trkpt>
      <trkpt lat="42.685137027874589" lon="0.039649251848459">
        <ele>2539.39990234375</ele>
        <time>1989-12-31T00:06:00Z</time>
      </trkpt>
      <trkpt lat="42.685064356774092" lon="0.039649251848459">
        <ele>2541.39990234375</ele>
        <time>1989-12-31T00:06:02Z</time>
      </trkpt>
      <trkpt lat="42.684991769492626" lon="0.039662411436439">
        <ele>2543</ele>
        <time>1989-12-31T00:06:03Z</time>
      </trkpt>
      <trkpt lat="42.684827065095305" lon="0.039668949320912">
        <ele>2545.199951171875</ele>
        <time>1989-12-31T00:06:07Z</time>
      </trkpt>
      <trkpt lat="42.68473980948329" lon="0.039655789732933">
        <ele>2545.199951171875</ele>
        <time>1989-12-31T00:06:08Z</time>
      </trkpt>
      <trkpt lat="42.684597484767437" lon="0.039686216041446">
        <ele>2545.800048828125</ele>
        <time>1989-12-31T00:06:11Z</time>
      </trkpt>
      <trkpt lat="42.6845199521631" lon="0.03969275392592">
        <ele>2546.60009765625</ele>
        <time>1989-12-31T00:06:13Z</time>
      </trkpt>
      <trkpt lat="42.684437558054924" lon="0.039705913513899">
        <ele>2547.39990234375</ele>
        <time>1989-12-31T00:06:15Z</time>
      </trkpt>
      <trkpt lat="42.684311661869287" lon="0.039712535217404">
        <ele>2550.800048828125</ele>
        <time>1989-12-31T00:06:17Z</time>
      </trkpt>
      <trkpt lat="42.684050062671304" lon="0.039817979559302">
        <ele>2553.800048828125</ele>
        <time>1989-12-31T00:06:23Z</time>
      </trkpt>
      <trkpt lat="42.683885358273983" lon="0.039883861318231">
        <ele>2554.39990234375</ele>
        <time>1989-12-31T00:06:27Z</time>
      </trkpt>
      <trkpt lat="42.683778824284673" lon="0.039930045604706">
        <ele>2555.800048828125</ele>
        <time>1989-12-31T00:06:29Z</time>
      </trkpt>
      <trkpt lat="42.683442542329431" lon="0.040049320086837">
        <ele>2565.39990234375</ele>
        <time>1989-12-31T00:06:36Z</time>
      </trkpt>
      <trkpt lat="42.683161580935121" lon="0.040154764428735">
        <ele>2571.39990234375</ele>
        <time>1989-12-31T00:06:42Z</time>
      </trkpt>
      <trkpt lat="42.68298271112144" lon="0.04024445079267">
        <ele>2574.199951171875</ele>
        <time>1989-12-31T00:06:46Z</time>
      </trkpt>
      <trkpt lat="42.68287131562829" lon="0.040251072496176">
        <ele>2578</ele>
        <time>1989-12-31T00:06:48Z</time>
      </trkpt>
      <trkpt lat="42.682730834931135" lon="0.04025761038065">
        <ele>2583</ele>
        <time>1989-12-31T00:06:51Z</time>
      </trkpt>
      <trkpt lat="42.682464374229312" lon="0.040310332551599">
        <ele>2590</ele>
        <time>1989-12-31T00:06:57Z</time>
      </trkpt>
      <trkpt lat="42.682348117232323" lon="0.040277391672134">
        <ele>2602</ele>
        <time>1989-12-31T00:06:59Z</time>
      </trkpt>
      <trkpt lat="42.682149466127157" lon="0.040316954255104">
        <ele>2618.39990234375</ele>
        <time>1989-12-31T00:07:04Z</time>
      </trkpt>
      <trkpt lat="42.682047793641686" lon="0.040330113843083">
        <ele>2631.39990234375</ele>
        <time>1989-12-31T00:07:06Z</time>
      </trkpt>
      <trkpt lat="42.681941175833344" lon="0.040310332551599">
        <ele>2646.39990234375</ele>
        <time>1989-12-31T00:07:08Z</time>
      </trkpt>
      <trkpt lat="42.681849142536521" lon="0.040270853787661">
        <ele>2657.39990234375</ele>
        <time>1989-12-31T00:07:10Z</time>
      </trkpt>
      <trkpt lat="42.681757109239697" lon="0.04028401337564">
        <ele>2667.39990234375</ele>
        <time>1989-12-31T00:07:12Z</time>
      </trkpt>
      <trkpt lat="42.681597266346216" lon="0.040395995602012">
        <ele>2685.39990234375</ele>
        <time>1989-12-31T00:07:16Z</time>
      </trkpt>
      <trkpt lat="42.681500371545553" lon="0.040481658652425">
        <ele>2699.39990234375</ele>
        <time>1989-12-31T00:07:18Z</time>
      </trkpt>
      <trkpt lat="42.681417977437377" lon="0.040560783818364">
        <ele>2712.39990234375</ele>
        <time>1989-12-31T00:07:20Z</time>
      </trkpt>
      <trkpt lat="42.681335667148232" lon="0.040652984753251">
        <ele>2722.39990234375</ele>
        <time>1989-12-31T00:07:22Z</time>
      </trkpt>
      <trkpt lat="42.681253273040056" lon="0.04077167250216">
        <ele>2732</ele>
        <time>1989-12-31T00:07:25Z</time>
      </trkpt>
      <trkpt lat="42.681170962750912" lon="0.040850713849068">
        <ele>2739.60009765625</ele>
        <time>1989-12-31T00:07:27Z</time>
      </trkpt>
      <trkpt lat="42.681112792342901" lon="0.04097593948245">
        <ele>2751.60009765625</ele>
        <time>1989-12-31T00:07:29Z</time>
      </trkpt>
      <trkpt lat="42.681035343557596" lon="0.041107703000307">
        <ele>2764.60009765625</ele>
        <time>1989-12-31T00:07:32Z</time>
      </trkpt>
      <trkpt lat="42.680957810953259" lon="0.041199987754226">
        <ele>2775.39990234375</ele>
        <time>1989-12-31T00:07:34Z</time>
      </trkpt>
      <trkpt lat="42.680836692452431" lon="0.041272407397628">
        <ele>2789.800048828125</ele>
        <time>1989-12-31T00:07:37Z</time>
      </trkpt>
      <trkpt lat="42.680759159848094" lon="0.041384473443031">
        <ele>2798.199951171875</ele>
        <time>1989-12-31T00:07:39Z</time>
      </trkpt>
      <trkpt lat="42.680691350251436" lon="0.041496539488435">
        <ele>2807.60009765625</ele>
        <time>1989-12-31T00:07:41Z</time>
      </trkpt>
      <trkpt lat="42.680604178458452" lon="0.041555799543858">
        <ele>2815.39990234375</ele>
        <time>1989-12-31T00:07:43Z</time>
      </trkpt>
      <trkpt lat="42.680478198453784" lon="0.041496539488435">
        <ele>2822</ele>
        <time>1989-12-31T00:07:46Z</time>
      </trkpt>
      <trkpt lat="42.680284408852458" lon="0.041391095146537">
        <ele>2829.60009765625</ele>
        <time>1989-12-31T00:07:50Z</time>
      </trkpt>
      <trkpt lat="42.680181730538607" lon="0.041337702423334">
        <ele>2836</ele>
        <time>1989-12-31T00:07:53Z</time>
      </trkpt>
      <trkpt lat="42.680075196549296" lon="0.041271820664406">
        <ele>2840.39990234375</ele>
        <time>1989-12-31T00:07:55Z</time>
      </trkpt>
      <trkpt lat="42.679983079433441" lon="0.041192695498466">
        <ele>2844.39990234375</ele>
        <time>1989-12-31T00:07:57Z</time>
      </trkpt>
      <trkpt lat="42.679847460240126" lon="0.041074091568589">
        <ele>2851.60009765625</ele>
        <time>1989-12-31T00:08:01Z</time>
      </trkpt>
      <trkpt lat="42.679750565439463" lon="0.041001588106155">
        <ele>2857</ele>
        <time>1989-12-31T00:08:03Z</time>
      </trkpt>
      <trkpt lat="42.6796536706388" lon="0.040869824588299">
        <ele>2863</ele>
        <time>1989-12-31T00:08:06Z</time>
      </trkpt>
      <trkpt lat="42.679561637341976" lon="0.040751220658422">
        <ele>2869.39990234375</ele>
        <time>1989-12-31T00:08:08Z</time>
      </trkpt>
      <trkpt lat="42.679479327052832" lon="0.040632616728544">
        <ele>2876</ele>
        <time>1989-12-31T00:08:11Z</time>
      </trkpt>
      <trkpt lat="42.679392071440816" lon="0.040487609803677">
        <ele>2882.800048828125</ele>
        <time>1989-12-31T00:08:14Z</time>
      </trkpt>
      <trkpt lat="42.679323507472873" lon="0.040467157959938">
        <ele>2886.800048828125</ele>
        <time>1989-12-31T00:08:15Z</time>
      </trkpt>
      <trkpt lat="42.679318645969033" lon="0.040355175733566">
        <ele>2887.800048828125</ele>
        <time>1989-12-31T00:08:17Z</time>
      </trkpt>
      <trkpt lat="42.679250836372375" lon="0.040104724466801">
        <ele>2893</ele>
        <time>1989-12-31T00:08:21Z</time>
      </trkpt>
      <trkpt lat="42.679149080067873" lon="0.039860894903541">
        <ele>2899.800048828125</ele>
        <time>1989-12-31T00:08:25Z</time>
      </trkpt>
      <trkpt lat="42.679090993478894" lon="0.039748912677169">
        <ele>2903.39990234375</ele>
        <time>1989-12-31T00:08:27Z</time>
      </trkpt>
      <trkpt lat="42.679013460874557" lon="0.039643468335271">
        <ele>2908.199951171875</ele>
        <time>1989-12-31T00:08:30Z</time>
      </trkpt>
      <trkpt lat="42.678931066766381" lon="0.039511704817414">
        <ele>2914.199951171875</ele>
        <time>1989-12-31T00:08:32Z</time>
      </trkpt>
      <trkpt lat="42.678848756477237" lon="0.039333757013083">
        <ele>2919.39990234375</ele>
        <time>1989-12-31T00:08:35Z</time>
      </trkpt>
      <trkpt lat="42.678742138668895" lon="0.039083305746317">
        <ele>2927</ele>
        <time>1989-12-31T00:08:40Z</time>
      </trkpt>
      <trkpt lat="42.678693691268563" lon="0.038898820057511">
        <ele>2929.800048828125</ele>
        <time>1989-12-31T00:08:43Z</time>
      </trkpt>
      <trkpt lat="42.678611380979419" lon="0.038681393489242">
        <ele>2933.60009765625</ele>
        <time>1989-12-31T00:08:47Z</time>
      </trkpt>
      <trkpt lat="42.678616158664227" lon="0.038457345217466">
        <ele>2933.60009765625</ele>
        <time>1989-12-31T00:08:50Z</time>
      </trkpt>
      <trkpt lat="42.678519263863564" lon="0.038233296945691">
        <ele>2938.800048828125</ele>
        <time>1989-12-31T00:08:54Z</time>
      </trkpt>
      <trkpt lat="42.678446592763066" lon="0.038154171779752">
        <ele>2943</ele>
        <time>1989-12-31T00:08:56Z</time>
      </trkpt>
      <trkpt lat="42.678403006866574" lon="0.037982845678926">
        <ele>2946.800048828125</ele>
        <time>1989-12-31T00:08:59Z</time>
      </trkpt>
      <trkpt lat="42.678335197269917" lon="0.03775879740715">
        <ele>2967.39990234375</ele>
        <time>1989-12-31T00:09:02Z</time>
      </trkpt>
      <trkpt lat="42.678325558081269" lon="0.037541370838881">
        <ele>2983.39990234375</ele>
        <time>1989-12-31T00:09:06Z</time>
      </trkpt>
      <trkpt lat="42.678243163973093" lon="0.037343641743064">
        <ele>3005.800048828125</ele>
        <time>1989-12-31T00:09:09Z</time>
      </trkpt>
      <trkpt lat="42.678233440965414" lon="0.037165777757764">
        <ele>3008.60009765625</ele>
        <time>1989-12-31T00:09:12Z</time>
      </trkpt>
      <trkpt lat="42.678204439580441" lon="0.03706687130034">
        <ele>3011.800048828125</ele>
        <time>1989-12-31T00:09:13Z</time>
      </trkpt>
      <trkpt lat="42.678155992180109" lon="0.036882385611534">
        <ele>3016</ele>
        <time>1989-12-31T00:09:16Z</time>
      </trkpt>
      <trkpt lat="42.678102683275938" lon="0.036869226023555">
        <ele>3020.39990234375</ele>
        <time>1989-12-31T00:09:18Z</time>
      </trkpt>
      <trkpt lat="42.678030012175441" lon="0.036796722561121">
        <ele>3027</ele>
        <time>1989-12-31T00:09:19Z</time>
      </trkpt>
      <trkpt lat="42.677937978878617" lon="0.036750622093678">
        <ele>3035.39990234375</ele>
        <time>1989-12-31T00:09:21Z</time>
      </trkpt>
      <trkpt lat="42.67787016928196" lon="0.036691278219223">
        <ele>3042.199951171875</ele>
        <time>1989-12-31T00:09:23Z</time>
      </trkpt>
      <trkpt lat="42.677734466269612" lon="0.036704437807202">
        <ele>3054.39990234375</ele>
        <time>1989-12-31T00:09:26Z</time>
      </trkpt>
      <trkpt lat="42.677637571468949" lon="0.036750622093678">
        <ele>3062.800048828125</ele>
        <time>1989-12-31T00:09:28Z</time>
      </trkpt>
      <trkpt lat="42.677487367764115" lon="0.036737378686666">
        <ele>3078</ele>
        <time>1989-12-31T00:09:31Z</time>
      </trkpt>
      <trkpt lat="42.677308162674308" lon="0.036757159978151">
        <ele>3099</ele>
        <time>1989-12-31T00:09:35Z</time>
      </trkpt>
      <trkpt lat="42.677225768566132" lon="0.036796722561121">
        <ele>3108.800048828125</ele>
        <time>1989-12-31T00:09:37Z</time>
      </trkpt>
      <trkpt lat="42.677133735269308" lon="0.036908704787493">
        <ele>3115.199951171875</ele>
        <time>1989-12-31T00:09:39Z</time>
      </trkpt>
      <trkpt lat="42.677051424980164" lon="0.036954889073968">
        <ele>3126</ele>
        <time>1989-12-31T00:09:41Z</time>
      </trkpt>
      <trkpt lat="42.676930306479335" lon="0.037014149129391">
        <ele>3142.39990234375</ele>
        <time>1989-12-31T00:09:44Z</time>
      </trkpt>
      <trkpt lat="42.676850175485015" lon="0.037062261253595">
        <ele>3152.60009765625</ele>
        <time>1989-12-31T00:09:46Z</time>
      </trkpt>
      <trkpt lat="42.676758142188191" lon="0.037128143012524">
        <ele>3164.60009765625</ele>
        <time>1989-12-31T00:09:48Z</time>
      </trkpt>
      <trkpt lat="42.676661247387528" lon="0.037141302600503">
        <ele>3178.39990234375</ele>
        <time>1989-12-31T00:09:50Z</time>
      </trkpt>
      <trkpt lat="42.676573991775513" lon="0.037147924304008">
        <ele>3190</ele>
        <time>1989-12-31T00:09:52Z</time>
      </trkpt>
      <trkpt lat="42.676506182178855" lon="0.037194024771452">
        <ele>3198</ele>
        <time>1989-12-31T00:09:53Z</time>
      </trkpt>
      <trkpt lat="42.676462596282363" lon="0.037213806062937">
        <ele>3202.800048828125</ele>
        <time>1989-12-31T00:09:54Z</time>
      </trkpt>
      <trkpt lat="42.676404425874352" lon="0.037246746942401">
        <ele>3209</ele>
        <time>1989-12-31T00:09:55Z</time>
      </trkpt>
      <trkpt lat="42.676256569102407" lon="0.037167705595493">
        <ele>3226.60009765625</ele>
        <time>1989-12-31T00:09:59Z</time>
      </trkpt>
      <trkpt lat="42.676217844709754" lon="0.037174327298999">
        <ele>3230</ele>
        <time>1989-12-31T00:10:00Z</time>
      </trkpt>
      <trkpt lat="42.676145173609257" lon="0.037174327298999">
        <ele>3236.199951171875</ele>
        <time>1989-12-31T00:10:01Z</time>
      </trkpt>
      <trkpt lat="42.676096726208925" lon="0.037187486886978">
        <ele>3239.39990234375</ele>
        <time>1989-12-31T00:10:02Z</time>
      </trkpt>
      <trkpt lat="42.676058001816273" lon="0.037161083891988">
        <ele>3241.800048828125</ele>
        <time>1989-12-31T00:10:03Z</time>
      </trkpt>
      <trkpt lat="42.676028916612267" lon="0.03709520213306">
        <ele>3244</ele>
        <time>1989-12-31T00:10:04Z</time>
      </trkpt>
      <trkpt lat="42.675951384007931" lon="0.037075420841575">
        <ele>3248</ele>
        <time>1989-12-31T00:10:06Z</time>
      </trkpt>
      <trkpt lat="42.67589807510376" lon="0.037088664248586">
        <ele>3250.60009765625</ele>
        <time>1989-12-31T00:10:07Z</time>
      </trkpt>
      <trkpt lat="42.675815764814615" lon="0.037062261253595">
        <ele>3254</ele>
        <time>1989-12-31T00:10:09Z</time>
      </trkpt>
      <trkpt lat="42.675646198913455" lon="0.037075420841575">
        <ele>3260.39990234375</ele>
        <time>1989-12-31T00:10:12Z</time>
      </trkpt>
      <trkpt lat="42.675476633012295" lon="0.036811893805861">
        <ele>3260.60009765625</ele>
        <time>1989-12-31T00:10:18Z</time>
      </trkpt>
      <trkpt lat="42.675462048500776" lon="0.036680046468973">
        <ele>3260</ele>
        <time>1989-12-31T00:10:20Z</time>
      </trkpt>
      <trkpt lat="42.675500856712461" lon="0.036488939076662">
        <ele>3266</ele>
        <time>1989-12-31T00:10:23Z</time>
      </trkpt>
      <trkpt lat="42.675525080412626" lon="0.036363797262311">
        <ele>3268.60009765625</ele>
        <time>1989-12-31T00:10:25Z</time>
      </trkpt>
      <trkpt lat="42.675539581105113" lon="0.036185849457979">
        <ele>3275.199951171875</ele>
        <time>1989-12-31T00:10:27Z</time>
      </trkpt>
      <trkpt lat="42.675544442608953" lon="0.035968339070678">
        <ele>3284.800048828125</ele>
        <time>1989-12-31T00:10:31Z</time>
      </trkpt>
      <trkpt lat="42.675539581105113" lon="0.035744290798903">
        <ele>3294.39990234375</ele>
        <time>1989-12-31T00:10:34Z</time>
      </trkpt>
      <trkpt lat="42.675544442608953" lon="0.035513704642653">
        <ele>3304.199951171875</ele>
        <time>1989-12-31T00:10:38Z</time>
      </trkpt>
      <trkpt lat="42.6755540817976" lon="0.035151271149516">
        <ele>3319.60009765625</ele>
        <time>1989-12-31T00:10:43Z</time>
      </trkpt>
      <trkpt lat="42.675583167001605" lon="0.034769056364894">
        <ele>3334</ele>
        <time>1989-12-31T00:10:49Z</time>
      </trkpt>
      <trkpt lat="42.675583167001605" lon="0.034617511555552">
        <ele>3339.39990234375</ele>
        <time>1989-12-31T00:10:51Z</time>
      </trkpt>
      <trkpt lat="42.675593979656696" lon="0.034477030858397">
        <ele>3343.199951171875</ele>
        <time>1989-12-31T00:10:53Z</time>
      </trkpt>
      <trkpt lat="42.675647959113121" lon="0.034482982009649">
        <ele>3344</ele>
        <time>1989-12-31T00:10:55Z</time>
      </trkpt>
      <trkpt lat="42.675788020715117" lon="0.034563029184937">
        <ele>3336.800048828125</ele>
        <time>1989-12-31T00:10:58Z</time>
      </trkpt>
      <trkpt lat="42.67590100876987" lon="0.034662019461393">
        <ele>3328.60009765625</ele>
        <time>1989-12-31T00:11:01Z</time>
      </trkpt>
      <trkpt lat="42.675929004326463" lon="0.034799985587597">
        <ele>3323.60009765625</ele>
        <time>1989-12-31T00:11:03Z</time>
      </trkpt>
      <trkpt lat="42.676008967682719" lon="0.034833010286093">
        <ele>3319.60009765625</ele>
        <time>1989-12-31T00:11:04Z</time>
      </trkpt>
      <trkpt lat="42.676076022908092" lon="0.034825969487429">
        <ele>3317</ele>
        <time>1989-12-31T00:11:06Z</time>
      </trkpt>
      <trkpt lat="42.676152968779206" lon="0.034764027222991">
        <ele>3314.60009765625</ele>
        <time>1989-12-31T00:11:08Z</time>
      </trkpt>
      <trkpt lat="42.676221029832959" lon="0.034781964495778">
        <ele>3312.199951171875</ele>
        <time>1989-12-31T00:11:09Z</time>
      </trkpt>
      <trkpt lat="42.676320020109415" lon="0.034776013344526">
        <ele>3309.199951171875</ele>
        <time>1989-12-31T00:11:11Z</time>
      </trkpt>
      <trkpt lat="42.676386991515756" lon="0.034678028896451">
        <ele>3308</ele>
        <time>1989-12-31T00:11:13Z</time>
      </trkpt>
      <trkpt lat="42.676423033699393" lon="0.034551965072751">
        <ele>3307</ele>
        <time>1989-12-31T00:11:15Z</time>
      </trkpt>
      <trkpt lat="42.676324965432286" lon="0.034291036427021">
        <ele>3305.39990234375</ele>
        <time>1989-12-31T00:11:20Z</time>
      </trkpt>
      <trkpt lat="42.676305016502738" lon="0.034181987866759">
        <ele>3302.800048828125</ele>
        <time>1989-12-31T00:11:21Z</time>
      </trkpt>
      <trkpt lat="42.676241984590888" lon="0.0340779684484">
        <ele>3301.199951171875</ele>
        <time>1989-12-31T00:11:24Z</time>
      </trkpt>
      <trkpt lat="42.67622203566134" lon="0.033922987058759">
        <ele>3296.800048828125</ele>
        <time>1989-12-31T00:11:26Z</time>
      </trkpt>
      <trkpt lat="42.676298981532454" lon="0.033822990953922">
        <ele>3289.199951171875</ele>
        <time>1989-12-31T00:11:28Z</time>
      </trkpt>
      <trkpt lat="42.676317002624273" lon="0.033772028982639">
        <ele>3286.199951171875</ele>
        <time>1989-12-31T00:11:29Z</time>
      </trkpt>
      <trkpt lat="42.676297975704074" lon="0.033677984029055">
        <ele>3283</ele>
        <time>1989-12-31T00:11:31Z</time>
      </trkpt>
      <trkpt lat="42.67635203897953" lon="0.033588968217373">
        <ele>3276.39990234375</ele>
        <time>1989-12-31T00:11:32Z</time>
      </trkpt>
      <trkpt lat="42.676348015666008" lon="0.033390987664461">
        <ele>3268</ele>
        <time>1989-12-31T00:11:35Z</time>
      </trkpt>
      <trkpt lat="42.676377017050982" lon="0.03321697935462">
        <ele>3258.60009765625</ele>
        <time>1989-12-31T00:11:38Z</time>
      </trkpt>
      <trkpt lat="42.67639403231442" lon="0.033116983249784">
        <ele>3254</ele>
        <time>1989-12-31T00:11:40Z</time>
      </trkpt>
      <trkpt lat="42.676420016214252" lon="0.033035008236766">
        <ele>3250.199951171875</ele>
        <time>1989-12-31T00:11:41Z</time>
      </trkpt>
      <trkpt lat="42.676563011482358" lon="0.032862005755305">
        <ele>3236.199951171875</ele>
        <time>1989-12-31T00:11:45Z</time>
      </trkpt>
      <trkpt lat="42.676672982051969" lon="0.032763015478849">
        <ele>3228</ele>
        <time>1989-12-31T00:11:48Z</time>
      </trkpt>
      <trkpt lat="42.676787981763482" lon="0.032556988298893">
        <ele>3215</ele>
        <time>1989-12-31T00:11:52Z</time>
      </trkpt>
      <trkpt lat="42.676901975646615" lon="0.032449029386044">
        <ele>3207.60009765625</ele>
        <time>1989-12-31T00:11:54Z</time>
      </trkpt>
      <trkpt lat="42.676964001730084" lon="0.032266974449158">
        <ele>3197.39990234375</ele>
        <time>1989-12-31T00:11:58Z</time>
      </trkpt>
      <trkpt lat="42.676958972588181" lon="0.032065976411104">
        <ele>3185</ele>
        <time>1989-12-31T00:12:01Z</time>
      </trkpt>
      <trkpt lat="42.677088975906372" lon="0.031978972256184">
        <ele>3182.199951171875</ele>
        <time>1989-12-31T00:12:04Z</time>
      </trkpt>
      <trkpt lat="42.677166005596519" lon="0.031833965331316">
        <ele>3174.199951171875</ele>
        <time>1989-12-31T00:12:06Z</time>
      </trkpt>
      <trkpt lat="42.677318975329399" lon="0.031769005581737">
        <ele>3169.800048828125</ele>
        <time>1989-12-31T00:12:10Z</time>
      </trkpt>
      <trkpt lat="42.677367003634572" lon="0.031722988933325">
        <ele>3167.199951171875</ele>
        <time>1989-12-31T00:12:11Z</time>
      </trkpt>
      <trkpt lat="42.677391981706023" lon="0.03160203807056">
        <ele>3161.199951171875</ele>
        <time>1989-12-31T00:12:13Z</time>
      </trkpt>
      <trkpt lat="42.677475968375802" lon="0.031481003388762">
        <ele>3156.199951171875</ele>
        <time>1989-12-31T00:12:15Z</time>
      </trkpt>
      <trkpt lat="42.677497006952763" lon="0.031405985355377">
        <ele>3152.800048828125</ele>
        <time>1989-12-31T00:12:17Z</time>
      </trkpt>
      <trkpt lat="42.677465993911028" lon="0.031331973150373">
        <ele>3148.60009765625</ele>
        <time>1989-12-31T00:12:18Z</time>
      </trkpt>
      <trkpt lat="42.677471023052931" lon="0.031259972602129">
        <ele>3145.199951171875</ele>
        <time>1989-12-31T00:12:19Z</time>
      </trkpt>
      <trkpt lat="42.67755601555109" lon="0.031172968447208">
        <ele>3143.199951171875</ele>
        <time>1989-12-31T00:12:21Z</time>
      </trkpt>
      <trkpt lat="42.677722983062267" lon="0.031056962907314">
        <ele>3135.60009765625</ele>
        <time>1989-12-31T00:12:25Z</time>
      </trkpt>
      <trkpt lat="42.677816022187471" lon="0.03089795820415">
        <ele>3127</ele>
        <time>1989-12-31T00:12:28Z</time>
      </trkpt>
      <trkpt lat="42.677824990823865" lon="0.030772984027863">
        <ele>3122</ele>
        <time>1989-12-31T00:12:30Z</time>
      </trkpt>
      <trkpt lat="42.677820967510343" lon="0.030598975718021">
        <ele>3116.60009765625</ele>
        <time>1989-12-31T00:12:33Z</time>
      </trkpt>
      <trkpt lat="42.677957005798817" lon="0.030290018767118">
        <ele>3110.39990234375</ele>
        <time>1989-12-31T00:12:38Z</time>
      </trkpt>
      <trkpt lat="42.678196979686618" lon="0.029964968562126">
        <ele>3096.800048828125</ele>
        <time>1989-12-31T00:12:45Z</time>
      </trkpt>
      <trkpt lat="42.67839596606791" lon="0.029744021594524">
        <ele>3081</ele>
        <time>1989-12-31T00:12:51Z</time>
      </trkpt>
      <trkpt lat="42.678448017686605" lon="0.029486026614904">
        <ele>3071.199951171875</ele>
        <time>1989-12-31T00:12:55Z</time>
      </trkpt>
      <trkpt lat="42.678460003808141" lon="0.029328027740121">
        <ele>3064.60009765625</ele>
        <time>1989-12-31T00:12:57Z</time>
      </trkpt>
      <trkpt lat="42.678540972992778" lon="0.029145972803235">
        <ele>3059.60009765625</ele>
        <time>1989-12-31T00:13:00Z</time>
      </trkpt>
      <trkpt lat="42.678708024322987" lon="0.029085958376527">
        <ele>3057.39990234375</ele>
        <time>1989-12-31T00:13:04Z</time>
      </trkpt>
      <trkpt lat="42.678807014599442" lon="0.028991997241974">
        <ele>3055.60009765625</ele>
        <time>1989-12-31T00:13:06Z</time>
      </trkpt>
      <trkpt lat="42.678893012925982" lon="0.028774989768863">
        <ele>3049.800048828125</ele>
        <time>1989-12-31T00:13:10Z</time>
      </trkpt>
      <trkpt lat="42.679152013733983" lon="0.028282972052693">
        <ele>3039</ele>
        <time>1989-12-31T00:13:19Z</time>
      </trkpt>
      <trkpt lat="42.679378995671868" lon="0.02803897485137">
        <ele>3031.39990234375</ele>
        <time>1989-12-31T00:13:25Z</time>
      </trkpt>
      <trkpt lat="42.679577982053161" lon="0.027847029268742">
        <ele>3022.39990234375</ele>
        <time>1989-12-31T00:13:30Z</time>
      </trkpt>
      <trkpt lat="42.679922981187701" lon="0.027540000155568">
        <ele>3014.60009765625</ele>
        <time>1989-12-31T00:13:39Z</time>
      </trkpt>
      <trkpt lat="42.679979978129268" lon="0.027368003502488">
        <ele>3012.199951171875</ele>
        <time>1989-12-31T00:13:42Z</time>
      </trkpt>
      <trkpt lat="42.680097995325923" lon="0.027317041531205">
        <ele>3010.39990234375</ele>
        <time>1989-12-31T00:13:44Z</time>
      </trkpt>
      <trkpt lat="42.680190028622746" lon="0.027188966050744">
        <ele>3005.199951171875</ele>
        <time>1989-12-31T00:13:47Z</time>
      </trkpt>
      <trkpt lat="42.680394966155291" lon="0.027046976611018">
        <ele>2997.60009765625</ele>
        <time>1989-12-31T00:13:52Z</time>
      </trkpt>
      <trkpt lat="42.680416004732251" lon="0.02689803019166">
        <ele>2992.60009765625</ele>
        <time>1989-12-31T00:13:54Z</time>
      </trkpt>
      <trkpt lat="42.68045699223876" lon="0.026913033798337">
        <ele>2992</ele>
        <time>1989-12-31T00:13:55Z</time>
      </trkpt>
      <trkpt lat="42.680416004732251" lon="0.02689803019166">
        <ele>2992.60009765625</ele>
        <time>1989-12-31T00:13:56Z</time>
      </trkpt>
      <trkpt lat="42.680618008598685" lon="0.026435013860464">
        <ele>2986.39990234375</ele>
        <time>1989-12-31T00:14:04Z</time>
      </trkpt>
      <trkpt lat="42.68067198805511" lon="0.0262760091573">
        <ele>2986.800048828125</ele>
        <time>1989-12-31T00:14:07Z</time>
      </trkpt>
      <trkpt lat="42.680958984419703" lon="0.025493977591395">
        <ele>2987.199951171875</ele>
        <time>1989-12-31T00:14:20Z</time>
      </trkpt>
      <trkpt lat="42.681081024929881" lon="0.025002965703607">
        <ele>3000.199951171875</ele>
        <time>1989-12-31T00:14:28Z</time>
      </trkpt>
      <trkpt lat="42.681209016591311" lon="0.024800961837173">
        <ele>3007.39990234375</ele>
        <time>1989-12-31T00:14:32Z</time>
      </trkpt>
      <trkpt lat="42.681151013821363" lon="0.024565011262894">
        <ele>3015.800048828125</ele>
        <time>1989-12-31T00:14:36Z</time>
      </trkpt>
      <trkpt lat="42.681181021034718" lon="0.024194028228521">
        <ele>3031.800048828125</ele>
        <time>1989-12-31T00:14:42Z</time>
      </trkpt>
      <trkpt lat="42.681241035461426" lon="0.02404298633337">
        <ele>3039</ele>
        <time>1989-12-31T00:14:44Z</time>
      </trkpt>
      <trkpt lat="42.68127397634089" lon="0.023892028257251">
        <ele>3046.199951171875</ele>
        <time>1989-12-31T00:14:47Z</time>
      </trkpt>
      <trkpt lat="42.681241035461426" lon="0.023625986650586">
        <ele>3059.800048828125</ele>
        <time>1989-12-31T00:14:51Z</time>
      </trkpt>
      <trkpt lat="42.68125201575458" lon="0.023459019139409">
        <ele>3066.800048828125</ele>
        <time>1989-12-31T00:14:53Z</time>
      </trkpt>
      <trkpt lat="42.681228965520859" lon="0.023391963914037">
        <ele>3069</ele>
        <time>1989-12-31T00:14:55Z</time>
      </trkpt>
      <trkpt lat="42.681283028796315" lon="0.023218961432576">
        <ele>3076.800048828125</ele>
        <time>1989-12-31T00:14:57Z</time>
      </trkpt>
      <trkpt lat="42.68129501491785" lon="0.023100022226572">
        <ele>3082.800048828125</ele>
        <time>1989-12-31T00:14:59Z</time>
      </trkpt>
      <trkpt lat="42.681315969675779" lon="0.022563999518752">
        <ele>3108.39990234375</ele>
        <time>1989-12-31T00:15:07Z</time>
      </trkpt>
      <trkpt lat="42.68125201575458" lon="0.022221012040973">
        <ele>3127</ele>
        <time>1989-12-31T00:15:13Z</time>
      </trkpt>
      <trkpt lat="42.681280011311173" lon="0.021932004019618">
        <ele>3141</ele>
        <time>1989-12-31T00:15:17Z</time>
      </trkpt>
      <trkpt lat="42.681267019361258" lon="0.021127006039023">
        <ele>3177.60009765625</ele>
        <time>1989-12-31T00:15:30Z</time>
      </trkpt>
      <trkpt lat="42.681333990767598" lon="0.021150978282094">
        <ele>3176.60009765625</ele>
        <time>1989-12-31T00:15:31Z</time>
      </trkpt>
      <trkpt lat="42.68140004016459" lon="0.021135974675417">
        <ele>3177.800048828125</ele>
        <time>1989-12-31T00:15:32Z</time>
      </trkpt>
      <trkpt lat="42.681466760113835" lon="0.02117620781064">
        <ele>3180.39990234375</ele>
        <time>1989-12-31T00:15:34Z</time>
      </trkpt>
      <trkpt lat="42.681511184200644" lon="0.02120160497725">
        <ele>3184</ele>
        <time>1989-12-31T00:15:35Z</time>
      </trkpt>
      <trkpt lat="42.681562565267086" lon="0.021271510049701">
        <ele>3188.60009765625</ele>
        <time>1989-12-31T00:15:36Z</time>
      </trkpt>
      <trkpt lat="42.68161159940064" lon="0.021322388201952">
        <ele>3191.60009765625</ele>
        <time>1989-12-31T00:15:38Z</time>
      </trkpt>
      <trkpt lat="42.681674715131521" lon="0.021341415122151">
        <ele>3197.199951171875</ele>
        <time>1989-12-31T00:15:39Z</time>
      </trkpt>
      <trkpt lat="42.681723749265075" lon="0.021376367658377">
        <ele>3199.199951171875</ele>
        <time>1989-12-31T00:15:40Z</time>
      </trkpt>
      <trkpt lat="42.681775130331516" lon="0.021405033767223">
        <ele>3201.60009765625</ele>
        <time>1989-12-31T00:15:41Z</time>
      </trkpt>
      <trkpt lat="42.68183589912951" lon="0.021452642977238">
        <ele>3204.39990234375</ele>
        <time>1989-12-31T00:15:43Z</time>
      </trkpt>
      <trkpt lat="42.681926926597953" lon="0.021525733172894">
        <ele>3205</ele>
        <time>1989-12-31T00:15:45Z</time>
      </trkpt>
      <trkpt lat="42.682008733972907" lon="0.021576611325145">
        <ele>3208</ele>
        <time>1989-12-31T00:15:47Z</time>
      </trkpt>
      <trkpt lat="42.68209045752883" lon="0.02161793410778">
        <ele>3213</ele>
        <time>1989-12-31T00:15:49Z</time>
      </trkpt>
      <trkpt lat="42.682267986238003" lon="0.021722791716456">
        <ele>3224</ele>
        <time>1989-12-31T00:15:53Z</time>
      </trkpt>
      <trkpt lat="42.68237778916955" lon="0.021856231614947">
        <ele>3229.60009765625</ele>
        <time>1989-12-31T00:15:56Z</time>
      </trkpt>
      <trkpt lat="42.68244325183332" lon="0.021926136687398">
        <ele>3241</ele>
        <time>1989-12-31T00:15:58Z</time>
      </trkpt>
      <trkpt lat="42.682487592101097" lon="0.021967459470034">
        <ele>3242.199951171875</ele>
        <time>1989-12-31T00:15:59Z</time>
      </trkpt>
      <trkpt lat="42.682550707831979" lon="0.022034179419279">
        <ele>3245</ele>
        <time>1989-12-31T00:16:00Z</time>
      </trkpt>
      <trkpt lat="42.682564705610275" lon="0.022132666781545">
        <ele>3249</ele>
        <time>1989-12-31T00:16:02Z</time>
      </trkpt>
      <trkpt lat="42.682567052543163" lon="0.022269375622272">
        <ele>3249.199951171875</ele>
        <time>1989-12-31T00:16:04Z</time>
      </trkpt>
      <trkpt lat="42.682609045878053" lon="0.022326540201902">
        <ele>3249.800048828125</ele>
        <time>1989-12-31T00:16:05Z</time>
      </trkpt>
      <trkpt lat="42.682618433609605" lon="0.022409185767174">
        <ele>3244.199951171875</ele>
        <time>1989-12-31T00:16:06Z</time>
      </trkpt>
      <trkpt lat="42.682723542675376" lon="0.022498117759824">
        <ele>3244.39990234375</ele>
        <time>1989-12-31T00:16:09Z</time>
      </trkpt>
      <trkpt lat="42.682798309251666" lon="0.0226029753685">
        <ele>3241.800048828125</ele>
        <time>1989-12-31T00:16:11Z</time>
      </trkpt>
      <trkpt lat="42.682856731116772" lon="0.022695176303387">
        <ele>3242.39990234375</ele>
        <time>1989-12-31T00:16:13Z</time>
      </trkpt>
      <trkpt lat="42.683013221248984" lon="0.022971611469984">
        <ele>3255.39990234375</ele>
        <time>1989-12-31T00:16:18Z</time>
      </trkpt>
      <trkpt lat="42.683050604537129" lon="0.02301930449903">
        <ele>3259</ele>
        <time>1989-12-31T00:16:19Z</time>
      </trkpt>
      <trkpt lat="42.683108439669013" lon="0.023075547069311">
        <ele>3261</ele>
        <time>1989-12-31T00:16:21Z</time>
      </trkpt>
      <trkpt lat="42.683165017515421" lon="0.023130532354116">
        <ele>3262.800048828125</ele>
        <time>1989-12-31T00:16:22Z</time>
      </trkpt>
      <trkpt lat="42.683230480179191" lon="0.023178141564131">
        <ele>3264.60009765625</ele>
        <time>1989-12-31T00:16:24Z</time>
      </trkpt>
      <trkpt lat="42.683277167379856" lon="0.023235389962792">
        <ele>3264.800048828125</ele>
        <time>1989-12-31T00:16:25Z</time>
      </trkpt>
      <trkpt lat="42.68334724009037" lon="0.023314766585827">
        <ele>3266.800048828125</ele>
        <time>1989-12-31T00:16:27Z</time>
      </trkpt>
      <trkpt lat="42.683375319465995" lon="0.023356089368463">
        <ele>3267.39990234375</ele>
        <time>1989-12-31T00:16:28Z</time>
      </trkpt>
      <trkpt lat="42.683454696089029" lon="0.023429179564118">
        <ele>3269</ele>
        <time>1989-12-31T00:16:30Z</time>
      </trkpt>
      <trkpt lat="42.68353876657784" lon="0.02348642796278">
        <ele>3271.39990234375</ele>
        <time>1989-12-31T00:16:32Z</time>
      </trkpt>
      <trkpt lat="42.683592494577169" lon="0.0235181953758">
        <ele>3273.199951171875</ele>
        <time>1989-12-31T00:16:33Z</time>
      </trkpt>
      <trkpt lat="42.683662651106715" lon="0.023540407419205">
        <ele>3275.800048828125</ele>
        <time>1989-12-31T00:16:35Z</time>
      </trkpt>
      <trkpt lat="42.683720989152789" lon="0.023578545078635">
        <ele>3278.199951171875</ele>
        <time>1989-12-31T00:16:36Z</time>
      </trkpt>
      <trkpt lat="42.683770107105374" lon="0.023619867861271">
        <ele>3280.800048828125</ele>
        <time>1989-12-31T00:16:37Z</time>
      </trkpt>
      <trkpt lat="42.68382609821856" lon="0.023635793477297">
        <ele>3284</ele>
        <time>1989-12-31T00:16:38Z</time>
      </trkpt>
      <trkpt lat="42.683854177594185" lon="0.02360712736845">
        <ele>3285.60009765625</ele>
        <time>1989-12-31T00:16:39Z</time>
      </trkpt>
      <trkpt lat="42.683907905593514" lon="0.023731095716357">
        <ele>3289.60009765625</ele>
        <time>1989-12-31T00:16:41Z</time>
      </trkpt>
      <trkpt lat="42.683931039646268" lon="0.023784404620528">
        <ele>3291.39990234375</ele>
        <time>1989-12-31T00:16:42Z</time>
      </trkpt>
      <trkpt lat="42.683980073779821" lon="0.023759007453918">
        <ele>3294.39990234375</ele>
        <time>1989-12-31T00:16:43Z</time>
      </trkpt>
      <trkpt lat="42.684085182845592" lon="0.023822542279959">
        <ele>3301.199951171875</ele>
        <time>1989-12-31T00:16:46Z</time>
      </trkpt>
      <trkpt lat="42.684106221422553" lon="0.02390518784523">
        <ele>3301</ele>
        <time>1989-12-31T00:16:47Z</time>
      </trkpt>
      <trkpt lat="42.684176294133067" lon="0.023927483707666">
        <ele>3302.60009765625</ele>
        <time>1989-12-31T00:16:49Z</time>
      </trkpt>
      <trkpt lat="42.684251060709357" lon="0.023975092917681">
        <ele>3304.199951171875</ele>
        <time>1989-12-31T00:16:50Z</time>
      </trkpt>
      <trkpt lat="42.684314092621207" lon="0.023991018533707">
        <ele>3307</ele>
        <time>1989-12-31T00:16:52Z</time>
      </trkpt>
      <trkpt lat="42.684391206130385" lon="0.024010045453906">
        <ele>3311</ele>
        <time>1989-12-31T00:16:53Z</time>
      </trkpt>
      <trkpt lat="42.684477623552084" lon="0.024016415700316">
        <ele>3316</ele>
        <time>1989-12-31T00:16:55Z</time>
      </trkpt>
      <trkpt lat="42.684554737061262" lon="0.024025971069932">
        <ele>3319.39990234375</ele>
        <time>1989-12-31T00:16:57Z</time>
      </trkpt>
      <trkpt lat="42.684606118127704" lon="0.024035526439548">
        <ele>3320</ele>
        <time>1989-12-31T00:16:58Z</time>
      </trkpt>
      <trkpt lat="42.684652805328369" lon="0.024010045453906">
        <ele>3319.199951171875</ele>
        <time>1989-12-31T00:16:59Z</time>
      </trkpt>
      <trkpt lat="42.684692535549402" lon="0.023978278040886">
        <ele>3319.199951171875</ele>
        <time>1989-12-31T00:17:00Z</time>
      </trkpt>
      <trkpt lat="42.684807032346725" lon="0.023902002722025">
        <ele>3318.39990234375</ele>
        <time>1989-12-31T00:17:02Z</time>
      </trkpt>
      <trkpt lat="42.684760261327028" lon="0.02396872267127">
        <ele>3317</ele>
        <time>1989-12-31T00:17:04Z</time>
      </trkpt>
      <trkpt lat="42.684697229415178" lon="0.024006860330701">
        <ele>3318.60009765625</ele>
        <time>1989-12-31T00:17:05Z</time>
      </trkpt>
      <trkpt lat="42.684645848348737" lon="0.024048183113337">
        <ele>3318.39990234375</ele>
        <time>1989-12-31T00:17:06Z</time>
      </trkpt>
      <trkpt lat="42.684596814215183" lon="0.024060923606157">
        <ele>3319</ele>
        <time>1989-12-31T00:17:07Z</time>
      </trkpt>
      <trkpt lat="42.684550043195486" lon="0.024054553359747">
        <ele>3318.39990234375</ele>
        <time>1989-12-31T00:17:08Z</time>
      </trkpt>
      <trkpt lat="42.684416938573122" lon="0.024035526439548">
        <ele>3312.199951171875</ele>
        <time>1989-12-31T00:17:11Z</time>
      </trkpt>
      <trkpt lat="42.684356169775128" lon="0.024038627743721">
        <ele>3308.199951171875</ele>
        <time>1989-12-31T00:17:12Z</time>
      </trkpt>
      <trkpt lat="42.684286097064614" lon="0.024013230577111">
        <ele>3304.800048828125</ele>
        <time>1989-12-31T00:17:14Z</time>
      </trkpt>
      <trkpt lat="42.684211330488324" lon="0.023975092917681">
        <ele>3302.199951171875</ele>
        <time>1989-12-31T00:17:16Z</time>
      </trkpt>
      <trkpt lat="42.684155255556107" lon="0.023946510627866">
        <ele>3301.199951171875</ele>
        <time>1989-12-31T00:17:17Z</time>
      </trkpt>
      <trkpt lat="42.684101527556777" lon="0.023927483707666">
        <ele>3300</ele>
        <time>1989-12-31T00:17:18Z</time>
      </trkpt>
      <trkpt lat="42.684068838134408" lon="0.023892447352409">
        <ele>3300</ele>
        <time>1989-12-31T00:17:19Z</time>
      </trkpt>
      <trkpt lat="42.684059534221888" lon="0.023828912526369">
        <ele>3299.800048828125</ele>
        <time>1989-12-31T00:17:20Z</time>
      </trkpt>
      <trkpt lat="42.684024497866631" lon="0.023806700482965">
        <ele>3297.39990234375</ele>
        <time>1989-12-31T00:17:21Z</time>
      </trkpt>
      <trkpt lat="42.683977726846933" lon="0.023784404620528">
        <ele>3294.39990234375</ele>
        <time>1989-12-31T00:17:22Z</time>
      </trkpt>
      <trkpt lat="42.683919388800859" lon="0.02381625585258">
        <ele>3290.39990234375</ele>
        <time>1989-12-31T00:17:23Z</time>
      </trkpt>
      <trkpt lat="42.683891309425235" lon="0.023759007453918">
        <ele>3288.39990234375</ele>
        <time>1989-12-31T00:17:24Z</time>
      </trkpt>
      <trkpt lat="42.683825930580497" lon="0.023660520091653">
        <ele>3284.199951171875</ele>
        <time>1989-12-31T00:17:26Z</time>
      </trkpt>
      <trkpt lat="42.683788547292352" lon="0.023644594475627">
        <ele>3282</ele>
        <time>1989-12-31T00:17:27Z</time>
      </trkpt>
      <trkpt lat="42.683734819293022" lon="0.023631937801838">
        <ele>3278.800048828125</ele>
        <time>1989-12-31T00:17:28Z</time>
      </trkpt>
      <trkpt lat="42.683718642219901" lon="0.023594051599503">
        <ele>3278</ele>
        <time>1989-12-31T00:17:29Z</time>
      </trkpt>
      <trkpt lat="42.683670111000538" lon="0.023562200367451">
        <ele>3276</ele>
        <time>1989-12-31T00:17:30Z</time>
      </trkpt>
      <trkpt lat="42.683614371344447" lon="0.023542670533061">
        <ele>3274</ele>
        <time>1989-12-31T00:17:31Z</time>
      </trkpt>
      <trkpt lat="42.683578077703714" lon="0.023524397984147">
        <ele>3272.60009765625</ele>
        <time>1989-12-31T00:17:32Z</time>
      </trkpt>
      <trkpt lat="42.683540359139442" lon="0.023504784330726">
        <ele>3271.60009765625</ele>
        <time>1989-12-31T00:17:33Z</time>
      </trkpt>
      <trkpt lat="42.683485541492701" lon="0.023458348587155">
        <ele>3270</ele>
        <time>1989-12-31T00:17:34Z</time>
      </trkpt>
      <trkpt lat="42.683445978909731" lon="0.02343513071537">
        <ele>3268.800048828125</ele>
        <time>1989-12-31T00:17:35Z</time>
      </trkpt>
      <trkpt lat="42.683430640026927" lon="0.02342046238482">
        <ele>3268.60009765625</ele>
        <time>1989-12-31T00:17:36Z</time>
      </trkpt>
      <trkpt lat="42.683365931734443" lon="0.023364219814539">
        <ele>3267.199951171875</ele>
        <time>1989-12-31T00:17:37Z</time>
      </trkpt>
      <trkpt lat="42.683324608951807" lon="0.023316526785493">
        <ele>3266.60009765625</ele>
        <time>1989-12-31T00:17:38Z</time>
      </trkpt>
      <trkpt lat="42.683302145451307" lon="0.023294482380152">
        <ele>3265.60009765625</ele>
        <time>1989-12-31T00:17:39Z</time>
      </trkpt>
      <trkpt lat="42.683251770213246" lon="0.023239497095346">
        <ele>3264</ele>
        <time>1989-12-31T00:17:40Z</time>
      </trkpt>
      <trkpt lat="42.68323291093111" lon="0.023207729682326">
        <ele>3264</ele>
        <time>1989-12-31T00:17:41Z</time>
      </trkpt>
      <trkpt lat="42.683176333084702" lon="0.023156348615885">
        <ele>3263.39990234375</ele>
        <time>1989-12-31T00:17:42Z</time>
      </trkpt>
      <trkpt lat="42.683143056929111" lon="0.023124581202865">
        <ele>3262</ele>
        <time>1989-12-31T00:17:43Z</time>
      </trkpt>
      <trkpt lat="42.683084635064006" lon="0.023075630888343">
        <ele>3260.39990234375</ele>
        <time>1989-12-31T00:17:45Z</time>
      </trkpt>
      <trkpt lat="42.683037864044309" lon="0.023015784099698">
        <ele>3257.800048828125</ele>
        <time>1989-12-31T00:17:46Z</time>
      </trkpt>
      <trkpt lat="42.682995619252324" lon="0.022959541529417">
        <ele>3253.800048828125</ele>
        <time>1989-12-31T00:17:47Z</time>
      </trkpt>
      <trkpt lat="42.682969551533461" lon="0.022925259545445">
        <ele>3251.39990234375</ele>
        <time>1989-12-31T00:17:48Z</time>
      </trkpt>
      <trkpt lat="42.682946166023612" lon="0.022883685305715">
        <ele>3249.199951171875</ele>
        <time>1989-12-31T00:17:49Z</time>
      </trkpt>
      <trkpt lat="42.682896796613932" lon="0.022795675322413">
        <ele>3243.39990234375</ele>
        <time>1989-12-31T00:17:50Z</time>
      </trkpt>
      <trkpt lat="42.682872489094734" lon="0.022752843797207">
        <ele>3241.800048828125</ele>
        <time>1989-12-31T00:17:51Z</time>
      </trkpt>
      <trkpt lat="42.682849103584886" lon="0.022714957594872">
        <ele>3240.60009765625</ele>
        <time>1989-12-31T00:17:52Z</time>
      </trkpt>
      <trkpt lat="42.682814989238977" lon="0.02265871502459">
        <ele>3239.800048828125</ele>
        <time>1989-12-31T00:17:53Z</time>
      </trkpt>
      <trkpt lat="42.682792525738478" lon="0.022615883499384">
        <ele>3240.60009765625</ele>
        <time>1989-12-31T00:17:54Z</time>
      </trkpt>
      <trkpt lat="42.682744832709432" lon="0.022543799132109">
        <ele>3242</ele>
        <time>1989-12-31T00:17:55Z</time>
      </trkpt>
      <trkpt lat="42.682673837989569" lon="0.022480180487037">
        <ele>3242.800048828125</ele>
        <time>1989-12-31T00:17:57Z</time>
      </trkpt>
      <trkpt lat="42.682628910988569" lon="0.022444725036621">
        <ele>3242.39990234375</ele>
        <time>1989-12-31T00:17:58Z</time>
      </trkpt>
      <trkpt lat="42.682607369497418" lon="0.02242024987936">
        <ele>3242.800048828125</ele>
        <time>1989-12-31T00:17:59Z</time>
      </trkpt>
      <trkpt lat="42.682596556842327" lon="0.02233961597085">
        <ele>3248.39990234375</ele>
        <time>1989-12-31T00:18:00Z</time>
      </trkpt>
      <trkpt lat="42.682571411132812" lon="0.022296784445643">
        <ele>3249.199951171875</ele>
        <time>1989-12-31T00:18:01Z</time>
      </trkpt>
      <trkpt lat="42.682547103613615" lon="0.022275997325778">
        <ele>3248.800048828125</ele>
        <time>1989-12-31T00:18:02Z</time>
      </trkpt>
      <trkpt lat="42.682555066421628" lon="0.02219351939857">
        <ele>3249.199951171875</ele>
        <time>1989-12-31T00:18:03Z</time>
      </trkpt>
      <trkpt lat="42.682552384212613" lon="0.022140964865685">
        <ele>3249.39990234375</ele>
        <time>1989-12-31T00:18:04Z</time>
      </trkpt>
      <trkpt lat="42.682523634284735" lon="0.022045578807592">
        <ele>3245.39990234375</ele>
        <time>1989-12-31T00:18:05Z</time>
      </trkpt>
      <trkpt lat="42.682493040338159" lon="0.022006435319781">
        <ele>3243.800048828125</ele>
        <time>1989-12-31T00:18:06Z</time>
      </trkpt>
      <trkpt lat="42.682467894628644" lon="0.02196729183197">
        <ele>3242.199951171875</ele>
        <time>1989-12-31T00:18:07Z</time>
      </trkpt>
      <trkpt lat="42.682410394772887" lon="0.02191842533648">
        <ele>3230.60009765625</ele>
        <time>1989-12-31T00:18:08Z</time>
      </trkpt>
      <trkpt lat="42.682379884645343" lon="0.021874504163861">
        <ele>3229.199951171875</ele>
        <time>1989-12-31T00:18:09Z</time>
      </trkpt>
      <trkpt lat="42.682340322062373" lon="0.021842736750841">
        <ele>3226.800048828125</ele>
        <time>1989-12-31T00:18:10Z</time>
      </trkpt>
      <trkpt lat="42.682312494143844" lon="0.021812142804265">
        <ele>3225.800048828125</ele>
        <time>1989-12-31T00:18:11Z</time>
      </trkpt>
      <trkpt lat="42.68228106200695" lon="0.021777944639325">
        <ele>3223.39990234375</ele>
        <time>1989-12-31T00:18:12Z</time>
      </trkpt>
      <trkpt lat="42.682236973196268" lon="0.021733939647675">
        <ele>3220.60009765625</ele>
        <time>1989-12-31T00:18:13Z</time>
      </trkpt>
      <trkpt lat="42.682207301259041" lon="0.021719271317124">
        <ele>3218.60009765625</ele>
        <time>1989-12-31T00:18:14Z</time>
      </trkpt>
      <trkpt lat="42.682136306539178" lon="0.021676439791918">
        <ele>3214.39990234375</ele>
        <time>1989-12-31T00:18:15Z</time>
      </trkpt>
      <trkpt lat="42.68210219219327" lon="0.021654479205608">
        <ele>3212.39990234375</ele>
        <time>1989-12-31T00:18:16Z</time>
      </trkpt>
      <trkpt lat="42.682041004300117" lon="0.021609216928482">
        <ele>3209</ele>
        <time>1989-12-31T00:18:17Z</time>
      </trkpt>
      <trkpt lat="42.682000603526831" lon="0.021592117846012">
        <ele>3206.39990234375</ele>
        <time>1989-12-31T00:18:18Z</time>
      </trkpt>
      <trkpt lat="42.681959699839354" lon="0.021570911630988">
        <ele>3204.39990234375</ele>
        <time>1989-12-31T00:18:19Z</time>
      </trkpt>
      <trkpt lat="42.681934470310807" lon="0.021550124511123">
        <ele>3203.800048828125</ele>
        <time>1989-12-31T00:18:20Z</time>
      </trkpt>
      <trkpt lat="42.681869762018323" lon="0.021506119519472">
        <ele>3202.60009765625</ele>
        <time>1989-12-31T00:18:21Z</time>
      </trkpt>
      <trkpt lat="42.681829361245036" lon="0.021471921354532">
        <ele>3202.60009765625</ele>
        <time>1989-12-31T00:18:22Z</time>
      </trkpt>
      <trkpt lat="42.681805975735188" lon="0.021451134234667">
        <ele>3202.39990234375</ele>
        <time>1989-12-31T00:18:23Z</time>
      </trkpt>
      <trkpt lat="42.681765491142869" lon="0.02142297104001">
        <ele>3200.39990234375</ele>
        <time>1989-12-31T00:18:24Z</time>
      </trkpt>
      <trkpt lat="42.681737663224339" lon="0.021405871957541">
        <ele>3199</ele>
        <time>1989-12-31T00:18:25Z</time>
      </trkpt>
      <trkpt lat="42.681672954931855" lon="0.02136186696589">
        <ele>3196.199951171875</ele>
        <time>1989-12-31T00:18:26Z</time>
      </trkpt>
      <trkpt lat="42.681635152548552" lon="0.021350802853703">
        <ele>3192.60009765625</ele>
        <time>1989-12-31T00:18:27Z</time>
      </trkpt>
      <trkpt lat="42.681571366265416" lon="0.021301936358213">
        <ele>3188.60009765625</ele>
        <time>1989-12-31T00:18:28Z</time>
      </trkpt>
      <trkpt lat="42.681547980755568" lon="0.021279891952872">
        <ele>3187.199951171875</ele>
        <time>1989-12-31T00:18:29Z</time>
      </trkpt>
      <trkpt lat="42.681502131745219" lon="0.021208981052041">
        <ele>3183.199951171875</ele>
        <time>1989-12-31T00:18:30Z</time>
      </trkpt>
      <trkpt lat="42.681476986035705" lon="0.021199258044362">
        <ele>3181</ele>
        <time>1989-12-31T00:18:31Z</time>
      </trkpt>
      <trkpt lat="42.681419486179948" lon="0.021163802593946">
        <ele>3177.199951171875</ele>
        <time>1989-12-31T00:18:32Z</time>
      </trkpt>
      <trkpt lat="42.681384030729532" lon="0.021139997988939">
        <ele>3177.39990234375</ele>
        <time>1989-12-31T00:18:33Z</time>
      </trkpt>
      <trkpt lat="42.681333990767598" lon="0.021150978282094">
        <ele>3176.60009765625</ele>
        <time>1989-12-31T00:18:34Z</time>
      </trkpt>
      <trkpt lat="42.681267019361258" lon="0.021127006039023">
        <ele>3177.60009765625</ele>
        <time>1989-12-31T00:18:36Z</time>
      </trkpt>
      <trkpt lat="42.681280011311173" lon="0.021932004019618">
        <ele>3141</ele>
        <time>1989-12-31T00:18:48Z</time>
      </trkpt>
      <trkpt lat="42.68125201575458" lon="0.022221012040973">
        <ele>3127</ele>
        <time>1989-12-31T00:18:52Z</time>
      </trkpt>
      <trkpt lat="42.681315969675779" lon="0.022563999518752">
        <ele>3108.39990234375</ele>
        <time>1989-12-31T00:18:58Z</time>
      </trkpt>
      <trkpt lat="42.68129501491785" lon="0.023100022226572">
        <ele>3082.800048828125</ele>
        <time>1989-12-31T00:19:06Z</time>
      </trkpt>
      <trkpt lat="42.681283028796315" lon="0.023218961432576">
        <ele>3076.800048828125</ele>
        <time>1989-12-31T00:19:08Z</time>
      </trkpt>
      <trkpt lat="42.681228965520859" lon="0.023391963914037">
        <ele>3069</ele>
        <time>1989-12-31T00:19:11Z</time>
      </trkpt>
      <trkpt lat="42.68125201575458" lon="0.023459019139409">
        <ele>3066.800048828125</ele>
        <time>1989-12-31T00:19:12Z</time>
      </trkpt>
      <trkpt lat="42.681241035461426" lon="0.023625986650586">
        <ele>3059.800048828125</ele>
        <time>1989-12-31T00:19:14Z</time>
      </trkpt>
      <trkpt lat="42.68127397634089" lon="0.023892028257251">
        <ele>3046.199951171875</ele>
        <time>1989-12-31T00:19:18Z</time>
      </trkpt>
      <trkpt lat="42.681241035461426" lon="0.02404298633337">
        <ele>3039</ele>
        <time>1989-12-31T00:19:21Z</time>
      </trkpt>
      <trkpt lat="42.681181021034718" lon="0.024194028228521">
        <ele>3031.800048828125</ele>
        <time>1989-12-31T00:19:23Z</time>
      </trkpt>
      <trkpt lat="42.681151013821363" lon="0.024565011262894">
        <ele>3015.800048828125</ele>
        <time>1989-12-31T00:19:29Z</time>
      </trkpt>
      <trkpt lat="42.681209016591311" lon="0.024800961837173">
        <ele>3007.39990234375</ele>
        <time>1989-12-31T00:19:33Z</time>
      </trkpt>
      <trkpt lat="42.681081024929881" lon="0.025002965703607">
        <ele>3000.199951171875</ele>
        <time>1989-12-31T00:19:37Z</time>
      </trkpt>
      <trkpt lat="42.680958984419703" lon="0.025493977591395">
        <ele>2987.199951171875</ele>
        <time>1989-12-31T00:19:45Z</time>
      </trkpt>
      <trkpt lat="42.680618008598685" lon="0.026435013860464">
        <ele>2986.39990234375</ele>
        <time>1989-12-31T00:20:01Z</time>
      </trkpt>
      <trkpt lat="42.680416004732251" lon="0.02689803019166">
        <ele>2992.60009765625</ele>
        <time>1989-12-31T00:20:09Z</time>
      </trkpt>
      <trkpt lat="42.680367976427078" lon="0.026883026584983">
        <ele>2991.800048828125</ele>
        <time>1989-12-31T00:20:10Z</time>
      </trkpt>
      <trkpt lat="42.680246019735932" lon="0.026845978572965">
        <ele>2986.199951171875</ele>
        <time>1989-12-31T00:20:13Z</time>
      </trkpt>
      <trkpt lat="42.68015599809587" lon="0.026880009099841">
        <ele>2985</ele>
        <time>1989-12-31T00:20:15Z</time>
      </trkpt>
      <trkpt lat="42.68017896451056" lon="0.026768026873469">
        <ele>2977.199951171875</ele>
        <time>1989-12-31T00:20:16Z</time>
      </trkpt>
      <trkpt lat="42.679937984794378" lon="0.026736008003354">
        <ele>2969</ele>
        <time>1989-12-31T00:20:21Z</time>
      </trkpt>
      <trkpt lat="42.679845029488206" lon="0.026780012995005">
        <ele>2968.800048828125</ele>
        <time>1989-12-31T00:20:24Z</time>
      </trkpt>
      <trkpt lat="42.679756013676524" lon="0.026740031316876">
        <ele>2967.39990234375</ele>
        <time>1989-12-31T00:20:25Z</time>
      </trkpt>
      <trkpt lat="42.679583011195064" lon="0.026776995509863">
        <ele>2967</ele>
        <time>1989-12-31T00:20:29Z</time>
      </trkpt>
      <trkpt lat="42.679434986785054" lon="0.026761991903186">
        <ele>2962.39990234375</ele>
        <time>1989-12-31T00:20:32Z</time>
      </trkpt>
      <trkpt lat="42.679280005395412" lon="0.026764003559947">
        <ele>2958</ele>
        <time>1989-12-31T00:20:35Z</time>
      </trkpt>
      <trkpt lat="42.679218985140324" lon="0.026784958317876">
        <ele>2956.800048828125</ele>
        <time>1989-12-31T00:20:37Z</time>
      </trkpt>
      <trkpt lat="42.678828975185752" lon="0.026815971359611">
        <ele>2946.199951171875</ele>
        <time>1989-12-31T00:20:45Z</time>
      </trkpt>
      <trkpt lat="42.678857976570725" lon="0.026672976091504">
        <ele>2941.60009765625</ele>
        <time>1989-12-31T00:20:47Z</time>
      </trkpt>
      <trkpt lat="42.678536027669907" lon="0.026561999693513">
        <ele>2931.199951171875</ele>
        <time>1989-12-31T00:20:54Z</time>
      </trkpt>
      <trkpt lat="42.678222041577101" lon="0.026370976120234">
        <ele>2917.800048828125</ele>
        <time>1989-12-31T00:21:01Z</time>
      </trkpt>
      <trkpt lat="42.678209971636534" lon="0.026340968906879">
        <ele>2916.39990234375</ele>
        <time>1989-12-31T00:21:02Z</time>
      </trkpt>
      <trkpt lat="42.678121961653233" lon="0.026352033019066">
        <ele>2914.199951171875</ele>
        <time>1989-12-31T00:21:03Z</time>
      </trkpt>
      <trkpt lat="42.677948959171772" lon="0.026239966973662">
        <ele>2904.60009765625</ele>
        <time>1989-12-31T00:21:07Z</time>
      </trkpt>
      <trkpt lat="42.6778369769454" lon="0.026258993893862">
        <ele>2901.800048828125</ele>
        <time>1989-12-31T00:21:10Z</time>
      </trkpt>
      <trkpt lat="42.677687024697661" lon="0.026367958635092">
        <ele>2905</ele>
        <time>1989-12-31T00:21:13Z</time>
      </trkpt>
      <trkpt lat="42.677602032199502" lon="0.026382962241769">
        <ele>2905.60009765625</ele>
        <time>1989-12-31T00:21:15Z</time>
      </trkpt>
      <trkpt lat="42.677558027207851" lon="0.02629897557199">
        <ele>2900.199951171875</ele>
        <time>1989-12-31T00:21:17Z</time>
      </trkpt>
      <trkpt lat="42.677483009174466" lon="0.026093032211065">
        <ele>2893.60009765625</ele>
        <time>1989-12-31T00:21:20Z</time>
      </trkpt>
      <trkpt lat="42.677484015002847" lon="0.026037963107228">
        <ele>2892.199951171875</ele>
        <time>1989-12-31T00:21:21Z</time>
      </trkpt>
      <trkpt lat="42.67751301638782" lon="0.025962023064494">
        <ele>2890.199951171875</ele>
        <time>1989-12-31T00:21:22Z</time>
      </trkpt>
      <trkpt lat="42.677493989467621" lon="0.025872001424432">
        <ele>2888.39990234375</ele>
        <time>1989-12-31T00:21:24Z</time>
      </trkpt>
      <trkpt lat="42.677544029429555" lon="0.025783991441131">
        <ele>2886</ele>
        <time>1989-12-31T00:21:25Z</time>
      </trkpt>
      <trkpt lat="42.677559033036232" lon="0.025671003386378">
        <ele>2883</ele>
        <time>1989-12-31T00:21:27Z</time>
      </trkpt>
      <trkpt lat="42.677457025274634" lon="0.025564972311258">
        <ele>2879.800048828125</ele>
        <time>1989-12-31T00:21:30Z</time>
      </trkpt>
      <trkpt lat="42.677468005567789" lon="0.025331033393741">
        <ele>2875.60009765625</ele>
        <time>1989-12-31T00:21:33Z</time>
      </trkpt>
      <trkpt lat="42.67742701806128" lon="0.025312006473541">
        <ele>2875.800048828125</ele>
        <time>1989-12-31T00:21:34Z</time>
      </trkpt>
      <trkpt lat="42.677450990304351" lon="0.025017969310284">
        <ele>2869</ele>
        <time>1989-12-31T00:21:39Z</time>
      </trkpt>
      <trkpt lat="42.677500024437904" lon="0.024852007627487">
        <ele>2864.60009765625</ele>
        <time>1989-12-31T00:21:42Z</time>
      </trkpt>
      <trkpt lat="42.677486026659608" lon="0.024743964895606">
        <ele>2862</ele>
        <time>1989-12-31T00:21:43Z</time>
      </trkpt>
      <trkpt lat="42.677528019994497" lon="0.024640029296279">
        <ele>2860</ele>
        <time>1989-12-31T00:21:45Z</time>
      </trkpt>
      <trkpt lat="42.677516033872962" lon="0.02445001155138">
        <ele>2854.39990234375</ele>
        <time>1989-12-31T00:21:48Z</time>
      </trkpt>
      <trkpt lat="42.677375972270966" lon="0.023980960249901">
        <ele>2843.199951171875</ele>
        <time>1989-12-31T00:21:56Z</time>
      </trkpt>
      <trkpt lat="42.677354011684656" lon="0.023865960538387">
        <ele>2842</ele>
        <time>1989-12-31T00:21:58Z</time>
      </trkpt>
      <trkpt lat="42.677279999479651" lon="0.023822039365768">
        <ele>2839</ele>
        <time>1989-12-31T00:21:59Z</time>
      </trkpt>
      <trkpt lat="42.677164999768138" lon="0.023822961375117">
        <ele>2835.39990234375</ele>
        <time>1989-12-31T00:22:02Z</time>
      </trkpt>
      <trkpt lat="42.677116971462965" lon="0.024011973291636">
        <ele>2832</ele>
        <time>1989-12-31T00:22:05Z</time>
      </trkpt>
      <trkpt lat="42.677038013935089" lon="0.024121021851897">
        <ele>2830.60009765625</ele>
        <time>1989-12-31T00:22:07Z</time>
      </trkpt>
      <trkpt lat="42.676957966759801" lon="0.024199979379773">
        <ele>2827.39990234375</ele>
        <time>1989-12-31T00:22:09Z</time>
      </trkpt>
      <trkpt lat="42.676851013675332" lon="0.024255970492959">
        <ele>2824</ele>
        <time>1989-12-31T00:22:11Z</time>
      </trkpt>
      <trkpt lat="42.67678395844996" lon="0.024272985756397">
        <ele>2821.39990234375</ele>
        <time>1989-12-31T00:22:13Z</time>
      </trkpt>
      <trkpt lat="42.676714975386858" lon="0.024311039596796">
        <ele>2819.39990234375</ele>
        <time>1989-12-31T00:22:14Z</time>
      </trkpt>
      <trkpt lat="42.676620008423924" lon="0.024336017668247">
        <ele>2814</ele>
        <time>1989-12-31T00:22:16Z</time>
      </trkpt>
      <trkpt lat="42.676453040912747" lon="0.024545984342694">
        <ele>2814</ele>
        <time>1989-12-31T00:22:21Z</time>
      </trkpt>
      <trkpt lat="42.676455974578857" lon="0.024469960480928">
        <ele>2809.199951171875</ele>
        <time>1989-12-31T00:22:22Z</time>
      </trkpt>
      <trkpt lat="42.676372993737459" lon="0.024437019601464">
        <ele>2799.800048828125</ele>
        <time>1989-12-31T00:22:24Z</time>
      </trkpt>
      <trkpt lat="42.676380034536123" lon="0.024391002953053">
        <ele>2798.39990234375</ele>
        <time>1989-12-31T00:22:25Z</time>
      </trkpt>
      <trkpt lat="42.676098989322782" lon="0.024499967694283">
        <ele>2785</ele>
        <time>1989-12-31T00:22:31Z</time>
      </trkpt>
      <trkpt lat="42.676108041778207" lon="0.024379016831517">
        <ele>2782.39990234375</ele>
        <time>1989-12-31T00:22:33Z</time>
      </trkpt>
      <trkpt lat="42.675896985456347" lon="0.024521006271243">
        <ele>2773.199951171875</ele>
        <time>1989-12-31T00:22:38Z</time>
      </trkpt>
      <trkpt lat="42.675561960786581" lon="0.024627959355712">
        <ele>2760.800048828125</ele>
        <time>1989-12-31T00:22:45Z</time>
      </trkpt>
      <trkpt lat="42.675504963845015" lon="0.024613039568067">
        <ele>2758.800048828125</ele>
        <time>1989-12-31T00:22:46Z</time>
      </trkpt>
      <trkpt lat="42.675449978560209" lon="0.024570040404797">
        <ele>2756.39990234375</ele>
        <time>1989-12-31T00:22:47Z</time>
      </trkpt>
      <trkpt lat="42.675344031304121" lon="0.02457800321281">
        <ele>2753.39990234375</ele>
        <time>1989-12-31T00:22:49Z</time>
      </trkpt>
      <trkpt lat="42.675230037420988" lon="0.02464103512466">
        <ele>2750.199951171875</ele>
        <time>1989-12-31T00:22:52Z</time>
      </trkpt>
      <trkpt lat="42.675080001354218" lon="0.024790987372398">
        <ele>2749.39990234375</ele>
        <time>1989-12-31T00:22:56Z</time>
      </trkpt>
      <trkpt lat="42.674930971115828" lon="0.024777995422482">
        <ele>2746.39990234375</ele>
        <time>1989-12-31T00:22:59Z</time>
      </trkpt>
      <trkpt lat="42.674861988052726" lon="0.024823006242514">
        <ele>2745.39990234375</ele>
        <time>1989-12-31T00:23:01Z</time>
      </trkpt>
      <trkpt lat="42.674781018868089" lon="0.024774977937341">
        <ele>2742.60009765625</ele>
        <time>1989-12-31T00:23:02Z</time>
      </trkpt>
      <trkpt lat="42.674735002219677" lon="0.024833986535668">
        <ele>2742.199951171875</ele>
        <time>1989-12-31T00:23:04Z</time>
      </trkpt>
      <trkpt lat="42.674608016386628" lon="0.02477103844285">
        <ele>2738.39990234375</ele>
        <time>1989-12-31T00:23:07Z</time>
      </trkpt>
      <trkpt lat="42.674413975328207" lon="0.024726027622819">
        <ele>2735.800048828125</ele>
        <time>1989-12-31T00:23:11Z</time>
      </trkpt>
      <trkpt lat="42.674316996708512" lon="0.024758968502283">
        <ele>2735.39990234375</ele>
        <time>1989-12-31T00:23:13Z</time>
      </trkpt>
      <trkpt lat="42.674180958420038" lon="0.024705994874239">
        <ele>2734.800048828125</ele>
        <time>1989-12-31T00:23:16Z</time>
      </trkpt>
      <trkpt lat="42.673912988975644" lon="0.024740025401115">
        <ele>2731</ele>
        <time>1989-12-31T00:23:21Z</time>
      </trkpt>
      <trkpt lat="42.673891028389335" lon="0.024734996259212">
        <ele>2730.60009765625</ele>
        <time>1989-12-31T00:23:22Z</time>
      </trkpt>
      <trkpt lat="42.673770999535918" lon="0.024709012359381">
        <ele>2725.60009765625</ele>
        <time>1989-12-31T00:23:24Z</time>
      </trkpt>
      <trkpt lat="42.673633033409715" lon="0.024737007915974">
        <ele>2720.199951171875</ele>
        <time>1989-12-31T00:23:27Z</time>
      </trkpt>
      <trkpt lat="42.673617023974657" lon="0.024631982669234">
        <ele>2717.800048828125</ele>
        <time>1989-12-31T00:23:29Z</time>
      </trkpt>
      <trkpt lat="42.673558015376329" lon="0.024584960192442">
        <ele>2716.60009765625</ele>
        <time>1989-12-31T00:23:30Z</time>
      </trkpt>
      <trkpt lat="42.673314018175006" lon="0.024619996547699">
        <ele>2715.39990234375</ele>
        <time>1989-12-31T00:23:36Z</time>
      </trkpt>
      <trkpt lat="42.673187032341957" lon="0.024528969079256">
        <ele>2712.800048828125</ele>
        <time>1989-12-31T00:23:39Z</time>
      </trkpt>
      <trkpt lat="42.673059962689877" lon="0.024524023756385">
        <ele>2712.39990234375</ele>
        <time>1989-12-31T00:23:41Z</time>
      </trkpt>
      <trkpt lat="42.672967007383704" lon="0.02464103512466">
        <ele>2713.39990234375</ele>
        <time>1989-12-31T00:23:44Z</time>
      </trkpt>
      <trkpt lat="42.67289400100708" lon="0.024661989882588">
        <ele>2712.39990234375</ele>
        <time>1989-12-31T00:23:45Z</time>
      </trkpt>
      <trkpt lat="42.672783024609089" lon="0.024597030133009">
        <ele>2710</ele>
        <time>1989-12-31T00:23:48Z</time>
      </trkpt>
      <trkpt lat="42.672595018520951" lon="0.024455962702632">
        <ele>2704.39990234375</ele>
        <time>1989-12-31T00:23:52Z</time>
      </trkpt>
      <trkpt lat="42.672504996880889" lon="0.024398965761065">
        <ele>2701.60009765625</ele>
        <time>1989-12-31T00:23:54Z</time>
      </trkpt>
      <trkpt lat="42.672338029369712" lon="0.024381028488278">
        <ele>2698.60009765625</ele>
        <time>1989-12-31T00:23:58Z</time>
      </trkpt>
      <trkpt lat="42.672218000516295" lon="0.024383962154388">
        <ele>2696.800048828125</ele>
        <time>1989-12-31T00:24:00Z</time>
      </trkpt>
      <trkpt lat="42.672041980549693" lon="0.02434398047626">
        <ele>2692.800048828125</ele>
        <time>1989-12-31T00:24:04Z</time>
      </trkpt>
      <trkpt lat="42.671908959746361" lon="0.024394020438194">
        <ele>2691.39990234375</ele>
        <time>1989-12-31T00:24:07Z</time>
      </trkpt>
      <trkpt lat="42.671851962804794" lon="0.024402989074588">
        <ele>2690.800048828125</ele>
        <time>1989-12-31T00:24:08Z</time>
      </trkpt>
      <trkpt lat="42.671790020540357" lon="0.024382034316659">
        <ele>2689.39990234375</ele>
        <time>1989-12-31T00:24:09Z</time>
      </trkpt>
      <trkpt lat="42.671602014452219" lon="0.024393014609814">
        <ele>2682.800048828125</ele>
        <time>1989-12-31T00:24:13Z</time>
      </trkpt>
      <trkpt lat="42.67147796228528" lon="0.02459904178977">
        <ele>2677</ele>
        <time>1989-12-31T00:24:17Z</time>
      </trkpt>
      <trkpt lat="42.671382995322347" lon="0.024615973234177">
        <ele>2674.39990234375</ele>
        <time>1989-12-31T00:24:19Z</time>
      </trkpt>
      <trkpt lat="42.671258021146059" lon="0.024670958518982">
        <ele>2673</ele>
        <time>1989-12-31T00:24:22Z</time>
      </trkpt>
      <trkpt lat="42.67113296315074" lon="0.024697026237845">
        <ele>2674.199951171875</ele>
        <time>1989-12-31T00:24:25Z</time>
      </trkpt>
      <trkpt lat="42.671077977865934" lon="0.024629971012473">
        <ele>2672</ele>
        <time>1989-12-31T00:24:26Z</time>
      </trkpt>
      <trkpt lat="42.671000026166439" lon="0.024574985727668">
        <ele>2670.199951171875</ele>
        <time>1989-12-31T00:24:28Z</time>
      </trkpt>
      <trkpt lat="42.670941017568111" lon="0.024502985179424">
        <ele>2668.800048828125</ele>
        <time>1989-12-31T00:24:30Z</time>
      </trkpt>
      <trkpt lat="42.670902041718364" lon="0.024437019601464">
        <ele>2667.60009765625</ele>
        <time>1989-12-31T00:24:31Z</time>
      </trkpt>
      <trkpt lat="42.670781007036567" lon="0.024372981861234">
        <ele>2667.60009765625</ele>
        <time>1989-12-31T00:24:34Z</time>
      </trkpt>
      <trkpt lat="42.67085300758481" lon="0.02427700906992">
        <ele>2661.800048828125</ele>
        <time>1989-12-31T00:24:36Z</time>
      </trkpt>
      <trkpt lat="42.670719986781478" lon="0.0241709779948">
        <ele>2657.60009765625</ele>
        <time>1989-12-31T00:24:39Z</time>
      </trkpt>
      <trkpt lat="42.670625019818544" lon="0.024069976061583">
        <ele>2653</ele>
        <time>1989-12-31T00:24:42Z</time>
      </trkpt>
      <trkpt lat="42.670500967651606" lon="0.024069976061583">
        <ele>2655.39990234375</ele>
        <time>1989-12-31T00:24:44Z</time>
      </trkpt>
      <trkpt lat="42.670448999851942" lon="0.024038041010499">
        <ele>2655.60009765625</ele>
        <time>1989-12-31T00:24:45Z</time>
      </trkpt>
      <trkpt lat="42.670474983751774" lon="0.024010967463255">
        <ele>2652.199951171875</ele>
        <time>1989-12-31T00:24:46Z</time>
      </trkpt>
      <trkpt lat="42.670554025098681" lon="0.023948019370437">
        <ele>2644.39990234375</ele>
        <time>1989-12-31T00:24:48Z</time>
      </trkpt>
      <trkpt lat="42.670523012056947" lon="0.023894961923361">
        <ele>2640</ele>
        <time>1989-12-31T00:24:49Z</time>
      </trkpt>
      <trkpt lat="42.670413041487336" lon="0.02384701743722">
        <ele>2638</ele>
        <time>1989-12-31T00:24:51Z</time>
      </trkpt>
      <trkpt lat="42.670364007353783" lon="0.023846011608839">
        <ele>2641.800048828125</ele>
        <time>1989-12-31T00:24:52Z</time>
      </trkpt>
      <trkpt lat="42.670292006805539" lon="0.023777028545737">
        <ele>2636.60009765625</ele>
        <time>1989-12-31T00:24:54Z</time>
      </trkpt>
      <trkpt lat="42.670182036235929" lon="0.023716008290648">
        <ele>2632.199951171875</ele>
        <time>1989-12-31T00:24:57Z</time>
      </trkpt>
      <trkpt lat="42.669959999620914" lon="0.023630009964108">
        <ele>2612</ele>
        <time>1989-12-31T00:25:02Z</time>
      </trkpt>
      <trkpt lat="42.669865032657981" lon="0.02367896027863">
        <ele>2607.60009765625</ele>
        <time>1989-12-31T00:25:04Z</time>
      </trkpt>
      <trkpt lat="42.669802000746131" lon="0.023634033277631">
        <ele>2599</ele>
        <time>1989-12-31T00:25:05Z</time>
      </trkpt>
      <trkpt lat="42.669650036841631" lon="0.023571001365781">
        <ele>2590</ele>
        <time>1989-12-31T00:25:08Z</time>
      </trkpt>
      <trkpt lat="42.66965095885098" lon="0.023517021909356">
        <ele>2587.60009765625</ele>
        <time>1989-12-31T00:25:10Z</time>
      </trkpt>
      <trkpt lat="42.669636961072683" lon="0.023477040231228">
        <ele>2585.60009765625</ele>
        <time>1989-12-31T00:25:11Z</time>
      </trkpt>
      <trkpt lat="42.669540988281369" lon="0.02346103079617">
        <ele>2582.199951171875</ele>
        <time>1989-12-31T00:25:13Z</time>
      </trkpt>
      <trkpt lat="42.669325992465019" lon="0.023366985842586">
        <ele>2572.199951171875</ele>
        <time>1989-12-31T00:25:18Z</time>
      </trkpt>
      <trkpt lat="42.669102028012276" lon="0.02324603497982">
        <ele>2565.199951171875</ele>
        <time>1989-12-31T00:25:23Z</time>
      </trkpt>
      <trkpt lat="42.669063974171877" lon="0.02320303581655">
        <ele>2563.800048828125</ele>
        <time>1989-12-31T00:25:24Z</time>
      </trkpt>
      <trkpt lat="42.668976970016956" lon="0.023156013339758">
        <ele>2560.60009765625</ele>
        <time>1989-12-31T00:25:26Z</time>
      </trkpt>
      <trkpt lat="42.668894995003939" lon="0.023146960884333">
        <ele>2559.39990234375</ele>
        <time>1989-12-31T00:25:28Z</time>
      </trkpt>
      <trkpt lat="42.668902035802603" lon="0.023083006963134">
        <ele>2557.60009765625</ele>
        <time>1989-12-31T00:25:29Z</time>
      </trkpt>
      <trkpt lat="42.668856019154191" lon="0.023084012791514">
        <ele>2557.39990234375</ele>
        <time>1989-12-31T00:25:30Z</time>
      </trkpt>
      <trkpt lat="42.668734984472394" lon="0.022957026958466">
        <ele>2553</ele>
        <time>1989-12-31T00:25:33Z</time>
      </trkpt>
      <trkpt lat="42.66868301667273" lon="0.022867005318403">
        <ele>2550.199951171875</ele>
        <time>1989-12-31T00:25:35Z</time>
      </trkpt>
      <trkpt lat="42.668580003082752" lon="0.022762985900044">
        <ele>2546.39990234375</ele>
        <time>1989-12-31T00:25:37Z</time>
      </trkpt>
      <trkpt lat="42.668590983375907" lon="0.022630970925093">
        <ele>2542.60009765625</ele>
        <time>1989-12-31T00:25:39Z</time>
      </trkpt>
      <trkpt lat="42.668530968949199" lon="0.022573973983526">
        <ele>2539.800048828125</ele>
        <time>1989-12-31T00:25:41Z</time>
      </trkpt>
      <trkpt lat="42.668434996157885" lon="0.022700037807226">
        <ele>2541.60009765625</ele>
        <time>1989-12-31T00:25:44Z</time>
      </trkpt>
      <trkpt lat="42.668374981731176" lon="0.022713029757142">
        <ele>2541</ele>
        <time>1989-12-31T00:25:45Z</time>
      </trkpt>
      <trkpt lat="42.668308010324836" lon="0.022695008665323">
        <ele>2539.199951171875</ele>
        <time>1989-12-31T00:25:46Z</time>
      </trkpt>
      <trkpt lat="42.668240033090115" lon="0.022626025602221">
        <ele>2535.60009765625</ele>
        <time>1989-12-31T00:25:48Z</time>
      </trkpt>
      <trkpt lat="42.668144982308149" lon="0.02264698036015">
        <ele>2535.60009765625</ele>
        <time>1989-12-31T00:25:50Z</time>
      </trkpt>
      <trkpt lat="42.668074993416667" lon="0.02260398119688">
        <ele>2534.199951171875</ele>
        <time>1989-12-31T00:25:52Z</time>
      </trkpt>
      <trkpt lat="42.667947001755238" lon="0.022582020610571">
        <ele>2533</ele>
        <time>1989-12-31T00:25:54Z</time>
      </trkpt>
      <trkpt lat="42.667764024809003" lon="0.022511025890708">
        <ele>2529.60009765625</ele>
        <time>1989-12-31T00:25:58Z</time>
      </trkpt>
      <trkpt lat="42.667663022875786" lon="0.022446988150477">
        <ele>2528.199951171875</ele>
        <time>1989-12-31T00:26:00Z</time>
      </trkpt>
      <trkpt lat="42.667464958503842" lon="0.022191004827619">
        <ele>2522</ele>
        <time>1989-12-31T00:26:06Z</time>
      </trkpt>
      <trkpt lat="42.667354987934232" lon="0.022068964317441">
        <ele>2518.199951171875</ele>
        <time>1989-12-31T00:26:09Z</time>
      </trkpt>
      <trkpt lat="42.667258009314537" lon="0.022004004567862">
        <ele>2514.60009765625</ele>
        <time>1989-12-31T00:26:11Z</time>
      </trkpt>
      <trkpt lat="42.667137980461121" lon="0.022015990689397">
        <ele>2514</ele>
        <time>1989-12-31T00:26:14Z</time>
      </trkpt>
      <trkpt lat="42.666995991021395" lon="0.021947007626295">
        <ele>2510.60009765625</ele>
        <time>1989-12-31T00:26:17Z</time>
      </trkpt>
      <trkpt lat="42.666817959398031" lon="0.021711979061365">
        <ele>2500.39990234375</ele>
        <time>1989-12-31T00:26:22Z</time>
      </trkpt>
      <trkpt lat="42.666777977719903" lon="0.02169999293983">
        <ele>2499.199951171875</ele>
        <time>1989-12-31T00:26:23Z</time>
      </trkpt>
      <trkpt lat="42.666769009083509" lon="0.021648025140166">
        <ele>2496.60009765625</ele>
        <time>1989-12-31T00:26:24Z</time>
      </trkpt>
      <trkpt lat="42.666739001870155" lon="0.021610977128148">
        <ele>2494.199951171875</ele>
        <time>1989-12-31T00:26:25Z</time>
      </trkpt>
      <trkpt lat="42.666688039898872" lon="0.021621035411954">
        <ele>2492.60009765625</ele>
        <time>1989-12-31T00:26:26Z</time>
      </trkpt>
      <trkpt lat="42.666648980230093" lon="0.021601002663374">
        <ele>2490.199951171875</ele>
        <time>1989-12-31T00:26:27Z</time>
      </trkpt>
      <trkpt lat="42.666595000773668" lon="0.021502012386918">
        <ele>2482.800048828125</ele>
        <time>1989-12-31T00:26:28Z</time>
      </trkpt>
      <trkpt lat="42.666548984125257" lon="0.021522967144847">
        <ele>2480.800048828125</ele>
        <time>1989-12-31T00:26:29Z</time>
      </trkpt>
      <trkpt lat="42.666528029367328" lon="0.021553980186582">
        <ele>2480.800048828125</ele>
        <time>1989-12-31T00:26:30Z</time>
      </trkpt>
      <trkpt lat="42.666486036032438" lon="0.021568983793259">
        <ele>2479.199951171875</ele>
        <time>1989-12-31T00:26:31Z</time>
      </trkpt>
      <trkpt lat="42.666358966380358" lon="0.02157099545002">
        <ele>2473.60009765625</ele>
        <time>1989-12-31T00:26:34Z</time>
      </trkpt>
      <trkpt lat="42.666208008304238" lon="0.021553980186582">
        <ele>2467.60009765625</ele>
        <time>1989-12-31T00:26:37Z</time>
      </trkpt>
      <trkpt lat="42.666165009140968" lon="0.021579964086413">
        <ele>2467</ele>
        <time>1989-12-31T00:26:38Z</time>
      </trkpt>
      <trkpt lat="42.666050009429455" lon="0.021595973521471">
        <ele>2463</ele>
        <time>1989-12-31T00:26:40Z</time>
      </trkpt>
      <trkpt lat="42.665893016383052" lon="0.021649030968547">
        <ele>2458.199951171875</ele>
        <time>1989-12-31T00:26:44Z</time>
      </trkpt>
      <trkpt lat="42.66582302749157" lon="0.021630004048347">
        <ele>2454.60009765625</ele>
        <time>1989-12-31T00:26:45Z</time>
      </trkpt>
      <trkpt lat="42.665748009458184" lon="0.021632015705109">
        <ele>2451.800048828125</ele>
        <time>1989-12-31T00:26:47Z</time>
      </trkpt>
      <trkpt lat="42.665699981153011" lon="0.021676020696759">
        <ele>2451.199951171875</ele>
        <time>1989-12-31T00:26:48Z</time>
      </trkpt>
      <trkpt lat="42.665580958127975" lon="0.021682977676392">
        <ele>2447</ele>
        <time>1989-12-31T00:26:50Z</time>
      </trkpt>
      <trkpt lat="42.665511975064874" lon="0.021641990169883">
        <ele>2443.199951171875</ele>
        <time>1989-12-31T00:26:52Z</time>
      </trkpt>
      <trkpt lat="42.665470987558365" lon="0.021649030968547">
        <ele>2441.800048828125</ele>
        <time>1989-12-31T00:26:53Z</time>
      </trkpt>
      <trkpt lat="42.665302008390427" lon="0.021727988496423">
        <ele>2436.60009765625</ele>
        <time>1989-12-31T00:26:56Z</time>
      </trkpt>
      <trkpt lat="42.665273007005453" lon="0.021687000989914">
        <ele>2434.800048828125</ele>
        <time>1989-12-31T00:26:57Z</time>
      </trkpt>
      <trkpt lat="42.665176028385758" lon="0.021690018475056">
        <ele>2432.39990234375</ele>
        <time>1989-12-31T00:26:59Z</time>
      </trkpt>
      <trkpt lat="42.665114002302289" lon="0.021649030968547">
        <ele>2430</ele>
        <time>1989-12-31T00:27:01Z</time>
      </trkpt>
      <trkpt lat="42.665048036724329" lon="0.02165799960494">
        <ele>2428.800048828125</ele>
        <time>1989-12-31T00:27:02Z</time>
      </trkpt>
      <trkpt lat="42.664996990934014" lon="0.021712984889746">
        <ele>2428.800048828125</ele>
        <time>1989-12-31T00:27:03Z</time>
      </trkpt>
      <trkpt lat="42.664820970967412" lon="0.02172103151679">
        <ele>2424</ele>
        <time>1989-12-31T00:27:07Z</time>
      </trkpt>
      <trkpt lat="42.664736984297633" lon="0.021749027073383">
        <ele>2422.199951171875</ele>
        <time>1989-12-31T00:27:09Z</time>
      </trkpt>
      <trkpt lat="42.664713012054563" lon="0.021772999316454">
        <ele>2422.199951171875</ele>
        <time>1989-12-31T00:27:10Z</time>
      </trkpt>
      <trkpt lat="42.664588037878275" lon="0.021851034834981">
        <ele>2420.39990234375</ele>
        <time>1989-12-31T00:27:12Z</time>
      </trkpt>
      <trkpt lat="42.664553001523018" lon="0.021882969886065">
        <ele>2420.199951171875</ele>
        <time>1989-12-31T00:27:13Z</time>
      </trkpt>
      <trkpt lat="42.66449399292469" lon="0.021796971559525">
        <ele>2415.39990234375</ele>
        <time>1989-12-31T00:27:15Z</time>
      </trkpt>
      <trkpt lat="42.664460968226194" lon="0.021791020408273">
        <ele>2414</ele>
        <time>1989-12-31T00:27:16Z</time>
      </trkpt>
      <trkpt lat="42.664457028731704" lon="0.021708039566875">
        <ele>2411.199951171875</ele>
        <time>1989-12-31T00:27:17Z</time>
      </trkpt>
      <trkpt lat="42.664411012083292" lon="0.021708039566875">
        <ele>2409.60009765625</ele>
        <time>1989-12-31T00:27:18Z</time>
      </trkpt>
      <trkpt lat="42.664402965456247" lon="0.02163796685636">
        <ele>2407.39990234375</ele>
        <time>1989-12-31T00:27:19Z</time>
      </trkpt>
      <trkpt lat="42.664447976276278" lon="0.021513998508453">
        <ele>2405</ele>
        <time>1989-12-31T00:27:21Z</time>
      </trkpt>
      <trkpt lat="42.664424004033208" lon="0.021487008780241">
        <ele>2403.60009765625</ele>
        <time>1989-12-31T00:27:22Z</time>
      </trkpt>
      <trkpt lat="42.664329959079623" lon="0.02146597020328">
        <ele>2399.39990234375</ele>
        <time>1989-12-31T00:27:24Z</time>
      </trkpt>
      <trkpt lat="42.664331970736384" lon="0.021428000181913">
        <ele>2398.39990234375</ele>
        <time>1989-12-31T00:27:25Z</time>
      </trkpt>
      <trkpt lat="42.664371030405164" lon="0.021353987976909">
        <ele>2398</ele>
        <time>1989-12-31T00:27:26Z</time>
      </trkpt>
      <trkpt lat="42.664378993213177" lon="0.021305959671736">
        <ele>2396.800048828125</ele>
        <time>1989-12-31T00:27:27Z</time>
      </trkpt>
      <trkpt lat="42.664333982393146" lon="0.021305037662387">
        <ele>2395</ele>
        <time>1989-12-31T00:27:28Z</time>
      </trkpt>
      <trkpt lat="42.66429802402854" lon="0.021274024620652">
        <ele>2392.800048828125</ele>
        <time>1989-12-31T00:27:29Z</time>
      </trkpt>
      <trkpt lat="42.664310010150075" lon="0.021191965788603">
        <ele>2391</ele>
        <time>1989-12-31T00:27:30Z</time>
      </trkpt>
      <trkpt lat="42.664198027923703" lon="0.021198000758886">
        <ele>2386.60009765625</ele>
        <time>1989-12-31T00:27:32Z</time>
      </trkpt>
      <trkpt lat="42.664204984903336" lon="0.020989961922169">
        <ele>2382.60009765625</ele>
        <time>1989-12-31T00:27:36Z</time>
      </trkpt>
      <trkpt lat="42.664114963263273" lon="0.020977975800633">
        <ele>2379.199951171875</ele>
        <time>1989-12-31T00:27:38Z</time>
      </trkpt>
      <trkpt lat="42.664153017103672" lon="0.020917039364576">
        <ele>2379.800048828125</ele>
        <time>1989-12-31T00:27:39Z</time>
      </trkpt>
      <trkpt lat="42.66412996686995" lon="0.020829029381275">
        <ele>2377.800048828125</ele>
        <time>1989-12-31T00:27:40Z</time>
      </trkpt>
      <trkpt lat="42.664057966321707" lon="0.020816959440708">
        <ele>2375.199951171875</ele>
        <time>1989-12-31T00:27:42Z</time>
      </trkpt>
      <trkpt lat="42.664065007120371" lon="0.020738001912832">
        <ele>2374.60009765625</ele>
        <time>1989-12-31T00:27:43Z</time>
      </trkpt>
      <trkpt lat="42.664024019613862" lon="0.020713023841381">
        <ele>2373.199951171875</ele>
        <time>1989-12-31T00:27:44Z</time>
      </trkpt>
      <trkpt lat="42.664055032655597" lon="0.020643034949899">
        <ele>2373</ele>
        <time>1989-12-31T00:27:45Z</time>
      </trkpt>
      <trkpt lat="42.664069030433893" lon="0.020590983331203">
        <ele>2372.39990234375</ele>
        <time>1989-12-31T00:27:46Z</time>
      </trkpt>
      <trkpt lat="42.664068024605513" lon="0.020530968904495">
        <ele>2370.199951171875</ele>
        <time>1989-12-31T00:27:47Z</time>
      </trkpt>
      <trkpt lat="42.664028964936733" lon="0.020529041066766">
        <ele>2369.199951171875</ele>
        <time>1989-12-31T00:27:48Z</time>
      </trkpt>
      <trkpt lat="42.66391103155911" lon="0.020458968356252">
        <ele>2361.60009765625</ele>
        <time>1989-12-31T00:27:50Z</time>
      </trkpt>
      <trkpt lat="42.663994012400508" lon="0.020305998623371">
        <ele>2360.199951171875</ele>
        <time>1989-12-31T00:27:53Z</time>
      </trkpt>
      <trkpt lat="42.664025025442243" lon="0.019971979781985">
        <ele>2355</ele>
        <time>1989-12-31T00:27:58Z</time>
      </trkpt>
      <trkpt lat="42.66397800296545" lon="0.019798977300525">
        <ele>2352</ele>
        <time>1989-12-31T00:28:01Z</time>
      </trkpt>
      <trkpt lat="42.663937015458941" lon="0.019735023379326">
        <ele>2350.39990234375</ele>
        <time>1989-12-31T00:28:03Z</time>
      </trkpt>
      <trkpt lat="42.663863003253937" lon="0.019801994785666">
        <ele>2349.199951171875</ele>
        <time>1989-12-31T00:28:04Z</time>
      </trkpt>
      <trkpt lat="42.663846993818879" lon="0.019508963450789">
        <ele>2346.60009765625</ele>
        <time>1989-12-31T00:28:09Z</time>
      </trkpt>
      <trkpt lat="42.663852022960782" lon="0.019233031198382">
        <ele>2344</ele>
        <time>1989-12-31T00:28:13Z</time>
      </trkpt>
      <trkpt lat="42.663798965513706" lon="0.019119037315249">
        <ele>2341</ele>
        <time>1989-12-31T00:28:15Z</time>
      </trkpt>
      <trkpt lat="42.663708021864295" lon="0.019144015386701">
        <ele>2337.39990234375</ele>
        <time>1989-12-31T00:28:17Z</time>
      </trkpt>
      <trkpt lat="42.663601990789175" lon="0.019071009010077">
        <ele>2328.199951171875</ele>
        <time>1989-12-31T00:28:20Z</time>
      </trkpt>
      <trkpt lat="42.663561003282666" lon="0.019033038988709">
        <ele>2324.39990234375</ele>
        <time>1989-12-31T00:28:21Z</time>
      </trkpt>
      <trkpt lat="42.66341800801456" lon="0.0190369784832">
        <ele>2315.60009765625</ele>
        <time>1989-12-31T00:28:24Z</time>
      </trkpt>
      <trkpt lat="42.663279036059976" lon="0.01897101290524">
        <ele>2305</ele>
        <time>1989-12-31T00:28:27Z</time>
      </trkpt>
      <trkpt lat="42.663058005273342" lon="0.019058017060161">
        <ele>2294.199951171875</ele>
        <time>1989-12-31T00:28:31Z</time>
      </trkpt>
      <trkpt lat="42.662994973361492" lon="0.019054999575019">
        <ele>2290</ele>
        <time>1989-12-31T00:28:33Z</time>
      </trkpt>
      <trkpt lat="42.66296898946166" lon="0.018975958228111">
        <ele>2286.199951171875</ele>
        <time>1989-12-31T00:28:34Z</time>
      </trkpt>
      <trkpt lat="42.662991033867002" lon="0.018854001536965">
        <ele>2283.60009765625</ele>
        <time>1989-12-31T00:28:36Z</time>
      </trkpt>
      <trkpt lat="42.663006959483027" lon="0.018634982407093">
        <ele>2276.60009765625</ele>
        <time>1989-12-31T00:28:39Z</time>
      </trkpt>
      <trkpt lat="42.663092035800219" lon="0.018230974674225">
        <ele>2266.39990234375</ele>
        <time>1989-12-31T00:28:46Z</time>
      </trkpt>
      <trkpt lat="42.663336033001542" lon="0.017724959179759">
        <ele>2260.800048828125</ele>
        <time>1989-12-31T00:28:55Z</time>
      </trkpt>
      <trkpt lat="42.663446003571153" lon="0.017512980848551">
        <ele>2258.39990234375</ele>
        <time>1989-12-31T00:28:59Z</time>
      </trkpt>
      <trkpt lat="42.663428988307714" lon="0.017218021675944">
        <ele>2245</ele>
        <time>1989-12-31T00:29:03Z</time>
      </trkpt>
      <trkpt lat="42.663383977487683" lon="0.017049964517355">
        <ele>2237.60009765625</ele>
        <time>1989-12-31T00:29:06Z</time>
      </trkpt>
      <trkpt lat="42.663386994972825" lon="0.016954997554421">
        <ele>2235.199951171875</ele>
        <time>1989-12-31T00:29:08Z</time>
      </trkpt>
      <trkpt lat="42.663367968052626" lon="0.016824994236231">
        <ele>2231.199951171875</ele>
        <time>1989-12-31T00:29:10Z</time>
      </trkpt>
      <trkpt lat="42.663342989981174" lon="0.016727009788156">
        <ele>2228</ele>
        <time>1989-12-31T00:29:11Z</time>
      </trkpt>
      <trkpt lat="42.663366040214896" lon="0.016654003411531">
        <ele>2226.800048828125</ele>
        <time>1989-12-31T00:29:12Z</time>
      </trkpt>
      <trkpt lat="42.663368973881006" lon="0.016613015905023">
        <ele>2225.800048828125</ele>
        <time>1989-12-31T00:29:13Z</time>
      </trkpt>
      <trkpt lat="42.663339972496033" lon="0.016597006469965">
        <ele>2224.60009765625</ele>
        <time>1989-12-31T00:29:14Z</time>
      </trkpt>
      <trkpt lat="42.663271995261312" lon="0.016582002863288">
        <ele>2222.60009765625</ele>
        <time>1989-12-31T00:29:15Z</time>
      </trkpt>
      <trkpt lat="42.663310971111059" lon="0.016532968729734">
        <ele>2222.39990234375</ele>
        <time>1989-12-31T00:29:16Z</time>
      </trkpt>
      <trkpt lat="42.663409961387515" lon="0.016338005661964">
        <ele>2219.39990234375</ele>
        <time>1989-12-31T00:29:20Z</time>
      </trkpt>
      <trkpt lat="42.663468969985843" lon="0.016159974038601">
        <ele>2216.199951171875</ele>
        <time>1989-12-31T00:29:23Z</time>
      </trkpt>
      <trkpt lat="42.663503000512719" lon="0.016124015673995">
        <ele>2216</ele>
        <time>1989-12-31T00:29:24Z</time>
      </trkpt>
      <trkpt lat="42.663489002734423" lon="0.016080010682344">
        <ele>2214.39990234375</ele>
        <time>1989-12-31T00:29:25Z</time>
      </trkpt>
      <trkpt lat="42.663463018834591" lon="0.016034999862313">
        <ele>2212.39990234375</ele>
        <time>1989-12-31T00:29:26Z</time>
      </trkpt>
      <trkpt lat="42.663420019671321" lon="0.015874989330769">
        <ele>2207.800048828125</ele>
        <time>1989-12-31T00:29:28Z</time>
      </trkpt>
      <trkpt lat="42.663450026884675" lon="0.015775999054313">
        <ele>2206.39990234375</ele>
        <time>1989-12-31T00:29:30Z</time>
      </trkpt>
      <trkpt lat="42.663401998579502" lon="0.015696035698056">
        <ele>2203.800048828125</ele>
        <time>1989-12-31T00:29:31Z</time>
      </trkpt>
      <trkpt lat="42.663394035771489" lon="0.015651024878025">
        <ele>2202.60009765625</ele>
        <time>1989-12-31T00:29:32Z</time>
      </trkpt>
      <trkpt lat="42.663403004407883" lon="0.015607019886374">
        <ele>2201.800048828125</ele>
        <time>1989-12-31T00:29:33Z</time>
      </trkpt>
      <trkpt lat="42.663401998579502" lon="0.015550022944808">
        <ele>2200.60009765625</ele>
        <time>1989-12-31T00:29:34Z</time>
      </trkpt>
      <trkpt lat="42.663296973332763" lon="0.015285992994905">
        <ele>2194.60009765625</ele>
        <time>1989-12-31T00:29:38Z</time>
      </trkpt>
      <trkpt lat="42.663255985826254" lon="0.015270989388227">
        <ele>2194</ele>
        <time>1989-12-31T00:29:39Z</time>
      </trkpt>
      <trkpt lat="42.663213992491364" lon="0.015277024358511">
        <ele>2193.800048828125</ele>
        <time>1989-12-31T00:29:40Z</time>
      </trkpt>
      <trkpt lat="42.663162024691701" lon="0.015256991609931">
        <ele>2193</ele>
        <time>1989-12-31T00:29:41Z</time>
      </trkpt>
      <trkpt lat="42.663219021633267" lon="0.01523301936686">
        <ele>2193.39990234375</ele>
        <time>1989-12-31T00:29:42Z</time>
      </trkpt>
    </trkseg>
  </trk>
</gpx>
